,Genes,Sample 60,Sample 65,Sample 18,Sample 59,Sample 42,Sample 30,Sample 31,Sample 77,Sample 32,Sample 7,Sample 55,Sample 76,Sample 28,Sample 72,Sample 88,Sample 11,Sample 64,Sample 91,Sample 25,Sample 78,Sample 83,Sample 80,Sample 70,Sample 90,Sample 8,Sample 45,Sample 85,Sample 84,Sample 17,Sample 44,Sample 22,Sample 68,Sample 57,Sample 66,Sample 38,Sample 82,Sample 39,Sample 37,Sample 61,Sample 16,Sample 23,Sample 24,Sample 87,Sample 4,Sample 73,Sample 15,Sample 49,Sample 75,Sample 79,Sample 34,Sample 1,Sample 36,Sample 29,Sample 5,Sample 86,Sample 52,Sample 12,Sample 95,Sample 20,Sample 51,Sample 48,missing,mean_intensity
4409,A1BG,8.282880536074,8.73521670776038,9.18969391446417,9.67162737121731,8.9919779427498,9.08020327513106,8.56022371234092,7.86188561158917,9.23598722458526,7.64678693753686,,8.47165726174141,8.28873769571623,,8.22056245957974,9.87835274984575,8.41698246810495,,7.67261807168287,9.04979310624964,7.85886251929778,8.95192314221279,8.16070705715152,,9.54109316388689,9.25025395088824,9.45209607337242,6.58583135539883,8.80776068878725,8.91128777363893,8.08559397413996,7.67353378564985,,7.92579932776143,8.40407829180715,,,10.3539586067701,8.69756399817347,9.77744791938217,10.1089345719958,9.40668017894949,10.2596841855503,8.68949898365896,8.61517599830448,9.67460810655942,8.24822995249384,8.84336812658088,9.64312471478629,8.58399608814384,8.65334981549011,8.19043007048608,9.14164608902446,9.66724333816599,7.69772775450138,8.11553579994692,8.96335218902466,9.05728026196752,9.80990346963184,8.47179624867758,8.06852774408242,0.11666666666666667,8.619201083209319
4936,A1BG,10.3947864188207,10.3363545042651,10.6607954783655,12.5902252523613,11.0532364649445,11.8021599484771,10.6368955190326,10.0826757789281,11.246061938836,9.43018489551077,9.76542650681048,10.2594494591378,9.38047476913422,9.48024544723896,10.2594061890837,11.4986955619326,9.73580143491677,7.35417561810471,9.17693805925064,11.1886935280639,9.65218200393136,11.438123538117,9.23920501072103,8.77333936709819,11.7884360789262,10.3868375088548,11.3444436123104,8.9784726432893,10.3509173482059,10.4262526697206,9.63204973665129,9.54919332905579,9.43420975385907,9.30058005128365,9.86621113676931,9.74912170861246,9.61278420576942,12.6220243689303,10.559157537449,11.5205465014613,11.9854324735649,10.2056750040981,12.1226041829095,10.6239145103945,10.0449964469555,10.6709783746116,9.75061164019917,9.96563258944838,11.3117632344656,10.6881415069112,9.48760905309159,9.78430082992704,11.0913647474443,11.4506346305213,9.40617003916031,9.89120855672155,10.6792419457428,11.6571664761121,11.6273638541749,10.7272363783549,9.90231655005175,0.0,10.216989303119213
8731,ACP1,7.35050930052563,6.83757771751096,7.109996809534,,8.59923408698351,8.55199298589213,,,,7.83496052432858,8.24646020522403,7.97019547888993,7.88405452047335,7.10854713413615,7.3692836856356,8.09087475347542,7.79700226951775,,6.86055850730514,,7.90657301138813,,7.52078055276662,,,7.08174577780796,8.05309219950387,8.07466926112022,7.35080011595816,8.13168630234833,7.06246417485161,7.93191434282204,8.24181507584193,7.7845776941073,7.30775214757247,7.29428203247619,8.16288115071363,,7.2695769495774,,8.6029375096267,,,7.10476718373747,7.82334196233636,7.37690668129326,8.01328301851897,7.87391968782654,8.14814827280176,8.10152337559498,8.17377192241483,7.97563226909122,7.53259453781187,,8.24831451461725,8.56428242251303,8.24880867320677,,7.87826775857781,8.02652571533394,7.90593693247461,0.25,7.636615476207386
3503,ACP1,10.1028761945197,10.3858552785659,10.8027454502908,9.7038259334864,10.8295654906241,11.9614935467587,10.5807523003173,10.5178765105081,9.72889531863827,10.4362169737456,10.1759529633451,10.2699235322697,10.3520945850051,10.1030090420076,10.0950584416304,10.4496451189772,10.4036005904071,7.70856238878717,10.2883122813797,9.68668454899211,10.4252498394466,7.72797407206869,10.915848296845,8.40627756709612,7.10294869591794,10.1769081109655,10.2296149374883,10.3940665469114,10.8798843464176,10.8727330850773,10.694605927043,10.7913084828587,10.4262756624242,10.6656333001165,10.1241900140529,10.1167683203194,10.3983221344449,9.85460320965968,10.3678689691492,8.63409926224918,10.9481043993295,10.6129421859712,8.44221278664095,10.9535703287667,10.3392384512588,11.0058288659726,10.8149453229085,10.9464879600702,10.0766827099056,10.3412187133669,10.6583709688196,10.6284153617197,10.5385436962654,8.92697335607774,9.44457841399936,10.8106416573669,11.0890023225029,8.33994723046514,10.3053264749372,10.5244244866391,10.2852799808202,0.0,9.995376831968729
1828,ACTN1,,,7.16239964522435,,,,,,,7.45095176801198,7.1607234050844,,,,,,,,,,,,7.86440298343894,,,,7.59570975561707,,,,,7.39115255467755,,7.00723221330344,,,,,,,,,,7.78544012309492,7.37087519732417,,7.40631758051268,,7.15289801876556,,7.66209658144659,,,,,7.33045108412946,7.60217531735393,,,,,0.7666666666666667,6.980632859643447
1829,ACTN1,10.8763429420988,10.756207807159,10.7151638601963,10.8495212947974,10.6802714908263,10.5126347081826,10.5773203475404,12.6992049963412,9.60163991756353,9.91762041938121,10.7652322048514,10.3472207107213,12.5456024623807,11.4564041704825,10.726072378521,10.6627036131461,11.9235633446268,7.46575374535935,11.1540870752922,9.2476231269474,10.9249285758211,7.09856885497022,10.0008071616804,8.95609614818165,7.07977598876365,10.2938878115934,10.5083111639658,10.4021554227757,10.2740168012382,11.3210162533145,11.1430698024144,9.97259029284594,9.93700399363618,12.6024796791623,11.55347185249,10.3695529781036,9.69071828493538,9.20719445751921,10.1048819571786,10.0526078698034,10.5396827826395,10.2984396011884,9.18831134253679,11.4823980580608,10.937068521822,10.6883528086103,10.3179252755211,10.5470944959072,10.1975400367693,10.7176496182439,12.8089388060572,10.6056777150312,10.7843858210233,8.24865168506192,10.8327148665931,11.9374750418951,11.4949163790709,7.1861318875687,11.4887586009207,11.2768701365822,9.9280020755565,0.0,10.255802763629022
9150,ADAR,,7.57162659985984,,,7.54823475951355,,7.92744686475982,,,,,6.9520860023088,,6.78533108681846,7.53983786797118,7.58919680048259,,,7.5940862512708,,,,,,,6.84937973475533,,,7.7959373141077,,6.70000999649624,7.31062292701944,,7.26723602578325,7.56575414539347,,,,,,7.68997011752451,,,5.90146023363097,6.95500052274324,6.68476438790227,6.53131384913141,,,,,,7.56834791055894,,,7.06591842731129,6.73586024406033,,,7.45692427789711,,0.6166666666666667,6.925125542248634
3130,ADAR,8.11560976425665,9.00014136669615,8.35749379633943,8.29384822030608,9.31515377331976,7.83648785137866,9.93789726170432,8.81332856754279,7.14754359603927,8.03672704009017,8.19205729468256,9.21702425135111,8.51954834977571,9.03100908692573,8.63892102521588,9.09015627925159,8.49803184208684,,9.63877649505649,7.66649117165432,9.09393726994929,,8.69349041428116,7.92508243449869,,8.80593571381088,8.74258752163465,,9.2624863518654,8.7512689730602,8.85545837784727,10.0617008922891,8.48721284745567,9.01147085765315,8.7080634923576,7.9420139476224,7.63085805480019,7.70618306129229,9.27509951640996,6.6773597473716,8.90228596003459,8.04030961297472,7.01067074442559,9.19395472808221,9.09242601305175,9.44324179182637,8.29415354852007,7.69987184817642,7.40415260424374,8.12130243894651,8.45800773940061,8.97240185502078,10.0523554484959,,8.872029182451,9.42410767240516,9.262184384057,,8.62085150366184,9.15600391982849,8.00230484713165,0.1,8.454244774297287
8489,ADARB1,,,,,,,7.53067146544001,8.09705523148809,,,7.1754169448905,,8.02914673593103,7.3673854290511,,7.26613455813548,7.74750933324131,,,,7.2871479370745,,7.0135217028893,,,,,,,,,,,7.99500967274309,,,,,,,6.8749052352612,,,7.12272377863729,,7.53345413699278,,,,,,,,,,,,,,,,0.7833333333333333,6.987386821079215
7679,ADARB1,,7.50820380610463,8.17331831547582,8.06087635523829,8.10120779092843,,8.35650088393384,9.32136963267226,,,,7.520724566214,8.71062538458202,7.84228144119532,8.21122710108286,8.22142421360176,8.87192191591605,8.79648177563886,8.16283972324319,,8.30923020141046,,7.91592243771117,,,8.0308291335328,7.65908982281739,,7.70684050397932,7.98854020303123,7.10925905851136,7.8309403131177,7.44874882426044,9.02950675116202,7.9077065438598,7.45408289436403,,,7.95085957561755,,8.02067155298702,7.32286368594845,,7.94922104529654,8.06669433972447,8.38598820147352,,,,,8.20858976120873,7.97118175626746,8.45871888494315,,8.01107284434469,8.17062727067034,8.4629478144284,,7.97435891182388,8.33781506442648,,0.3333333333333333,7.899381552099489
9011,ADD2,7.16220666348445,6.54456986099913,,7.46742836422296,7.1706814844539,7.88298478509553,7.0570606586806,5.44380126560495,,7.81611869873759,7.60523870178676,7.13507586702939,,,,7.41250548981165,,6.66164024404491,6.96815558117052,7.04758052893616,,,8.50881819628414,7.68505077312998,,7.12630989887934,7.62024379533866,,7.96344113717738,7.42176549660663,6.9074708504574,,7.21081473898265,,,,8.11226799528929,,,,7.18453976288515,7.32237714551835,,7.11175100578116,,7.21809483553722,7.61176944390085,,,7.47332236896085,,7.0662826550219,,,,,7.30659487058138,,6.63915102284865,,,0.48333333333333334,7.068320026784011
1178,ADD2,10.2206388341968,10.3372715503009,10.7051855018579,9.20441403821285,10.0155522037823,11.2972927795804,10.0167897011253,9.08396613897373,8.99677154773996,11.1145737577792,10.8527991231579,10.6788804675653,9.85536153994334,10.4612156332751,10.1506763578872,10.1079755975915,8.7858542180759,8.75895516492384,9.86281263705929,9.57965891625648,9.86415832223941,7.89075413731386,11.6613304673971,9.53213441795694,7.28800800029744,10.0019384610706,10.3246545013653,10.9689749920532,10.5146879551166,10.4317143266923,10.4273797101436,9.47363569147485,10.6547714013546,8.24187869744426,10.2117437662686,9.99501388348064,11.0523659820185,9.55737011177713,9.47204472315345,8.40909870067869,10.0803997313386,10.5479590422465,9.34584087749865,10.52759068133,9.06448581669953,10.1893578481725,10.6205046990582,10.8244206271545,9.90440172960026,10.1070813931301,9.04390795305177,9.67961321736033,8.7846800434406,8.73352703608714,9.99812260975198,8.81107002873787,10.3865721791574,7.79399120033716,9.1538268986235,9.45736269443268,10.4282364422526,0.0,9.661026522522087
8082,AGTRAP,,,8.50936092605945,7.80031446104777,,,9.09430580786588,,,,,,,,,,,,8.89258280368157,,,,,,,8.59056766724864,,,,,8.65506898393082,8.56369548041173,,8.91849860846743,,,,,8.75889558907088,,,,,,8.85425366121712,8.53166978520815,,,,,9.27008792866963,9.28738644942192,8.83726600605932,,,9.22519222812945,9.21843250429821,,,9.23220070701811,,0.7166666666666667,8.386469236915154
8080,AGTRAP,9.18217960330022,9.36710188168251,9.42796423629845,9.36890751264531,9.68716145607424,9.4090055778394,9.97451102173705,8.75024036330458,8.38883362999227,9.60374501182883,9.35652467533482,9.1898315822629,8.78986139899419,9.44415545782724,9.62189010587922,9.93190630916595,9.45971021820127,,9.75695453990406,9.35625307509909,9.47467791295932,,9.05816464024336,8.54078266324837,,9.65433040197703,8.75155158687952,8.35441928635987,9.40049051596671,9.38941782721826,9.77954409358176,10.0655814175693,9.22187448203212,8.94144585759675,9.92769358967028,8.67307900446875,8.8995483773487,8.84853276815714,10.392290908341,8.63849813480565,9.62674595477604,9.16475892091423,7.68847499779554,9.62835570511319,8.87992357201396,9.92073044351652,8.8029464559305,9.01499483640179,8.24281257358697,9.58815677899734,9.35858941237092,9.61946243750021,10.4894817986546,7.32860006076132,8.54636837346609,10.0919951214372,10.0971191777881,,9.72790579004785,10.2683590473251,8.56866774838281,0.06666666666666667,9.11609819992881
9436,AKR1C3,6.99863992789737,8.57155608268206,6.85376736843339,6.62438846480494,6.07270642104803,,,5.79239303838081,,,8.09360794876197,6.96649889059262,,,7.40129118970842,6.97224356136489,7.8412795581521,,6.70921228484212,,7.40986168511053,,,,,6.32746502976082,,,7.48082736936787,6.97465412329873,7.05898683388686,6.82636795825181,7.27969183895859,8.01413664628468,7.52814985572547,6.79162684029879,,,6.94901844927037,,6.39311313938244,,,,6.873549036414,7.14692860081618,,,,,7.07031424610056,6.28169116587116,6.70739265743296,,6.59440660880321,6.60971104389491,6.65857739655176,,,,8.21193145450867,0.4666666666666667,6.83497010470995
6069,AKR1C3,9.49129280605825,11.0886681496345,10.0223477641646,9.84886649074958,9.44170715035195,8.82488399225664,9.10192202936576,10.1623933037334,8.61511954630762,9.61633433322074,10.8013452074272,9.69808069416501,9.43381964790031,10.0620701303544,9.60718109998445,10.0387158868696,10.0691433750331,,8.75323619291591,6.64267468781415,9.4376051921964,5.76661912272743,9.07446603350651,7.94961857058781,3.54217561515181,9.32131507970015,8.77342684597505,8.01576278922036,10.0526860556582,9.44018819403909,10.274887876776,9.65073081165355,9.7850619396488,10.8171946249582,9.74586755601201,8.41347680703167,8.99401642440212,6.93645744537185,9.38610412094356,7.86855158883091,9.86709751328365,8.31900627551164,5.89654667316075,9.45746008802152,9.17858305027783,9.78101684135919,8.30173025930227,8.51327832520374,7.72380359762721,9.74052060200254,9.76612958885889,8.87314885124163,9.8188720497377,8.1293534750666,9.38503709603939,9.7786847958162,9.77159886615402,,9.42313894429152,9.8512315535389,11.1094108054874,0.03333333333333333,8.945656016304344
2969,ALDH9A1,,7.33927445581583,,,,,6.75061962447752,7.42454439000161,,,,,,7.35799442257207,,,,,,,,,,,,,,,7.40522480073709,6.62665776594073,,8.13591652726374,,7.53924078850014,6.94198249131083,,,,7.44904086520762,,,,,,,7.16418846104014,,,,6.21829688794376,,,6.49093210805425,,7.61199394993895,7.20454403940512,,,,,7.42067234195844,0.7333333333333333,6.812615132558893
984,ALDH9A1,10.6264878595869,11.1259468392252,9.97012152181723,9.48174979165034,10.6475490421858,9.51765615474536,10.8337168018454,10.892660343487,8.54130553210249,9.77828307217103,10.3404182523467,10.6045176738793,10.2359003000365,10.8754107292852,9.55701065201383,10.4281077445875,10.146403979103,7.52968694192984,10.4523371268802,9.59617351232274,10.5229932914464,6.81579624941409,10.3181967685532,9.24255446477169,6.38548773881202,9.70133551953381,9.97219217298342,8.84009812058005,10.5257811405522,10.4953395578972,10.8694114401935,11.7817303901553,10.0114766747637,10.9585283310469,10.3406915973676,9.98876482268973,9.3477332298916,8.41619491113304,11.0055697662493,7.73469532954952,10.197876874203,9.26072524527783,7.89859456476149,10.2436473335407,10.5695740293327,10.4570247940879,9.3786263843931,9.77664957512619,8.83838035584541,10.0703545635878,10.1222662404729,10.3466382261373,10.9498743639842,8.28458073485794,10.9435265046517,10.3873374721167,10.1596350982666,6.82089930115389,9.99663327549995,10.0444921136953,10.8418393638429,0.0,9.662601704000567
9373,ANKFY1,,7.67613826892246,7.96927764309568,,8.25916714985252,,8.34883867051364,7.23789359086808,,,,7.82835846470961,,,6.47532141283143,8.7356194725015,,,,,7.42867371778615,,7.99206002206876,,,,7.16976384514841,,8.40418059347032,7.98420761926269,8.06034408269551,,,7.62066164209275,,,,,8.11318302059878,,7.21348591016266,,,,,7.57098754174948,,,,,,,7.5101223245032,,7.39941474144057,7.72079152509363,7.78319114980382,,7.59914077525312,7.67241948205986,,0.6,7.454929706659385
213,ANKFY1,8.54779395959399,9.37215687902957,8.64642458660625,8.28586392340755,9.43231481348154,8.99881939869382,9.62327935237868,9.09544614386095,7.70384714314466,8.58974886890462,8.9162784487652,9.48568356311762,8.96188803048739,9.26590370934565,8.52328828936316,9.40044370301829,8.95229784144478,,9.22708381556448,8.13976570472011,9.22451619972651,,9.20194540016446,7.73171418438703,,8.79625368347952,8.82042767499553,7.7884714884705,9.25417988558461,9.10212859837666,9.03617214345775,9.69868327668404,8.80526105213171,9.42523691692476,8.84648804524882,8.65407669050829,8.47307329464262,7.79530387067242,9.66004022845518,7.07485217806423,8.96849565178771,8.4940020139055,7.37360019475516,9.12129872198113,8.7866493651817,9.40462606086,8.39012101969731,8.48372524565233,8.01396711078746,8.6257648875694,8.68248914509404,8.99396716534163,9.81624138924191,7.45714190326302,9.03745347052288,9.56672827412581,9.32247209648054,3.98735870013974,8.88637357775881,9.17638446931737,8.86440681421849,0.05,8.577803901810189
4261,ANP32E,,,,,,,,,,,,,,,,10.2609168681869,9.78076479148189,,,,,,,,,,,,,,,,,10.0690309265999,,,,,,,,,,,10.6062293573019,,,8.86998697779847,,,,9.20229249627374,,,,,,,,,,0.9,8.527031631091829
5403,ANP32E,8.78105961715067,9.43149268480257,8.64371252874122,9.23852939808115,9.94655866889986,9.39985784816957,10.090552572952,9.85854718729098,7.74344256856457,7.90416214410175,8.48925919103289,9.95320160937871,8.7657585386357,9.11236222365162,9.18203404761216,9.33822191815629,9.15137176683528,6.62705674450911,9.57218509359639,7.84705048878419,9.53322971340943,,8.9914952854416,7.9425353008982,,8.58528975122412,9.62573257119809,7.86027025315193,9.72081918009619,9.34885417141912,9.30087568769542,11.092666815848,9.22498234203247,10.264870955502,9.00022242305513,7.90744455927229,7.64179614218774,7.57983451668118,9.68454852537812,6.69013424187908,9.72109132125278,8.06942835736749,7.32932618011426,8.4617498554868,9.94794591233867,9.56384958483375,8.11026649239264,8.10252059305367,7.62629984468715,8.17418352024742,9.15232448697273,9.26283753685636,10.2651170530305,7.71747874342893,10.0246503225796,10.0255733153499,9.37493158700229,,8.84965145708509,9.46413040039984,8.53721697984815,0.05,8.760716089732659
9192,ANXA4,10.1919910889956,10.5485737078484,10.4145579754651,10.8844008215637,11.4932904296355,9.90127639965413,10.5811913269894,13.2023761719809,8.42922509296483,8.50970043428003,8.66846343120498,9.93070987906446,11.3453470323088,10.1993776980839,10.2637843101186,12.5293732396004,13.4270420013553,,10.4276448519095,10.0375871891071,11.1686901814859,,10.5741304399801,,,9.56144330133901,11.3173616979457,9.28395952688373,11.0124441825487,11.0297506735372,10.4759709900481,11.2653793072922,10.0925481997756,13.4482040510025,10.8371416966203,8.94514592821882,9.37163721113616,8.54032707136306,,9.1582264081146,9.09999250901405,8.85225960474028,7.84106260009793,9.92051721387757,10.7909117470165,,9.93834280809307,9.45285133375184,9.90321567042794,9.65152042257383,11.4190483389661,,10.8772997524151,,11.078041015741,12.056359925941,11.5841569897547,,10.9771312252249,11.4959616344134,8.66575920564705,0.15,10.204436824194675
1631,ANXA4,10.3992027055888,10.9857249215731,10.8598221814699,11.346265299387,12.0442842914241,9.95865411638978,11.5926373068295,13.0171466022328,9.42522608047243,10.1435142286994,10.2599221633283,10.6789526097244,12.4675948606132,11.5990166090691,11.088266078956,11.4216165179086,12.4684808247474,8.35920850440219,11.725475399676,10.6230979462482,12.009810216189,6.44476330884575,11.1404773038949,9.8608913801045,6.2181706701219,11.2168226212293,10.7439141525404,9.27756190341643,11.0799918526193,11.3383656433631,11.0809461438238,11.3965827870167,10.4995960823279,13.0297051479621,10.8351039603391,10.2017045305801,9.96565393762827,9.31367855071377,11.2306271401381,9.52891670468077,11.2282098706228,10.9156846228639,8.91427191966172,11.0006016989991,11.138293347512,11.6520970633525,9.8198648350725,9.85321899025129,9.43961930668161,10.5234849923991,12.5479161780488,11.4822331837221,11.5359186986446,9.48356014360294,11.8052193372229,12.5424466072924,12.0387511383913,7.16392990867585,11.762987824362,11.893035412375,10.0250358696961,0.0,10.544992975903886
1510,AP1B1,9.18753551027829,10.0933049287088,9.18851787305055,9.37656605895418,10.0543949682894,9.51880815150288,10.7167714491489,9.99811310166432,8.32103724064381,8.92548696069676,9.33489033178901,10.2292231689253,9.58310289182894,10.0823448334227,9.88390910377527,10.2087115213747,9.8893074650074,7.15986760176507,10.5582082367652,9.37003824024106,10.2871540778831,5.76318228169012,9.76156953876503,8.84587369729823,5.15430722250889,9.73079658113119,9.46071862903164,8.78347198071182,9.96304533288763,9.8170660564893,9.79762018782983,10.8681981690513,9.45529010023788,10.2458276669351,9.91983025064196,9.05294949553348,8.70440568541168,8.50828541215382,10.6324404215658,8.06136476130465,9.82070379997643,9.26864959654841,8.11944857820151,9.5565128846345,10.0443652086057,10.4708629291584,9.40790958837452,8.95267461775073,8.96666433954277,9.58583234041124,9.65922782989563,10.0230998682775,10.7865906773341,8.23505219655366,9.92438797730246,10.8140659578494,10.2897366918412,4.59878630283948,9.94447196897888,10.3790953780998,9.32268317788871,0.0,9.23732497683085
8639,AP1B1,,9.66905240208692,,8.62112294122211,9.3656817584978,,9.57296239317588,9.53727492596923,,,,9.63722221969379,9.59390995473988,9.71718716488806,9.29577881481828,9.67958584132445,9.80146858938662,,9.81297032697823,,,,,9.47843146342327,,9.38561549180386,,,9.84823236364835,9.71106563057441,9.34708160215059,10.1794945822399,9.42094828079333,9.63477394333171,,,,,9.71784322906219,,9.28330227438651,9.27756102297451,9.02096624569926,9.56921516286326,10.2863826908226,9.80549048144853,9.44724117106456,8.97905537652919,,9.15791596365756,9.33933211106242,9.67162233401299,9.82906705587143,,9.21112954709264,10.3500142125908,9.84195892156101,,9.13262949886074,9.56213945999469,,0.36666666666666664,9.311779336332519
9722,API5,,,,,,,,,,,,,,,,,,,,,,,,,,,,,,,,,,,,,,,,,,,,,,,,,,,,,,,,,,,,,,1.0,1.0
4624,API5,8.54171192141281,9.42230074384946,8.37505451004428,8.56739909961012,9.47113171918436,8.30996849514391,10.2907250068143,9.39662637911285,7.72964082066157,8.24252745956863,8.40637688226358,9.52942091054631,9.02272138672509,9.44772336917461,9.35098120697585,9.33468055135359,9.04924526684122,,9.37162135458569,8.02749407061558,9.4375903191765,,9.53397046553967,7.92897666405611,,9.01069559639987,9.20031919936407,6.88202106858754,9.59120001695987,9.2720134960215,8.75927604889978,10.8987956385329,8.41693211518351,9.53425459725049,9.22928303025778,8.12489360197363,8.06278989506793,7.92536502565687,9.89981089035696,6.89364842687585,8.86563433790961,8.61648435673836,7.23976641175308,9.64590698691679,9.43072393408133,10.0901976597622,9.04514031539393,8.23721626465697,7.94932043200743,8.73760136692181,8.95676511183932,9.5094368714644,10.6387619675444,7.56084247917053,9.47840523715787,10.1017076642286,9.87937385087499,,8.9112229800047,9.45984743874379,8.59408220296847,0.06666666666666667,8.78881719063223
7513,APIP,,,,,,,,,,,,,,,,,,,,,,,,,,,,,7.92460381572602,,,,,,,,,,,,,,,,,,,,,,,,,,8.86849446482051,8.18674590362737,,,,,,0.95,6.482461046043475
1730,APIP,8.81730198974959,8.29363344434798,8.35793718924239,8.63658062145456,9.3950843698794,8.27429225391197,9.47332125431316,9.01471411462894,7.62863449166495,8.21218686267228,8.70041336748229,9.17680868805762,8.86936976187145,9.47861227311255,8.90700200352717,9.06963680575784,9.35959250810418,,8.79204859721547,7.90373974087305,9.09853356741512,,8.93416783690299,8.6853916972218,,8.65883230995089,8.06351935070054,7.86491156788108,9.42820519819858,8.93392067760468,8.55674714151864,9.78745612276598,9.06643980599528,9.13516964888547,8.68528826268375,7.86329431393808,7.6817759490139,8.47444056795295,9.51853008177982,7.3642265398344,8.69509273290101,7.98500955226853,,8.96932437976552,9.23157411821897,9.65893539535956,8.23999965114339,8.54055082766679,7.75812267664113,8.51629421951085,8.79401052547978,9.04470465689871,9.88028120768944,7.44375868244714,8.99189674820859,10.108882712287,8.94108932432775,,9.32595647269414,8.38576076694794,8.99106257706794,0.08333333333333333,8.588037491950335
1340,APOM,,6.86399668938363,7.16341546344744,10.5902899685554,7.28208241265889,8.10356360925744,7.91919278387616,9.01434062796683,8.04359489920405,7.13887870509203,,,,,7.49762874063963,8.27489648677982,8.37221449629893,,,7.8491486843013,,8.98827231261858,,,9.7353929916097,7.51476091171379,8.7194549572726,,7.7244584626893,,6.91385639765028,6.02651347595952,,,,,,8.78139160446845,6.81549937896202,8.64479800754823,7.92053700393685,,7.40997970962291,,,6.80803470470413,,8.091504292506,6.86510177232299,6.82301143549333,6.94130438825124,,,9.49558230096674,,7.1093456113837,,7.31371543262192,8.72242360972768,9.24275685494548,,0.4166666666666667,7.698266829197324
2705,APOM,8.93379039840599,9.00073090679187,9.18541093448886,12.4012605408499,9.10304533969162,10.0664138779412,10.7898587927876,11.11318696785,11.2062859703484,9.61906655584174,8.89923796476196,9.12376882701336,8.21122719377253,8.22367726146398,10.1715323978038,10.2040602621535,10.8040696048534,9.30351622066747,7.87850826754669,10.6851384866449,8.31314451854852,12.2307026312242,9.2323708895761,8.62583713567358,12.5664725747035,10.6508038825947,10.3221717201707,8.15918287967412,10.2956441188319,8.71310228180623,9.41643634445414,8.02910861034626,8.00131267512282,8.48424862407363,9.82591180496636,8.70891131703027,9.63968390152077,10.8409136569501,9.97925140503776,11.8089504326644,10.414091627907,8.97177986711944,10.5275387671039,8.73867285286023,8.24256970616157,10.1248935476561,8.80785228408071,10.6939999000453,10.0991052780291,9.73339853228098,9.54217450642759,9.48808568956259,8.25964211165457,11.6232778892958,8.33800540300498,9.76210909979692,9.78932966280955,10.6474756998217,10.9948919331631,10.7339264660842,8.73268092218344,0.0,9.575404254512977
7757,ARFIP1,8.1451226986103,8.77028015452127,8.26547150313892,8.51203248798434,8.99668073041784,8.00670532385758,9.17481504034503,9.18427782887025,6.81415198107052,7.24163481128264,8.38273329723328,9.00670515079264,8.72989054515829,9.12606083228033,8.68565778022812,9.0139104106984,9.10176892187518,,8.97883354013501,8.18974858458451,9.0558757852732,,8.67040863058919,8.22634008522811,,8.3413405569491,8.63494145185156,6.74065328708319,8.79212745991193,8.59577867015092,8.29476410934724,9.49175309718617,7.67828567440768,9.68319040431133,8.52867611151753,7.44651378175268,7.56007499517352,7.40490890887389,9.08596870708153,6.90989770761308,8.7980459506005,7.8409665816013,,9.04310079095567,8.59180744030825,8.73254140183675,8.13649232137821,7.95336962873183,7.89239649150971,8.31269261705239,8.82087212849055,8.57777743791191,9.20266422558634,6.88525151971249,8.65210378068835,9.50095399470021,8.83838966537427,,8.77825397420528,9.08945658470799,7.82249122914963,0.08333333333333333,8.301353918689482
7072,ARFIP1,,,,,,,,9.23919303632992,,,,9.53523889922234,,,,9.74753528381531,,,9.88705311010652,,,,10.2149993737585,,,,,,,,,10.5197921264205,,,,,,,,,9.7461177071583,,,,,,,,,,,,9.0572733351642,,,,,,,8.59758344718333,,0.85,8.73947863191589
3659,ARHGAP25,8.44199160417838,8.66486547740644,8.45352304499082,8.58037073030161,9.22965098633453,8.45285195236883,9.5919647878595,7.94211741378483,7.57360399959714,8.51917260247566,8.29524287151807,9.14600121348115,7.83143995470038,8.60084444662659,8.42185227567913,8.90422029041484,7.73904789987005,,9.2629262398189,8.42077459868659,8.95370946420997,,8.37815521018865,8.5511011213367,,8.53812763671409,8.96786733139325,8.02395340484245,9.57602356300673,8.7818712953031,8.87367344235598,11.04813246432,8.74206116231358,8.05544807311502,8.41345607183338,8.39557973763866,7.66478547389775,8.55470190489993,9.29088313949937,7.44544982772157,8.97280030058575,8.20114032337528,7.36340972627621,8.75038681186436,9.22564561860979,9.38565223797804,8.58400740389053,8.08208287529606,8.14932795243795,8.58436094063775,8.18850648875547,8.93305961688177,9.54369966119228,8.36350948928767,8.84530970312501,9.53156730334625,8.74598591216841,,8.58284985018854,9.24727112299241,8.18978814046183,0.06666666666666667,8.481096127307424
9597,ARHGAP25,,,,9.39897683490668,9.53083625760745,,10.181830373247,8.62564300306349,,8.95816246029125,8.9289435587816,9.3139439241139,,9.20283042467038,9.4120452301577,9.78053977841051,9.1501121539858,,9.8515450171046,9.0444625749449,9.62536104043531,,9.06161092450898,,,9.42879399247953,9.840089877093,,9.85399319307849,9.55793311901978,9.14346782382283,11.4853423165053,8.99872055703917,8.8543418718362,8.93473553223266,8.55352361108996,,8.85059505252485,10.15030677793,,,8.82523483059371,,9.42418115594294,9.99389754248994,10.1392909066404,9.32017454978956,,,9.17843451633545,,9.28722273212902,9.59130420379761,8.23418118052875,9.61365113951432,9.85798997364309,9.61941765806678,,9.46894220273668,9.2612402918266,,0.31666666666666665,9.186917067418639
9404,ARHGEF7,,7.17862835426553,,,,,6.91792214430465,7.03633514109206,,,6.72779993569392,7.12902431893217,7.23178000583306,7.6243934080244,7.04652082625063,7.32572641811755,7.0086624872953,,,,7.42739894551103,,7.66691443722767,,,6.82440730404019,7.68393641809495,,7.63892164609641,7.25872239031939,,6.48472577255769,,7.65124877081548,7.2095447357973,,,,,,6.7231506247712,,,,,,,,,,,,6.72495609579842,,6.6169720083336,6.86465385997858,6.80513799726837,,6.67831800319038,,,0.5833333333333334,6.848812899343973
1012,ARHGEF7,8.79558088507171,9.1514593756582,8.58124334280889,8.46524035317216,8.87410559822339,8.40483599897833,9.5726115613266,9.42453313767594,7.64685669247184,8.41245363939357,8.45958172900099,9.27202325493811,9.12720324756817,9.37297265494986,8.57084266243928,9.01283422925592,9.0131281629169,,8.99222827020657,7.88547201648479,8.82532744597824,,8.88439562397404,8.39249311020747,,8.75206284328461,8.70233859852515,7.49008268074102,9.08104512350343,8.82570187862969,8.88760717142759,9.76414525010026,8.54296990489929,9.34546998048485,8.89365864234057,8.48253509105895,8.16455668469852,7.81119644378374,9.11880161041626,,8.77260978939903,8.35122382720646,7.04820592401314,9.0892984520068,9.0817030674082,9.26845057966499,8.59667403592226,8.32910955670989,7.80225218691117,8.52709529122601,8.76104208645083,8.8819076299502,9.5585687973207,8.10757768351638,9.02986524632873,9.23630077436953,9.06519786183376,,8.82318353146427,9.08465782358637,8.42539486181562,0.08333333333333333,8.573708327713588
7484,ARPIN,,8.16439609590484,,,8.46257309010925,,8.251728433278,,,,,8.66490534666497,,8.18623268414984,,,,,,,,,,,,,,,8.33516528552897,,,8.84433232165934,,7.72383362004276,7.64384711448695,,,,7.56399997446775,,8.28840386422037,,,8.76054587995796,,8.52079989191323,,,,,,8.69141950454807,8.52434231633396,,7.85257599254773,7.403889506337,7.39082832497093,,,,,0.7,7.788095749848522
7401,ARPIN,8.77542389592824,9.47196743978945,8.83330129459006,9.18771352171609,10.2662773287731,8.44288363163156,10.0226935917383,10.3604632721612,7.64826370105191,8.51312251503306,8.85443513092164,9.58768199723812,9.89216724989514,9.4671338907743,9.42882595493744,10.0560826937228,10.1945229015241,,9.402445269298,8.92145737578634,10.4859606030436,,9.37387733512685,9.28336551912918,,9.13920658657688,9.48526385349998,,9.50297987847966,9.53056487877152,9.21772026582862,10.0684399098437,8.70721184552912,10.7510674452334,9.61760298928233,9.33650156082773,7.99279449145967,7.86837783901518,9.79395724783487,7.36990675801763,10.0717753747955,8.59381314101225,,9.71194014721179,9.48096380472445,9.77379216610971,8.50139335481557,8.59457599610808,8.40643711146811,9.11986443861913,10.0085499695145,9.70445339402574,9.79206581864789,,9.91094762293157,10.6156733693694,10.0266301623167,,9.8653530487522,9.71355984340795,8.83690163517027,0.11666666666666667,9.202251756180555
9120,ATP2B4,,,,6.94629617881432,,,,8.63744526636462,,,,,8.14573986078861,,,,8.81246354193838,,,,,,,7.53690282393781,,,,,,7.7852327819475,,8.13015850175943,,8.40638458929514,8.99123983814235,,,,7.49531597179403,,,,,7.7383500684149,,7.31590493481238,,7.77455823790672,,,8.42114104348759,,,,,7.02023767789658,,,7.46983260704653,,,0.7333333333333333,7.491796309275307
2137,ATP2B4,10.0893107826696,10.2800627081428,9.19398566821164,8.73164913894249,9.56676777780006,9.64998807019081,10.036199896727,11.1013967603606,7.83243694773746,9.40635214705437,9.70782459794076,10.2480823265004,10.8669921400949,10.3847757555059,9.38208202215964,9.69997185022624,10.281909113378,6.5164479209618,9.75049459905394,8.56906244013446,9.42290675128178,6.53647120987819,10.2114942405924,8.86144225376687,,9.34782288681644,9.08706438014705,7.94607468742508,9.46865269142367,9.78208440959729,9.99846500012868,9.83803792821951,9.11908300101561,10.5690911856642,10.0822690865825,9.45690024644678,9.03632734041229,7.90864817857607,9.82730315630055,7.05864779404627,9.16612143462469,9.14108106080846,7.20704397160028,9.67170208894642,9.17762479616679,9.93685108542561,8.65475937504868,9.47006968142133,8.07242479157836,9.30683576626884,10.2796729590648,9.47154757893931,9.88803383060237,6.56569388761816,9.73634825268153,10.0772569395399,9.86953012039863,6.71518000561613,9.60036674271792,9.54778864798393,9.60525207604936,0.016666666666666666,9.099052001153545
8304,BCLAF1,,,,,,,,,,,,,,,,,,,,,,,,,,,,,,,,6.75510466892917,,,,,,,,,,,,,,,,,,,,,,,,7.290638919578,,,7.06548342572008,,,0.95,5.515306753556812
6146,BCLAF1,7.85245587246738,8.71024512328309,7.88207263748532,7.2214090285693,8.1896673303206,8.01968541520382,9.38471536506987,8.75349581709389,6.34045363800577,7.6606401698687,7.84861368444029,8.82605108396722,8.79240770466355,8.82086954104768,8.59856221446788,8.71541321765849,8.07029129820951,,8.72542070176161,8.01757453444199,8.66779035548273,,8.42436288938212,8.36205768377049,,8.33548857837203,8.46474025890962,7.01897029546856,8.8056612429345,8.4610647051094,8.3060051658828,9.29487081330524,8.12771412331051,8.74312072916083,8.60654806103869,8.21733257492188,7.29950812563976,8.64843470149951,8.83586406026336,,8.22996617726017,8.12905782430333,,8.66283895616643,8.65234340854377,8.77780421749035,8.208020759731,7.93733892265052,7.90239658114289,8.08206034030704,8.33955103120176,8.58316674183471,9.06017187557018,,8.83303281265117,8.71291448963784,8.74547242399167,,8.21693526619294,8.44281721528098,7.94946333134287,0.11666666666666667,8.199613739110683
8299,BSG,,,,,,6.87531284638365,,7.12739939899292,,,,,,7.10169934643326,,6.80462688792627,6.70890653083311,,7.01435771678724,,,,,,,,,,,,7.03540128616343,,6.90886227840276,6.71563585976114,,,,,6.66905863995107,,,,,6.83455566738164,,,,,,6.85411514622942,,6.19383462181962,,,,6.72719914358838,5.66078632966022,,,,,0.75,6.3738594812696325
6842,BSG,9.99937373421398,10.3505108461856,9.17701570933091,9.53602110859412,9.73130758653863,10.3576016523237,10.2788616918101,9.88642626471949,8.21707241355965,9.88330768185461,9.62526259313555,9.70387986876902,10.0543821776822,10.1471623664106,10.2029737765412,9.59766970095241,10.2742635148187,8.35020334439799,10.5834421739644,9.61181350260288,9.74109968695161,6.89180284077657,10.1852510201683,8.69227021164947,,9.6229961318259,9.52453110695592,9.32800577258845,9.56227861974581,9.21241346547539,9.95536685765574,9.3236845809731,9.4704802050515,9.83630296967596,10.0249104607661,8.56430903192797,9.43648155174798,8.53974891597896,9.96376732822737,8.49838976070839,9.5783370511291,9.62637748420339,8.10743786943214,9.76027742423696,9.87036256367089,10.0561982207003,9.27571454365232,9.3495738540099,9.19422502140092,10.289161749443,9.74453958011694,10.2863299168399,10.3057816303809,8.34523792243624,10.4552863653639,10.8494415802339,10.2682746638557,7.10379390813743,9.50464157925709,10.5549966811088,10.1757834246785,0.016666666666666666,9.41102846989995
4336,BTF3,7.015184648224,8.160920619138,7.17849264836897,8.53893419121823,8.4777042544736,7.95723090721733,8.87477257496381,9.16276508253887,,7.27297595969679,7.60080366574874,8.27845723314617,8.0613339452831,8.55730835160486,8.84071210996172,8.02850972821637,8.09995544978766,,8.52927845393637,7.56864111638117,8.63935102979549,,8.35964758895649,8.05382270648135,,7.35456038484055,7.97412248074637,,9.00011824329905,8.51245150844806,7.3477860929516,9.69926136048634,7.76422764881816,9.28376807108728,8.44905823815178,6.81445118529059,,,8.85148485008743,,8.17727998754182,,,8.25559422869081,8.50610733626421,8.36000968101542,7.94229639248071,6.7184536211974,7.07318734674494,8.04717954817677,,8.46880505311872,9.15777609154041,,8.71528206494325,8.89791393492794,8.54461730758516,,8.11084586637382,8.59706062048626,7.5768316712611,0.21666666666666667,8.05539198125287
9159,BTF3,7.47930853643612,8.36981444519008,,,8.53849395771416,,8.95213338455692,8.94465753367035,,,,8.26828869644259,8.2794785414593,8.34867271508632,8.77897582675509,8.65903700148455,8.33102106751374,,8.27844937309221,,8.63620103143732,,7.93252816241424,,,7.63988008617677,8.63338552713942,,8.54197525704394,8.36065604071558,7.40984120008778,9.65928870744653,,9.1268377297928,8.08834518456717,,,,8.37924471518767,,8.65858662716328,,,8.89768978203961,,7.65423003828449,7.42681846407431,6.99269415303827,,,,8.24472999268467,8.36479212748059,,7.84937457865967,8.59294563295859,7.86475247729127,,,8.25849370155423,,0.45,8.10036216941775
7390,CACNA2D1,,8.94499990656942,,,,,8.21822778048089,9.02895997001674,,,8.64176555696971,,8.12264697544372,9.13392180949273,,,8.9155746033818,,,,,,,,,,,,,,,8.16941403776294,,8.60292052912919,8.9146496070727,,,,7.7014214526936,,,,,,,,,,,8.84841551237093,,,,,,8.64472784739986,,,,8.35521546910888,8.85206271301196,0.75,8.115307735681569
3507,CACNA2D1,9.67024419704354,10.3359682251696,8.79310726752054,8.96145147168858,9.62321831143418,9.05145634606281,9.02642532088223,10.2848735122163,8.32926820053441,8.7443382131758,9.04465964231881,9.43373809723075,10.2884680756178,10.4093799618117,8.8542686329428,9.41944941922368,10.27527063486,7.97080920134484,8.75830827984491,7.39516123118216,9.02591735401885,,8.79624656554558,8.62979821790951,,8.94315772409593,7.72098765618832,,8.50046921042925,9.00999412566263,8.98563797555212,8.73045104078616,8.50654783823349,11.0230819502356,10.2834495857561,8.95520674991018,8.30486475520093,7.5589567154708,8.63439156644418,7.26166189085299,9.50514509837568,8.91526584406496,6.83792635092985,8.98324865724639,8.98177231593152,9.03114490802182,7.61789254000332,9.01764395114764,8.17578662047143,10.0242278749511,10.5348938592059,9.27720212535597,8.96166613337322,,10.4069393105659,10.2873506182501,9.91794986167879,6.63699018547136,9.47918115913802,9.2933435957817,9.91554418851586,0.06666666666666667,8.872600400570205
8278,CALD1,,,6.55624318411509,7.2908195462969,,,,9.03327303587163,,,,,8.25744912939652,5.84734494961371,7.54634761492055,7.10046393567668,9.25237636192468,,6.5057064752468,,7.25267681220241,,,,,,6.94085768748859,,,7.63400494708563,,,,8.03709844712424,6.87850016458463,6.79838174489406,,,,,7.68772983239588,,,8.06919597407335,7.64370227970743,,,7.08537434192338,,,9.00271151582611,,,,,7.82824300209801,6.52151533245191,,7.32241498892326,,,0.6166666666666667,7.196212415437838
767,CALD1,8.4723196872287,9.46932205422184,8.83777271979547,9.57815071452085,10.9441305192885,9.49295705179545,10.4347985528438,9.99571821503732,8.33387023300292,7.90565462507277,8.22896492920031,8.92327960484936,8.77503244662502,9.64871911548094,11.0672322875198,10.5465944097052,11.252766705329,7.66421249084373,10.3952020738646,7.09647518306528,10.0624558643346,,9.98341849107458,9.26451535817986,,10.0767482873174,9.46790423530985,,10.0088276989423,10.2895536950625,8.29743458814108,9.75718438505052,8.83333813485686,9.84317229809694,9.58747593361208,8.57402233319806,8.4466655066457,7.131010634397,9.13825871654934,8.22695844005254,10.75683666329,9.29281335583342,,10.0074069816458,9.99343504678896,9.49234721073681,8.18372343211037,9.26800306973835,8.41309013016907,9.25624632052708,11.2321465035705,9.95252148380219,10.3415216113519,7.14020733072386,11.0963692510441,10.918228383253,10.5417984317993,,10.2138477438905,9.84884550744222,8.39031259708471,0.08333333333333333,9.285764873589624
2319,CALD1,11.3353343726404,10.2536952711255,10.7281682941075,10.4412881535405,11.0510459987245,11.8562350876715,11.073675649106,13.2156989861514,8.96297756975241,8.81076379792074,10.568064519694,9.80505643440984,13.3207626000257,11.6382092126993,11.5763461181899,11.2534781459852,12.7568042542468,6.78237241984048,11.2327441573522,7.33999435317835,11.1720969240047,4.61963164896532,10.9554538986396,10.4415111299724,,10.6282887664181,10.1830668993113,6.84913919936101,10.6268516544613,11.8799425426775,11.6204789718655,10.835582376082,9.13783596682664,13.1671963597689,12.0406136833347,10.8854270274196,8.94625429016086,6.96770724559331,10.8763026481019,8.86538803145979,11.832251746557,9.8434825227317,5.78545942086767,11.4016664860737,11.105070174476,10.9579063211729,8.81550246927472,11.2957011219061,8.91798108563362,9.8973272940803,12.833090583526,10.1261883457013,11.3770221567652,7.13055517617506,11.1839852193613,11.7430478676174,11.633180153558,4.85368008289351,11.8017069761809,10.5081709197306,9.09619646407505,0.016666666666666666,10.092033159052848
5878,CALU,9.12886710975513,9.47290303387691,8.5208587281008,8.25075814762136,9.14080951690256,9.79802756823739,9.35061886993865,9.31647462513191,,7.60519744580158,9.32486698199363,8.42477213955516,9.67979965750827,9.36617020912309,9.44030161089163,9.38544784407908,9.44724852450382,,9.84915083105414,8.80180696046972,9.45141102968907,,8.85754757113186,8.48924955608904,,9.1566893059057,8.88905657061435,,8.91645599815794,9.28514065032585,8.41609743191282,9.40274592386367,8.72376894776074,10.3623206871235,9.64563398700553,,8.69759965261838,,9.56996967627563,,9.13800706681976,9.02577798223987,,9.84542930369815,9.30219864519411,9.55579142930292,8.0373972704968,8.81406597416423,,9.67403804079495,10.0051407921344,9.85605043523243,9.36168828057076,,9.66138145435548,9.97944578450813,9.81497458743616,,9.27380119786483,9.88667320187141,8.62909970205741,0.2,9.042854302693991
5879,CALU,9.18650392339875,9.43104594112313,8.24098930473577,9.52119955901684,10.1199460078724,10.4040786415452,10.7535912070266,10.3371152121658,8.61445704425803,8.35253464720464,8.65243369898197,9.26980960223455,9.57225950574496,9.99514860947429,10.9894851253433,9.94616590277179,10.8001736675529,7.58232598645398,10.4501351950566,9.5193408787847,10.4829961346574,,9.51732150898982,8.85202504516546,,9.32499134963247,9.60258209482892,7.54364746047757,9.41666034317405,9.41378085836496,8.62381877645136,9.48935092154672,8.62214474523782,10.7270750178723,10.2219696948753,9.00024556511529,8.60383662903017,8.00788586530384,9.87791372380885,8.44118279472893,9.92283657857281,9.23704729826711,7.20287997908336,9.89870101852941,9.84114052604696,9.83413301944842,8.60748217494456,9.27629827228255,9.04441439526807,9.90554976501383,10.5917351187635,10.4456656758645,10.4648126478133,7.55546034767396,10.6224272593816,11.1416249929453,10.2516480646916,,9.80648451867947,10.500919051477,8.7037634179583,0.05,9.331494627401968
8293,CAMK2G,6.96763513228563,,7.24934283125892,,7.16453293109149,,6.67858812893796,8.88792492096824,,7.2276977908372,6.66443714893794,7.48656562840272,8.60947007368192,7.43476738602012,,,7.83314057606282,,7.67061719513236,,,,,5.97378181964858,,,,,7.78927468497361,6.97330477527846,7.50747578632481,7.47099656948748,,8.28929134238575,7.3874834743383,7.0108639111005,,,,,,,,6.63984485770017,,6.96218540734133,6.17526614605443,6.78107529503922,,,7.50730144120885,,7.09518361758356,,,7.54746621375936,6.54589741392043,,6.27006223906292,6.70607684896559,,0.5166666666666667,7.001886104072391
7386,CAMK2G,9.2708257028135,9.28892689987809,8.95506022958005,8.60356223801821,8.55153934846242,8.26282368852063,8.9719100447863,11.5661125239504,7.17123172023439,7.52863655708446,8.77062324442475,9.50608227813732,11.5026204776105,9.93321604293695,8.04410549392396,8.86596336464675,10.5494148107899,,8.81314810732754,,8.4443715947088,,8.43240271352894,8.96913468216058,,8.25992699772715,8.20152511620143,,8.8104332473142,9.43391214424204,10.0234616168832,9.53003848318746,8.01947912552023,11.0943185393427,9.96169310087228,8.19317957663773,7.80034704529717,7.46209744996763,8.94214133076611,6.93541020036677,8.69264385573528,7.86470387890507,6.54952102122858,8.76299215741761,8.34014396096696,8.96883721097407,7.96344698750305,8.6246094074534,,8.14159794003705,9.97426854748044,8.13414721414287,8.86250256013154,5.98063755709676,8.23169271848663,9.10822915798084,8.88112046580204,,9.42692224655248,8.65699268467989,8.35367155532555,0.11666666666666667,8.574707367214886
2823,CAP1,8.32144670247885,8.52546739857925,7.62241692327551,9.6664002917318,7.83493958308716,8.69622297684208,7.95124268917419,8.70886854001767,,7.1542031835281,7.96260940438165,8.18387858372037,7.41194806476267,8.11254953771764,7.90491356944126,8.23442704924022,8.77369112437991,,7.81832040043153,8.04308338467757,8.43186918348693,,8.46882841209422,,,7.48947459289377,7.98359931276894,,7.0945061483972,7.58531936153038,7.55446561883755,8.57338641653618,7.57257738723721,9.30150065202867,7.89176009853198,8.71869884155405,,,8.04381155124219,6.76439529195644,8.17218555823704,7.41977831990702,7.49686020484229,6.67680427778313,8.38548247765488,7.48935957781733,7.8235241160094,7.57046745053384,8.45626501770557,7.620762365845,7.78864707915262,7.49287123315561,8.11242465532299,,8.15424567452427,8.60020968343242,8.07372864505473,,7.52873850650993,8.67423781163971,6.96688740422322,0.16666666666666666,7.818618084315724
179,CAP1,10.3956695697996,10.6243098178058,10.4478103244154,10.4459325739564,10.8789767106902,9.87349903242955,11.2756463106616,11.4422814614677,9.48203064956716,9.87042797913343,9.96688595288482,10.9667963953847,11.2159416021243,10.7808701056266,10.8260491858512,10.9772208631275,11.7413112749567,7.69604994472626,11.243378854021,10.2783905814537,11.5109377668801,6.50795515346365,10.1440171906799,9.84312327049731,6.1780229848318,10.2278842518947,10.6252622762401,9.87209516508858,10.9670080440816,10.9027124685524,10.7895507358806,11.7654745326929,10.1904484530963,11.7675088851233,10.2878555396811,10.3769081427634,9.47478166686147,8.97744511807448,11.190095984296,9.54347976971609,10.9257868199326,10.2587683800329,8.91653411045407,10.9193399882842,11.2720622084624,11.2846261444659,9.95168154337783,9.83197495422792,9.88464020432725,10.7099135501645,11.5584697408651,11.0026850859988,11.2092909897267,9.41721689795068,10.5358460433896,12.1389298518907,11.1030386662356,6.46700923633806,11.1318368207645,11.4292715469796,9.80884448918638,0.0,10.179248267110411
7279,CAPZB,9.97003418189198,10.3279779894897,,,,,9.95491254598974,10.6164077022334,,,9.74024110248843,10.7378946041911,10.7129015709211,10.9159620115937,,,9.72879425099628,,,,,,,9.44007788945113,,,,,,9.7845615468036,10.7401922301866,10.4760681306974,,10.0656253974526,10.1829826334111,9.77346429062882,,,9.64790765882685,,,,,,,,,9.4860902844769,,9.20762164540277,9.89161347868966,,,,,9.92653234902687,,,9.80933489459649,,,0.65,9.628052918525192
865,CAPZB,10.1211554655154,10.6305154555847,10.2888555702344,9.68871731774899,10.8213937638366,9.63268603655346,11.0669008319583,10.6469684288434,9.17530256296516,10.0040966030498,10.0790542843552,10.7347995922268,10.1577084645882,10.5255661570103,10.4818580198363,10.8256652965048,10.4179985004514,7.61796898491973,10.9068385115281,9.95665278310261,11.0339770751101,6.71928381949346,10.2399696115603,9.40747817420997,6.67021545995254,10.245611878041,10.5154116030265,9.56132175851074,10.8491231484872,10.5825101518008,10.5837611295574,11.5846225410316,10.3446016708695,10.451569181918,10.2481243235455,9.98193499245027,9.58540997949885,9.03413608327789,11.0263921068296,9.06533716360716,10.6228944491923,10.1718463847605,8.85717135388967,10.8146609076742,10.9791273775649,11.1236937604923,10.1366737406148,9.70978295146989,9.60974056386636,10.3518416077685,10.4266897645822,10.5748281868748,11.1962290823675,8.92570296009571,10.7424410767729,11.2948485810305,10.8252669290828,6.93592728669146,10.4147290486384,10.7771189400584,10.0212099913826,0.0,9.93283219611389
7230,CAST,,8.13583234253851,7.94997933868119,9.16172091207674,9.29066913298248,8.80321884247605,,,,,,8.75100855470837,,,9.85487886470586,,,,8.41933561678744,8.38329456459374,,,,7.43343327847105,,,,,,8.63521207840274,,9.99281636706976,,10.031406039451,,,,,9.10822452427346,,,,,8.49090579083189,,,7.7420608158377,8.78925093775268,,,,,9.11975372404954,,7.47939698660178,9.85422554418952,,,,,,0.6666666666666666,8.385394805864198
954,CAST,9.38870137793669,9.67660237144776,9.80034477880539,9.25230661448042,10.1643636079362,10.1942267256341,9.83841623334799,10.1429048675723,8.3513426568944,9.75920959004561,9.86414202549261,9.73543228745344,9.59369920919702,9.88246021160235,10.0212357399436,10.1756375450206,9.92573772874561,6.9010373156008,9.569403217297,9.36892506487836,10.0855703651604,7.07177237120192,10.0055087438002,9.11046311716457,6.94065498909842,9.23290962899167,9.67999969933281,9.30482749758351,10.0874062955245,10.061585247757,9.51220375742048,10.3858812604335,9.57405773005802,10.3330501079567,9.63731579047456,9.2623397590173,9.77201928226681,8.75698237679832,9.7628503912006,7.64619008581496,10.1692345363561,9.45832262614874,7.79034362696254,10.1008481202488,8.99283760791009,9.82652716247786,9.49812554224168,9.40552947241837,8.91084632740727,9.46487656742474,9.85883472659262,9.54952779534668,9.70507799430498,8.19318514923086,9.84295212552094,10.1550426686855,10.0252857120212,7.13900458837842,9.6260628365677,9.76301060650924,9.25276403560237,0.0,9.265069772406695
9661,CBFB,,,,,,,8.55666413594302,,,,,,,,,,,,8.46075074470794,,9.08477459278626,,,,,,8.60843769226718,,,,,9.28606912328295,,8.43409074564666,,,,,8.86289558842978,,,,,,,,,,,,,,8.84932458202227,,8.20288415764291,7.73158886925168,,,,,,0.8333333333333334,7.9009830513921795
4351,CBFB,7.89623075141675,8.20985044969752,7.83480167665647,8.36720506014387,9.1025509540001,7.87591375380357,9.44244751473862,7.96700617202514,7.7977064272716,7.67373630016469,7.54678508349883,8.88349688700878,7.71879585932141,8.64232429558979,8.60361956892065,8.72667181718282,8.51753067692996,,8.84313947448834,7.90888353599353,8.96702787750403,,8.19069225331283,7.81854839131958,,8.16645278437477,8.46492141291312,,8.99690954682534,8.80593922319053,8.20605787760053,9.9565104539547,8.31729854952612,8.79989101594766,8.33444003850732,8.15758152310019,7.7244061921038,7.89398334959394,8.91743562399289,,8.80967274970382,7.98368061434903,,8.81650805332109,9.35278174065206,9.12109569928949,7.93515722284986,7.76392826924866,,8.07863468243935,8.18099935608669,8.64268350948292,9.38037329584593,,8.98337158428193,9.20381387856312,8.96643372092006,,8.24189371273319,8.69438884432291,8.3186083142152,0.15,8.307780516721316
5633,CCN2,,,,,8.51930071343018,,8.48613028733743,,,,,,,,,,,,,,,,,,,,,,,8.0015233532444,,,,,,,,,,,,,,,,8.07320869118677,,,,,,,7.99060606431971,,8.59438818269462,,,,8.30931637758446,8.04923526960433,,0.8666666666666667,7.43226395622984
4206,CCN2,7.69936393445345,7.80027868579399,8.09053378787159,9.69930823549831,9.36388696600073,9.01009634213877,10.0760519899178,10.0792649212116,9.29982357734085,8.82249324606158,7.45647028913071,9.27485100005066,9.00330622901377,9.38046296829247,10.2298832901655,9.26260573536195,10.5493434899302,8.28808426617997,10.0776137178627,7.94401641464917,9.92513419071894,7.96859735101528,9.21047802753654,8.96732023506412,7.96116535800904,10.130807477607,8.94819456728353,7.26573274054966,8.90904310340225,9.990553031543,8.4251460843965,7.50621243498269,8.08438009466074,10.9818730698515,9.32046770692597,8.50896333718299,8.11194554810895,9.03512311064193,8.17801395553243,9.49196160250795,9.97738686628273,9.51834186858032,8.43749709685967,8.65117309886447,9.78485668388142,9.67324061241517,9.5948525380383,9.3688459294927,9.29707940561758,8.99579205612833,10.5226941239197,9.83768188275987,9.42732371839129,9.87912543633347,9.1849256931656,10.7372244041405,10.4773860509081,8.6501938343397,9.79063561846511,10.7304767811966,,0.016666666666666666,9.053048142440677
7323,CD163,,,,,,,9.06540142824236,,,,,,,,8.71469732205423,9.23851772905936,,,8.21890635999675,9.51547412191463,8.63232658332772,,7.95326985657866,,,8.29253687765665,,,,,,9.09575019099456,,8.85895684718046,9.04459922073185,,,,10.5697803798388,,,8.00877085938878,,8.39598904486216,,8.59955443203482,8.20879756137883,,,8.72882670190831,,,9.41061255470833,,,9.16918034604598,,,7.79500113472004,8.05954510088848,,0.65,8.373931575159625
4190,CD163,8.55442999606787,9.52678786475409,7.90828830022022,9.56269395139116,10.3925065597987,9.7174086734155,10.9419032178728,8.88388304342648,8.59803002380929,8.75189738205023,8.98907909942454,9.95579695106315,8.40330596593555,9.83542311496365,10.0799452408289,10.8854491094107,9.37268447957267,7.94791951742803,11.1697912658048,10.71134385207,10.2352419596169,7.78184551402411,8.94226078281372,9.35595801844721,9.09363696653017,10.2274331923104,9.92718204560821,9.06687851282845,9.47611125039319,9.85026130659557,9.39487287264642,10.8210481336224,9.6354385755644,10.4643654741149,10.5172897961641,8.97727414288515,8.87574011389811,8.93025880233112,12.9499536743476,8.38553722385563,9.54663548127418,9.52797414215948,8.84460348497888,9.69695777623483,10.7285968841428,10.517083487332,9.75947922865543,9.03532502790456,9.36550808844809,10.5169254199758,8.54753926565657,9.83716807652721,11.6575584071467,8.41551383375487,9.8489225218792,10.9252339122619,10.1513704967961,8.08250574937401,9.40697220887198,10.4226190639429,9.31646865596424,0.0,9.486781757133114
5436,CD300LG,6.95277267836271,6.34610087815732,,,,,,,,,5.59538767659425,,,,,,,,,,,,,,,,,,,,,,,,,,,,,,,,,,,,,,,,,,,,,,,,,,,0.9666666666666667,4.302718407139412
8233,CD300LG,,,,,,,,,,,7.25562141122687,,,,,,7.85019186714609,,,,7.8685849210732,,,,,,,,,,,7.82197726246328,,,,,,,,,,,,,,7.24918871282789,,,,,,,,,7.69310330531502,,,,,,,0.9,6.662666782864621
9499,CD34,,,,,,,,8.96693633135641,,,,,,,,8.5305245561187,,,,,,,,,,,,,,,,,,9.9628606387817,,,,,,,,,,,,,,,,,,8.33162222989676,,,,,8.93861113056539,,,,8.66966591664182,0.9,7.757174400480111
6442,CD34,8.9779044365176,10.1849117502375,8.94337142258741,7.77264137714439,8.98608938645629,10.3387826994553,9.17288653988917,10.4762038338282,,9.14480879980657,9.4320550074181,8.69697520557067,9.41041710970397,9.84216380678643,,10.1456780864362,8.59129834793302,,7.16566297721042,,,,9.95105728861481,7.37522977869517,,8.94622721925961,8.89921653571204,,9.42140671379684,9.00067983337738,9.6926368099364,8.85040891893129,9.75746265584705,10.7622873840531,9.14023228794065,9.45790787979399,9.56930865470174,8.47277115480701,9.15877518830022,,8.89570410119524,8.15821117337891,,8.2284191082568,8.39361420492405,9.66060698500209,9.85471055146228,8.35061465628772,,8.67523191472755,7.81150038315734,8.62019243000386,7.94946428328337,7.0224844163818,9.76584820710391,8.04535177578136,9.25128331825125,,8.69813890908615,8.6230961454044,9.47080523148458,0.2,8.825200662232726
1959,CD46,8.13090629688749,8.27494033054856,,7.51837251288379,8.77781507023416,8.82104964983401,9.08074384426566,8.85639254921238,,,,8.16030073030901,8.33134905690843,8.20534603605955,8.336906858939,8.09065709378231,8.82031999824717,,7.92441884009001,8.24071287611294,8.2549515846156,,7.95931047438467,8.53401101893655,,7.79527314697699,7.75343238579671,7.45342088270994,7.68569005104069,7.58347494853051,,9.02896267215096,,8.55316703018002,8.36345657707788,,7.98505191456934,6.73788655688696,7.93062414570409,6.87415599289301,8.10484481061008,7.89494365023961,,8.9734292970379,,8.61824558908316,7.57496743161201,,7.47433594373646,8.02687575469596,9.18565293141303,8.76878596141352,8.80970916682002,,8.47503549141739,8.87909962582353,8.40425000138383,,7.93748302663036,8.25984686187496,7.32348507345196,0.25,8.019417074937493
4928,CD46,8.8625269918227,9.22010985309088,8.42900620796271,8.65501132986771,8.69199500777403,9.72038679844206,9.08148607543262,9.71830534583366,8.52375587235385,8.41109898962368,8.21184108358924,9.07766171887682,8.9644984886495,9.33799500036613,8.75726329989066,8.61230357955578,9.80279797586059,,8.82503984073715,8.36159316680272,8.87865892252511,,8.2192839101146,8.6114806187723,,8.23817905687414,8.49381747796535,,8.31238006668181,8.46428534227483,8.85222020321982,9.26322736999473,7.9908943200021,9.66559222254894,8.89642187845895,8.397593464993,8.16536208568215,,8.52458054679945,8.04930276114453,8.6536719700226,8.17104848952881,,8.65786690094325,9.05411488191056,8.67923168273384,8.52139365623207,8.54576663229987,8.10208210001439,8.58662846442528,9.85394133425924,8.54929366397958,8.7532615489309,,9.23301889810197,9.3906251208216,8.965827461749,,8.6616985879513,8.98320510045377,8.3531926051135,0.13333333333333333,8.5900874021805
9724,CDC42,,,,,,,,,,,,10.7320745356686,,9.97317932197083,,,,,,,,,,9.56924813166926,,,,,,,,8.96999662931666,,,,8.47902409277409,,,,,,,,,,,,,,,,,,,,,,,,,,0.9166666666666666,8.106698229677685
5692,CDC42,10.1716511155073,10.7137423468152,10.0428465476705,10.0878303299989,10.9279335503658,10.9523288890003,11.2008278788627,11.2383468538091,8.75467180690826,9.85991571806954,9.86101898508084,10.8582547435493,10.496818209448,10.6154340823952,10.7344076819433,10.7727269425253,10.9100686460843,7.29655283634114,11.0225840447321,9.64103832583393,10.971608628474,6.1040602721923,10.4429145448251,10.20847219021,6.03816549192331,9.72351478358885,10.2028533728244,9.54949451492592,10.7200839318949,10.5706578621232,10.6640769835575,11.075738685934,10.0209225738859,11.5310356253215,10.5714899025579,9.83907253599245,9.29041613426148,8.87978491315678,10.8992255792423,8.57766558677782,10.8169395962491,9.79429800516796,8.41631639350971,10.4149095225826,10.491548413232,10.7920033265974,9.68484561107507,9.85884678561266,9.50204975263804,10.2095574068504,10.859677169879,10.5847029406972,11.1722202408111,8.4775789828476,10.4960824603732,11.5073239411752,10.965442046959,6.86118027072286,10.4513102165944,11.0686074519434,9.67759658615817,0.0,9.901174420570154
9615,CDKN2A,,,,,,,,,,,,,,,,,,,,,,,,,,,,,,,,,,,,,,,,,,,,,,,,,,,,,,,,,,,,,,1.0,1.0
705,CDKN2A,,,7.700613723786,,8.49830478751406,,8.8905454013099,8.20017625605032,,,,,,,8.51726570653543,8.19251839299231,8.6468889693837,,7.22414006001984,6.62124961021551,7.83914609849957,,7.81690994256732,,,,7.96645530622056,,,,,,,9.14369939650912,7.21537999940973,,,,7.59914677198606,,8.65801457084478,,,,,8.00739518752819,,,7.20808270591195,8.21590328788161,7.95059710862639,7.99961485929659,7.65538637466503,,7.81496723100952,9.9697646132595,8.45913505711828,,9.2042821771745,10.2838419422249,,0.55,7.9303366263764525
9409,CENPV,,6.92376152497364,,,,,,,,,,,8.24052843538977,7.05908051910199,,,,,,,,,,6.70543887594494,,,,,,,6.51646866441568,8.4764317675374,,,,,,,,,,,,7.32606537659144,,,,,,,7.76436296502832,,,,,6.4921747196282,,,,,,0.85,6.635431284861137
7962,CENPV,7.69123998029662,8.27316035696435,7.88404661549606,,7.99450692983681,7.175369798545,8.58209225030368,9.36389432990068,,,,7.98270955972541,9.89460772574959,8.14591573445699,7.62087560521029,7.96460320430061,7.24614241052902,,8.41052103419641,,7.54816595314734,,8.45905993515077,,,7.84949930471144,7.68912544349973,,7.68279342650176,7.79179485867886,8.70583776407399,9.04987997333435,,8.93305505577435,8.60629676887997,,,,7.17815634249119,,7.56271164805537,,,7.82862319593421,7.64197327818668,8.87269914564298,,7.56402342271535,,,8.2703122447722,,7.9401507208819,,8.09365259476036,7.8799434072298,8.35639537420369,,7.91730089227988,7.76936730916485,7.57921446763278,0.38333333333333336,7.88662661621716
9371,CLEC16A,,7.88703933844867,,,8.1372729228763,,8.22940002714267,,,,,,,,8.77012788300426,,7.84825192141815,,,,,,8.01825838534595,,,,7.94693036849587,,,,,8.55322756742401,,7.86747342944929,,,,,7.74473090069049,,7.59670397357446,,,8.17267630871994,,8.03955994252522,8.05410678188317,,,,,,,,,8.30621309430411,7.9751630595524,,,,,0.7333333333333333,7.64002760224637
8041,CLEC16A,7.52313222657036,7.80533246757419,7.89261140403971,7.28453113677684,8.16926698367548,7.11606741897611,8.52713352674541,7.74882701134124,,7.08674297665826,,7.7075381330766,7.04776463139893,7.65351946682396,7.99355051189949,8.40786103544213,7.91983335834317,,8.7218488384417,,7.03825292643038,,8.04713545266717,,,,7.67635756190094,,8.08851008816631,7.87735089678047,8.29201862303067,8.09744661201879,7.7633915584719,8.07052225251359,7.30269040834079,,,,8.05145880507242,,7.75293762140973,,,7.68801459936548,8.12623517207104,8.09736131755776,,,,7.39164736258564,,7.62083189169292,7.9553479895494,,8.00225710583729,8.19694012164627,7.96108503445993,,7.56483856343128,8.46394593445325,,0.36666666666666664,7.655786499162393
9468,CLINT1,,,,,,,8.12724906074853,,,,,,,,,,,,,,7.80000616941048,,7.70036903953389,,,,,,,,,8.17943666831547,,7.76952063417968,,,,,7.62595491105849,,,8.16986241377246,,8.23633429066134,,,,,,,,7.43376084694144,,,7.59495033738833,8.09935287082031,7.89504846606244,,,,,0.8,7.340911208376373
4709,CLINT1,8.04950410502681,8.63947915130517,8.39415068884415,8.33602022047375,8.59742335529145,8.4801022071085,9.41326125677483,8.5268753301657,7.49137663234105,8.12164000358275,8.19349334543193,8.59388973401074,8.34644737282712,8.60224010702935,8.63708654827879,8.73464672279504,8.62743883934668,,9.07455707336225,7.96979145472788,9.07382456553731,,8.47331270693228,7.74607379535706,,8.55917107869271,8.5954091642064,7.84105773135043,8.86985423187799,8.45621133712984,8.63216548168902,9.48848447642548,8.01796975299427,8.963721551892,8.50634940562352,7.91897632405861,7.96917837071163,7.73419891880965,9.04027917855477,8.13231815664259,8.68347029773894,8.27340920436055,7.21909927546469,9.15975803061943,8.50324495422381,8.84731235745747,8.42204671863569,7.61578449267705,8.03101329890924,8.44692417138578,8.57699921665276,8.91374095541959,9.47378055435478,7.4811880715499,8.68572509481483,9.28303761305921,9.01860769075083,,8.43049994502445,8.9296163475312,7.73633794680866,0.06666666666666667,8.326258582040145
9177,CLU,,,8.06819638723474,7.55080913640346,,,,9.12327889974877,8.20439295240342,,,9.00316004343255,,8.42039237161429,8.29139348628945,,8.4518359133117,,9.24133414496698,9.14758907163586,,,,,,8.38668311822068,7.75846493360279,8.51890504344421,8.64957025334805,,,,,8.63582482383798,7.72959398057423,8.71573019088687,,7.42388055005237,8.07770819266139,7.55405551293497,,,8.23660435013152,,8.85866071910557,,8.67917115925058,,,9.45477524896205,8.92440908729614,,,,,8.37259820285952,8.46489839875966,,,9.27239715457299,,0.5333333333333333,8.198263677961245
4751,CLU,10.8161753206478,10.1860950173501,10.7006778130867,12.579070957171,11.0319413100349,12.3720331746451,11.4083769207253,12.5941343348084,12.7374011049037,10.822984326114,9.83718587569107,10.813969933232,10.3349037172416,10.9096590339591,10.7103808297508,11.9760071324348,12.2549400116618,10.0563806867545,10.7212036164853,12.5134123788614,11.0027436793803,11.1520717239825,10.5466188018737,10.4754093993173,11.4168505053186,10.9147002351552,11.892710180265,10.3453154086704,11.1456140314688,10.3516997764236,9.73907086543051,9.93820777565122,9.31400120977701,11.6356259557526,11.96361215608,10.2453033215926,11.3263720595577,11.9130329696629,11.3156961557191,12.0347134659913,11.8602762910114,11.7493528260745,11.6352516508441,10.8375228436427,10.4355390557864,10.7692693336963,11.882284078282,11.4476380932374,11.4721908503773,13.1270026068694,12.4927998880227,10.9260695964175,10.1341309895507,12.0026718964318,10.9053337422158,12.4766105836154,11.6100644961647,10.5597938718285,12.650847977219,12.3594513990229,10.7372604115278,0.0,11.070516234980659
5611,CNBP,,,,,6.83031317011919,,,6.8254207652055,,,,,,,,,,,6.53991355117658,,,,,,,,,,,,6.63770877118081,7.07377392085514,,7.25872879143691,,,,,,,,,,6.55474872184087,6.68364015012748,,,,,,,,,,,6.14048798147931,6.62858833620036,,,,,0.8333333333333334,6.182423408450498
5324,CNBP,7.65332469254808,8.04795116969215,7.40885086109122,8.21249260916651,9.12091264107928,7.13779234970059,9.54070430836738,9.87403764368963,7.49586767317719,6.60011044749813,6.96071751000771,8.24809032332627,8.52846152615348,8.22425681532625,9.01073321671963,8.79316134010604,9.34589515421814,,9.01055982144756,7.5159431949087,9.11906583334592,,8.24809790167353,8.69206144776474,,8.17105910835342,8.40430338930068,6.52877920180027,8.88059736237959,8.94054065828327,8.16760018329564,10.0650765371856,7.48021073222861,10.3485871095959,8.44211893019713,8.23535594000179,6.75057393516726,6.82001570628976,8.95712306506794,,8.85799843218448,7.64550485646162,,8.82086228948337,8.93608813705937,9.50341175469913,7.29140441373531,7.50066515978206,7.29617320120501,7.51472587005237,9.15870625360892,9.04903393673253,9.37525094458549,7.27443507461335,7.67468390341481,10.00327912743,9.10263651337119,,8.78410607184321,8.71289254696965,7.08995455732073,0.1,8.200354885311992
5610,CNBP,9.32437786395701,9.577382231742,9.06177882522189,10.6356371230083,10.9563397583924,9.67484116709713,11.2192325192756,11.3851336115095,8.3626605316187,8.21345908770083,8.17741808664131,9.15573192528272,10.1173837851766,9.93271550057708,10.6299535657145,10.4083411807391,11.1904825262406,7.59590741461296,10.7237932624664,7.55958590220878,11.0000283814629,,9.97236672023155,10.6398682170302,,9.74762931312914,10.390519554717,,10.5279664724263,10.9305364529516,10.2092246871528,12.1256841135218,8.79849733122353,12.325785000944,9.89483510050993,10.397091714079,7.1650374942764,8.21577217011705,10.9352443094282,7.4769751356613,11.142530479094,8.8083137599158,7.11439147731524,10.5681671953142,11.0563865806217,11.1446159022886,8.6610468104212,7.59494418072516,7.75152324649624,8.21370427237621,10.7438026848208,10.9672228348381,11.2185547828238,6.91483425778101,9.42746973181518,12.0158912357334,10.8887396897083,,10.1056220834043,11.0000514963174,7.98891046950098,0.06666666666666667,9.626740877404693
9420,CNN3,7.47426536066335,9.40397569213166,8.98483572113637,9.36141000692146,8.78156856576212,,9.74558588559941,11.6927439079245,,,7.02559800487698,8.7395986149748,8.62215502035293,9.43537035081659,9.66614083595144,12.2859836501654,13.5443224871244,,9.18176409284652,,8.12021453827369,,8.65631198645918,,,7.78668941565484,8.99571142784324,,9.33309465236696,10.0324460489334,7.86691484352629,8.57731443367892,7.51384596889608,12.8709986394663,8.71309029321746,,7.02550101606731,6.76483339427997,9.0350874258485,,9.77785139130253,7.76907605257433,,7.78943427136237,11.2671403660281,9.30753203282781,,8.83350645468003,7.02112061782602,8.24711532835141,10.960409293858,8.43236007158231,9.76267255310822,,9.13118702525381,10.8285492005278,9.95078328840031,,9.85311235699949,9.08848887755976,,0.26666666666666666,9.023335839333459
1020,CNN3,9.17005330181537,10.1646197901531,10.1859787538927,10.4093102633846,11.1715687468055,9.43285218705011,11.3076661689393,12.5396687972312,9.5336474990529,7.96615138647989,8.72822304763881,10.1099158364051,10.5677499622339,10.7125727336304,11.8736267365459,11.2485328962318,13.3418427404624,,10.376271141774,7.24695893375838,11.6065623279379,,10.7818068066199,10.1881579138166,,10.3732297765033,10.6035095495807,9.17917069907618,10.3101916239699,11.2882028162297,9.3284671639029,9.89309376362466,8.99842863299638,13.3949833969429,10.2552918099326,9.87452458968093,8.53637331870592,6.95716655255805,10.1428194015306,9.06025220401155,11.8378166105297,9.71716081158815,6.45643044029072,10.5769157057789,10.5723489132387,10.4187077906388,8.36351725100283,9.49822856356883,9.11970220553893,9.90470273777977,13.3799503108413,10.0409198903506,11.2988533912407,7.6063499946507,11.0670247684338,12.4544753175167,11.1387367748169,6.35535408155756,11.618659255538,10.1031651883032,8.67893542815091,0.05,9.964609403459422
6176,COL14A1,,,,,,,,8.50769620912401,,,,,8.66258111140856,,,,8.95826315798923,,,,,,,,,,,,,,,,,9.22778880813371,,,,,,,,,,,,,,,,,9.07354538124698,,,,,,,,,,,0.9166666666666666,7.5577568890948585
2054,COL14A1,10.5038746095248,11.1146882795914,11.7077239591122,9.80290600520085,12.2722864813376,9.44008183857472,12.198630409518,13.548531352925,10.0136158402975,9.33868611284023,10.1033277608533,12.7964988457487,13.2221116170691,12.4316123025569,13.1790205314196,11.7176811790619,12.8835355047378,7.05959892915036,11.153290352294,8.08804768711049,11.3265540017936,5.2998207910341,11.4727087407632,10.7184107548112,5.97291065592653,12.6410107043777,10.9612579527324,,11.9291802346293,12.8003052984257,11.0321242768456,10.6077618031606,12.5738054983358,13.7636715746058,13.0532335570158,11.9434188154627,11.3300238276576,6.27211385066166,11.9563238997606,8.51847966829422,12.0799446008247,11.0987964276862,6.01902137276941,11.4154637684681,11.2609138860187,12.7516828429244,7.70067766980112,10.3265869693937,8.88670229126491,10.2343328515766,13.1588662038939,10.9575162561862,13.1253206615677,7.56576352062974,12.8057091090383,12.2067067656675,12.2560281717155,6.26769522941194,10.7948415268114,11.6165639972713,10.2454833432561,0.016666666666666666,10.650604583808963
6066,COL6A2,,8.34440275502814,,,,,8.02643019635316,10.0779063404853,,,,9.88676045214341,9.70522588485152,10.5909306061708,7.70116897866704,9.21971814775061,,,,,,,,,,8.15471855820654,,,8.58859377437033,7.96478015410692,,,,9.59130890514123,9.49883862484938,8.59345094248728,7.93725766618948,,,,,,,,7.85974922114233,,,9.37339285965955,,8.54124185665514,8.28398668285735,,8.31632582907809,,8.47095209083857,,,,,8.45155909499322,8.53930521486541,0.6166666666666667,8.430611312648228
1713,COL6A2,11.5942124301785,12.3692764656925,10.4638015141998,8.35334213478414,10.725116911181,11.1839691449922,12.0547544049494,12.698265114152,10.7587302473397,11.1392948168115,12.3185457317536,14.0216657742908,12.4788634525873,13.6393212320237,11.0189450453257,13.1126782294715,10.2292868405008,,9.56136470231022,9.1088664567412,9.52243709020129,4.25092538941871,11.107902672876,8.81524814332143,5.46325354959157,11.369749142575,8.89966575746787,,11.7474584335101,11.6669674295174,12.7669129201343,10.6499978900871,13.3334994509026,11.8992055223058,13.6600845057305,11.3173772613107,11.4247442982017,5.44047311085518,10.3245737945532,7.28164358086412,10.5537333622565,10.3868633571612,4.79267179593134,11.5898864087731,11.2402661013845,11.3889409315639,10.1394348314239,12.2042971913597,6.69984326635757,13.2832247194725,10.893892145461,11.5716622405441,11.0815229451162,7.32369625533845,12.2975439927918,10.085239276497,11.3739267903998,,11.1351775075909,11.4892768200301,11.8969937047183,0.05,10.47683278977075
9550,COL6A3,11.120725362134,12.1709001246376,10.7074625845793,8.16889250884875,10.6586942734875,10.907785968435,12.2845558715904,11.8207585038461,9.41824423835486,11.3803836803048,11.2746074771003,12.8014635852295,12.1691268754418,12.3503805679155,11.1300289604565,11.3329419902433,10.1213115021051,8.90822548370272,11.4599689800464,7.72109920605431,10.113273213915,4.68919758929123,10.6896695175055,10.339949356772,5.41304000835439,11.3739510874819,9.97973220524519,5.71480280484674,12.2151110380817,11.5191668619661,12.2767393686091,10.6291515618277,12.4155861148015,10.7799643747242,11.8613427624842,11.9240606174121,10.8433414112458,5.82797221310898,9.62257592578102,8.40696356230069,10.2244612053071,10.639502583443,5.89291563477539,10.727183236421,12.3819969754852,11.2115895561804,8.86798358633923,10.9416883135787,7.07722060075425,12.0102387277765,10.2438696169952,11.284392096885,10.6565248519481,5.91356045999035,13.2545526395462,9.85857585750117,11.4068517343142,5.96493622145936,10.1798257694697,11.2449565198742,11.1787474553969,0.0,10.075147501993047
1226,COL6A3,11.7493216195364,12.5284737851208,11.1624196001124,8.97824373876367,11.3689811408223,11.5208698355558,12.7794249236266,12.2925360747579,10.7140103099005,11.5707375014084,12.2063836991052,13.589227803603,12.3836947992655,13.351727795635,11.4208068201726,12.5589900830284,10.7101950810923,8.72937878719552,11.7903498050218,9.36879226111588,10.1536616342556,5.84564016756829,11.5122403560794,9.3409225908975,6.88799137517865,11.9265971585018,9.99722753387826,5.71338945278988,12.3293981726321,11.9833842939113,12.5451684739958,10.9352446457843,12.9610105252345,11.8249337106961,13.275755263918,11.1035561608401,11.485516183007,6.90120724242678,10.5429867404476,8.59565271792738,11.0922140256528,11.0040394739395,6.7113948718695,11.3712003994756,12.0447859268924,11.8198369498761,10.2108935685867,11.8321157394379,8.90627759666416,12.9135261790826,11.0214282385763,12.0311615186071,11.9484405750948,7.82286071777399,13.0521053483241,10.7978188365708,12.0257698274467,6.53160570004825,11.1120334002532,11.9608327460904,11.778670958012,0.0,10.702880997435225
9074,CORO7,8.5261633226578,8.85047429685995,,,8.67950127799579,,8.94217931444813,8.68540891738515,,,,9.25487572601678,8.51450944231348,8.93664229644422,,,7.98817715742682,,8.64663155706684,,,,,7.98896875939028,,8.16798010865088,,,,,8.77301224184435,8.81816780868279,9.08846660344992,9.30351558143446,9.15599863937404,7.90126056295361,,,,,,,,8.77847236258984,9.20035539741092,8.49845023531439,,,,,8.78993395905525,9.02304177917486,,,8.91237534720486,8.62204393899898,8.57726232705826,,,,8.52908995414341,0.5666666666666667,8.414572676272407
4378,CORO7,8.77988657190918,9.15361002729574,8.9088736714399,9.08086839906642,9.69124503440825,9.23080571635936,10.1378260390842,8.26495248473154,8.10183706469458,8.92721882067091,8.9325211609533,9.65682525810682,8.19326320843024,9.27749143237043,9.23567641702114,9.72111923423392,8.93575537905871,,10.094344090799,9.25338438801707,10.6198453293826,,8.98262554689987,8.72337017254342,,8.96670063136765,9.59944079032392,8.88181908423638,9.78346636641189,9.43256122261615,9.39473308649598,10.7277698368464,9.33389915498225,9.00059039809199,8.80762749373858,8.91119051565587,8.31485433648574,8.53801607535192,10.1125894954156,7.84067610772841,9.6441786952098,8.87104407877043,8.26308740343349,9.69733633411868,9.87071219331907,10.0360274161254,9.04268957047046,8.6212579795711,8.9129060751985,9.37503907667021,8.79621655159687,9.72430242376564,10.08522024224,8.21281174660044,9.19418402688022,10.7574992334128,9.83750140123931,,9.42805216995496,10.0717185150628,8.79853512337319,0.06666666666666667,9.089059305175374
537,CRLF3,9.12161964273449,8.92292112124963,9.23160387701149,8.82276618930293,9.49558497610537,10.014705473468,9.43478970390803,8.63623765468219,8.24789009477529,9.08514741779835,9.06615638355257,9.49390751673434,8.46494742953969,8.99454795040063,9.15878682101893,9.1730383210282,8.70772137521203,7.87336897299204,9.18469292906966,9.05781291615519,9.16864497002166,6.72102761126094,9.3788589189012,8.48561302990769,6.7321233600005,8.93697861299081,9.35508080126866,8.8842360870724,9.67024754451288,9.25579580256008,9.05203445975094,10.5920244814847,9.17694152402615,8.67850977531961,8.92857830000276,8.79467578573405,9.24940591380252,8.63208327105101,9.15139668671332,8.23310961268255,9.35462766829577,9.39263178790988,8.35550509638075,9.63266774813253,9.18057303459246,9.64671557823986,9.09674135063265,9.17681898900753,8.90942176801781,9.21700149283206,8.6260288605031,9.20645626551753,9.19824631277118,8.18217755212789,9.10227914068093,9.51783677848111,9.41049004676998,,9.05883361830494,9.22303126124764,8.98207320445437,0.016666666666666666,8.843846964910595
7973,CRLF3,8.83307811530176,8.71081017896012,9.36963324722484,8.46258161983083,9.6508095171132,10.1265928324297,9.48059075285222,8.20276248240945,8.65424453239521,9.30032805539127,9.46825237846426,9.59939401977586,7.95647944820001,8.76519780391072,9.35390368015069,9.19295815325419,8.72820010119236,,9.08684260105101,9.07800011002172,9.20085885467599,,9.62998217901858,,,8.86333138403235,9.75626026770875,9.18430857699325,9.55813371587837,9.39607072876258,8.599799012634,10.9613753287735,9.17049060990533,8.20816594784255,9.17332834132206,,9.39302629923623,8.88349083976624,9.20823964426068,8.54202682683929,9.20471682116142,9.30356098066947,,9.81513629953964,8.51037297591555,10.109270227994,9.62249692894702,9.35612969130863,9.10872260608309,9.05106193897001,8.2591857051135,9.39878760286032,9.36140047310556,,8.88673405938976,9.78889152399348,9.48722918405214,,9.14245176645131,9.3333652721589,8.87113419998593,0.13333333333333333,9.012461352137933
2729,CRMP1,,10.0224807628275,8.97016299733053,,9.26388132387906,,9.85892475109251,8.54984429954798,,,7.77617418871819,12.0001870279664,8.14953744146562,11.6257344629142,6.80564734507609,8.21079201602788,7.92047201009941,,8.2761106694913,,,,9.22298789391998,8.97408535015768,,8.61883290174682,,,9.3924797798376,8.5468464786743,8.59332602891768,9.3337182047606,8.99055333946047,7.5314835749931,8.98044094201081,8.96251778083955,8.09318582111253,,8.14656285728346,,7.80166659499926,8.68045786679232,,,8.34048746575148,9.14710102245758,,8.94946184025031,,,,8.71793589752697,9.06426964770728,5.1840901412325,8.95345865698243,7.65205555812547,8.42641470660158,,7.42091697083061,7.09372001880794,6.33319124633846,0.3333333333333333,8.363793444338748
9424,CRMP1,,9.47536268767439,8.48011832585245,,8.49147093516167,,9.38189675689233,8.71625898475723,,,,11.0311880358655,,10.5618520924347,,,,,,,,,,8.28529579310132,,8.34390754794094,,,8.90225270406408,8.69821869200308,8.9945092042674,8.83129418201372,,,8.49723469673943,8.75045426881276,,,,,,8.29326458213486,,,8.38316507295129,8.43295082264114,,,,,,,8.92019360599173,,9.1392069725683,8.06079275156133,7.82134836447136,,,,,0.6333333333333333,8.48372045274932
1602,CSNK1A1,,,,,,,,,,,,,,,6.61573253256749,,,,,,6.80047670927551,,,,,,,,,,,,,,,,,,,,,,,,,,,,,,,5.68635591321314,,,,,,,,,,0.95,5.013141288764035
1603,CSNK1A1,9.0667198729952,9.52721377782567,9.12484693865622,8.11151747813755,9.16203568590121,9.58811734999999,9.27447820759209,9.14747269538238,7.54741249804043,9.07742641554185,8.90300963491617,9.29498329289531,9.62784802328594,9.1400862465722,9.04113958865989,9.08256537434074,8.8405960878044,,9.28634262074632,7.76462560070213,8.4764016710021,6.19868981746994,9.60781516371397,7.4597919936199,,8.8731537869371,8.92371741652697,8.63571111781475,9.20629010966197,9.22923529120425,9.40682600609717,9.26916896109832,8.97111197713329,9.18151875317356,9.36432538501689,8.23082542968436,8.84578021721387,8.18011370660578,9.06470654462543,7.64372021581902,9.20360105772843,8.90382435607641,7.97027905690343,9.15691589885001,8.82452025206538,9.32627965083081,9.12960294927088,9.0030502179655,8.39099856123278,8.31955471276261,8.48482546450524,8.5970573688835,9.16097412387988,6.91136889000132,8.65959137042715,8.96894586988272,9.1743489960725,,8.6886804899844,8.97049394318955,8.71010490884896,0.05,8.63647653828932
4289,CUX1,7.8077234876403,7.94735973045553,,,8.10758241654131,,8.76689338244422,8.02625324443779,,7.31791035823581,,8.3307592461338,8.4475694220364,8.31389809249462,8.32247851541016,8.03339885951157,8.23697228080831,,9.00180128631182,,8.56978626152362,,8.09365505448315,,,8.03826584753995,,,8.42661961149433,8.30473753416291,7.93029480307358,8.75161669955036,,8.18368574202683,8.22268618836365,,,8.31326461026804,8.37609555151305,,8.47612175534108,7.0156622516974,,8.66676941676723,,8.38491533038435,,,,7.49730034623486,7.70878221044879,8.47705163962674,8.79514193933916,,8.31406462720202,8.29815625642352,8.4103590500469,,8.29703935253178,8.96964847198656,7.80489527341572,0.38333333333333336,8.041126999831585
96,CUX1,7.83424650217866,8.33387963432623,7.93268500035845,8.15246445843386,8.45008046631658,7.11052434635606,8.99692399141029,8.69254129037609,6.89194630663325,7.64856002755727,7.7507781222884,8.48010622805303,8.68275579622552,8.55256950137913,8.39545812938072,8.57160134852239,8.54369733262498,,9.21308465597227,7.62452197046498,8.48116183637746,,8.31832665082709,7.72359852963681,,8.37876865769476,8.04736091689164,7.33693495493412,8.38766707138666,8.32946579623061,7.88865741991774,8.73683734567787,8.01622244204431,8.6680606924668,8.41204761289235,7.2331002436462,7.73775923317849,,8.60326852703295,,7.98606505049229,7.88137910506353,,8.62313504212684,8.54974497238756,8.82376872446541,7.99074643779626,7.322549779926,7.57624776706571,7.74517997477805,8.32565353129046,8.74734595175494,9.16997279277923,,8.4391906612504,8.96754468523597,8.64703485728149,,8.27076183366339,8.80126390889022,7.90565875264168,0.13333333333333333,8.079811201881851
2267,DBNL,9.01232249576874,9.35925989340789,9.17029928041808,8.48194920894877,9.80526254186138,8.90545631745445,9.84802627900145,9.72296543499522,8.26478602497625,8.65164685745816,8.82611862991302,9.63202129512112,9.32374112551294,9.61550712800423,9.77251218377683,9.51476006036126,9.65630537368544,6.80543296998617,9.54638096657105,9.07179843881152,10.0339342282229,6.53182997405118,9.15631578794475,9.25442605737277,,8.97238125302111,9.46025826556756,8.55729391545669,9.80521537747382,9.61380142869818,9.44061416449108,11.0793412999801,8.84898976670946,10.2180026838268,9.33307152272822,8.9338744079942,8.61028657943734,8.08464232562154,9.99662724523364,8.35902304427201,9.66278593194279,8.85938977426921,7.87820836551446,9.71927631485257,9.27426081231516,9.26313708218384,8.94563571290928,8.83297829041384,8.61165696924023,9.1362249572876,9.13877950186055,9.19066782993291,9.83085690252835,7.49834356929498,9.52121230376493,9.90538883239936,9.37475649868504,6.26083030708478,9.18304011614399,9.25504441999286,8.81343514689206,0.016666666666666666,8.9406122607424
9719,DBNL,8.88114885751354,9.43473182741069,9.3099964593545,8.90790953642782,10.0329767993063,9.05717915009108,10.118912651062,10.0816531240756,8.09335959354693,9.04704415564022,8.35486668793525,9.37578031707067,9.60028162528589,9.95129167346815,10.0550435617874,9.8409184687886,9.60658335849358,7.6415397215461,9.44567408352045,8.75460635029698,10.3872294891074,,8.95173748578454,9.89114537456223,5.8466381638827,9.15164810743212,9.67542202751195,9.09206736490315,9.86225079293824,9.77561759284225,9.48057257105354,11.194083994052,8.71580064293884,10.2171488782493,9.02320277419155,9.3936398032298,8.34513658052968,7.66291245004303,9.98778871988418,8.06916211349295,9.64495306441268,9.0085306025416,7.41522046317958,9.9574059929294,8.67737332706067,8.94691810016866,8.87851623692612,8.22144570510938,8.01684815699464,9.79828142242071,9.0673668271551,9.02152420718075,9.64957919850012,6.95755534986179,9.55106120298841,9.54452379501169,9.18299312769338,,8.95849989455841,9.32252258422619,9.05243395359538,0.03333333333333333,8.988821027416705
8646,DCAF8,,,,,,,,,,,,,,,,,,,,,,,,,,,,,,,,,,,,,,,,,,,,,,,,,,,,,,,,,,,,,,1.0,1.0
3651,DCAF8,8.17833058138145,9.03760779033927,8.00562331245497,8.11164191006672,8.46320510260924,7.54062832464342,8.71440158103739,9.0380458833277,6.94604115063114,7.97980038745418,8.32654232496532,8.51838729962211,8.70325219870893,8.59633959197087,8.27540265691339,8.60313428996963,8.59866589219066,,8.98066672650381,,8.13351708165962,,8.28558903823017,,,8.10986178191949,7.97313267313794,,8.44756626245985,8.53951838699757,8.66247048764125,8.84085477806274,8.23163287079256,9.05311953086139,8.30433783052435,,7.58057367870614,,8.62524725389645,,8.41384088864786,7.99283374301245,,8.19222066112805,8.13672938046173,8.58942586702365,7.82154403383504,7.58331148516448,7.013839266276,7.69605852711949,8.33891638921986,8.08374618833459,8.76553457866413,,8.51201490155351,8.73371926959286,8.45271670253547,,8.39509415565831,8.26185944165893,8.37732243592744,0.2,8.138521142736982
1290,DDX42,8.47554902749186,8.96654555174492,8.35469656293548,8.0444417218553,8.72713578069884,8.44064666856065,9.25762935997137,8.65669437365003,,8.26217403604664,8.22531612821196,9.03085442883063,8.62742959483595,8.89079096107488,8.55049437800527,8.8376878511623,8.34257923381043,,9.04985872744759,7.56446021512299,8.66972845052949,,8.87232264782311,8.06447503114142,,8.59157019101844,8.52864096790269,6.81784022630675,8.93662456488612,8.6708512389155,8.58833825558402,9.82599269607532,8.536878796777,8.89460944546657,8.6199932435612,9.20863587887295,7.430368088797,,9.20050414554542,7.88236324511431,8.37809305363964,8.26844928033065,7.2149271893741,9.0893233280418,8.91480424799817,9.11700933850774,8.31117364582305,8.07783579404478,8.0703745256122,8.21608415712936,8.23001224708086,8.82301120751924,9.58473962553823,,8.79262837149619,8.85249635079533,9.0237704974356,,8.47565046840006,8.87053339161386,8.18641146699665,0.11666666666666667,8.403391991524568
9141,DDX42,7.96456730062539,8.85799781294291,8.34085885543505,,,,9.05976245428348,,,7.98805649749156,8.33895687832316,,8.96768939875366,9.11717439226901,,8.39806255574167,,,9.27131836932703,,,,8.63860610944511,,,,8.29567045697724,,8.80611445756554,8.69682545573909,8.82308547257892,9.88579090389168,8.27979329857873,,8.26619364211149,8.37111838199029,,,8.07587149657131,,,,,8.9789518442417,9.12813013329552,8.83380557130468,,,,,,,9.75503844221981,,9.05691850510166,,8.34827825417482,,,8.73579245225666,8.29239705918212,0.55,8.434223541135497
4149,DMD,,,,7.87031312928695,,,,7.40953533684747,,,,,7.98321901686099,7.1751419834057,,,8.23466050122185,,8.0789215417208,,,,,,,7.66183658785278,,,,7.71424322874507,,,,8.94401294238839,,,,,,,,,,7.80283837621042,,,,,,,8.33608677051681,,,,,8.06497577940417,7.88777192998394,,,,,0.7833333333333333,7.424777889841333
771,DMD,9.66475343385578,9.54453749238886,8.76180138011513,8.63656363731996,8.2229471575358,8.44151348386881,8.54580622442822,10.8879893355237,7.48273231807934,7.79523039703419,9.28494084099902,9.34880004065518,10.9976279772679,10.0038785434779,8.06523040971598,8.80358586624341,9.9530677110996,,8.81113492664795,,8.00844585491821,,8.38019732473727,8.23360187465797,,8.4232048677661,7.8093354135302,,8.59469314993054,9.27578624894824,9.95794725898024,8.83937619546992,8.23842373176855,10.7301144835514,9.56581994146661,9.16970695466184,7.35040047005882,,8.61897087928707,,8.30354400019145,7.54182063038889,,9.05870814490474,8.43175957567555,8.67263668129733,7.58852682547763,8.97692354779335,6.7181480613208,8.42943762143201,9.75560519520107,7.98567102176927,8.38266976799404,,8.65470014521486,8.93207796602514,8.73722077660706,,9.48696388594983,8.21740299310143,9.02924829129191,0.16666666666666666,8.58535576843994
6714,DNAJB6,6.98094181678665,7.41296515518241,,,,,,,,,,,7.40372515246352,,,,,,,,,,,,,,,,,,,,,8.0749853157968,,,,,,,,,,,,,,,,,,,,,,,,,,,,0.95,5.960418905860682
4324,DNAJB6,8.56743982312888,9.88541129699544,8.68665831507534,,8.90957768225667,,9.82198316464758,8.60400398493135,7.56742791106521,,8.4286710331505,10.0057526992103,10.1283814925673,9.99105054869008,9.18447139860867,9.12447959622456,9.44209305055588,,9.7597242763095,8.21987368062541,9.29373884729895,,8.8622069824382,7.94437086719399,8.88311124362012,8.93361913974917,9.13244278721262,8.30767433484195,9.21111194120701,9.08995113413309,9.35186180920016,10.1461226855373,8.6756545098508,10.4847113646763,9.63637401292967,8.5733292654634,,7.29580091800571,9.39555205466324,,7.82888146777002,8.30320650435952,,9.33936768909101,9.89280753388944,9.54659098870938,8.88191222942464,8.52891200508121,,8.89512539969761,9.30272747285172,8.88603587118314,9.67546987295168,,9.8283362239037,9.57481311042345,9.49436135955682,,9.04750470730739,8.8917253258517,9.09340883656998,0.18333333333333332,8.923434279217826
3434,DNAJC25,,8.1615202148865,,,8.36617937170107,,8.73807855556441,,,,7.30916993141377,,,,,7.83779654446096,,,8.35084732235187,,7.90594279856686,,,,,7.36704119660029,,,,,,8.28115303007072,,,7.55807641609266,,,,7.97308481594134,,,8.03726364632128,,8.08590804749808,,8.51776757393024,,,6.63192560003291,7.17893845849797,8.03295001038104,8.07650505781675,8.45798551679327,,8.13098539177118,8.63743337824776,8.44039300034472,,,8.25979013782506,7.36663534718756,0.6,7.692134854571931
5553,DNAJC25,8.49084878529853,9.45085731947224,8.82348964173979,,9.97839250285555,,10.338708129797,,,8.57759800126593,9.37428513231069,,9.22385686170058,9.64824203399943,10.0577229031418,,9.27345135163129,,10.9626156502577,9.29204034703528,8.72557187138655,,9.58717032013351,,,9.93700914408811,9.30081119373947,,8.84994011053438,9.16045564305692,8.40416816136408,8.92578251107944,8.65745026545994,9.71101101036538,9.30505761917056,8.88412217789239,9.24121034753396,,9.03872220285171,,,9.10127859379763,,9.09119105115439,9.79831246643461,9.14393020896744,9.59643008383612,8.77711705282842,9.62081261973994,9.64235540608258,8.81380959911451,10.3609222468834,9.36256118872821,,9.70107377073538,10.2907805069779,8.82844749290742,,8.98331525435152,9.48701173726216,8.76459832800981,0.2833333333333333,9.144932349886556
9271,DNM1L,,7.40163689457027,7.66041782834629,7.15437893039508,7.21964618770154,6.03549463250631,7.32750802479783,,,6.61370551266477,,7.27912960793268,,7.86150463785676,7.07161952874804,7.49371837970962,6.89819233371346,,7.53525082808423,,6.71858378739369,,7.24373838358186,,,6.96092821735978,6.75817158154024,,7.15248008149701,7.73163333754758,7.3721972563095,7.62669307791421,,7.1233405112124,7.36832589555124,,,7.1693502170499,7.44705738314841,6.44445777376238,7.17709089736302,6.94511909052715,,7.18008065617943,6.85000056309795,7.04877504259105,7.22535371100209,,6.48493035338619,,,6.79590245663674,6.81612537973895,,6.58744430126256,7.40418649685843,7.20117137514687,,,7.02943644641554,7.19667909771992,0.3333333333333333,6.94987292761352
524,DNM1L,9.05060148661834,9.13248632201648,8.82068559374098,8.48316745034981,9.03832137360512,8.44210887401407,9.44950973877192,9.53301423602983,7.50207332836255,7.99913831118476,8.54739486634321,9.64453670765874,9.27526004244036,9.59670957936973,8.79799710196748,9.0224687089541,9.25591622850912,,8.91302074273524,8.18028533274643,9.17722993745218,5.31463008200338,8.69772695293127,8.33964248777225,4.83718580071531,8.34748360357073,9.13106738539823,8.36164873040596,8.87108160355715,8.79171171227853,8.81551991205511,9.6450878321658,7.5461441858698,9.73038897259547,8.92240137520039,8.38017182099656,8.56262330791137,7.78774067012141,9.54612875145017,8.3519296024122,8.70099373923271,8.60047366643242,7.62252398455603,9.3559612891085,8.48265250316693,9.09323439059964,8.72814746833776,8.3567605509726,8.63371985050029,9.08520305256781,8.94581796857225,8.90838758356333,9.56997205642966,7.06076228706015,8.92784390841306,9.49473577442756,9.16415640294092,4.86772650732547,9.091481243696,9.27980952933677,8.44915533098163,0.016666666666666666,8.453797083675857
3117,DNM2,9.27309377090801,9.65528061003118,9.03015516861837,8.71228266422444,9.52028008976121,9.21591915141035,10.31510290397,9.71234118747321,8.23980418367965,8.864488527187,9.15536076040258,9.87236598249904,9.39606447558437,9.85081758642642,9.56217635346563,9.74842393507999,9.73183363429913,,9.89060595707183,8.83657138760603,9.89742662652906,6.02192790296102,9.62540564490597,8.26026484150852,,9.28403256139616,9.16159366149761,8.28177679351316,9.65596882691093,9.46836208994784,9.31522526767854,10.4865454191973,9.06161791232702,9.96473431924937,9.52762731778798,8.72084542783197,8.90436548623327,8.16768554726526,9.88203712927322,7.97327966175407,9.26227835439244,9.11767445695743,7.88744872816671,9.68832722970227,9.47877164982475,9.96206382741743,9.11181550772466,8.96724898739969,8.83662618812289,9.40284463944964,9.13598022001595,9.56513774346243,10.2448977205985,7.75297547077619,9.60725769349953,10.2511874869418,9.8084240509957,6.44636401845805,9.56772482141571,9.68599733523797,9.10606943450871,0.03333333333333333,9.049000777880686
3397,DNM2,10.4289473978104,10.780033515604,10.4444980816406,8.76497623888871,10.1797352193818,9.96987541080019,11.0838632762278,10.6566466746208,8.39687350330182,10.2647822827256,9.93390159324452,10.4181195792776,10.3948247108015,10.6445586683415,9.8498349643788,10.5100742453303,10.1797027845442,,11.0541254115555,9.56028412135053,10.5848594902208,7.31366711253146,10.3395086081306,8.09043025206948,,10.1362074798319,10.2607963294371,9.22524890937301,10.7981334762052,10.6169255924085,10.7645942330092,11.7307460501365,10.3566315550508,10.6058220201231,10.2289429563666,9.01892733230016,9.97917031343922,8.44445584167896,10.845019901238,8.58464411907373,10.1263611681407,10.3376928001862,,10.5537697242678,10.6955969354267,11.0021285951219,10.2748408309311,9.21391265857646,8.90977577964327,10.0913718120239,9.29247750587534,10.2526926846145,10.8759400772946,7.89128825087886,10.2249746389984,11.2774570114146,10.6443938200554,,10.5119914831735,10.2751721932319,9.88524648784931,0.06666666666666667,9.884477069807211
9277,DST,,,,,,,,,,,,,,,,,,,,,,,,,,,,,,,,,,,,,,,,,,,,,,,,,,,,,,,,,,,,,,1.0,1.0
1480,DST,7.63047995682151,8.41505174414496,7.79074857621168,8.19204581467734,8.13795655071147,8.75337751349445,8.65334953420718,8.82520312161119,,7.58948881283121,7.89860482133355,9.71678147791084,8.84428726423744,9.43348888030534,7.78722276993073,8.19094010938706,8.33324235806048,,8.27662495616455,7.43115807752435,8.22565619907301,,8.00413268816631,8.49774017631196,,8.06284255467369,7.52327379420284,,8.16599798381342,8.12667944908344,8.20375856066296,8.28986971859764,7.80757195419381,8.78794211306562,8.20376831232642,8.07716168199447,7.28425658635247,,8.34477302905202,,8.14164794043949,7.47032093974191,,8.08890074117797,7.98981696352876,8.37564567542763,7.57182183923341,7.72827855957021,,7.65885240995057,8.23030332199115,7.98229748966186,8.59562377290434,,8.34336765954336,8.42255975293129,8.43244965940543,,8.2808630296559,8.49888170604032,7.7268442765273,0.18333333333333332,8.031936125107562
8942,DTNA,7.21578446942612,,,,,,,9.02900914927412,,,,,8.65027100702796,8.04949549934318,,,8.01086734487067,,,,,,,,,,,,,,,,,8.54636755973367,,,,,,,,,,,,,,,,,8.48939509940758,,,,,8.00588535970317,,,,,,0.8833333333333333,7.45807804408671
2686,DTNA,9.55975287446356,8.99792951951101,8.43619358727431,8.55987631706535,7.93154309062704,8.73617787472643,8.53719695246598,10.9567495414118,,7.53698319822052,9.26471175227898,8.81410873742398,11.0564530985667,9.96816959267459,8.23217881823372,8.67853760187628,10.1129517276038,,8.98045920789082,,8.28121147575244,,8.39879420452657,7.55325270432125,,8.08213753063074,7.63336657600734,,8.35207808609917,9.40750605639291,10.060156659881,9.04040498359851,7.52043184765216,10.4000228096319,9.75287617018618,9.06495765804766,7.87074519703564,,8.78799112775908,,8.20615891448494,7.68784697283133,,8.92855117362843,8.41869387220324,9.01176651261881,6.65512037603692,9.18707666425783,,8.12977900851599,10.0726668311136,8.0249787970532,8.54601881091197,,8.47218782106505,9.27407818282209,8.71624467771394,,9.69486297298011,8.39756493835566,8.01489939895236,0.2,8.584584686345293
9283,DUT,,,,,,,,,,,,,,,,,,,,,,,,,,,,,,,,,,,,,,,,,,,,,,,,,,,,,,,,,,,,,,1.0,1.0
1351,DUT,9.49263133385579,9.71521198958768,9.08326386941657,9.26905644657929,10.2554613380072,8.97614340110552,10.0759217198885,10.238141139287,8.94854389789014,8.97514683615959,8.97264019152223,9.76796667425102,9.6510137489462,10.2325741478876,9.63455509635777,9.6257175164356,10.0704819485384,,9.85303688243418,8.1378664589602,9.66566998373184,,9.79822539191107,9.59255536270938,,9.46915716735246,9.34106065658029,7.6620684822544,9.71648270567962,9.54507612338117,9.08029605615541,10.5507296485103,8.88661809708891,10.2839043750448,9.39708141947172,9.64820564530884,8.60336465808578,8.27959270083053,9.82444587736701,8.96784791119851,9.5781213323716,9.21245388555489,,9.71403110210622,9.39787984585076,9.77557748203638,9.05056201779632,8.76467017106624,8.36070537039693,9.29964139895046,9.88381264463315,9.92526386241698,10.1483295224876,,9.95128866923734,10.191297272997,10.0899072209331,,9.49768314819943,9.98542425667084,9.09440673589133,0.1,9.305748754645697
9351,EEF1D,,,,,7.89452769730371,,9.80882540485591,8.52382522100527,,,,8.60156262977056,,8.73029142343587,8.23393806077278,8.48388217262357,8.92779898227561,,8.24086542612734,7.45231642751105,,,6.66687626358006,,,,8.23840852405062,,,,,8.11937636321738,,8.85845420253173,,,,,,,8.43960154514145,6.0009843483504,,,8.58662736241937,8.65218597488987,7.06468446326444,,,7.70297374865894,8.38743022473268,9.3453094738522,,,9.23028873446651,10.0105485341568,8.7397815810385,,8.44656421475872,9.37447974605233,,0.55,8.118300312530133
4803,EEF1D,9.53255058369857,10.4253585315101,9.21589685817457,9.70819939052665,10.5926072059756,9.3058916379416,11.4504678737733,10.2877306524184,8.60733097618651,9.04874493955344,9.37324017887882,10.6904049641311,10.0860241039218,10.2749840948539,10.27697724883,10.3569394024595,10.3255804459875,,11.0501491703866,9.06886383102381,10.8490275819909,5.97854116579525,10.0779716115881,8.70963063548168,5.38050160367416,10.1796961945733,10.2149738153527,8.40784582998553,10.5742632076912,10.2804812898485,9.90733645484177,11.2995553656715,9.61249681485399,10.5510707820839,10.2674921953227,9.63471509630945,8.74491698962546,8.34845643835943,10.9428116051502,8.02306377927869,10.1625056288575,9.42541491581726,7.72173079614736,10.7253686863903,10.8737184163108,11.0318898879503,9.49163782006599,8.9941829029965,9.27778866121894,9.77197323605235,9.93065087604668,10.9674938777288,11.612941013,8.17492487480386,10.9544905274801,11.1575639250549,10.5602495083615,6.46575536004364,9.91766618470743,10.2370580541965,9.59671697131241,0.016666666666666666,9.586643812587022
435,EEF1D,11.9620644494924,12.8087920213606,11.4598800624209,11.5142094457247,13.3025099480635,10.5466459091189,14.1561294476086,12.7060280109411,10.9394511345757,11.494057994087,11.8671677839796,12.6760060562928,12.4561948275467,12.8116042676739,12.7717710426715,12.940777133233,12.9541305974529,,13.3175319065336,11.5151699856069,13.3858292262303,7.70925509458044,12.4478177280772,10.5742730106032,,12.8989759584993,12.5001898278846,10.3903807126756,13.1204545565672,12.9404943796535,11.6088342961584,13.7507661177253,11.6686173179143,13.0511048285644,12.7035479684453,11.6517826339965,11.087182164465,10.6713440345936,13.3785327658749,10.0244239138726,12.7446464184528,11.9757755520976,9.84637765829415,13.2778299781435,12.8205370753365,13.6350725189646,11.6981359382682,11.1361441752004,11.7704049602214,12.1474256300778,12.7480173218722,13.8010265066137,14.2348647613227,10.2650487059328,13.2798484986642,13.7632515020482,13.2423958834978,7.42264768600713,12.6312055531797,12.8537904062026,11.855321532337,0.03333333333333333,11.948897723853252
8043,EFEMP1,,6.30514497893803,8.06797804577765,10.9216897864895,8.94391945738677,8.51437026426339,9.41620724873689,8.55569413094849,8.64357556664012,8.37522838894602,,7.23673654407714,7.47458842578842,8.63579464970186,9.85580985487135,8.4148665256138,10.5314742270619,,8.62044382718387,7.16664994930879,9.62203908164263,7.46212573616216,8.48269594320775,,8.29062128779839,8.53703285420852,9.16687534371546,,8.19418558029265,9.89590668943357,,,,10.3138019024478,8.05401294406053,8.04095384658395,7.37634391198466,7.71961985119487,7.95181021702646,8.28457048454412,9.08765748627425,8.79340338397031,,9.4064613099885,8.86359373161223,8.24414828305185,7.89155197940364,8.66422283971472,8.02552823236718,8.46276686273029,10.2164166436237,8.31908532265092,8.02137775281557,8.88826338838193,9.19441522446065,10.6080102021126,9.95611269868549,8.99756182001998,8.76216126871714,10.5111507903173,,0.15,8.541089553210302
2096,EFEMP1,9.24513897798747,8.83469355302568,9.80496595977053,11.8587939260416,11.3766646870289,10.4064696816083,11.8502794442715,11.6825526535853,10.717467521526,10.3092817292564,8.63535514569228,10.2197219392639,9.63110584222136,10.5906373363183,12.251368077213,11.1709425708402,12.7074514918723,9.21319893896431,11.4897678900433,9.5999373260439,11.7733602441344,9.40636963586129,11.2092294964264,9.74767549825041,10.2085097744507,10.9524889190547,11.3948241403216,8.40836738170363,10.7553971934848,12.5823987524545,8.51075557543107,8.40285871264114,8.1899893458586,13.2604022284254,11.2137085322227,10.1094518192484,9.08986527705166,10.1488330259167,9.56638178365649,10.1342467393221,11.7405921386026,11.2866837174596,9.35304078829943,11.885396196192,11.5432102832688,11.054900088179,10.5922106902188,11.1708965070578,10.1471618090951,10.7484064741324,12.9063267846257,10.6240186760962,10.7781111869298,10.3782058347143,11.4677382044039,12.9375278370605,12.4811554684567,10.7983448745567,11.2278880648243,12.2845966472066,8.37899168827429,0.0,10.51149465164194
8230,EIF4G1,,,,,7.77635524337664,,8.69161097789182,8.3192342299153,,,,,,,8.8612655810148,8.34985088109696,8.16461548697529,,8.59781620871397,,8.54752529025681,,,,,,,,,,,9.16440553104025,,,,8.4590423125455,,,8.70934370774058,,8.2375231553967,,7.72007880648083,8.67188215196343,,,,,,,,,8.65253081352687,,8.83548580971916,8.67610768634972,,,,8.12352612753327,,0.7,8.066221052712521
1486,EIF4G1,8.51502916394002,9.23753660393143,8.42847979254041,8.15979009145233,9.13468656408328,8.65258477930462,9.99127423404732,9.35954751506528,7.84386955053138,8.19354119337083,8.61485150841638,9.51300099168123,8.94387214481825,9.38005784055029,9.11649897227587,9.38583337399137,9.11976177314954,,9.58877590798638,8.16087564582248,9.36359436003311,,9.07534924914683,8.00181039903638,,9.05226296584552,8.89753118423847,7.40906546542642,9.2971104084727,9.13845671166015,8.82874705192525,9.74781997104231,8.44736658514873,9.4483162608858,9.02282473536558,8.46230647488393,8.08099194092642,7.76869166585701,9.76274982860626,7.75192903523991,8.81014288690098,8.45030695488812,7.34846153374692,9.51520418821461,9.12345762052627,9.59546930822038,8.71507577109003,8.12458154494257,8.16559056995862,8.80220090009034,8.78524469512416,9.52862449892769,10.0332904281949,7.36233253772484,9.15778558491685,9.62067518301911,9.53006089139593,,9.01988514555525,9.59816983605332,8.55530774544098,0.06666666666666667,8.70684732049751
9008,ELN,,,,,,7.91845441281734,,10.8641841343117,,,,,,,,,7.63443432485515,,,,,,,,,,,,,,,,8.07108140773693,9.30676078742705,,,,,,,,,,,,,,,,,,,,,,7.92377161745574,,,,,,0.9,7.516955240657701
3124,ELN,8.47889367332192,9.57425647464521,8.61413120165123,8.32878938409213,7.63984521833858,10.0826953323831,7.94292274040094,13.9850568802874,,7.82285881687502,8.19323678447214,8.45686238571209,10.5079935646951,9.18159485798706,8.21885759535065,9.03294499752609,10.0845195643234,,8.30811576625451,,,,,8.157180786639,,7.56283383408705,8.41974344035859,,7.88400559664129,8.76438677126757,8.66399872801099,7.3965501122165,10.2851275854856,12.0878502115111,8.08915771832794,8.8028167729382,7.68115378081687,,8.02832511746514,7.1372860322379,8.39788973365348,7.84832267334555,,9.07055248470246,8.34480553984245,,,8.21426138299112,,7.49035396260788,9.45878492096791,,7.38481348652814,8.99625255303164,7.83259563619348,9.69564493235465,8.27160689240766,,8.11148733489981,8.33639673253482,7.62244490348751,0.25,8.48394154831624
9539,EPB41,7.5719126296194,7.29925392379101,7.82988581884401,,7.54621293840916,8.00993109043292,,,,7.2922413081733,,,7.26884054840899,7.08232127962744,,,,,,,,,7.61986587788371,,,7.31801159178973,,8.02204046713259,,,,,,,,,8.08213847150459,,,,7.48395932262198,7.85880115320514,,7.81390771326478,,,7.48314212143301,,,7.31237502587286,6.68789263201361,7.2703447766221,,,,,7.61394126890741,,,,7.44674375563479,0.6666666666666666,7.190881797725705
3482,EPB41,10.5177120615838,10.6763162003473,10.9349880659892,8.94602845707962,10.2368431787271,11.6084755751375,10.2321697391668,9.49482447811147,9.32320913892628,11.0754232525718,11.0968705287081,10.5228009665747,10.2293076999718,10.1391968400219,10.5583576521641,10.1952602015717,9.08582665217691,8.87166354802735,10.2464437411104,9.96257335498094,10.3424550676029,8.27505756290508,11.8543648189343,9.46337924139077,7.40994917400481,10.1113807662283,10.4974307351102,10.8112662522456,10.6947421153961,10.8683492980712,10.6996879994275,9.92590301734693,10.7835211884394,8.60478331833311,10.6036050311256,10.597698289143,11.1700260230604,9.55765469664721,9.35468725052405,8.65259297722285,10.1815880760342,10.6528057997779,9.802911043016,10.6069890543334,9.61277220536158,10.2840021984197,10.5551257918053,11.220827283124,10.1402296303774,10.4368821651333,9.40969909243613,9.99227561630768,8.69966702165557,8.48774412627049,10.4148987799382,9.06652956064913,10.5548980387925,8.14714686906977,9.18093523741463,9.58900927261735,10.7326698344538,0.0,9.860405258877249
7753,EPB41L1,7.51158894280617,8.34828330715135,,6.8848937633791,7.73678317633735,,7.83066621306021,7.77612534046123,,6.08890121829401,7.86752323209902,8.22930657094257,8.00188456174537,8.11094662528416,7.3018884549841,7.8901522255286,7.86742709456165,,7.07298785994527,7.26841661402868,8.09811734245931,,7.20973370478363,7.83050932926222,,7.35714505940936,7.29031942781172,,7.35900509982691,7.43705182004497,7.42811313394917,7.85250504199446,,8.45248926861126,7.90952901606823,,,,8.03707941793474,,7.71476897961319,,,7.96006184146807,,6.88684065033366,,,,7.3920108623995,7.81733855032527,7.2751045838176,7.15417254902724,,7.75897011205831,8.33798540541533,7.2024186142284,,8.02769499411719,7.80729234203934,6.86615146022365,0.3333333333333333,7.440778736545336
6314,EPB41L1,8.65070425740387,9.37626155054152,8.01437126282296,8.23322204555418,8.50429736401738,7.69640969815772,8.54221801316807,9.36229676191637,7.11097094655062,,8.6076352417407,9.67070848751367,9.06901598031272,9.76455300956879,8.24038419742132,8.6069135065756,9.05975254403887,,8.2391012545269,8.20041443293431,8.85752214254952,,8.05495898558244,8.89513552131062,,8.33281858965482,8.16333072745448,,8.29752977961803,8.52836469247577,8.67229999203142,8.88690884844782,7.9129855594436,9.46346817738828,9.0086852338972,8.77607950154722,7.62621131110205,,8.58992409689353,,8.28188488567867,7.64314480121738,,8.58233992061089,7.99732844534887,8.47781274065603,7.49620653859263,8.22824229297683,,8.22769261509953,8.73533255722251,8.43462811209396,8.31250202450324,,8.53588563893202,9.05730524214382,8.35562439715512,,8.88751366286354,8.50811516020798,8.62861926962544,0.18333333333333332,8.338765221900406
1035,EPB41L2,9.13153555342612,10.4272962075651,9.29665935917469,8.24377645656689,10.0044989597782,8.79492621780271,10.5446515575706,10.0640279143815,7.36565904898817,8.36843276115951,9.3691493981583,10.8868768131036,9.78269136388636,11.0406837626687,9.36266930050154,10.2035564563547,9.65153411262503,,9.14087599599509,8.2045383061364,9.63306690045751,,9.65961892691307,9.50212505795565,,9.43848593163829,9.15281430458177,6.85623968511126,10.1597027701159,9.66197337326622,9.44147417839839,10.3467828502086,9.05455845323331,10.3355445386423,9.87928434782658,9.65314699639306,8.62764524821663,6.64301675896567,10.0392453752779,7.23297453140606,9.43137764326012,8.83077168673286,,9.36573188567826,9.21450585115089,9.86398615231519,7.74851188585206,9.05637256679863,6.77749863219278,8.89270578805736,9.2660486964256,9.28366031333833,10.2373421390584,,10.79674261513,9.82866964444978,9.9065703774656,,9.12692892520172,9.3468199609481,9.1104622828605,0.1,9.131907477598935
9478,EPB41L2,9.0121709419037,10.4049141709472,9.42309249149651,8.79220998579189,10.2591960953704,8.36081948136558,10.6742921841309,10.762811900848,,8.33746246376456,9.05975081293847,10.9005987996507,10.009790111743,10.97804899191,9.46238510849938,10.1004332379663,9.95120636527081,,9.46375664381508,8.97435540348285,9.83834230616136,,9.43345272963714,7.53659825505036,,9.39106690843428,8.44760786024177,,9.9162221428219,9.45689406725616,9.54475578531711,10.8366142818315,8.90866135250467,10.735484127728,9.42373325200646,9.52712098587631,8.63637012543896,7.21866431414292,10.3878097361338,,9.55543384544944,9.0867730625753,,8.83216069363056,9.2110955850054,10.0005008278856,7.76845402469663,8.44076050607672,,9.37487427935761,9.34858372702996,9.4874065677047,10.7940349759772,7.20729504579792,11.5203977166896,10.5719239535654,10.4047541611557,,9.67295226927958,10.322735330079,9.12096467761947,0.15,9.346646610175965
8736,EPB41L3,,7.20056191613721,,,7.05346667349878,,7.48496277697232,,,,,9.00025386895805,,9.22335297809477,,,,,,,,,,8.35628562021969,,,,,,,,,,,6.87075223177011,6.76696807120551,,,,,,,,,,,,,,,,,,,,,,,,,,0.8666666666666667,6.980363422613679
4599,EPB41L3,8.55644549123292,9.88656184836934,8.65719358341245,7.90648809614183,9.43998911716923,8.22489859070008,10.2901711109253,8.21875547657131,7.57803890694355,8.07965073164125,8.88103485648934,11.0763960048815,8.2291527435281,11.3956593355796,8.74300846636555,9.58161492993804,8.29588362023105,,9.2187519997367,8.78948253998204,9.64528323544671,,8.73061105578127,9.32412138928739,,8.99716432790877,8.84206286988384,7.27450735125301,9.35452105611676,8.91212276733227,9.0529302886678,9.77156942615954,8.56402136218289,8.80056106925083,9.57756982465687,9.20502201712283,8.04124959582805,7.50137114211435,10.3460459359283,6.72612890846234,8.67249123778829,8.29310789429738,6.85999959032239,9.14049720375297,8.51601181844313,9.09733063326658,8.38550589392539,8.53739871016806,7.89149062998439,8.81570574220484,7.78561664960798,9.13268360505399,10.051291970058,7.37770463102198,9.61224017985749,9.67560009974933,9.05069998593351,,8.7964778773752,8.79505290029933,8.72785980270433,0.06666666666666667,8.674404022885462
2234,ESYT1,10.5869999138266,11.5758538311963,9.83674764027641,8.87810337145876,9.79932026970075,9.23412686909935,10.7268766780874,11.0234207834492,8.09716469701644,9.72512058360011,10.6588296961127,10.3701081024268,10.6573307815822,11.1167285272957,9.39161746166326,9.9485226958086,10.6200924677534,4.7914065124371,10.3456651865651,9.20875972120198,10.2340472570894,5.0118927634603,10.0071614875481,8.50110368687899,,9.80682045496975,9.61809219905814,7.95333708789202,10.1011775586177,9.90896011413315,10.6805662595249,10.6900624745766,10.0946042774557,10.9658092390972,10.3174284618425,9.1250230269061,9.19385314228726,8.32320507368005,10.3493720928721,8.24340961311564,9.47203731212902,9.40459212440888,7.39322740671644,10.0682768094528,9.84819265884952,10.3906087666835,9.3880168916904,9.08855749720176,8.57105793793075,10.1731668798909,10.3632531136522,10.289632000523,10.4494405649153,6.92890064840917,10.6464180449965,10.9148839194871,10.3129605650711,5.10730638714749,10.138275617179,10.5544474982037,11.1001165437918,0.016666666666666666,9.429195966712236
4441,ESYT1,10.2103070641768,11.2056043103712,9.36023519225481,,9.00514710714149,7.97306808278547,9.96269160981832,11.483479919253,,9.2751099560386,9.57779258115577,10.0790962947745,10.9944251852176,10.6006113310972,8.42899603058286,9.04772773084782,10.6169279694732,,9.94472448585517,8.487349111011,9.77796355967616,,9.94560301182528,8.00210266205542,,9.71051659766855,9.07719911478465,,9.60112457287971,9.85020038447034,10.3304684596664,10.1763163305819,9.98598490366703,10.9317189315263,9.95885807280503,9.42229254364522,8.5454271518742,,9.86392741035642,8.64887874937353,,8.83667360071554,,9.79721926177428,9.96113439267513,9.81782013144689,8.80372220789971,8.81406497812804,,9.32437968234349,10.0662532563719,10.1015758759599,9.68267479988249,,9.75072931316864,10.2633482628956,9.67213141220297,,9.28769707676818,9.12318613417694,10.5428855882044,0.2,9.467695210798942
1555,ESYT2,8.41515222630886,9.28540739722441,7.26154151214036,7.35283955681068,8.18321363232159,7.31694737282371,9.00459258359195,10.5157498908533,6.6068329472494,7.83173258245278,8.36820111796029,8.626097143404,9.6919250875815,9.54619508791866,8.01028649412224,8.25078001123329,9.67826641482112,,8.40093141087376,7.7247924621246,9.6065369889626,,8.05628262194091,8.75596272408491,,7.90334480814035,7.99764536086125,6.44076288839252,7.7949495095957,8.48873388808864,8.37329483281265,8.75333702811094,7.98849357764501,9.88190136681004,8.69362150133007,8.35349809491492,7.88734894705491,,8.16859333746419,6.40797330806432,7.87572328209273,7.67145533672224,,8.5288124906542,8.20280238922048,8.50781757876637,7.72555065405396,8.11748825903913,6.61512574554138,8.57780731052233,9.80790510672275,8.76082364937846,8.96410850468689,,8.94297420951323,9.09608273900547,8.76508157946993,,8.35777928943514,8.96303310580142,8.7520011336922,0.11666666666666667,8.214030602236418
1787,ESYT2,9.52341549304834,10.1489519839711,9.00941221470265,8.58072044297626,9.11916191013006,8.8041099739818,9.90625283143298,11.0119177055877,7.80204021636456,8.83355739069362,9.38151326348759,9.46484362919645,10.3258426898726,10.0849980035341,9.00736104433734,9.40959184287611,10.4404332007369,,9.67178775413888,8.22290253145841,9.85641106828368,,9.33728299050204,8.07426889710087,,9.056194018861,8.80445339547253,7.55369869382425,9.31273891998698,9.28879821317275,9.74108873207466,9.53538129378088,9.01435232079658,10.8120942760866,9.51073858163627,8.5361145108214,8.57186842364767,7.47470344106098,9.38524777083719,7.81894768347646,9.01272031313127,8.78897156843155,6.86899375956639,9.29406609912385,9.00139536400112,9.70331258536439,8.34908366114656,8.62321859766297,7.90550604526993,9.025332332999,10.1521589482155,9.37747542321648,9.79224922858737,6.38058845139927,9.56861685117381,10.0999135838434,9.7805885796942,,9.43575089855881,9.72316946260854,9.30887038957183,0.06666666666666667,8.967867204756752
9151,FAH,,9.76864302223266,,,,,,10.0740028327526,,,,9.95014505465849,,,10.2096255069888,,,,,,9.8140384703274,,,,,,,,,,,9.4423583335728,,,,,,,9.45010543224581,,,,,,,,,,,,,,9.59429515882976,,10.042694100609,,,,,,,0.85,8.919590791221733
4762,FAH,9.91211519442046,11.3602859966528,10.1479081325976,9.11152402885319,9.98869568189297,10.0312338816899,9.15657118770392,9.7213434419945,8.79779472921424,9.98238512349796,11.1826927386893,9.62338841004397,9.55188481804162,10.4258228753051,9.36311173708353,9.90726154916069,9.17816489868846,7.31842080056194,9.4615164474413,8.8138481649484,9.93165512460918,7.363516681307,9.19333441003754,8.78468543905977,7.13407883490473,9.767084594614,8.99438827249146,9.20013820921193,10.3754104467065,10.1288573602758,10.744709231523,10.2549087965733,9.85689888148142,10.9009701077169,9.73715766329305,8.92488939039305,9.93703498789181,8.88152316456723,10.4641087085831,8.50193524575553,9.96078738591778,8.64497185035314,8.09186736356551,9.29434629372446,9.16006903353409,9.56990245231949,9.57796227418029,9.21102892520058,8.64985216273763,10.1699222375943,9.44065825238804,9.51686697839233,10.242758922615,8.44159836890355,9.61762455055092,9.95535392108627,9.52922789759366,8.22926058981548,9.71346554138668,10.1069350512991,11.5800642015635,0.0,9.359109253275072
6202,FBLN1,7.87783439267025,7.50990941002089,8.99622736750526,10.8378741020452,9.95259621327303,9.55248900962009,10.2099718575198,9.84256149701304,9.88831633671658,7.66939278209727,7.18258202632675,8.34917109497254,8.26358734954516,8.50042555824697,9.76100246622112,8.99043027363306,10.6414921692442,9.85765519808503,8.98079912040437,9.14230639973297,8.23760301785606,8.04488398774044,8.28851282665505,7.45314567552344,8.30822726218356,8.53928300064476,8.62640839312365,7.79470174904069,8.46504879503128,8.89111719271419,7.64979536051903,7.82598681094291,6.41628630274633,10.4918520433425,8.38350814902265,8.67090884656301,8.26387555813472,9.77879202007713,7.75498477733722,9.20543834547494,9.25723230129418,8.79041285751482,8.62871347805591,8.88193637234843,9.06160899893656,8.287282528013,9.6494444960199,8.19345428815693,10.3868569682052,9.70918222852419,9.88798430381995,8.88437481435067,9.51980770087511,9.16165623829037,10.3400149521937,10.4269096494023,10.1352350115644,7.28254560241303,10.0711738681014,9.9023381952349,7.20760079432078,0.0,8.768605180238238
3444,FBLN1,9.04801872822278,9.08767596825119,10.1033888108218,11.7185066764771,11.2733919478409,10.6035206644756,11.7533512576141,10.8970626330117,11.5490008162183,9.58516884737143,8.98338449457776,9.85373220152015,10.433225769015,10.1108966955579,11.1702586230362,10.8185722586723,12.181238109713,10.628867884712,12.1044069794808,10.1716294667328,10.7583412203437,9.36910985297849,10.1541130191628,9.66196046885208,9.49863394043832,10.6173887794056,10.2149572147423,8.61695518978715,10.2386702180299,11.053149489749,8.43004269704274,9.13545927247823,8.22584377749306,12.2040334650136,10.3596571347039,9.87013659444941,9.95308580382881,11.0951410757381,9.34745510607533,10.8832905467199,10.6128549672707,10.9969630247778,10.3093012366406,10.8943305199966,11.3978853194614,10.5371842049065,11.7443776323665,9.78533765474518,11.733587779426,11.0425765561654,11.4277580398586,10.6895063212801,11.2578721275341,10.0973016710181,11.8653286032929,11.9675099864688,11.8578107687592,8.56254274566723,11.4970657664562,11.0688540307021,8.62108158703069,0.0,10.33904484452389
8647,FCGR2B,7.53893607847747,10.107689039389,,,9.18880991735873,9.1275267007777,9.91208722737246,9.00238953627385,,8.69125876212992,9.43186530546391,8.39030065193065,8.41413579208275,9.54517319060838,8.66656664207965,9.03466009960455,8.31015801546874,7.94810589285652,9.44337438545697,9.4910439964595,9.80217575392576,,8.78904623774528,10.1159789204222,,8.88452605401314,8.72215297242322,,8.92528174791732,8.51241592451837,8.41885094817313,9.39793637123459,10.0180343643857,8.57969517786606,8.28911225279837,,8.70109824708448,,9.91980290722058,,8.95447973481909,8.95691113992194,,9.56798408885059,9.57861519120349,9.88638912318606,7.47622149952825,7.93298791497905,7.79638887874325,8.74444136779207,8.15939139565019,9.71601318408685,9.62717061400291,,9.95974044613409,11.1174546890099,9.12960108221243,,9.65080194594841,9.33122859264331,9.1586284692177,0.2,8.912769436591246
8307,FCGR2B,7.89609929025208,9.61741453235625,,8.08662576208686,9.88185958349625,10.3219538776659,10.6241631034216,8.50302833731249,7.02205351880662,8.61744819854065,9.40446766794658,9.39966455736451,7.99976097269565,9.35148282681353,9.15113350883752,9.63677340660422,7.43552506272069,,9.84346206359432,9.94945982710275,8.95914643932166,,9.70087857464509,7.81692824892057,,9.11015169927404,8.69700807155364,7.66745425777181,9.33051081689984,8.40982287431022,8.97941164131679,9.79089130486211,10.129551397457,8.17919212743378,8.90293671519836,,8.65659642990526,,10.0477071244889,,9.78261507579678,8.81108577720236,,9.2180076631605,9.86493768081019,10.0950243862636,7.50358487972355,8.3398299531413,8.47435792579222,8.88803885611589,7.34633861758771,10.1171117353174,9.67997777349098,,10.3200551760574,11.1618756023415,9.47012161821338,,9.52893906140515,10.28722256478,8.88623659645762,0.16666666666666666,8.964048865510776
222,FHL1,,7.33894969437502,,7.55150564574808,,7.29940099134343,,8.82370949587735,,,6.64928403904208,,8.73148341425371,,6.93327104505979,,8.20704993310004,,,,,,,7.39296463809919,,,,,,,7.33865025870001,,,9.14385799017108,,,,,,,7.85439126552617,,,7.00928219341591,,,,,,,8.037943993694,,,,,8.14116971487872,,,7.32085158005988,7.39538676549466,,0.7166666666666667,7.326989962528098
3445,FHL1,11.3506603530243,12.2119906349211,12.3326431472119,12.4541442989215,10.7589218544711,11.9345965294532,10.1972632430388,14.3265441871925,10.0723687353837,9.38349551545533,10.9085331092162,10.4015834393991,14.0764016583742,11.3784100048525,12.0367042524532,12.2428953510228,14.357062059217,6.70746745964734,10.5179127855394,8.41943961577171,11.351110659522,6.16588085460791,10.4669696503923,9.64293443179793,,10.9765167125079,10.8283642380399,7.40175644725181,10.7736421289095,12.5539284506385,12.7343213203888,11.382911723575,9.22340668823573,14.7943439117397,12.1093935984141,11.2178376038277,8.71792987557515,7.83705986642749,11.5626036755901,8.2790259690144,12.9500287936693,9.97026338895654,6.63853584989554,11.9731419553635,11.1633936000515,11.3936631542991,8.99743349804367,11.5152591091477,9.11221909511958,10.4626763619661,14.2736827839881,10.008662667739,10.6705577348505,7.6313016822236,9.88339162837101,13.7250055826187,11.7853189171672,6.88296158458786,13.4727827479493,10.8991718238127,10.1484088893507,0.016666666666666666,10.605214053397273
9702,FKBP8,8.32377848441654,8.86689298023599,,,8.00768600634435,,8.90419017946072,9.39883076918277,,,,8.81004914509504,8.83838959090888,8.48339847801742,7.90302585296371,8.29222830683546,8.61812890289757,,8.55755567073026,,8.21303290324698,,7.90305863852088,7.67281689309998,,8.18087141553291,8.43947124085306,,8.00843001510595,8.46197611541437,8.19249417247127,9.02714704048358,,8.74423259431622,7.99661054767205,8.21825718017044,,,8.4917511749685,,,,,8.59142014915982,8.43430533777341,8.40738020582595,,,,8.27284683599642,8.55059923182515,8.2010075129096,8.55179707115391,,,8.55731215168811,8.33508768068943,,8.18217583673755,8.42510819133186,,0.4166666666666667,8.198784241285729
1949,FKBP8,8.64014551513484,9.6200170054956,8.19575298642315,8.02049724175284,8.68252165156884,7.42561153822118,9.36351080974788,10.2176169546871,6.85058526182479,7.79690721465306,8.56067352733896,9.52613771171636,10.0163154335173,9.55154946228446,8.32389848070947,8.61174512758015,9.66412009290016,,9.02027399676977,7.63239632958081,8.96195696843207,,8.53705563337074,7.77127095709538,,8.67105756892249,8.12336656976839,7.27483638590799,8.776943865914,8.98993967156417,8.88841207127127,9.81453728174195,8.3179966565543,9.8812964805496,9.11790468929126,7.80381556415319,7.89383413500198,6.76787148706976,9.48160070725048,,8.26518769937153,7.96914142471823,6.87223918424751,8.83567609795337,8.78435256271359,9.26807048308823,8.27083863996248,7.75567190294075,7.51872062315402,8.28463948174269,9.46980117544789,8.91564002653196,9.47424912871788,,8.81798814249205,9.57338570078512,9.00687721280819,,8.69338551603314,8.61099454793,8.77390543487156,0.1,8.462083500111655
8751,FLII,,,,,8.34131560952285,7.70232208570283,8.42842045407499,9.92993747793359,,,,,8.10917357582954,,8.49907109783384,8.62971285992248,9.5811296478095,,,8.00811762616599,9.02875946638397,,7.8447322214792,7.63922787386163,,7.61384153983422,,,,,,8.74411112443625,,9.77678092572223,8.26633662209013,,,,8.46457220539777,,8.29281687062181,,,8.40227069935918,,8.31682972350477,,,,,9.23655261547954,8.40614540504038,8.44300925955108,,7.7285728446557,9.68932460813885,8.46530123540895,,,8.235465501266,,0.55,8.227637542036687
525,FLII,8.60501768432946,8.95380527307415,8.60762893473317,8.48688197578033,9.22324033390516,8.53170574832934,9.57777275590209,10.1351968188084,7.83999648499629,8.53059693176375,8.37910747444192,8.89480029652684,9.68981980478022,9.34666855344291,9.22207085794187,9.18682044767259,9.9104033947534,,9.57061783408286,8.46018090793621,9.46435871039808,,8.88058520665766,8.37992948806293,,8.76621753141178,9.07373372291345,8.16253498873003,8.93809703999806,8.84785069949683,9.20076368773831,9.74829046266018,8.48252857042257,10.1070288708841,9.10574190215311,8.50081669524687,7.94644189521005,7.82084366293087,9.47485791651035,8.11161419977628,8.76171688717305,8.44025276558433,7.67180433991351,9.06329425681224,9.27636351834986,9.50578203641517,8.69166367973191,8.3736157772653,8.29697497260861,8.81938808872781,9.72065055057369,9.22301438638375,9.49403579837587,7.25216283514999,8.99316312405905,10.1480176160207,9.28364930387483,,9.24546378138105,9.39436497104388,8.26638979642981,0.06666666666666667,8.763999740923053
9575,FMR1,,6.46477900995828,,,5.99198212634082,,6.19522856350771,,,,,,6.45727736465674,6.40468379390846,,6.15621729601279,,,5.96169450838412,,6.42836089285593,,,,,,6.2550365194829,,,6.14905773635692,,5.78629939421847,,,,,,,,,,,,,,,,,,,,,,,5.63050569394204,,,,,,,0.8,5.74470176150963
666,FMR1,7.71424671543295,8.51870838818804,7.77969221999862,7.87854419065807,8.12828301060472,7.9847137568303,8.87394174883,8.55542797715283,,7.93108957800875,7.87828709502234,8.83171998942914,8.41183236419812,8.46050439423455,8.05514462827319,8.22828252331362,8.09600131071852,,8.4988021268783,7.4403430199324,8.23377015689346,,8.26245026622203,,,7.45882211023123,7.70290897671921,,8.33326010553124,8.07081844141975,8.04026216282918,8.91009114330404,7.82146064720703,8.67746532044466,8.00407104175489,7.97533956229622,7.47550574755014,,8.41159477734938,,8.09700124762137,7.42423234901227,,8.31455284834396,8.43693524262772,8.48416057101898,7.76714997836755,,,7.64503904899832,7.90109497339516,7.68672530734638,8.75265250545594,,8.16152455740628,8.44547939161487,8.29764908518097,,7.8816863322051,8.75652633240881,7.72026338847259,0.21666666666666667,7.97746830433681
9660,GANAB,6.57683994287536,,,,8.02765426650149,,6.34293052269562,5.66843106878471,,,,6.41893739378775,5.6658532176392,,,,6.81930792134583,,6.70375063189746,6.05245609852351,,,,,,6.2631909455101,5.28757525438375,,7.00341375549965,,6.41117757556647,7.42591831468993,,6.51883651581142,6.53033506264435,,,,,,6.9145578075421,,,6.78669239280813,7.39203610442148,,,,,7.33012927749098,,6.43186041401268,7.67670888660606,,7.08519420394218,6.97166223569889,7.24581219557605,,6.79020900563087,7.00876329404181,,0.5666666666666667,6.494076334434042
2391,GANAB,10.0933105910821,10.8975138349392,9.60082200747884,9.66690334486114,10.9332988518448,9.33699773690162,11.4824376048377,10.9236090717005,8.58618076307628,9.70957033121611,9.79468385658886,10.5954274641032,10.2683324447759,10.8870023961681,10.4055274651164,10.4678105473578,10.4468796544609,7.06994595788612,11.5591333726253,9.67635793090384,10.5129306289079,5.06310447236602,10.3061888897025,8.80881459643386,5.1354058614208,10.268074368553,10.048084198451,8.76905762819617,10.6523494809332,10.1370832867907,10.2950933785695,10.8373963274761,10.1710823325909,10.8000210500354,10.4726305986887,9.28836877397252,9.40303045855456,8.72534523608724,10.8528638441946,8.44909078200443,10.4251016237441,9.86902234832408,8.05570606688238,10.7097254666635,10.3518313688944,10.8472060512674,9.56593354881937,9.17924853468053,9.16417788731911,10.1298399732321,10.0620902355729,11.0670671483593,11.5011554211671,8.08060772684331,11.3570359949076,11.1635527417102,10.6572430761566,5.22119437556752,10.1389905189652,10.7615050583009,10.4158791102188,0.0,9.672599428006038
9198,GAPDH,,,7.6801555745293,,7.79494499600686,,8.35797251511308,8.52343712397928,,,,,,8.04517835822333,7.94443478461998,10.8593176071629,10.0429379402725,,,,,,,,,,8.92152647369713,,8.12894321832617,8.34884142200201,8.00534001465532,7.60156382336157,,9.59001616432766,8.06402024385956,,,8.62143881491417,8.51467411321741,,,,,,10.282159047399,,8.08459474616641,9.28171755552592,8.01486375673385,,,8.65639005807691,8.22204105641569,,,7.94117860956347,8.15618444072451,,7.84247114574428,8.79985921423932,,0.55,8.245578672102058
2836,GAPDH,11.3318382893689,11.5022284471759,11.7064282263085,11.7231420892816,11.8407860728741,11.38713539653,11.7700530272279,12.5580362724909,10.9147579948597,11.2480207174436,11.5093545258389,11.7981814544638,11.7873728107108,11.710002455399,12.1059288381888,11.6033594086041,12.598523289738,8.59020767939327,12.0483556925591,10.8107165653157,12.2724813245032,8.01132519636688,11.53389907639,10.2701742213091,7.98755557419972,10.9870082756998,11.7649049223805,11.0424346005791,11.8262316730841,11.866011454688,11.9549513997632,11.9913560169558,11.3732249995944,12.682550322882,11.5025768483654,10.9086617507035,10.8515995170424,10.3046370508775,11.7895749214444,10.5398906751805,11.9663538238474,11.0695314573287,9.82846131560054,11.5220167975201,11.6320157059755,11.7728718767542,11.0489993858689,11.2622127865078,11.1194118300409,11.5441494603593,12.2924133557304,11.7499106340616,12.2595814805591,10.4715448908815,12.0588992044257,12.7671598776633,11.9058163368357,8.13180590304988,12.1899890014211,11.6897361324537,11.213130612634,0.0,11.150322174687417
4373,GARS1,8.57550548673028,9.08675229831523,8.58024876829381,9.16038515448087,9.9408928461583,8.77786594130442,10.4566348711557,9.30419610876601,8.14774665829179,8.14014704893624,8.47087303368108,9.93003945940765,8.85398870882715,9.68133598424321,9.83094798107262,9.64112782058992,9.69100301745412,,9.57966118630043,8.63405333358407,9.83640776310368,7.24593022949619,9.25268541460552,8.87916394547778,5.82730671901997,9.01078339675065,9.15036218670932,7.86385411130282,9.52986345194312,9.32579341988752,8.84735596498967,9.88844786503961,8.36893082423975,9.79987354547674,9.06183714555088,8.68292776998223,7.77014506377759,8.05800088524415,9.72516503605721,8.70397847276073,9.82532305390987,8.5624332890412,6.89312635512201,9.13938605139775,9.55510174778712,9.87415151519415,8.43645199831048,8.6446822454861,8.61412113937128,8.99054655078967,9.49860555398968,9.76315921898909,10.8310008295617,8.2597011970873,9.8110813977487,10.3862196775469,9.94800402629377,7.60806711335058,9.46460037764639,10.0782360538141,8.52035204819023,0.016666666666666666,8.890962192326208
507,GARS1,10.5947909424941,11.1754341305989,10.6804375602154,8.75182133794315,12.3827667488104,10.0977868996848,12.6410496564159,11.6807929086069,9.98179811829935,9.81084858560783,10.4367980075058,12.3459050401828,11.1135656897528,12.1759901999937,11.9417531923824,11.8094025376732,11.4593753935491,10.2322652428203,12.2616189728396,10.4301583650398,12.4828063039187,,11.3983743673876,11.5369455550109,,11.244524185084,10.9894674007422,8.15416911887441,11.6695473680819,11.9247773275914,10.9939067846487,12.2538202003818,10.7062671709107,12.3658949135449,11.1621557447669,11.1049772092503,9.64556173776396,9.13127312185272,11.9795486675264,10.4572876543011,11.8213831251266,10.4307186403019,7.88619978702226,11.5890755422068,12.3426818588402,12.3610512020955,10.4727887801187,9.82449147824493,10.4878712125269,11.2847389533383,11.8234516420187,12.2989130989896,13.5602128718409,9.06894738938115,11.6930199431117,13.1950122514476,12.5522007099228,,11.5285134081703,12.0357015380165,10.3037717836614,0.05,10.986579631654196
8393,GLS,,7.10086849609449,,8.13481946110543,8.66564386147259,7.86515726935887,8.83686983601359,9.84568146129394,,6.317241063969,,,8.66251374048631,7.96136620729116,8.61977300468532,8.44108291392632,9.21696692948887,,7.7119366278472,6.50397909704829,8.48408182387189,,8.23423241613176,7.96413838214507,,7.27653215804166,7.30268216354762,,7.45264251421247,7.75254825916795,6.80606074279511,8.43546709498727,,10.1117592198304,7.31368814986236,,,,7.77836807554213,,8.88283794379601,7.26390877537603,,8.12957653567897,6.86333902073717,8.41960869435841,7.34366476147427,,6.99634887305489,,9.54252732275137,8.66197152097207,8.62834514008057,,7.83304413072338,9.47947306236159,8.84181361108709,,8.20176486477308,9.72828700611894,6.18551873530563,0.3,7.909258859741082
5465,GLS,8.55820977288415,8.62090473544133,8.24971884970459,8.99296311716905,9.86569256129107,7.93964928971672,9.98491826501856,10.4487809912114,7.4593761177398,7.58651797909469,8.11554212936482,9.98451575679292,9.90378753618543,9.76578456454329,9.29805375048775,9.25073801659062,10.1978389563781,,9.29553823605741,7.69885458605583,9.51882610987921,,9.68868280015672,8.38482548969708,,9.07292459457544,8.82340174170998,5.48880123091166,9.27293200641772,9.13370847909511,8.50284784257548,10.000940714501,7.87046345144424,10.5417967528989,8.84174187028298,8.20214337579164,7.51490198924806,7.48749237831753,9.17277063876901,8.02992117654499,9.35624771932214,9.05066260159601,6.29311472322907,9.38081073515856,8.96341433144453,9.71490448274703,8.29072377630889,8.04044300785519,7.56711150495633,8.4508128847911,10.0305536551796,10.1730947869903,9.64390775024282,6.66772609008213,9.58597879733914,10.1872263039085,9.96654423821196,,9.33571778546921,10.2455067744046,7.40442151429299,0.06666666666666667,8.712699793190472
3627,GLYR1,8.702938780396,9.46875958764086,8.79184511454599,7.98365538046442,8.80642676269746,8.62735166415956,10.3074813963711,9.5872346339727,6.98513966700439,8.47408448957053,8.4393480291722,9.35133488556797,9.33690790714651,9.43389163820144,8.46614734803152,8.97590020953862,8.51309587736,,9.53922917126454,,8.62422761947966,,8.93114172682898,,,8.82670935217287,8.73909339381551,7.16344589520222,9.43675566674021,8.83960326784448,9.43964197432027,10.2832138550472,8.5946471204369,9.30973064216496,8.99135585743717,8.61637849118295,7.73081913422412,,9.04225000076673,6.61717507397942,8.29123209446833,7.88564126138103,6.85076838999563,8.87738091184572,9.35050009065507,9.6323991960957,8.28092012778331,7.90728528067199,7.65938936777279,8.14351847815929,8.41953868048456,8.76517715204682,9.69606425911922,,9.21137032567871,9.23157484251745,9.24736965417142,,8.68552302392227,8.86847729472072,8.5136270157501,0.13333333333333333,8.5646247851873
6259,GLYR1,8.68875645623477,9.59062046836824,,,,,10.3975887796427,8.96656550801798,,,,,9.23757195346312,9.23709572075464,,,,,9.7070231694264,,,,9.38554958918338,,,9.41400245188571,,,10.0264598185393,9.59700047169074,9.15838031043044,10.5584702103689,8.90110878311729,9.13268835702536,9.23898077446157,,,,,,,,,,9.59021915114418,,8.64504578906397,,,,,9.11226541891845,9.67359400134299,,9.10412070753439,,9.88609204759811,,9.16475267456997,,8.68145580445938,0.6166666666666667,9.04263827615308
9247,GNAI2,,,,,,,,,,,,,,,,,,,,,,,,8.01548373386446,,,,,,,,,,,,8.12606671925326,,,,,,,,,,,,,,,,,,,,,,,,,,0.9666666666666667,5.702739039928129
4119,GNAI2,11.1410577491632,11.8088760546842,10.8135511570261,10.5522771778136,11.6307760534219,10.1012808135248,11.8802357647085,12.2908444680345,8.99122058633405,10.4951754326342,10.7327030654593,11.4553549302473,11.4838054202692,11.9513612438402,10.8876904785331,11.2240008185264,11.7370688504652,6.82436008096291,12.0487344984009,10.2239483227376,11.2176779013586,5.84312177836528,10.9830612094727,9.62513658399841,5.82213582217602,10.8154211672362,10.8189148546257,9.16083170464784,11.1920236970107,10.9226557105268,11.4594311615237,11.7386732622414,10.7550388185125,12.0412148656834,11.0381514381174,10.4084756026604,9.80210865966643,9.45157185367871,11.6133523652433,8.9139017604502,11.1843871599324,10.5022879826015,8.79845696383036,11.0370050359516,11.3918503189124,11.5072590510411,10.3722504085735,9.7959711627907,9.76381324818783,11.0272399385386,11.5337869713918,11.201833687743,11.8115158097121,8.12447392986075,11.425637165945,12.2399621663284,11.4941495643977,5.89303938717951,11.0574260101702,11.4392451440477,10.5306895214692,0.0,10.375220427269262
9154,GNAO1,,,,,,,7.02173679280275,6.8625120925582,,,,9.68985691219926,6.96415086791571,7.98523846731785,,,6.65571050575699,,,,,,,,,,,,,,,,,6.70324509627405,,,,,,,,,,,,,,,,,,,,,,5.9588901878423,,,,,,0.8666666666666667,6.523111954370419
4139,GNAO1,9.00577921792434,9.69094130295559,8.53794071197412,9.03726752218109,9.34400428691997,8.15853959766979,9.3826047352733,9.8400132422634,7.95542719087102,7.32612948590291,8.6288786437785,11.4150076687413,10.3416629664001,10.8547735129197,9.07120867937046,9.22496828622711,10.2056858905269,,8.92504376148017,,7.26191204037531,,8.22249738870836,9.02947654928167,,8.82012901171992,8.03643924113647,,9.16079954982509,9.8190666559485,9.19699127509729,8.6785872139916,8.33655556482011,9.14581915323989,9.68202948970079,9.13911224459719,7.90372783975499,,8.93030869627369,,9.5944820605663,7.54836980663613,,8.86039030856291,9.01792351599336,9.08818501353337,9.24658939824066,8.87204634273635,,7.67828355741647,10.6322260176193,8.10957958711311,9.01793220828546,,9.01669431562177,10.214088490378,9.69134928651342,,8.93021361685349,8.55333327085942,7.79565523862897,0.18333333333333332,8.827084495376363
8571,GNAS,7.79830836497664,7.52513032439531,,,7.56646543788484,,7.60053762179301,8.45516198110443,,,,,7.64462294935911,8.15732757950125,,6.80508226921689,7.95078472852357,,8.11025406658753,,7.98759350692746,,7.06544654977731,,,7.20880918208631,,,7.19309079581754,6.87209711066989,,,,8.04356112593761,7.26185827072768,,,,,,,,,6.78254062321135,,7.43969698147467,6.78843349615133,,,,,6.89993780172326,8.18148953382116,,6.54149309232017,8.09959469760572,7.65832814241338,,7.1620926691144,8.13054441419074,,0.5666666666666667,7.248097837740836
8570,GNAS,8.01373814514245,8.57195682686086,7.85718633433449,7.14524873851125,7.81514249118456,6.63093575695272,8.16519242683143,8.67800522076642,,6.92513408111307,,,7.68084092597354,8.29731080129194,,7.09540061542314,8.38545726787045,,7.70745586045416,,8.12468311891327,,,,,,,,7.73234361832134,6.68301849464676,7.62309202830455,7.8907538172341,,8.83342778885395,8.16854733047306,7.17649423635919,,,8.29056224313407,,,,,7.44202144332658,7.05375344492916,7.53192351711801,,,,,7.97559322669336,7.89070275408502,8.54559282189431,,8.16676238029798,7.70894427291764,7.27679562023283,,7.7655631435257,8.02330939439265,7.19585481599132,0.43333333333333335,7.556809719787035
4093,GNAS,10.6924161777688,11.4246972856741,10.2786123580182,9.80165531345994,10.7967415152392,9.43780570938257,10.8182620622617,12.1586437399301,8.44758816346464,9.98230314632599,10.1023610316252,10.6762251693938,11.6965786060406,11.4165798021978,10.2045479852561,10.4696232021189,11.3998328594701,7.06783096532373,10.8844962989374,8.97558017503824,10.2696152496284,5.54322348067311,10.3149005337632,9.0521160174515,4.86894955814022,10.3829510034917,9.56185270031538,7.8382811119529,10.3526004182887,10.1681146321377,10.9142762701724,10.6383432140189,9.85597146394633,11.9311437275546,10.4341342746358,9.60600058209113,9.30298694248027,8.21036926145603,10.5774774040918,8.07071962481463,10.5295693183269,9.85853525383502,7.89988133387792,10.2749589485032,10.3916131836882,10.7260420532066,8.96080670755552,9.46702590933359,8.58155906362803,9.89179436745489,11.0490872033757,10.1759174469479,10.900040730524,7.43918988211246,11.1902327392995,11.0909751571384,10.7293592823452,4.85843913637984,10.4030960137031,10.3607907814239,9.90632200788199,0.0,9.649495563619753
8829,GSN,,,,,,,8.94038133206868,8.51811371457955,,,,8.98671784792833,,8.26440359478776,8.43728983940152,8.90551972811982,8.10010125617444,,8.46505739512811,,,,,,,,,,,,,7.64721099761159,,8.2962531350844,,,,,7.95630331800191,,,,,,,,,,,,,,8.09650237663366,,,8.2573906437765,,,,8.83377487546214,,0.7666666666666667,7.898112448095005
1050,GSN,10.6759921095394,10.7783186466887,11.0207229109541,11.8445314653943,11.4758134277695,10.8909276103258,11.2773206545538,12.1404520484391,11.0570344266328,10.8906693322451,10.3460641516096,11.0893842428005,11.1836292987009,11.0568695280627,10.9767200340697,11.5502159947487,11.4302048621663,8.54133326582955,10.594521603128,10.771412462827,11.2699034364446,10.4804042119989,10.3937810436386,9.68090485254741,10.7565422895762,10.979386785878,11.0982015397456,10.366200564874,10.9465708874252,10.6843283355098,10.7729103886686,10.2855825051475,10.3203416409692,11.8246194901192,10.9452782054598,10.3459161404575,10.0532030065385,11.7245933617939,10.7960583008068,11.2794205737251,11.6088919459473,10.9801715514532,11.2666075823432,11.0397023777198,10.7141254603584,11.0941584484993,10.4084542613019,10.5064954498861,11.2856452088147,11.2374732211951,11.5231153523336,10.9331751964605,10.6004345930219,11.9237559706085,11.5336430749549,11.8288666899119,11.3322858292749,10.4984348337221,11.6326963939885,11.6538724459316,9.81286139585237,0.0,10.775986242817218
5132,HCFC1,6.99714846735067,7.28136781175606,7.40700772006469,6.20393154941113,7.98630811515219,,8.93858258109765,6.97025453041566,,,6.81236834520252,7.75159812688821,8.12986643700651,7.52843417374898,7.73753962170195,6.8458599788732,7.2845362036496,,7.9384174050057,,7.99160873535852,,6.71912517764091,8.49787917453732,,6.90651519887645,7.795713758362,,8.39083961876976,7.53890983479006,7.23381419965563,9.06649864598467,6.34532346098464,7.2762573767897,7.70566937850318,7.74721218216854,,,8.03235068046287,,6.39171149162416,6.99768063170401,,7.37429835304146,6.99432763729665,7.15650831657239,,,,7.30928387261029,6.07059466321411,7.12391231122534,8.6819735178615,,8.48376985669376,7.84186942482849,6.70213598788327,,7.05385980740434,,6.30948446557966,0.3,7.275702333962738
366,HCFC1,8.32265192569931,9.08097549672308,8.19787451304985,7.87258504960146,8.81255156327369,8.13561115269251,9.57060270968005,8.97789128292781,6.92796207887375,8.04426380281826,8.19651749406267,9.05945145920277,8.77434896894406,8.89773870172095,8.48978320892516,8.73002412991574,8.23053965375824,,8.90141720718047,7.85093521492035,8.73880132208023,,8.73699827310706,8.13618957898142,,8.65912324088809,8.47087715039362,6.85712174202242,9.09640238721497,8.80364106395911,8.65001040063923,10.19921754137,8.16311148369502,8.83250350482234,8.64143730436739,8.15667559493375,7.92876097814898,7.07967309512685,8.94618442467679,6.40609527417936,8.50593592244037,8.06323825426483,,9.0933861913494,8.88643837335444,9.04750416359098,8.23356334945825,7.80792868375244,7.59440424157079,8.22136057159223,8.19584281353006,8.69226766825478,9.26145530309637,,9.00285575961664,8.81329097189071,8.84204231747583,,8.36881671726768,8.50232025286228,8.12174722912981,0.1,8.3019690333341
3897,HECTD4,7.26698363460716,8.08563902836818,7.191001677591,8.04583338430568,,8.04270230089777,7.87087160956593,7.90511231614921,,,,7.98844579246961,6.67804249327247,7.88529049079462,,7.68445782451388,7.41181419617304,,7.46174969923672,,,,8.07935676262867,,,7.31318944278845,,,7.53137024396312,7.14722807480418,7.82257539734995,7.78813438099435,7.43962822707548,7.97362296571836,7.02341311760502,,7.39742236239438,,8.04069343402381,,7.79658664074714,,,7.44101458387665,7.31453724784212,8.0608875012385,,,7.47037499376159,6.64373079853808,7.6395741507592,6.78578013019576,,,8.99435112688102,7.69447076030496,7.21008751797406,,7.33334679683417,7.50176028218977,7.30003827265904,0.38333333333333336,7.404670246311033
2033,HECTD4,,8.76331117530058,,,,8.38175019529315,8.95064048779303,8.62550300001836,,7.96434356206268,8.82617966369975,9.50322741845835,8.34509582133376,8.99387054814544,9.11923849737937,8.43830588410839,,,8.83659370269515,,,,8.58401423297407,,,,,,,8.67113450370861,8.55912789643278,8.57584897321756,,8.77256277588907,9.09880131483746,,,,8.62468685540079,,,,,,,7.95093926786099,,,,,8.44361191559847,,,,,8.72992940641281,8.60709347997295,,,,7.90342045772297,0.6,8.31476924145266
8744,HLA-A,,,,,,,,,,,,8.95663921991762,,9.25107546427497,,,,,,,,,,,,,,,,,,,,,8.4745484504155,,,,,,9.04958743438986,,,,,,,,,,,,,,,,,,,,,0.9333333333333333,7.333036780466257
4412,HLA-A,10.2549218241519,10.5446623347318,9.83717091342395,9.50039645172443,11.314328661103,9.97638610283434,11.5943608808964,10.3403928382083,8.99839380178329,10.1848727992745,9.9845925059527,11.2354168788233,10.092867523901,11.4325729664205,10.9051306966142,10.708154385718,10.4138555071064,7.9320514267109,12.133279902278,10.5677431943048,11.3828325993781,6.31834025635645,10.6361840444605,10.4521610716632,6.5787568598853,10.6008805610072,11.0045076643929,9.50800128680709,11.122463538165,10.4949143591703,10.2194698805201,11.8835551967674,9.88294528300998,10.0660243714188,10.7012143979786,9.84810195987825,10.1297435370421,9.49660106732733,10.9085055823188,9.07822221318935,10.8610675025161,10.4776537304305,8.56727177999402,10.995173933376,11.1255397106472,11.0165348502992,10.9352158430474,9.79658474213277,9.71829054603641,10.643081252191,10.6594971709611,11.5701605577516,11.0297642127399,7.92908705727898,11.6878819183899,12.0372269101801,11.087309191674,5.57974230372141,10.4358579964076,10.839877715309,9.95933560900044,0.0,10.081347705518542
9466,HMCN1,,,,,,,,5.5725833468653,,,,,,,,,,,,,,,,,,,,,,,,,,7.9777424124044,,,,,,,,,,,,,,,,,,,,,,5.12840772155356,,,,,,0.95,4.907183370205815
1331,HMCN1,,,7.71361054379756,8.45810707337319,7.60568017323657,7.150362265855,7.79395605403535,9.2555997258048,7.96729810493044,,,,7.74908149634513,7.91703002858787,8.45353351137359,7.58157650475319,9.30903648653216,,8.08950091195819,,7.95178986095634,,7.72599085609985,7.88942430367491,,8.16474598712503,8.05297353865102,,7.90952956276111,8.3389589056868,,7.58366034084077,7.68339586434019,11.8500340844415,8.07541001711238,,,,,7.92695523215029,8.28244036747938,7.77805861471683,,8.13609386841851,7.84127183035201,8.55324691821478,,8.10752602235658,7.64625599082475,,9.81560408077415,7.83779254198544,8.25687473756189,,7.88509629794009,9.58984550774235,8.20293487016488,,8.11634130309803,8.2249566399002,,0.3333333333333333,8.01963205754357
533,HNRNPA3,,8.87918484615741,,7.85855054337113,8.81301167594407,6.94844411011747,9.9738330898493,9.87622049716813,8.04524611338589,9.38341371834566,9.47961982823207,9.83403857376969,9.50063028187178,9.33375599769696,8.79830401578471,8.50847046031729,9.52136590092084,,9.4001546556689,7.9839700910584,9.73028681817592,,7.8208129839015,8.04110001673548,,8.61854414963295,8.82010293212676,7.41899493050641,9.08756968476121,8.97526387347696,9.44893001266172,10.8752765617618,9.70323036578463,10.1695430015776,8.83141739614949,9.36448168854633,9.04427326177535,,9.5365844496398,7.0724712584352,8.66231094398795,,,8.75131998185094,,9.20836023691736,8.25938963041819,8.43328529941337,7.50314493743994,8.47237706236595,8.4424840387572,8.89830467410358,10.4997307103114,,10.3175521102847,9.67502824479682,8.71839207749021,,8.42770445183964,8.7775870139994,8.42610178933034,0.16666666666666666,8.751702699123186
6894,HNRNPA3,9.7282470121259,10.6140091930027,9.65200972970156,9.739362487322,10.8422808889215,9.43278256212238,11.2720742981411,10.679771591321,8.31221284307192,9.41740235785218,9.56706904555187,10.6941771104944,10.3522679289576,10.5963053533222,10.3021925190237,10.4992282428861,9.99996066447352,,10.8083602700853,8.38764883363976,10.4744740114129,5.44684567039593,10.45644383049,8.32426900772575,,10.1687643365322,9.99614876081053,7.63862713654185,10.5674445658987,10.3052411055146,10.2592686496296,11.5865231917654,9.72500702882791,10.5716827391966,10.3269678556268,9.56661662274256,8.7879104739207,8.5639857215037,10.7611815034654,7.4226702961065,10.4715375652014,8.96144717338144,7.77725321380625,10.3623799085647,10.5489151177574,10.9506565279315,9.78519850082469,9.16306471441138,8.57595803405787,9.35375397036821,9.5235314025046,10.1645612455093,11.4305184339323,6.7832294409003,10.7278864639743,10.8823775188269,10.7588010854841,6.13447206059967,9.90895240297697,10.4098096331836,9.57261998070654,0.03333333333333333,9.566092307732802
8450,HNRNPD,6.51197363924198,6.92589904422295,,6.95902800609418,7.21134149666873,6.07076970289012,7.15122712168197,7.4130522998004,,6.35789897383241,,6.77501641273109,7.11870544620959,6.46127443999038,6.58206063261791,6.55805238611831,5.99435967185584,,6.7395411011029,,7.46859280735392,,,7.58411738423878,,7.16445806132479,6.74044859702686,,6.85069145910039,7.2264675411582,7.17633961179469,8.1297987184618,6.97011388575382,6.98857944755815,6.90228321668582,6.8371021200774,,,6.37278409810423,,6.74577224789779,6.48572570562581,,7.02302641922473,7.08482712803493,7.03650481693099,6.16747595338723,,5.77284943117726,6.54737718307612,,7.37742258402838,7.63851608222554,,7.25624537284966,6.65073096827365,6.75805388769544,,6.20914046535808,7.12517634206675,6.92838574090451,0.2833333333333333,6.723194712421496
6183,HNRNPD,9.6066672909498,10.5216248507674,9.47537942936528,9.80397335078327,10.6801352931619,9.57180832505424,11.3146443548337,10.3074318498581,8.48859938182285,9.41149400676748,9.36290754096273,10.5472289089876,9.97964020443522,10.3169357579044,10.2256846742956,10.3326775201038,9.91262381730211,6.74256149284827,10.7567256910826,8.92353806747949,10.3496559980854,5.33821930451224,10.2257410756838,9.23215913780534,5.0144793624166,9.98748477644599,10.1307021166491,8.07599487661371,10.6213405115261,10.2021859808663,10.1327219414667,11.6707210371721,9.52877083796615,10.6142762494961,10.0565117498598,9.5296714305272,8.87874603566045,8.51209161181684,10.7253379880429,7.48061774886405,10.4023189014035,9.20849287550103,7.74773375629385,10.3280882613899,10.4861398609311,10.8853920494499,9.61930600243182,8.92026732138203,8.28532380651893,9.58217110459583,9.49207674273715,10.269003780711,11.4847862828548,7.56391848238315,10.6399985322557,10.9220020722055,10.5677966924788,5.37556855962453,9.74279027582558,10.4357750906274,9.60626837801004,0.0,9.41882398555581
5495,HNRNPDL,8.81642481312619,10.0951178728704,8.80192622372919,9.39756401428942,9.97131803625983,8.71243299892911,10.5841474692843,10.3127401282511,7.97467150786981,8.36013713198033,8.66058825578945,10.1934115838961,9.59829730030128,10.0434103954114,10.049402659116,9.66321567649772,9.78548867834976,7.93766376212602,9.91821108903068,8.27276192643441,9.41344651221087,,9.83645936658175,7.83897010374421,,9.31556796345057,9.34182398280126,,9.84942696128025,9.66294594581649,9.21880501796457,10.8546340478013,8.7738417576542,10.281434256952,9.87269946556645,8.41321959091209,7.97338149676159,7.90802965139979,10.3021842744012,7.18927315159505,9.79435403417198,8.27486456385504,6.92120392878879,9.60019122498914,9.43499258847963,10.2917554346462,8.93992787493351,8.56107949143844,7.83284586150759,8.64757514276373,8.91059453093325,9.41379450180091,10.7247551637909,,9.76994075009687,10.2958434222816,10.2365138077388,,9.04041645719794,9.87444959747346,8.50923063947099,0.08333333333333333,9.098862725125036
650,HNRNPDL,9.77934204621403,10.0941500495835,8.83482881920824,10.8225353913536,12.1579380996517,9.55938294969907,12.3819172172917,11.7428372022913,10.1674465892605,8.91428302768249,8.91794337146217,9.88592528713261,11.1447524474126,11.1204115148482,9.1496098259792,11.4954041156657,11.9995065271962,8.18796630488631,10.3931533555891,10.1885705802352,12.0839636095655,,11.2853984024254,11.9637345376767,,10.7268361685319,10.7655842075207,8.41638745402628,10.7964697449797,11.3333074869518,8.50953071989386,12.9867852877721,8.06907717447708,12.2177327969179,10.5257350765849,11.1317731225161,8.8460767152383,9.64221413474742,11.9820088247706,9.1181073022023,11.5009439586418,9.9697936549007,,12.3257316972861,9.84328202786156,11.2325214882107,10.2862666490939,10.3382972166994,9.80228557371393,10.3282357509704,10.5263865059816,11.4206329588338,11.7902487007784,,10.5576600061303,12.4663073358554,11.5820229597168,,10.8358666028788,10.249515611514,8.18311873349112,0.08333333333333333,10.37288814659143
9546,HYCC1,,7.60514604054938,,,7.74402447205108,,7.32978467021275,8.4932897571679,,,,,8.08581612913625,7.98709294512239,8.32036803409828,,8.61405797731078,,7.93636203745442,,6.57552520284196,,7.11982736287024,,,,7.50557922683189,,,7.88197191576213,8.38526761802895,8.07601300891111,,8.70834970887457,8.04981407643933,,,,7.54669092687687,,,,,,7.32382403511791,7.72243694595623,,,,,7.98358163941155,6.93829010124314,7.68388997281613,,7.76623934903916,7.42251795658956,,,,,,0.5833333333333334,7.514965170924896
3601,HYCC1,8.04609118027984,8.16592786074993,7.64148364956941,8.10187690133794,8.79069919625736,7.69011699169865,9.05936114208825,9.62899603087515,,6.76981122334072,7.60153622209125,8.33167880825888,9.1986049692273,8.73681065047234,8.26332441439591,8.49902786522931,9.05972611969361,,7.94236858771575,6.85491990945071,8.14504103738699,,8.46725969755108,5.64906785071572,,8.36552899706373,8.00259097925293,,8.04449943947657,8.38759520806837,7.09496763447371,8.55555420797732,,9.40807393837169,8.62462134923234,7.66418352413712,7.14378854994502,7.18050117494081,8.61536804704276,7.48309604406766,8.52070393744517,7.70916536341397,,8.51212414964351,6.23908936010518,9.02344447841749,7.79219910935411,7.17276480855732,7.11112495323054,7.98672601771901,8.93594243864365,8.46498363986316,9.12753269586927,,8.46397229194232,8.94678888519144,8.82900469289542,,8.75131550421412,8.69648847581538,6.81771025151939,0.15,7.969597870692245
3270,IKBIP,8.73775015066504,9.69979875771607,8.62395460872527,8.85767413972389,9.35941821354015,8.86764606719032,10.0203364247911,8.7167929185193,8.36832742764955,8.74258821606787,8.65378760979924,9.05938260378308,8.63075997215829,9.5894591801379,10.0356764799588,9.69903077112812,9.7389653931233,6.97450792741597,11.216071064607,8.93350091027034,10.2215507970747,,9.37326826390534,8.70777921763636,,9.60817097482778,9.48632999245893,7.64320377482811,9.39132317157066,9.25220328444395,8.89080174462348,9.38822064675636,9.23673372113248,9.31036112193013,9.82035496467292,8.5882389363756,8.77788829355535,8.58057165875626,10.1775305613155,8.53149518910583,9.2701556436695,9.53670708755712,6.53970249113414,9.8371215725116,9.79950919187483,10.0639924714543,8.95980600862433,8.83904849285735,8.97951322205288,9.555037232332,9.52847742278024,10.0245573854844,11.1679919249857,,9.36651561005692,10.860835180567,10.0736627928405,,9.32110588999817,10.3929148626616,8.637284646595,0.06666666666666667,9.115689663122449
6014,IKBIP,8.67275275031261,9.71429666390577,8.71196841009899,9.19185158165093,9.24203265684694,8.3470817761035,10.0909168905591,8.67281335670208,8.44662351106694,8.77566077699444,8.81766317883285,9.08280503392697,8.40514131790746,9.64497720153574,10.0096454498308,9.77507878070736,9.49900270401907,8.9636375477151,11.3393960646427,8.89823652819293,10.1222502466415,,9.38566738055973,8.49303285267619,,9.71425083944265,9.49274474698369,,9.30650653298665,9.15245455861144,8.84970407482033,9.37357277237144,9.22821721772494,9.20022587535779,9.73608778406238,8.6664265778141,8.97640026741825,8.56327565444358,10.0777438394065,8.30920547760495,9.32952268301943,9.56499216290291,7.21461807794687,9.80656697714266,9.71936010625058,10.1450697548924,9.17843216141804,8.6418568389146,9.32355041969323,9.64541564682971,9.46497330981228,10.0991708590328,11.4149552576427,7.77222345357362,9.34084965210167,10.9096982028573,10.0292999943788,,9.24289778844728,10.4112540237016,8.47022357040184,0.06666666666666667,9.159091118206891
9308,IMMT,,7.81618622772032,,,,,,8.19787367770689,,,,,8.33369771695772,7.98271679400413,,,,,,,,,,,,,,,,,,8.54056308944889,,,,,,,,,,,,,8.23685233073288,,,,,,,,,,8.18300513363723,,,,,,,0.8833333333333333,7.271778537942674
1507,IMMT,9.64400144355089,10.3354144017276,8.76465163172358,7.94447179266556,9.13675944404672,9.10114885340563,9.92841683566522,10.0947990476531,7.48180126189924,9.10531157525064,9.32366220820445,9.95195307101394,10.085891986809,10.203530337823,8.70455648433128,8.6922563893101,9.23299121078774,6.45288591666556,10.0644921117855,8.48785536654877,8.86508667518313,,9.22953586088089,8.36644602418054,,8.99701653091908,8.52669840644278,7.47573605420699,9.49931724290894,9.15021466350836,9.99308758434884,10.0500670710804,9.50926042676756,9.84830948802649,9.73113577622006,8.49725016074547,8.48867858994164,7.67500174771842,9.52639230274086,7.53901860469436,8.31208311861336,8.95700756768004,7.57636439788702,9.03361494412467,9.59198696266919,9.35626323422573,8.78398668406361,8.71620315706417,7.87273776644553,9.36675347488918,9.4212237037628,9.5926390174597,9.60510201613973,5.89890340762902,9.67150368437003,9.7467112127724,9.684920572478,,8.97810237972074,9.76082209903934,9.63274701547337,0.05,8.856392750936878
2426,IRAG1,9.31771732069253,8.48267569029423,8.71994838054579,8.3542271544328,8.57250498561826,8.48453443907389,8.47023092290459,11.4609698844623,7.30321824073522,7.30380112592051,8.63360805652941,7.84401328997943,10.9552067167482,9.66788205771123,8.92023808535762,9.23554429871937,10.6669545025196,,9.09042884557292,7.06291532942003,8.75631889951507,,8.58960899750996,7.97533789026841,,8.34095090676842,8.36538534754373,6.82708438926687,8.30582777354992,9.34549694469142,9.71272423930995,8.65736057427245,7.18241087113516,11.1192535256255,9.78182297723519,8.71427946047295,7.70081263789635,7.15171166365486,8.70677278169705,7.43446441235003,8.95434594033244,8.2213072628761,6.2782632654305,9.23206553415228,8.70457181240646,8.86246123473624,7.65988702271082,8.88447374460254,7.7039587423116,8.16668254116731,10.5234771926398,7.7782693398486,8.40922019484804,,8.35143787764867,9.3998914284548,9.12880533247627,,9.47529441525641,8.78114766818683,7.44463673235855,0.08333333333333333,8.463215302055113
317,IRAG1,,,,,,,,10.6679615945881,,,,,9.94751422198941,,,,9.50994733316218,,,,,,,,,,,,,,9.19186731037264,,,10.3372723553613,9.04680653468652,,,,,,,,,,,,,,,,9.82362638216309,,,,,,,,8.51010819957969,,,0.8666666666666667,8.655752288729953
1446,IRF2BP2,,7.82563424992579,,,7.6886143513087,,7.29405889653148,7.64630797033987,,,,7.74138390308272,,7.16097207966034,7.77831998015054,7.33631524536972,,,6.22967173329208,,,,7.3176549920142,,,,6.6028989056296,,6.92715554400043,6.50649685566153,6.37090497491426,7.94546400563665,,7.02164885221979,6.52693162545529,,,,7.01070015088644,,,,,,,,,,,,,,,,7.00685940845517,6.26884492608949,,,6.88519774252926,,,0.65,6.80645619968879
54,IRF2BP2,7.81584684700387,8.61731119340395,7.90379033992228,8.25822255114178,8.55636539222577,8.09250440853413,8.99838921565095,8.74670820764847,,7.32712140645338,7.89543762574532,8.40259067791503,8.08370117628707,8.49604326667911,8.5633939347797,8.57015698431034,8.11410327081564,,8.36587185670008,,8.54025247337657,,8.23015173578007,6.84581692423311,,7.68143605197774,7.70609987932679,,8.33674341059666,8.08144110786873,8.17015018969781,8.96376505423398,6.85914944293385,8.84684447155001,7.96894958492174,7.28365373043383,,,8.14281741982458,,8.62522742417736,6.7126405018279,,8.35094783745244,8.16050415574485,8.35755783734183,6.34380911650843,7.58519593631554,,,7.72553780559786,7.76204111182647,8.73537616631583,,8.48967810533193,8.59868014533081,8.56140739159916,,8.160615355084,8.79154952475414,7.36524286833129,0.23333333333333334,7.940602714932802
8181,ITGA7,,7.60155228142578,,,,,,8.53337912001735,,7.20863828971662,,,,8.37297290713049,,,,,,,,,,,,,,,,,,7.06589001363288,,7.60222114933295,,,,,,,,,,,,,,,,,,,,,,,,,,,7.79843072047447,0.8833333333333333,6.883302226882984
1726,ITGA7,11.2819060720128,11.380070164633,9.86438446638932,9.57764906532286,8.48607526910015,9.88038626615899,8.4038613826793,12.1766638770452,6.79639453227036,10.6843011842831,10.5269018822704,9.1325579685185,12.0554182302338,11.2288877284758,8.39317606207282,9.12245912205552,10.7118951139655,5.26088708513598,9.56496587631323,,7.29002478890585,,8.31377202007444,7.34855162555565,,8.86681923679464,7.83132679325389,,8.9284290546536,9.83000050609203,10.8683762523935,9.59840133193231,9.33736808407056,11.3802818867879,10.5809964394139,9.24805327543207,9.07726680186755,,9.68992020398124,,8.76861562834909,7.5625147163231,,9.60957440027303,8.48511469548214,8.86307135253314,7.20692653617468,9.57358519598719,5.29931896887878,9.87736855468803,10.8450774430058,8.38248063414876,9.13245962643049,,9.70469517224144,9.24370147962915,8.37151662667583,,9.33973321756281,7.95309278469833,10.5943184916984,0.15,9.046147867363715
6698,ITGB4,,8.0095337423336,6.57009028459639,,7.80118772897517,,8.76587206278083,,,,,8.85003964563983,,9.66884369951846,,,,,,,,,,7.6096601665734,,,8.03144405290621,,7.39067090367161,,,7.28739280385111,,,7.12641426246426,8.69272770264805,,,7.10246207297431,,6.88369906930144,,,,,,,7.29629029346587,,,,,6.67530974565422,,,,,,,,,0.7333333333333333,7.323233621805183
3670,ITGB4,9.3608380915219,10.7124241824558,9.42931491346456,7.85069091197194,9.31918001038772,8.44312058620667,10.3144775337202,8.39299674009111,,8.83834406164291,8.76454461498175,11.3003069375592,8.63588328423931,11.5608968168834,8.16386779269604,8.95287429401121,6.68003660816085,,7.94672905739753,,6.99363778799661,,9.16812137543735,9.36934522958406,,9.09360576823138,8.22389518804173,,9.70328116252257,8.78646492017287,9.67315861489242,9.17280922301524,8.98192978612713,8.92323247564325,9.38116016797411,9.57375472262446,8.61846778200806,,9.01741373676524,,8.5754122905734,8.40470837163397,,8.8977767258626,8.08997152712594,9.12381375693448,7.36255100757808,9.32457898363194,,8.30190024405301,,8.54017689623695,8.66016197906659,,9.52063234811059,7.17573451634573,9.03829661283435,,8.17534077829918,7.91239596028101,8.94403054169583,0.21666666666666667,8.671877406121604
8245,KALRN,,,,,,,,7.70311733867085,,,,,,,,,6.38972760520758,,6.43908571134798,,,,,,,,6.92608769204725,,,,,,,6.96419282253238,,,,,,,,6.6474020181957,7.41505368903324,6.55162334802209,,,,,8.65085122499104,,6.7296889667866,,,,,,,,,,,0.8333333333333334,6.477287613651639
2497,KALRN,7.95046570379984,8.19197925600816,8.08480375098862,7.80367897758164,8.19657071629393,7.788473518795,7.94048988490546,9.03517982130648,,7.46035174855527,,8.21836702124876,8.74493125614467,8.38415196447754,8.07181260117636,8.11182389136068,8.66109759238679,,8.20156102013657,,7.66410427799249,,8.14086050045297,,,7.6756702584816,8.39537326105437,7.22291147610251,8.44780135303999,8.04172304139854,7.93261174012576,8.32475848289,,8.91636723484946,7.98271322315432,8.45939332064901,7.09285252737472,7.68335539395378,7.75176266394765,8.20794725295762,7.6021364340375,8.22527456988099,7.82405460568192,8.51916086656311,7.96404665194509,7.93936441573572,7.99015867125904,8.02429347609081,8.36079490048872,8.15968789922662,8.66381675480243,,7.90906545676159,,7.98517101862799,8.18227885211871,8.26444387260415,,8.19440223921223,8.50865599860239,7.85670201918293,0.18333333333333332,7.94384642131892
9318,KANK2,,,,,,,,,,,,,,6.90353170130245,,,,,6.40222412577491,,,,,,,,,,,,,5.86297934469618,,6.3019977706442,7.27839005070868,,,,,,,,,,,,,,,,,,,,,,,,,,,0.9166666666666666,5.610964943298847
3126,KANK2,10.0353540347556,10.1377845970288,9.26550218954049,8.96540725398863,9.53819320864708,8.78242484631206,9.72387754346174,11.7217618037109,7.15474884390157,8.32722983699084,9.72062615313275,9.2606733450218,11.6997918659107,10.4951594374054,8.57934556906911,9.71359861919838,10.0071896161214,,9.56820182366604,,8.94763174077793,,9.71587249650037,7.95189552458998,,9.1100135863716,8.29615917807405,,9.36501256194824,10.0818269650474,10.386761501777,9.51661429892332,8.94392664953497,10.8479501564209,10.613390808598,9.40459536840886,8.19909521779316,,9.77216779120191,6.27812562896738,9.30931664737621,8.09921253170161,,9.87818202516296,8.98037173342284,9.6509191195808,7.14574495943674,9.2547978042552,6.68148973800637,8.58816249368073,10.0149973508832,8.70340141517227,9.82735006898571,6.43440482993053,9.6562878016726,9.32061236927778,9.72885783324598,,9.82058560922654,9.05996504335099,9.17584479402533,0.13333333333333333,9.048233840184349
4108,KDELR2,6.68221349887898,7.78051077321223,,,7.15951194122771,,8.64966828205806,6.84370218168624,,,,6.61929825074921,6.67074421494161,,6.38625156066737,7.30175545006239,7.00323425987893,,9.24169308873448,,,,,,,7.7463716917227,,,7.48714403605002,7.5559461664868,,7.55404309692376,,7.69137640127217,7.08101866016392,,,,7.88490165664648,,7.30336293436886,,,7.2129501008852,7.46188543482057,7.74765557447957,,,,,,7.19765691410906,8.65128126759424,,,7.70368700055529,7.21343493195509,,6.91953195731324,7.68205377001179,,0.55,7.225023985663464
4938,KDELR2,7.56876444822746,8.66020736543513,7.3779920519197,,7.85291023355436,,9.26472758998551,8.96688036409128,,6.91536465965683,8.44201119219976,8.73486779268371,7.64168593894186,8.00825277857859,8.35528272172287,8.24337366194997,7.84484778268873,,9.44338883255137,8.20860081473388,8.8599513989034,,8.33232901153466,,,8.32326697431651,7.91280091961828,,8.44619599288153,7.83061272707496,7.65676322490351,8.58065770914338,7.63474290661521,8.33503096953767,7.46537137886031,6.77499370609269,,,8.72978221047266,,7.84464287203315,7.54845685506862,,8.55728643891993,8.75694260535946,8.51126693691659,7.18835512931006,7.017731610557,7.41759295210577,7.48157634808956,8.20870485854701,8.67520548966566,9.4328143150503,,8.16891097832916,8.78114499973909,8.94048540893852,,7.93570497274765,,,0.26666666666666666,7.990586274415389
9705,KLC1,,,,,6.59092172059227,6.19053685376149,7.01893369068428,6.59874803502353,,,,,5.78528673326127,6.34580322997331,,,,,,,,,,,,,,,,,,5.93885271577141,,7.12847129849854,6.5153561888552,5.96351310722052,,,6.28467320558862,,,,,6.40250876304667,,,,,,5.43244600453325,6.71014049631967,,,,,6.87061801745758,,,,,,0.75,6.0329256287867254
3675,KLC1,8.77796401261926,9.3408106902353,8.69977359368104,8.54298895164053,9.38761667095778,8.38048427897308,9.96999103993857,9.73188986666553,7.66673131423076,8.19887611774215,8.69710631916854,10.0298544603922,9.80654140772763,9.96906924306319,9.40110677040134,9.50161391509606,9.89033097089668,,9.52903376481615,8.12406888183545,9.92305295413419,,9.04737885342795,9.38914107841799,,9.02886002369717,9.09524215389348,7.26449641017538,9.19753817968091,9.22994790101239,9.14176342006563,9.7342443320285,8.52799731256343,10.3038718437787,9.12524854708022,8.90101733004533,8.05276133841658,7.02592324102481,9.659447433585,7.54114696565735,9.17023752061569,8.56026927880079,6.8891727982322,9.38762018179717,9.2527460411866,9.55778005777698,8.55999527055319,8.54878348873152,8.10398519356267,9.03377381793501,9.71772615462082,9.31446760083056,9.85352147975938,7.12272136693584,9.32048894258901,10.0571052922372,9.62092380265162,,9.3808247863016,9.74358434881342,8.67878855729721,0.06666666666666667,8.85961667059723
2828,KNG1,9.12691415208049,9.84625811014226,10.1362398334955,11.8273517419964,10.9212655441183,11.8377240823959,10.5003099053249,10.4372393046144,11.4533748538492,9.05551334500331,9.00249408977432,9.82735335100806,8.29732356266282,8.43264429358504,10.2067676400162,11.0452710636768,9.30555757941987,9.32448154085307,7.0675215541665,10.5749434172441,8.98452374502727,11.1823001868242,9.38816060262551,8.38045601374356,11.2191130633179,9.85924152358408,10.5315509138448,7.79392857172206,9.62652799346509,9.98718432236603,8.36496011413927,8.47699133513794,8.34293345633759,8.9958584615565,9.05714064205808,9.11432779659882,9.29626036086573,12.5283792997653,9.57071196606108,11.3774004244557,11.9462803966144,9.72568377909439,11.9804551006162,10.4243089241044,8.85831335314833,9.61060168542413,9.70558624248987,9.4158309687088,11.2959426151168,11.3469394141537,8.99932433324876,8.70377695209327,10.2779043935072,10.553384211058,8.78239632673677,9.24571270714355,10.1242781764115,10.263352891625,11.0843509106465,10.674743877809,9.09606733932583,0.0,9.726111806654423
1668,KNG1,10.4187637283459,10.4441333121476,10.8581930441457,12.4777125307917,11.1128624975385,11.4152912538821,10.9398384155398,10.4167777436206,12.0447648070533,10.1388171274076,9.85236896835592,10.8523327550159,9.32398652424193,9.04466158533678,10.8693179435666,11.7071036486151,10.2907355176788,8.56074814703447,8.57414039941159,11.520617347645,10.3272369653305,11.973481858565,10.5253998700645,9.56482350707931,12.0179806494868,10.7529433476718,11.8191699849927,9.19782857466815,10.5358106288655,10.7243287131749,9.66456150472842,9.64495189078342,9.34672326644964,10.0115220152207,10.1644256275472,10.1340115116389,9.90454911178172,12.5784696559016,10.5821788810832,12.2398616118802,12.007848798883,10.9462490800624,12.3096692484963,10.9077235973728,10.5162528625176,10.9150897703586,10.3233456634013,10.8170201354437,12.0309765843057,11.8678238254366,9.96076124368203,9.99058635485239,10.900861926506,11.7292991923718,9.67112673027754,10.5089820642913,10.9972591590879,11.6492926470156,11.7650782645184,11.2934750607278,9.9768377810539,0.0,10.54492168420665
4656,LDB3,9.68391387089468,8.27011834762999,7.6433700308553,8.90599117475181,,9.37873468895688,7.73597442852782,11.259002159878,,,7.80704943730382,7.76548733878996,11.2578190568219,10.0765379029288,7.80545612924916,8.43573088564007,10.7991164865604,,,,7.19167712608761,,7.82304610051552,7.0239564052764,,6.63200799351265,7.46331638709991,,,9.16718591173743,8.76416181039284,8.36906294066293,,10.7108814811775,10.0027138225298,9.62699000628576,7.09999042675441,,8.81778235466486,,8.7517285572925,,,7.85924954495842,,7.94415833865308,,8.72684222000199,,6.90295506700849,9.46380778746264,,8.20840943438056,,7.92891919776305,9.08456525943269,7.94634534874654,,9.53581175534167,,7.265144933807,0.36666666666666664,8.35430166528479
1003,LDB3,9.72236128777434,8.758924955364,8.48605885037771,9.08352729676422,8.18811349733371,9.86836495620169,8.01877925554886,11.7237963027599,7.64979784618066,,7.94116955078932,7.95861657057433,11.8843623998773,10.1942487107793,8.07280958842352,8.45307769903439,11.2178027304561,,7.64536994909789,,7.33609323059629,,7.43300447881527,6.83276004146833,,7.65719046832991,7.95017391919127,,7.79668262408497,9.82458899944184,10.1158573227255,8.45178903071162,7.50103671795708,11.5605423296388,10.5194351500929,9.47889837658496,,,9.21046805030111,,9.10547003041368,6.81240608168799,,8.55730182471904,8.15459240694297,8.2145435590541,,8.85044260445748,,7.61882489952798,10.703614785057,7.28495924271801,9.01640018686478,,7.25030521082183,9.21651965004839,8.15926254818068,,9.72610401530255,6.90751069744159,6.74699248894512,0.23333333333333334,8.49727498861743
9682,LDB3,,,,,,,,11.1276882279356,,,,,10.5605127521385,8.88468716858215,,,10.2048466753175,,,,,,,,,,,,,,,,,10.928353846919,8.84088204224641,,,,,,,,,,,,,,,,9.55923057818611,,,,,8.39812887874516,,,,,,0.8666666666666667,8.818999648526344
9350,LILRB4,,,,,,,,,,,,,,,,,,,,6.52486629071171,8.21195168070765,,,,,,,,,,,,,,7.47040344373208,,,,7.5697025431317,,,,,,,,,,,,,,,,,,,,7.87656611335762,,,0.9166666666666666,6.4283594563845705
7305,LILRB4,,7.75702993054801,,7.99262351982464,8.01679620049255,,8.91554628658201,,8.46645029365819,7.77591569977118,,7.68347609668738,,,8.8947121771539,8.06710789200071,7.61718187383206,,9.05421177053717,9.39279577157614,9.37332683595904,7.84893945466509,,8.61670791631746,,8.42253012427213,8.58181232151019,,8.69011320164682,7.37887870396034,,8.39197492377307,,7.58218087174839,8.45878918909513,,7.3974677896006,,9.53717434763494,8.56911346171887,7.78863226819523,8.53664639209317,,8.67360530622249,8.60737928094193,8.27894298945773,8.41890881404853,8.06578031628816,8.61310471079229,8.76627798429458,7.66815516300296,9.02696523524462,8.62602115884322,8.6867869907285,7.87192435754948,9.67407845177771,8.20299527352485,,9.07188800539019,8.88247040459256,,0.2833333333333333,8.23242620661108
9488,LIMA1,,7.24566883541119,,,,,7.62469735578835,6.1148366884095,,,6.86997302750878,7.49844538046322,6.41090828418359,7.6083199835977,7.31975092879118,7.3567008677632,6.13107318250022,,6.74594898755704,6.22106427912625,7.23814304281327,,6.95712401075236,7.00086522274087,,7.07079279576058,,,6.72574531718517,7.20651255796643,6.62677920495294,7.83138448683303,,,7.30527163765579,6.57281951757467,,,6.75271626681219,,6.53251162513577,6.31792830191523,,,6.55320845066459,7.3980770917758,6.93386939706705,,6.48971039178289,6.91253819963289,6.61196086756615,6.55170275632614,8.28594787497523,,7.16037882280358,6.1121666168563,7.48061351829726,,6.75592597674204,6.17263352354523,6.62588340738352,0.35,6.742014967115431
698,LIMA1,8.22285504871338,9.14807088942899,8.1240189597927,7.63891918184508,9.16354458965007,7.74633035430021,10.0089915353691,8.22060777446426,7.24948587864662,8.03515739375574,8.20955545773328,9.03205545191784,8.15523649464906,9.30388075014507,9.06256919646634,9.3085811982486,7.98703958247568,,8.77155734301801,7.39638754730985,9.04352378808611,,9.24330617053591,8.13020306020124,,8.77019804643954,8.62723571528273,7.04596312846347,9.05683462588307,8.95356093169082,8.38152092779654,9.31947663111677,8.10996697591395,8.68463011619457,9.05820409541935,8.4365865069321,7.9625457172396,7.53100604146531,9.05010862315536,6.62766025644848,8.76174634127826,8.35915424922398,,8.78339317095347,8.50375335475416,9.14953593263011,8.51883286654938,7.9659164874202,7.49799768814759,8.01229897867143,7.83213379963001,8.78140015612794,10.3402300783712,6.73620701682537,9.12747997906554,8.83988252051055,9.34562527445073,,8.19014831691501,8.71222974637299,8.08124505118451,0.08333333333333333,8.325304737141021
1467,LIMS1,8.47047384493885,9.82418156770881,8.37090512118052,9.5349311637207,7.54639264516274,8.35355103583569,8.34485614883331,11.6288578534901,,7.62240562453338,7.47514226928106,8.54278577895965,10.7184855944274,8.8095394384865,9.03787945870721,9.08114868701204,10.9053316314882,,9.45688955989267,,9.47393494428859,,8.93668083706848,,,8.6020673230371,9.49216074247785,,7.93964227635738,9.75713157928747,8.17843125137389,8.3800467873774,7.56334563298713,11.7260193639769,9.1446153031803,8.74640083596826,7.43034797238613,7.21033762820315,8.98955279436371,,9.0902868725164,7.75464999433355,,9.69151764978523,8.62379270310622,9.07651923076304,8.44740528783788,8.41324430213666,8.02887123804665,7.65252892460962,10.7968357468257,7.98398270400918,8.21948660532014,,7.84962048852703,10.4535758341509,8.74151510727689,,8.98500917896365,8.99013246531895,7.79550974308875,0.18333333333333332,8.67203632522007
333,LIMS1,10.2323525744067,10.8984473356456,10.3538694845389,9.55337118295683,10.3918204677785,10.5342578767336,10.1204299019059,11.4050212033002,7.94427047399794,9.27511566707448,9.05183769384933,9.60059691737928,11.1736897695565,10.1076138637266,9.63479852877877,10.0444691115976,11.0078196529866,5.52552507016877,10.356895194521,9.0423291183852,9.83691553894994,5.78200046868873,9.68284192166903,9.31637694968573,4.90749256450191,9.52278166344577,10.3422663821349,9.30322254233718,10.2181178245825,10.0873160814637,10.5753043609465,9.77821722677388,8.56816187964413,11.4997083296755,10.0893473214578,9.6377257942655,9.05381412728171,8.43317411776451,9.86160909604958,9.25242983620834,9.62714617569127,9.86899757084339,8.25417128190996,10.225731447594,10.0691768394324,9.96399934313143,9.32043295901178,9.21396979805649,9.22956546670265,9.4451938954393,11.2608964373739,9.76469212402855,10.110533961695,7.63909125100076,9.43402984009858,10.9111333398025,10.6208663685313,5.809015190746,10.1110943994401,10.0983422779828,8.88638721916611,0.0,9.371073274263717
768,LIMS1,8.75581524515223,10.4308468386365,8.28261856884648,10.8091113137395,10.2320495272414,10.2320467579009,10.4613992868209,11.7581204338544,,,8.56684185453416,9.42697756941692,9.20635391634753,9.91217757929258,10.3654248884796,10.1063744798802,10.9879388431623,,8.85215658210067,,9.12284881525801,,9.68167191976849,7.89890494112628,,8.12330282484824,7.92241141048584,,8.66703337188094,9.01300072902992,8.49942327656632,9.26551005699887,,12.3755208579452,9.27622887731364,9.69416654765945,,,9.0079748631476,,10.7521263981605,,,8.86155113876858,8.59198028258119,9.70408596359324,,8.5547139665185,8.17929470547463,8.51250768011322,11.5356015847241,9.22691002187124,9.69597841790865,,9.12001637808238,10.8173756972788,10.1066450397387,,9.51789590821119,10.8647891880695,,0.2833333333333333,9.375073696288878
858,LIMS2,9.60353578478911,10.2584888723935,9.67660657046212,9.65942366725326,9.50898112646254,9.79877235316491,9.43174200762754,11.8879540145645,7.43451728465939,7.92692597558856,7.5731797600459,8.89707604998381,10.7353251631582,9.50268090763346,9.88428688588296,9.5739963546115,11.3554386506728,,10.0197636859474,8.02019450627551,9.15405368296415,5.89366865353813,9.19432890592898,7.99051892126917,,8.76310873909087,9.81965433243569,8.39501530042823,9.41424440368066,10.2008481143963,10.5751583360324,9.27934941038166,7.37005551722162,11.8657075687613,9.63035771381714,8.60686497000517,8.03237548113344,7.42448883509776,9.43426788298787,8.65043538898175,9.64987954232605,9.11458477826151,7.60255985856399,9.81319498305935,9.29990226286668,9.54741361543386,8.18683840457348,9.29362696768167,8.54503972759921,8.31528630116601,10.9846456651127,8.70968589225835,9.21638997696904,6.81275511527229,8.55105160513357,10.7073847956453,10.0485519420376,,10.1959718744979,9.85088180341613,7.42231513685183,0.05,9.013065797297699
9529,LIMS2,9.18432600986844,8.43287850999244,8.85471166459373,9.2966170529325,8.69743063603082,9.09515877045392,8.79323531991253,12.019080553565,,,,8.00728036587454,11.387954366021,8.78558443713493,9.75244090899205,9.13886815573393,11.9051490346124,,9.42676248450786,,8.64564326644112,,8.59708577743578,8.67974839368629,,8.98851276261552,7.75521147912596,,,10.1972930526844,10.2467104992909,8.76108865558182,,12.0584183010164,9.8852256740302,9.13024107016887,,,9.33178620773479,,9.9627488215507,8.35174350806667,,9.31479362579799,9.27669322752068,9.19538847914716,,9.28241495245729,,,11.7338700435028,8.66467575740151,8.99977553431755,,8.0515350647404,11.1075363875555,9.4320228928456,,10.1745472662359,8.62874856639358,,0.3333333333333333,9.228779142952106
9496,LMNA,7.9996136380288,9.64848954039294,8.15202926083256,9.41125270687944,9.68580123395429,8.4866868658875,9.98979482318876,10.0410539637867,5.90282868022528,5.87045735161399,8.26056006578278,8.68741865119276,8.48917088237363,9.48620215335186,9.46565262741237,9.12264145870036,8.86752307126754,,8.4795414059739,6.68712680846733,8.61195754368551,,8.1023385672425,,,8.2119601662514,7.88115303877038,,8.8716109739045,8.07815018076442,8.54061958527152,7.95376614399379,7.62895744997401,9.33859798106578,9.13691706747612,6.19755867896954,,7.23422382523107,8.31296312668247,,9.71699354755784,6.90503839507706,,7.00372780607073,6.76319879110155,8.41658773254144,7.17393333173019,7.22763121214776,7.22458998653797,7.16152284526377,7.33165362288943,7.52734251620595,9.56499681948232,,9.04837080311634,9.0776311141748,9.10801398743678,,8.52514997929633,8.84958857076714,7.39509825935922,0.16666666666666666,8.098485134666475
735,LMNA,11.7146679769913,13.139069417537,11.7245600235196,10.9227216013623,12.5300396654829,11.3508085032954,13.0030083789048,13.1510273730914,9.38747530018155,11.3435065578476,11.8605346841779,12.5570767126848,13.035739320457,12.962781895821,11.9534822752366,12.372088469803,12.0902120625709,7.0485355433273,12.4179592300408,9.73959190910183,12.3683176366779,5.64384295717528,12.3619423683244,10.5926981304673,4.667651373429,12.2403247909229,11.2621154559607,7.12460339488999,12.2156869050872,12.1861712926632,12.673004764433,12.0905581385722,12.0515169726432,12.8255277162801,12.4993918670331,11.6075121174159,10.9214107934976,8.72704465043285,11.7639319324914,8.52021127637416,12.081782058807,11.1146501894217,7.13051730580538,12.2643629890209,12.4489632560583,12.942772659825,10.603431051631,11.1499978653043,9.50427993334597,11.2628421961483,12.3280818414416,12.1925945056325,12.6403202098509,7.12429397643197,13.0061319856198,12.1935600997748,13.0283528179878,5.98549257440719,12.0792772920755,12.5513906937326,11.9740421243593,0.0,11.025259362063887
2641,LMO7,7.25475687430013,7.42373702458246,7.98531076706955,7.90357276165263,8.60645305330717,6.765231397793,9.17656049701826,9.45240035158971,7.04570713291096,,,8.15105013903161,9.08075441516562,8.49679940765003,9.06933475231275,8.90725858254871,9.57662866572113,,8.21995796560922,,9.16468005337993,,8.47221133239442,8.32822112553119,,8.45305063201931,7.66210807743898,,8.36187398074021,8.55702646423701,7.30519461547909,8.0900938245553,,9.79798699505715,7.95021954373816,7.94199075041988,,,7.18757767548884,6.21144198972363,8.95179163249438,8.12112529449869,,8.53205221855818,8.36133970238827,8.74261799348264,7.86730377662702,7.31464231067062,7.64794901738107,7.71179256278375,9.46802494788988,8.32722007997057,8.60546407972336,,8.66867555464539,9.0215671501248,9.19753488066939,,8.53372833432441,8.64819660697627,,0.23333333333333334,8.155293477674636
9497,LMO7,,,7.74997871477694,,8.74825490930083,,9.37367682980749,9.87835068023755,,,,,9.47596936419227,7.87201728609765,,9.18455638524853,10.0698308740688,,8.41464857984793,,9.27520817086765,,,,,,,,7.96998935177746,8.10476157237922,,,,10.1540683604092,8.24148995715716,,,,,,9.02429705177518,,,,,9.0874863444554,,,,,9.99795416702287,8.35614751605406,8.81387139752047,,8.43406452936469,9.21125803437009,9.52670180901169,,9.00770391397992,8.62389098466599,,0.6,8.607847071375561
9508,LRBA,,7.60109776854723,7.29301718505967,7.11267871230101,7.28040959157478,7.04523563531932,7.77596671320496,7.7149166861114,,,7.18706821793762,,6.8247048946141,7.67589375260669,,,6.85873539667219,,7.28916906455007,,6.4798761217576,,,,,,6.97911476922763,,7.84647950243772,7.24696972489466,7.21744580727096,8.00094472826327,6.7081129631965,7.74780185084064,,7.40112508092817,7.55990322101005,,7.21146876804812,7.2423587132557,,6.76556396806698,,7.73897275331533,,7.05063988181049,,,6.664615912189,7.21270161951562,6.83785761582871,7.59576907775855,7.81640409749815,,7.55388271862204,7.72637489915243,7.67543602777256,,7.5834359598824,7.77224541496367,6.73995158094174,0.36666666666666664,7.1384875144516515
2496,LRBA,8.25717162167792,8.50633743090678,8.36373122686119,8.22418107011292,8.74526360985736,8.12256233454054,8.92341492394234,8.43999279150809,8.15754094129631,7.92013419004729,8.01586677314389,8.40396979744341,8.19313175827138,8.38632154343964,7.96505624389786,8.3992578142634,8.2494233534522,,8.45421242764842,7.94612662470876,8.37475252332133,,8.21447729367427,8.14198828682731,7.59391776177529,8.09236659980136,8.5775095246766,7.87648090770891,8.7025855018629,8.27540370961644,8.37573082786984,9.25347619101935,7.94669710662041,8.56331456213075,8.08299995300293,8.03731699277661,8.07431528521595,7.279445454226,8.3040920878165,8.21669116676132,8.41308429472108,8.35155980932264,7.6283136217894,8.75505524967738,8.45528925642651,8.57209470083928,8.45146223206565,7.69327912295717,8.01095776909096,8.24655161297537,7.94794847855625,8.41723266076869,8.71965702486991,,8.44872100772314,8.51108277445926,8.63488373931627,,8.23768151277515,8.74142209463459,7.93612719490039,0.06666666666666667,8.134020305554065
4718,LRRFIP1,8.63818501144474,9.18653943367293,8.3697124648281,8.17807869433492,8.25194264990753,8.09089411077175,8.68224909693271,10.2599032915211,6.68067641816504,7.96189262321569,8.436273048777,8.83445028913647,10.0578669220673,9.4163720067767,8.93416597803767,8.48629588929943,10.1600790995466,,9.16974265954463,,9.00332273429851,,8.764730569015,7.64554480876759,,8.52754268590299,8.2129363193045,,8.22702002165754,9.19407855442194,9.12118919407373,8.84316653509085,8.36695664032244,10.6576937579719,9.12089585796523,7.86056779454808,7.76111031204176,6.89740934448217,8.70878005761503,,8.66747273528975,7.61302597676483,,8.83623383782425,8.68153550977256,8.9318140794816,8.6484373435756,8.47081404008832,7.57643933351296,7.68603452329528,9.83003899163473,8.34460937002533,8.78964179445066,,8.65381663120609,9.76201759460774,8.860487157197,,8.88252346821593,8.81742837816421,8.31239201313529,0.15,8.492016204658787
1030,LRRFIP1,8.39013756420255,8.83883760222727,8.56019162384399,8.19223583000686,8.89632301307264,8.64774372919748,9.35219078490668,9.40887910521062,7.43095049307151,8.32114877449366,8.28874626587615,8.72633340303573,9.00260874023103,9.09197514816378,9.15979438976427,9.07613935997281,9.41465004678936,6.93482914050014,9.45107630282686,8.70116268205803,9.6457460823524,,8.4173414336432,8.84945204268395,,8.46827810334801,8.84186497354873,7.80022449810345,9.11754244542102,8.86099370901183,8.94081394551856,9.91844213976024,8.39963166536718,9.57309634978239,8.87247351766569,8.09086619170187,7.61693097732319,7.27422379392877,9.35331096328017,7.29668410988714,8.78801461079978,8.23579486551817,7.06548721874596,9.10692754116408,9.30066964528225,9.16025219148864,8.5314204191265,8.15220762159931,7.92709471953937,8.77492661118509,9.20072137957957,8.9399409908802,9.05809333746023,6.7667189998882,8.90605848638588,9.95997955230073,9.00985759147972,,8.9849855376758,9.42475024391342,8.13655547215328,0.05,8.52265845540936
7123,LRRFIP1,8.48626646432615,9.42069443631335,8.73684515338511,,9.32968203113886,,9.94281582766299,10.030386237193,8.40479709860746,,8.33826707314429,9.65078871871957,9.21057801799647,9.5565506828785,8.7948003994491,9.20027911734963,10.0556881714615,,9.91806172968671,9.19986524248259,10.3897748635942,,8.57285488699029,8.07945876367981,,9.25299932642336,9.58969135492227,,9.287612975032,9.13045848874552,9.08199550441988,10.2449941427369,9.08978179699257,10.5370371400687,8.95008318134705,9.19837002238524,8.32409858690513,,9.77816032509766,8.22281810100972,9.21923771613067,8.70684542091826,8.1548299813792,,9.98086444595878,9.39507402151686,9.3714445833258,7.9626646342151,8.16812991941813,9.35909558289278,9.55667274486984,9.78439502233326,9.871576869247,,10.0656767241919,10.5918953474958,9.16871346881137,,9.39171969991389,10.0840093187881,9.03733710463222,0.18333333333333332,9.111476106743835
5401,LTBP1,,,,,,,7.94245267920113,8.97954560068269,,,,,,,7.63545544791999,7.35821028203239,8.16807930080947,,8.3596774695906,,,,,,,,,,,,,,,9.18797838275818,,,,,,,8.04810656459849,,,8.89561702354918,,8.09757993566995,,,,,9.19778648404098,,,,,8.65106900543411,8.41958840384176,,,8.94468399557887,,0.7666666666666667,7.9101664828249625
4652,LTBP1,8.64391246877191,8.2973425913604,8.89328198152499,9.22577934658658,8.52615858800284,8.67601839497327,8.64655881507397,9.88640061721378,8.76151110328166,8.19538026071864,7.41981449168367,8.10910864993635,8.49240563071905,8.42593817483146,9.21444135030963,8.6401083883414,9.98623902938786,8.11858341012706,9.71464581256606,7.57185516438311,9.10394980937431,7.36830934507196,7.72515326779045,8.39836906256965,7.06256852920124,8.4994537010706,8.7904165702356,9.02384026921604,8.66656463858555,9.26926735822868,8.41697475420107,7.40195114725599,7.07640892657819,10.730979545087,8.74068252245733,8.02685952714848,8.15771881013092,7.84185531332445,7.46411301916295,8.86422175464456,9.12545956396266,8.87311918934792,7.67300183030061,9.7780510898045,9.28284352026228,8.77224313616772,8.48205983946262,8.61370689300686,8.67910830282971,9.24176131110177,10.2757248614327,8.48770438241523,8.03425700765191,7.59177645745221,8.31401806896417,10.0673162909247,9.50469369028262,6.89286773042576,8.97911797799122,10.0776466607314,7.7994751965402,0.0,8.45864233890845
1521,LY75,7.45505461750046,7.56402247391772,7.78932135969078,8.20631637569055,8.45367727789839,7.77838972441466,8.92410370125312,8.86343161201771,7.87146009365078,7.69854330650762,7.9821522680213,8.3358417952801,7.82693934977524,8.21916257292776,8.42735098331996,8.58620178756913,8.65836757133939,,9.30651815157655,7.9745436825881,8.82634575329813,,8.02036071559276,8.23008922647275,,8.2173532869882,7.98659319163289,,8.69955095243698,8.16519532698791,8.02092095250731,9.46055436295801,7.61437302208142,9.29475169161716,7.65349252125942,7.57972154936166,,7.45268557902829,8.12342564766742,7.59742983778349,8.34277102390644,8.21806703366132,,8.5396471025612,8.61008264491248,8.81092146272998,8.61393949828873,7.70656142282615,8.08300043808842,8.14090625986076,8.10233096710959,8.1228623577198,8.25682422619241,,8.50004777636908,9.65478178744433,8.45759436343401,,8.56927489973747,8.83094014870928,7.60427538632858,0.13333333333333333,8.126553770534453
8219,LY75,8.32295812004437,9.57348731948547,7.68219607281313,8.58549964503676,9.45741849841842,8.97844365058427,9.19363242464185,9.27813079403512,6.33731952962175,8.1236478930747,8.17862958551924,9.00686628842739,8.12266538607572,9.48340418824004,8.60505966634788,8.9360123245771,8.9867820732016,,9.28792759729483,8.52783882506699,8.46752668021408,,8.69983424661121,9.17282919572957,,8.53820624995045,8.12313868691853,6.05653649174709,8.44631773771668,8.59940172679768,8.78825040822198,9.01537159625386,8.73103917054335,9.47748348873104,8.99013839545168,8.59555053161217,7.89822875734944,5.88346343800982,9.51599690077338,,9.03902439582209,8.15975224149403,,9.06310838399086,9.30245612933523,9.17734532538141,7.53333521189854,8.23727332479348,6.58640344617063,8.52539115213438,8.69052051597641,7.86683283979253,9.06180416517732,,9.47674603402408,9.19763254960642,9.11464770809483,,8.10993500013466,8.86929095688022,8.38640437403847,0.11666666666666667,8.404793442342713
1537,LYN,9.20376863312304,9.43546036939804,9.29696114771462,8.8449798787728,9.83313565205924,8.80710407543517,10.3520504470741,9.14467664018849,8.06150746080577,9.10740188264118,8.94311716296577,9.46431121229964,8.88758195288085,9.38971692694452,9.22741629503577,9.41276080568541,9.31612900866169,,10.4036730853615,9.05186938198108,9.58285281721908,,9.19529561229914,8.8748923076433,,9.28666888043411,9.61667146880031,8.51019569397766,9.66614454906062,9.35455993070119,9.62766418913016,10.7612712037114,9.06889876597934,9.08436713525532,9.10826389827601,8.37586232217281,8.68302467771194,8.33322602428417,9.84046864747137,8.76280476327843,9.18486893353836,9.45788679616565,8.38538242071896,9.59593416146273,9.67266174712657,9.89306677928756,9.17730957181057,8.14945545643189,8.87122032889349,9.61811169054276,8.89226226857469,9.6058806966839,9.78499078890863,8.06406397790151,9.33788063652917,10.4239210602313,9.81553422538871,,9.19060895233602,9.84369556239957,8.78143050314422,0.06666666666666667,9.096944201720262
9563,LYN,9.52528189977383,9.77112612718768,9.71278636640337,,10.0091888377522,8.78690586008959,10.7156965528056,8.79778296208306,7.90308602817295,9.2764472976933,9.07592531002909,9.31878336685262,8.80833782139647,9.56081598181183,9.21888628361093,9.15209171135182,9.23480165429958,,10.8403475293388,9.07834769961173,9.84593870929036,,8.92977976634538,9.02066878257367,,9.5614774093477,9.75621603089436,8.83027745478115,9.82640291681965,9.31739022688954,9.64060967531979,10.8818331534332,9.13061942067722,8.91280419917149,9.20450535725097,8.76256643681699,9.21144839213074,8.14143670198167,9.96013185451966,8.86875992467622,9.04723595320886,9.76579929612324,8.00257884190434,9.99401275410956,9.94100844036428,9.73084691981897,9.53458849596166,8.09629467622685,8.77025531792685,9.96576058252499,9.06262021847414,9.91750306157653,9.79823603718033,6.91645977954076,9.43055217866161,10.6124507792384,9.88089426270665,,8.49524296506478,9.55710586831001,8.57860941436808,0.08333333333333333,9.14724308892919
6864,MACF1,,7.26664319883315,,,,,6.24670063827539,7.08749475417167,,,,,,7.16331268340494,,6.46853162903505,5.91508173357465,,,,,,,,,,,,,,,6.54622101888543,,6.99929951618611,6.69891485435087,,,,6.7261931030194,,,,,,,,,,,,,,6.74796859836174,,,,6.5144255699557,,,,,0.8,6.244675946004161
2435,MACF1,8.25669378888537,8.78959252706259,8.07880621044434,8.10073970916654,8.49334016695921,8.02976335838579,9.1449831443332,8.92694462679968,7.34463930567301,7.78574145552105,8.34329336299352,8.79596875494521,9.04025158586209,8.95882823344714,8.38132835522212,8.69512229790496,8.70863917206786,,9.25741388861823,7.67171486710393,8.82976528038731,,8.53693058107,7.75771288014621,,8.41348369830614,8.26163309520727,7.29198643504967,8.56899001078423,8.64456488158597,8.49478906261673,9.15639838895323,8.0974431467238,8.96579700151282,8.69286176842517,8.13824785004839,7.73720128927042,7.41097597925979,9.11161778937925,7.59620054434609,8.22749694073703,8.12914048583209,6.98807351146989,8.85425002912061,8.77166558747671,8.97195953989786,8.53650384467497,7.84111596362181,7.74993155986788,8.38440238407351,8.6555499682468,8.72036446835787,9.10656911604857,7.01507282148093,8.46591827011902,9.02887030134986,8.88888959292166,,8.66851838769666,8.96792646385575,8.29231868433629,0.06666666666666667,8.255875706902376
1451,MACF1,8.34500876101933,9.29837549239451,8.30702271275853,,8.86493826466146,8.18567425981954,9.29558162829606,9.39388727210861,7.65099182025383,7.4493463353755,8.60870506159915,8.54461092442405,9.22978278932688,9.03759822474147,8.69746604479377,8.94319690154115,8.90195302092958,,9.63302566248041,7.62920703949996,8.93129849807621,,8.54461145923186,,,8.81324827719188,8.35948423470158,7.25628473306704,8.80426875318948,8.97711567098921,8.8059274955881,9.52932597757186,8.05979493416189,9.33192230418315,8.80461064857878,8.42978813962312,8.33795817034824,7.43163662379009,9.41012926351426,,8.29221512312688,8.23021739200596,,9.06689293603289,9.04804938595078,9.10530695400825,8.60346775744033,7.66486024487482,7.96599486624434,8.57652998074445,8.60580621687036,8.92486700102053,9.37346233546118,,8.51755096481026,9.43410116994201,9.11944717572863,,8.5742167177541,9.2991887461122,8.47095536656667,0.15,8.510036518721266
9199,MAMDC2,,,,,,,6.85822147840757,7.31542694600479,,,,,,7.3272428370501,,,7.77527597289991,,,,,,,,,,,,,,,,,7.41383368096611,,,,,,,7.57614348419949,,,,,,7.36048740313447,,,,,7.10056138846572,,,,7.30700536647568,7.54032315997786,,,7.51916674132587,,0.8166666666666667,6.825862927131186
2870,MAMDC2,,7.56845674476027,7.83600554282779,8.10715596341478,8.8480822863629,8.28591427679239,8.64386968370198,9.76672329221123,8.63048904785891,8.25241279480571,,9.32987193513449,8.70149041812451,9.29142993598675,9.42055673611587,9.16688492771035,9.35203475251873,,7.80559972193176,7.61857916049698,8.3836675620971,,8.4862946897065,8.50521051132997,,8.73796190089276,8.07331379948741,,7.88931200038265,8.08419527243909,7.46511081772895,7.78325564475683,6.62250844041241,9.97033249147612,9.02180763703552,8.70389144611831,,,,6.64039122660631,10.0900017686457,8.74326951684448,,8.03111146806796,,8.79694084191769,8.24624082454225,8.32993617092514,,9.5726198810511,9.43933584151021,8.85082526645988,7.40626844165568,6.73666975462599,8.75232102113647,9.07641214868045,9.3727157476989,,8.73452748449411,9.96993507033083,,0.21666666666666667,8.361637678676642
4840,MAP2,,,,,,8.30592061423571,,8.83771260295351,,,,,8.15490080749796,8.47675800089628,,,7.94346795104903,,,,,,,7.99572560740292,,,,,,7.35424882431432,,,,8.46064674396939,,,,,,,,,,,,,,,,,7.59300536107928,,,,,,,,7.42920721764631,,,0.8333333333333334,7.398629733125276
2144,MAP2,8.22438380864631,9.30397782044952,8.98062092307089,7.57279062168367,8.71132217375666,8.80569753503545,8.3949003448817,10.3103512146191,,,6.91261402600938,11.7525649703345,9.69264720342992,10.5674439596357,8.77402780501029,8.66973661619148,9.60371613494645,,6.25354267423247,7.87458221933335,8.65223163664236,,8.81852377366733,8.49577909468229,,7.44501572937701,7.82641771635295,,8.43663452893943,8.5159700203177,7.54461963589856,9.09805577951495,7.02486629174473,10.7449673812781,8.9436676596662,8.38842525447739,7.1181651518162,,8.71160373132334,,8.71661767059867,,,8.26432473552617,6.98730794904495,7.8819233802702,7.6383006625507,8.3219366972251,,,9.24341641521228,7.60206722026982,7.45552789292992,,8.09845992197285,8.71816962150679,8.2322243814171,,8.54155160509861,7.90370645323,7.24992073102564,0.23333333333333334,8.277324857436835
9089,MAP3K20,9.78760106232606,8.76696632986391,7.94426020469568,8.90856329753841,8.84717933716255,8.0423165990092,8.51839558358424,10.3170685856491,,7.16714328924257,8.81816588850527,8.12351832215362,10.1550746973179,9.30411924253472,8.47603222753876,8.760065035805,9.74597121547763,,6.92277592600279,,8.85467927252002,,7.88729865290367,6.22069959499836,,7.85465686627703,7.23849118949501,,8.41605758867183,9.04739828700141,9.45085172210914,9.14492463050879,,10.3503949288581,9.7133123794064,8.33462043228736,7.18800803436606,6.52290060531254,9.15968775499303,,9.49418859843741,7.34126377238236,,7.92977950783393,6.50811511976638,8.70727128924698,,8.935389440264,6.82368358963591,8.1643185092081,8.6723427988647,7.69126723205439,8.70325258546576,6.033918104162,7.97846789486168,8.66840164586536,7.99326661091838,,9.23022257441168,8.1338666032974,8.05492392665149,0.18333333333333332,8.188977417169028
970,MAP3K20,9.51687572581156,8.73378299918882,8.22077403135651,8.42525318371827,8.52333458628858,7.61000051497052,8.42949654529981,9.90976979555514,,7.50644022764345,8.73843242855403,8.26306287018823,9.7401271567041,9.12842035130134,8.25360129921619,8.49986680625775,9.51215743067724,,8.16027893436715,,8.08805786003418,,8.32353400069696,7.4182912348531,,7.94001319081371,7.7398697495194,,8.16325227627147,8.94854530430491,10.0445404539213,8.74907373786847,7.65322054956609,9.84056634688311,9.30411274256008,9.08131391020644,7.43423624081961,,8.95593467023174,,9.10827257390973,7.76280748152939,,8.41176872299001,7.59347681646024,8.97749984317985,,8.23157634560066,,7.74132235932219,8.51346663402135,7.80525423659935,8.62739577488237,6.60222884283891,8.55217931316397,8.54426966425007,8.45598743834717,,8.85241351531087,8.59666365763337,8.40902581540976,0.2,8.292346336026263
7067,MAP4,,,,,,,,7.9435213755701,,,,,7.81062951968592,,,,8.17944528576394,,,,,,,,,,,,,,,6.93958085871495,,8.06229681115004,,,,,,,,,,,,,,,,,7.09450572061128,,,,,,,,,,,0.9,6.704282795928032
6790,MAP4,9.28620497239353,9.98579648378687,9.4511448214777,,9.34099685472587,,9.56965822084763,,,8.24541586995931,9.33522989452346,9.80572107336723,10.3214996469296,10.6325619265873,,9.43413065641941,10.1771853940252,,8.95189251172301,,9.17366213013794,,9.09346239320848,10.2773992327961,,,,,9.25158793123173,9.44989764908103,9.26708225862069,9.96198570497465,8.40129643185068,10.5700709826299,9.38753064842194,7.9854323206733,,,9.18627025679255,,8.41242730650045,8.61808310262414,,9.09813277527965,,8.59508471029436,,,,8.85673268482324,9.7815323223585,9.0087493993834,8.56405716569757,,,9.71444242710568,9.23310180742184,,9.35263438016722,7.96795008993491,9.21455621311378,0.38333333333333336,9.054150763495517
178,MAP4,9.35380721707999,10.3641865664545,9.36574026311165,8.67083542033253,10.0657052959395,9.60028647309239,10.4501510034641,11.034148712667,7.87810234874055,8.6016151650912,9.66635239901783,10.2685796234236,10.499976767448,10.856932992735,10.1869020489887,10.1327792095601,10.4551301034746,6.45907117904992,9.74713213101363,8.20645392748339,10.3701564649461,5.42670843890382,9.83412268171433,9.8102045972057,,9.33055140673625,9.45453964978478,6.35142907414611,9.8575557483862,9.9462204068475,9.31949100092712,10.5775336332361,8.62465782725119,11.0890491517909,10.2543544829427,9.28360706131189,8.49829276081724,7.40041946148516,10.0368270585122,7.44851960049893,9.93800973997276,8.81171952080554,5.85736812240045,9.99552019636711,8.95138292251194,9.42007360214222,8.66300054389204,9.32235545982132,8.11241494633665,8.88733368684063,10.1603150064344,9.4190131449493,10.1056489561168,7.437723524354,9.97817720827015,10.4636438615495,9.74597920330307,,9.37197068798889,9.54379698082093,9.1413803805863,0.03333333333333333,9.131940392666605
9084,MAP4K4,,6.59383898911073,5.96736398370808,,6.60354368463606,,7.16435202583873,,,,6.45692426407093,6.81458004591918,,6.65742146796115,6.83630200978341,6.87100708257586,,,6.85087082884915,,,,6.56239444037992,,,,6.32749877557887,,,,,7.05621098052375,,,,5.87775349556156,,,7.04223986729839,,6.48353453822766,,,,6.52428983921246,6.02578344349857,,,,,,,7.04029126160938,,6.63884024181828,6.36838430486931,6.63178979365556,,,6.23281193351485,,0.6166666666666667,6.343528915202854
1654,MAP4K4,8.26803393814758,8.75960936240389,8.68168066128986,7.86822258236945,8.63386569234783,8.23264001815915,9.26070597655128,8.03032556783158,7.44560351400018,8.34701133504479,8.09908106155653,8.77316225523523,8.23040088821327,8.91046731478386,8.26719581126602,8.55344863010643,8.48057602771437,,9.33160881827149,8.09392885371982,8.22828722340861,,8.65661529129448,7.78371092779739,,8.50072342554042,8.23348919661696,,8.77961199704276,8.34262084853492,8.42506989424916,8.79839020945753,8.20161746558184,8.53355871482766,8.42944784891431,7.90356081816894,7.7581379058325,7.50359288822356,8.37962374960792,,8.47656979946676,7.70321999942465,5.82276252890353,8.48135213199872,8.16986348721873,8.61674895414841,8.23716755779633,7.51526351618674,7.84966907184695,8.28824681866752,8.13468544769097,8.29020477533111,9.16807734203537,,8.52202872716566,8.69974484354566,8.88000794673266,,8.23028533754559,8.48847067721826,8.12329581054649,0.11666666666666667,8.153183781779644
9693,MAP7,,,,,,,,,,,,,,,,,,,,,,,,,,,,,,,,,,,,,,,,,,,,,,,,,,,,,,,,,,,,,,1.0,1.0
225,MAP7,,,,,,,,,,,,7.77358265430003,,,,,,,,,,,,,,,,,,,7.88145816404659,,,,,,,,,,,,,,,,,,,,,,,,,,,,7.14357454656348,,,0.95,5.937153841227524
9544,MAPK14,,,,,7.52152258761802,6.85016384993831,7.57707492985484,,,,6.63617226036347,,6.37728850839022,,,7.14317557278056,7.06179964034786,,7.01945419492328,,,,,,,,7.11120639607596,,7.4669777041504,6.2140443841449,7.15440231540435,6.95133472244664,7.37318598140498,,,,,,6.62297428925257,,7.57034363351832,6.77166607631842,,,,6.86480426353551,,,,,,,7.16045889535052,,7.36566685625078,7.3845390106817,7.20271786521527,,,,,0.6333333333333333,6.784100316143487
6196,MAPK14,8.79949830361677,8.98898257299511,8.99885625928169,8.99762987952696,9.33625076566882,8.30460693397525,9.42923147379379,9.19135371080367,7.93306043727811,8.57215233015566,8.40631545296074,9.17055282921957,8.87916389316348,9.11607716073927,8.9169823693662,9.21723011074523,9.06066787023517,,9.53608324422939,8.12153133410043,9.19837064257121,,8.59240062391582,7.29290501056885,,8.50065904295368,8.77120403529034,7.71864242661118,9.35067554273603,8.85887170257153,9.17142914706063,9.58480008476024,8.71678555183772,9.43360461290076,8.57383160434202,8.24764927018413,8.25720834938644,7.94803639545006,9.59596205461137,8.17167183182603,9.21815019046943,8.48417530065614,7.75502923946436,9.21457451707348,9.16787773465028,9.42442894885663,8.49053599176948,7.97290366615103,8.0990531253348,8.59487002260046,8.60957119510351,8.80907541218791,9.70006673969547,7.61329914233431,8.90124527959535,9.60777718762872,9.31525637844556,,9.09370646755019,9.30173929981405,8.33069333201514,0.06666666666666667,8.63038828764701
9290,MAPRE2,,,,,,,,,,,,7.22428596888013,,,,,,,,6.07451468992039,,,,6.29815730842066,,,7.38712268069705,,,,,,,,,,,,,,,,,,,,,,,,,,,,,,,,,,,0.9333333333333333,5.583482796250313
458,MAPRE2,8.87411980186877,9.10000379772901,9.38290522449214,8.7789364257596,9.2562101148189,8.35241672529946,9.24087283241779,9.49478746005907,7.65485625774852,8.06562449034193,7.8666064997816,9.92665819560335,9.33021934963797,10.0429021279903,8.10166847656518,8.85845244863762,9.69259344329018,,8.91000695714316,7.71095249993838,8.40106936470789,,8.62433241159984,9.02096492724012,,8.27696768695249,9.19018095904228,8.60053894372469,9.14572429592583,8.68688969909865,9.03834623193495,9.11246879619975,7.72884440841937,9.85029473339444,8.89959698057339,7.97947232334109,8.32691854803282,7.965911603857,8.96256008613094,8.81015143559895,8.66678226917851,8.57359583554376,7.88401218927527,9.09734713636099,8.23569388224555,8.87780631510341,8.78774935746695,7.96417820634844,8.37091443118523,8.80406037192247,8.85364656506355,8.37537521225571,9.18708765881892,7.78096110230968,8.56907175490615,9.41467179784522,9.20341503854697,,9.26615450001826,9.52051895693307,7.85535879736335,0.06666666666666667,8.591982014182225
9330,MAPRE3,,7.24788509413557,,,6.85275588259973,,7.45288933915597,7.78177714346166,,,,8.66642663602506,6.79235034274124,8.15504208803124,6.68596275165311,,,,,,6.80938842278476,,,7.58669767936115,,,,,6.91055008166747,7.17210071650805,6.64719939175496,6.4701145944338,,7.63817361878985,,,,,,,7.32775946811184,,,,,,,,,,7.10140447807074,,,,7.38151759871447,7.48402065162616,,,,7.34015099171971,6.80285542973715,0.65,6.952591927321986
460,MAPRE3,8.45040209880516,9.47189277941944,8.87100961520796,,9.67019887820567,,9.70085843607045,9.00302519032956,6.72572297493516,7.82494252149427,8.29362818234085,10.996515201916,9.30372977539775,10.9734738601213,8.50647653645761,8.72506910512259,9.20929811726429,,8.02495211418777,6.96864195081529,8.39062564562872,,8.91716303323147,10.1351314680591,,8.4268614592024,7.97598078995765,,9.22470419263805,8.79267319265796,9.14375764742351,9.33715027047667,7.78525114414599,9.74064488637976,9.11307050558637,9.0039006592905,,,8.93018043172763,,8.968016202134,7.81674392522827,,9.01845633759456,8.35667992667963,8.88801761333617,7.49464005907785,7.94233217996817,,8.50011108464302,9.26142889162495,8.88164444390163,8.82422375138528,,8.68500595071974,9.29891378882802,9.31100587846871,,8.79983996515035,8.95932923480467,8.2037665796991,0.21666666666666667,8.637778188450051
6535,MASP1,7.9513722587237,7.87126032600506,7.66216654379314,10.3273591730634,8.01673718873087,8.82987721233864,8.46643707006703,8.44340179045436,8.82854715820588,8.06853764405209,7.34471251295392,7.53673637664099,,7.19834212805932,6.55199702585632,8.10183658075415,8.52736082032702,,,7.81408523457518,,8.72121896417146,7.13980608296542,8.10758148944334,8.90745607973457,8.22505911244967,8.58623558784087,7.9524067059801,8.03368735169668,7.26616873793741,8.039871692994,7.53077775413337,,8.82413822295102,7.49556952699194,,8.08353522755919,8.8068372485614,7.55997594067516,9.43359314164832,8.77619245578129,8.14744628062752,7.58107573613245,7.36954320175372,6.93399031569322,7.94734635288854,8.35981595978217,7.75332729279461,8.5269989752503,8.35913228823222,7.72577262715743,7.18114646238179,6.84889593928365,8.94249049784785,6.27000480166388,8.47791802287902,8.21682005979587,8.44077378212183,8.11950318644073,9.17931199404497,7.04041884576178,0.1,7.9018407042168395
1330,MASP1,8.25700408395605,8.77867741396145,8.36953397061254,10.9594621226366,8.68960023836819,9.77397402822511,9.74292642758988,9.79359465351507,10.3286545984508,9.02877808455043,8.2449219900055,8.61612935423728,7.39207504520879,8.10139107704245,8.58866042087203,9.17953960014906,9.71632776831924,8.62840981362409,8.2887410183581,9.00525271302444,8.20917787796444,10.9006283232056,8.30188744549425,8.35767764625728,11.474971396572,9.60532618811907,9.24416018395751,8.07880062920341,9.53866930558889,8.55515656119632,8.48837284654753,7.93088356914169,7.55014260120975,9.47753349213717,8.69781883336101,8.32385348877353,8.55278617782706,9.72338905885341,8.43430249931989,11.0693109988302,10.0189256025071,8.80422363409324,9.50134387593115,8.53328774148229,8.48290837502151,8.92834290493928,8.68816700853274,8.92168476432062,9.57482384478684,9.21912285121584,8.94026831303392,8.73975881588946,7.74517145880339,10.0616831413201,8.55204933004307,10.0594472160617,9.42053780693358,11.7690062884879,9.67120879426675,11.505270916607,8.28412472026024,0.0,8.969882899456534
8574,MAT2A,,,,,,,,,,,,7.90976693177498,,7.70740958683796,8.23334176210843,,,,,,8.050403090828,,,,,,,,,,,8.76880316474271,,,,,,,,,,,,,,,,,,,,,8.35357557820905,,,,,,,,,0.9,7.131900016357305
6471,MAT2A,8.82939502905368,9.22696711541031,8.97314903072738,9.15081954284487,9.66833788088906,9.06533332093874,9.76918439795355,9.66304902848302,7.87171452254745,8.42329513870201,8.91038750606508,9.60045436500773,9.40213270469281,9.58890665506155,9.13958198666715,9.33739803525229,9.45652308354882,,9.40855433621572,8.33190050281721,9.70775382290371,,8.96606492157011,8.63080641807527,,8.78367917026144,9.19565106033416,8.53549397066367,9.46922140290554,9.43816871688622,9.34957450863133,10.0468540263292,8.84803118523358,10.0457489437614,9.02156467434862,9.26401396575936,8.10917628817135,8.04619519064001,9.79466407413968,7.37258449206624,9.50263746130612,8.39581307112663,7.39020639308516,9.23041602516028,9.47310172191924,9.66870089162708,8.69670242679238,8.50955080612132,7.89180654424255,9.03313377440548,9.14677402847379,9.28416119591346,10.0114210878085,7.96851699713862,9.58678417166716,10.1200554114075,9.54495033913874,,9.4170795993776,9.6882427447758,8.75573906601396,0.06666666666666667,8.929743796678485
9525,MCMBP,,,,,,,8.20325422935396,,,,,,,,,,,,,,,,,,,,,,,,,8.01037041103884,,8.11948423039127,,,,,8.16156891572898,,,,,,,,,,,,,,8.46529440055897,,,,,,,,,0.9166666666666666,6.979439808956447
3215,MCMBP,7.87402524130364,8.48450640402699,7.75994865877373,8.38911099317447,8.78110922698023,7.00832081997319,8.91154592595213,8.40956759267424,7.75620706044859,,7.59163032670912,8.30872663804335,8.08589508012981,8.41144434328437,8.15909172669421,8.45344317824146,8.18703828306417,,8.84321143348766,,8.39722455669964,,8.53229899627808,,,8.01012853358069,8.27187158167118,,8.61470513508189,8.2297649363678,8.43393258123179,9.15774532489645,7.81322448744391,8.83987754460992,7.9800257776684,7.9946503833105,8.05487943214235,,9.06143068320031,,8.46646022658094,7.01177814909236,,8.28556237178357,8.35051037771422,8.39558409385542,7.1824693471703,7.51134109405656,8.19443025568816,7.70257464225022,7.67677373780229,8.23164658862638,9.06234141683833,,8.28720730341563,8.66660630674051,8.45869039189606,,7.75837940737026,8.33119398029699,,0.21666666666666667,8.056724458410114
9554,MEF2C,,6.07463185599186,6.67321257451879,,6.26097514362978,,6.45556471818317,7.56436929366669,,,,,,6.67314309963921,6.29063970859964,6.80387228193855,,,,,,,,,,,6.03189855191602,,,6.80492857909748,6.56172110340131,6.23110548276552,,7.48729234418807,6.17169593907087,,,,,,6.44581087103947,,,,,,,,,,6.6873434884923,,6.58647445468233,,7.09237362867726,6.23997159366492,,,6.78256668274108,6.58776608398078,6.79401130167896,0.6333333333333333,6.344987048473798
9269,MEF2C,8.42018257309174,8.69398869088805,,,9.08109740007236,,9.47997506809337,8.50720231763205,,,,,9.1652650101149,9.00002010534286,,9.01857412131421,8.89057682220386,,8.9248713045451,,,,8.70736454938903,,,8.71594844706151,,,9.1782819022168,8.60519993858149,8.4084828043655,9.55395840838939,8.05269353485404,9.54797655657731,8.61167678411432,,,,8.98771335698507,,8.82022390261021,8.2308915025629,,9.34429740609893,9.10956449605437,9.24896695654424,,,,,8.51655273428918,8.65581222934824,9.44772788077764,,8.76331372418509,,,,,8.51118536332867,7.48746662761236,0.5,8.57312483697268
9200,MICAL3,,,,,,,,8.98937856942613,,,,,8.45514540240447,,,,7.66434568447961,,,,,,,,,,,,,,7.16000259208241,,,,7.65001827844171,,,,,,,,,,,,,,,,,,,,,,,,,,,0.9166666666666666,6.805926198916833
2740,MICAL3,8.12555753519733,8.42470004486569,7.69891292199457,,7.66209342835117,7.49452941878187,8.31086705975802,8.93846303237042,,7.83008762830896,8.45592262588235,8.44522876810776,9.22694487137378,8.79619722359671,7.68037389708585,7.80949647617964,8.27125594208547,,8.08248787059036,,9.2627635725808,,8.30615500998491,,,7.59589303275513,7.87100739075731,,8.26266362870357,8.2090856818444,8.43470386542825,8.95505778702726,7.75566815810512,8.51648678340383,8.17359197399226,8.07442574348001,7.72276527172187,,7.94859194521938,,7.55705933527508,7.60955373061007,,7.99692982497118,8.23889442601029,8.26629829496973,7.56902273147129,7.57173079313428,,7.50199049967793,8.04167797384479,7.82207617657658,8.19901394728279,,8.29906988804993,8.11754325213909,8.17139791908356,,8.24437281994856,8.10560878215862,7.83746822011222,0.23333333333333334,7.948924744744385
6805,MIEF1,,,,,,,8.46964711607249,,,,,,,,,,,,8.24688839049025,,,,7.93018253960294,,,,,,,,,,,,,,,,,,,,,,,,,,,,,8.1762775134722,,,,8.11505286834703,,,,,,0.9166666666666666,6.975785849108596
3625,MIEF1,,,,6.76481697619528,7.87898070367801,,8.02757291905032,7.61807346155089,,,,,,,,,,,,,,,,,,,,,,,,7.70948079481973,,7.70724494883417,,,,,,,,7.63561319551092,,8.17073177494801,,,,,,,,,8.40094431009189,,,8.12856856276851,7.58032142709077,,7.03831617772253,8.00556135424383,,0.7833333333333333,7.246397138559871
9476,MKI67,,,,,,,,,,,,,,,,,,,,,,,,,,,,,,,,,,,,,,,,,,,,,,,,,,,,,,,,,,,,,,1.0,1.0
2116,MKI67,,,,,,,,,,,,,,,,,,,7.21298117220769,,,,,,,,,,,,,6.35920428078815,,,,,,,,,,,,,,,,,,,,,,,,7.51148693889731,,,,,,0.95,5.508418097973287
9262,MOCS2,,,,,,,,,,,,,,,,,,,,,7.15641132931479,,,,,,,,,,,,,,,,,,,,,,,,,,,,,,,,,,,,,,,,,0.9833333333333333,4.069872331324062
1640,MOCS2,7.37835910588275,8.27959288150383,7.67039677422595,6.91215384160813,8.5406279357548,,8.8516022585948,10.0954043622453,6.34212495865618,6.90167228931955,7.59265886349297,8.97082031858887,10.0514865447096,8.8173061919342,8.42196726075626,8.55268348759348,10.2142592387672,,8.40229745181888,6.77734170198171,9.25741241848598,,,,,7.88404235714924,8.52193632984271,,8.57816570516883,9.20946976115458,8.72418760184322,9.53010433725695,7.86346345643588,10.8973277748479,8.65996858181562,7.82728591150664,,,8.98047414305457,6.58487600431885,8.40102809971988,7.05673331571087,,8.42851398006205,8.52401254629623,9.5845207984906,7.07516325767738,8.05325256189366,6.9423986447705,8.2540681169256,9.34819027625186,8.39675109592173,9.41959783036739,,9.58021817184163,10.0756614371072,8.77474272285736,,8.69340240248158,8.40689803843762,7.89393959999788,0.2,8.30657558451518
9464,MPST,8.59094060448783,8.60115069642931,9.29507715173714,8.76005129593412,9.54549478028201,9.91159394319627,8.8340506350877,9.62580479602625,8.23359642004776,,,,8.52016192087621,,,8.83423635867431,8.93687951853579,,8.44402286142802,,,,9.04008264122249,,,,,8.95337085861616,9.00646309986895,9.12625717119514,,8.81945910375642,,9.96281375909794,8.68175913775825,,9.03242958561066,,,8.10850476307969,9.734290205442,8.98348790812121,,9.55596331131069,,9.23619391133508,8.81445457101867,,9.18430658475687,8.84964489729224,9.02275440726779,8.90910347034808,9.06113453786409,,,9.25408360717528,9.48812836682938,,8.72890710396262,8.78365538682066,,0.4166666666666667,8.786000984296443
390,MPST,9.40979371035485,9.68888965979148,9.71005159014226,9.35363263416149,10.1826284947437,10.1697948979149,9.64808083500515,9.83390549136097,8.43381379234892,9.86962487776241,9.86965025081019,9.45593225292447,9.35965526616384,9.52511603341202,9.33687123749835,9.74740553409147,9.40717718757735,,9.22792143703418,8.98774872053374,9.14763098460604,7.13787477650458,9.97632789888117,7.83246620459985,7.3116335428981,8.91305896621635,9.26029478665035,9.30357723694362,9.76890274461675,9.58682106525652,9.75038818742481,9.54259373418548,9.75189483545588,10.2990311063366,8.97954057022391,9.19728352964965,9.42367009552196,9.10775941613072,9.27609629121009,8.03746022734543,9.95140870987485,9.24057927860888,8.35386722233354,9.36855255368362,9.12070488338626,9.74406059277922,9.34628142633641,9.45502434240794,9.50182662430227,9.27534335821528,9.21903509147327,9.29138415417397,9.75787580607037,8.83773564764512,9.60032943826781,9.7575839201704,9.79846258844927,7.85291536219967,9.36063062334683,9.74781452071459,9.57732941728777,0.016666666666666666,9.15979364370548
7553,MRPL43,,,,,,,,,,,,,,,,,,,,,8.05836058399435,,,,,,,,,,,,,,,,,,,,,,,,,,,,,,,,,,,,,,,,,0.9833333333333333,4.520846958663841
7552,MRPL43,8.86555781633907,9.66572168323861,8.16298623016838,,8.85475455738756,,10.0268897710892,9.10971086373208,,,9.03306856268739,9.40232939938481,8.91385097817384,9.97006959764803,8.86589995374697,8.98721977894956,9.18497160594515,,9.99337063445541,,9.11340710878063,,9.08331470008134,,,9.17861832335972,8.8300883072378,7.53282612660597,9.17109088619933,8.93227216354222,8.94449144464608,10.0460713187372,,9.24993856501782,9.03764240492258,8.24806916883406,8.49229078007239,,9.61116705243464,,,8.69718958889976,,8.94858817592074,9.90204802048626,9.28402492881334,8.69470530936461,,,8.66707110934309,8.93642683279317,9.38042662495446,10.0551736999987,,9.6734381016139,9.59841268778993,9.12891390406806,,8.88108174592734,9.44639111207263,8.92115971667617,0.3,8.933887988972115
4358,MXRA7,8.23375738188381,8.7085988996069,8.48544104426112,6.20102801836235,8.3270823705419,9.1283106135641,8.59082714100802,10.4686738053289,7.5011488547851,7.36509407294796,8.15376956933001,8.78462729782341,9.82583256737592,9.07323865849738,8.88931384183832,8.84057565271809,9.70181473067043,7.80459592512613,7.85021450186432,6.31360089638277,8.90780053512277,,8.18982611788033,9.150747686586,,8.34673887413926,8.21151110994917,,8.52248656191635,8.50381929012285,8.83851257465603,8.92569107868685,8.49761262415607,10.0759496274852,9.29708752192354,8.64461220041116,7.58571266595061,,8.40977897051069,6.37069628657455,8.5530379880759,7.68890656783504,,8.56733311181602,9.1209122866582,8.46006622676586,5.55286099272837,8.47753509196096,7.14289441800785,8.59199156199234,9.70711252797404,8.69280551237891,8.62654485898148,,9.13172387690456,8.92263269868433,8.7246051281774,,8.65966176333615,7.7080489364428,8.08498571077075,0.11666666666666667,8.278198113227077
6946,MXRA7,10.9145477421439,10.4529391620873,9.59192899534406,8.45961449216736,10.3047325544967,11.4308765166905,10.631181837765,12.5186689617435,8.32317069530576,7.2305753345008,10.4482149643187,10.3264485675915,12.0255414531765,11.6540726276991,10.6743892483529,10.7229700213569,11.6994147445856,,10.058437655893,,10.4098727194903,,10.2187297644855,10.1503796013302,,9.40907385284526,9.18566911299908,,9.86692799331227,11.0484062064928,11.326138028579,10.8076912190458,9.82413961667117,12.8213324585866,11.6533812489366,10.7216524961235,8.63227103757105,,10.1795089604292,8.3008384289195,10.6762856414318,8.48960830258554,,9.84217726024691,9.8561743320011,9.75832206667695,7.71580912011791,10.3853375069671,8.04144580822884,8.73425156317081,11.9862362904543,9.90224366318702,10.8301588993036,,11.7873663057865,11.1660188504271,,,10.3559210001237,10.2339436976449,9.35398269297854,0.16666666666666666,10.007669416605733
5974,MYH10,,9.13771613592987,,8.93223874743309,8.88752435858436,,8.18858155529633,13.862476194319,,,8.46864715406999,8.50423862154501,10.6090885218874,9.92056083768215,9.15095656990614,8.6891007033025,10.1090636625208,,9.82042808804848,,8.98016887644017,,8.52531378973187,8.28402352256529,,9.16384308026568,8.40582810837841,,8.48435152492799,8.81922742228585,,8.69086050624052,8.59395589961285,11.4297349786889,8.62464174388445,10.6697572873544,,,,,9.40238057860761,8.58474566852805,,8.93864646965397,9.36646961475162,8.13136982779953,,8.83943812832342,,8.52409819144543,10.8501728087088,8.12447868849065,8.57756293342717,,10.7628772421665,10.1960375813543,9.69290327693848,,8.8983101232585,8.89863136777039,8.83240619981671,0.31666666666666665,9.044988649014508
2064,MYH10,8.53531610517541,9.68507687647551,8.77712018945903,9.68692081229706,10.0517402336864,9.30866625467068,8.80209036259912,14.2590466831048,8.1312773133864,8.27148784378917,8.59930766699243,8.20619778378439,11.2259426630526,10.1834499799881,9.52174140206954,9.5634288776109,10.6200036604879,,10.0703507699822,7.34667890257569,9.09611167193438,,10.0706943029674,8.45457777826424,,9.33680676139258,8.42262805505909,,8.64720557391422,9.49292099669186,8.07714626637012,8.62406986212986,8.9376732306177,11.9938732106674,9.50839957807415,10.1964037900293,8.02561382617184,6.79605010616723,8.09233710278178,6.76990617298523,10.2992415196388,9.45729488279627,6.58917578591223,9.05127459974991,9.31926942876532,9.08714926306542,7.61255902757914,9.06020120758323,7.93337764687146,8.10281224051401,11.8671001018814,8.97702731804383,8.44566119591638,7.22656089972445,10.7631828805305,10.923530121789,10.5134536395067,,10.1516772290295,9.6210493341547,8.76446610277797,0.08333333333333333,9.048256148596318
9047,MYH11,10.2675643624276,,,8.32480367571846,,11.5128926430752,,13.1719092462159,,,6.7261073354614,,10.2121249362224,8.66459874514066,6.61864567777301,,,,,,6.38296808762654,,,6.14553170873223,,,5.89256024916656,,,7.98301915952932,7.85939105701023,8.07355884873699,,9.83726838535821,9.27055974723703,10.0987671650546,,,7.54784080301698,,8.37475181005771,,,,6.75742102955403,,,8.09857107405096,,,,,,,7.08176073256301,,,,8.95114863818822,,,0.6333333333333333,8.009544960383607
6568,MYH11,10.5443994315505,,,,,10.9389467390098,,,,,9.24049906375093,,,9.08034853386115,,9.69916409465458,,,,,,,,,,,,,,,11.3637644634542,10.2713744312866,,8.87509922820449,9.93195638140061,10.5302584867964,,,,,,,,,,9.48821402258387,,10.1188173676678,,,,,,,,,,,9.91063972612105,,9.57456768544955,0.7833333333333333,9.271927396969597
1129,MYH11,11.9561644902864,9.64464478474702,10.0873441795951,10.4987019953521,9.95601159588936,11.9709538803976,8.04511574260066,14.8595958784039,8.9538221547176,8.79806302299419,11.324850949246,8.47160431400023,12.7572365909292,12.0324074362924,10.6560017537002,11.0517079093177,11.4901625784958,5.64405821005313,10.8132845147169,7.60645942567352,9.76726245135909,5.49150308114282,9.762298539827,8.66585284892301,,9.54892167116078,9.06861630779651,,8.39503242014355,11.0651331373347,11.1045367789649,10.5601891819195,8.73766671364472,12.4485026232347,12.7049893913987,11.613372725558,8.43541658482859,7.28813040686022,10.3254145039928,7.33102848176393,10.6815797024993,9.38911145839668,6.68023604679889,9.8835467813039,9.74064539394262,9.71373348715791,8.48937707768596,11.6647581453625,8.38876946642838,8.81636593120491,12.4475334507481,9.34555142425338,9.36167183350063,6.74071668917123,10.2546269367241,11.4383021175974,10.414999317954,,11.2346673895114,9.52408733838001,8.82956250887168,0.05,9.656305814904638
9188,MYL6,9.7721996237888,9.0643062869057,,9.25867104187765,9.40250702755721,9.97199995722047,9.29967053639629,9.23656400798129,8.60150517853989,8.82609067279134,9.06311943103036,8.33362092055593,9.16671733401264,8.93275169445138,8.61641626639051,9.02637918494305,8.97298853097229,,8.99359047504137,8.70552702168993,,,9.03434068004337,7.66928704221291,,8.89062080372018,9.25168206054795,8.56310489741478,9.07549455489535,9.26427448310134,9.54008559792248,9.51489423986214,8.84324132441175,8.52238025967251,9.76847115895152,9.70013900579601,8.34386905849184,,9.20360285317148,,9.34381539602959,8.63149163953304,,8.71700641297743,9.34408237427209,8.71738138052647,8.63871733909581,9.61223932129318,8.94051117671453,8.97332294660781,9.72239063170371,9.26869946651487,8.32362534127977,,,9.17798085423039,9.3623785144084,,9.45232068466952,9.03202315026886,8.58717675882592,0.18333333333333332,8.853728206217154
473,MYL6,11.8197325194439,11.8031429957916,11.0620915474506,11.9418261935405,11.8109604490632,11.996210776237,11.3964074617374,14.3152629794036,9.93062129376633,10.6428936186471,11.4434869326313,10.7375907619257,12.7876526711701,12.3771197177254,11.3110030225845,11.5092581348894,12.3242329825684,8.1776952972833,12.0644208249426,10.1060017681483,11.2821165867173,6.75925789044333,11.1073882268605,10.6002805386447,6.08081073404233,10.9566589762529,11.1621471041415,10.674487230603,10.808105504759,11.5267797595508,11.9010168676541,11.6562853540595,10.9051269000687,13.1566937103253,12.585750984395,12.2539127316259,10.330878799874,9.38257268311363,11.3371452063979,10.1103513365167,11.8823580446798,11.0860767317313,9.07077038796705,11.05694759163,11.5258564899487,11.3334777359609,10.4397458115718,11.773619010426,10.3775299503386,11.1152258225197,13.1409006541076,11.4297693713133,11.2501975962689,8.94245539749319,12.125969108378,12.5682214975635,11.963887387755,6.74473257258346,11.9259656584104,11.8365753648897,10.9815139995189,0.0,10.89979414328866
8824,MYLK,8.77515783188477,,,,,,5.70583188084333,9.48730792573899,5.67597591116968,,,,9.07844462805315,7.49919789499603,7.108231248052,,8.92611298693804,,,,,,,,,,6.05879493308536,,,7.41239783457622,8.997277738666419,8.55422916395356,,9.49634498669418,9.55922923340852,,,,8.2890235997984,,,,,,,,,9.0156986053255,,,7.3628940439162,,,,7.05245240008471,6.99828773005979,,,7.970700630307,,7.43469384958246,0.6666666666666666,7.540466375805533
329,MYLK,9.16507978401225,,,,,,,9.83325623311938,,,,,10.6509673330847,,,,,,,,,,,,,,,,,,8.35414164347626,,,10.0975968671925,,,,,,,,,,9.14190574122012,,9.09899529863359,,,,,,,,,,8.77614768034504,,,9.23885914115252,,,0.8666666666666667,8.450948511654529
1513,MYLK,11.3832578119723,9.34766810143367,9.47472968025129,9.16786362618588,9.6865380509557,9.12136434086085,9.30110905168501,12.1860645561737,8.0215600759352,7.59050982440244,10.2134525860287,8.40714082432439,12.1354370052684,10.3972394535285,9.79561739182415,9.79554269065901,11.2594559880072,4.71371723487936,9.91852934823185,7.173823086303,9.63358357808038,,9.35123318591242,8.31010820894363,,8.97042379590529,8.66384103275787,6.34088004676593,9.43047482393127,10.8056498595176,12.211678598322,10.4902259784739,8.04857628183251,12.1457135505378,11.0142289558704,10.6626935281874,7.76018373566028,6.4418561419494,10.1775095726344,7.78083236456003,10.2724685387858,8.60452977851299,7.11724293058043,10.0322254049819,9.44430546580003,10.1404294932541,7.76330306788568,10.6532565956038,7.5307651816463,8.99144220623768,11.2208270301366,9.00668779030616,9.45764958955895,6.72909405312244,9.58215793669351,10.533226211222,9.87809463095209,8.78228860819567,11.0798361859856,9.25794909486822,9.11954443866877,0.03333333333333333,9.17250362242564
6810,MYO1B,6.10972849700082,7.73963613020348,,,7.28025278103547,,7.96164701796804,8.30091520315388,,,,,6.77393036200484,6.51966030033019,6.87439612821221,7.56715680804627,7.24480811006467,,7.28905482037195,,,,7.70576277310208,,,,,,7.26287834681692,,,6.71837999074859,,8.87625809235778,7.7496876729775,,,,,,7.56657845227932,,,,,8.18280130332701,,,,,7.39480364574717,,7.3563386196492,,6.41916308004448,8.13931932143562,7.98753816487404,,7.61736571846003,7.70885258861257,,0.6,7.233487417272931
1359,MYO1B,8.69728739619442,9.38698498776077,8.27524831116724,8.3381878552304,8.91639666995791,8.44280691013333,9.48798054625272,9.46978691889436,7.77217487221798,8.58553159558811,8.54314461953645,9.48957456073181,8.81017243757475,9.43969288950147,8.75285692187296,9.09577548411646,8.90411082705173,,9.42783046902162,,8.35340707773127,,9.47047861326546,8.48923137934148,,8.8707322747639,8.27391289544851,,9.04970648646567,8.76790412426109,8.66425349850468,8.9571736334282,8.91229418388158,10.2978968816228,9.14911335353059,8.49880629898477,8.13819294103977,7.60468085960298,9.19404029351113,6.50209776684383,8.66104817411916,8.55529992228739,,9.22215682053815,8.80702091758792,9.42929472393479,8.51153437552278,8.11542511487238,7.68224756349174,8.20950592167704,9.13548719745079,9.03102977344578,9.55280960993099,,9.31024401981103,9.69706237984279,9.36407915816062,,8.93544169534027,9.06997017311258,8.71196217738905,0.13333333333333333,8.650323254541252
320,MYO1C,10.8511191196707,11.9777026867621,9.84148821870642,8.77191347138925,9.62806624353479,8.97757228134041,10.0888063240209,11.5024113399744,8.05274514929632,9.86048957243506,10.711368895294,10.3214841558415,10.695904144046,11.6278227306827,9.07758223916905,10.1998126361901,9.91070280003466,,9.39533897592692,7.30209357939032,9.0661761730085,,10.2111115378549,7.88891151369457,,9.87369741645716,8.8063967925417,5.40789596170904,9.75067293333707,9.85664567669068,10.5593207631547,10.1941715142916,9.48181385586227,11.171479775659,10.709306634529,9.37692555811176,9.01718433985807,7.61855609954368,10.1555261908326,7.11058295067912,9.48538585609939,8.85626743423656,6.31550661048683,9.97747239066127,8.96245019231174,9.85474050393086,9.11700730869374,9.65562960515597,7.06226992707914,10.0375215190387,10.393266144785,9.58607883372252,9.76217764539421,5.71512822856001,10.9778177451341,10.0297146962874,10.1073278262,,9.9043502189886,9.67609861081632,11.2419033829286,0.06666666666666667,9.315516885596983
4598,MYO1C,10.4791190533191,10.6354648058207,,,9.80870133575905,,9.92824178860258,11.2927328839385,,,,10.0721238521304,,10.5832054584694,,10.2806520478975,10.2284785290213,,,,9.81630911726385,,10.2004155984912,,,10.0422388213934,,,,,,,,11.0672835468403,10.7175410133155,10.0893237730204,,,9.89040227722861,,,,,10.6143888538542,,,,10.3418454227767,,,11.1042295644304,,9.83576178984207,,10.5863555437524,10.1674011340791,,,10.386295747101,9.2023775985124,10.6962897576366,0.6,9.927522410447104
8130,NAP1L1,9.07151706996946,9.65900553077354,9.5665241932158,9.18153355833544,10.1925063689717,9.63012277501852,10.304420365775,9.63368263692867,7.969515934224,9.1358704803543,9.00482943146764,9.75448541649789,9.55569660807753,9.69628415023514,9.84445632725946,9.9015104786332,9.69994471163318,,9.95607695662963,8.75185093487486,9.86690400714908,6.15527320944656,9.76173283639094,7.17374616118698,,9.08138471677663,9.94826095170183,9.50260701645483,9.89759682280637,9.73439114246008,9.40736707189401,10.0757558046853,8.77173254672925,10.0933483749039,9.49766489797889,8.42758315762799,8.88626818705942,8.44077330371352,9.94994877672057,8.64975434300725,9.80772849651148,9.40690626558996,7.68854389054205,9.88767114439238,8.9359762826837,10.0996018124302,9.48692488268012,9.05111645729331,9.13131053356816,9.43440032551523,9.19628529819088,9.48502426292648,10.2293637438968,8.14278287310729,9.72410669193495,10.4765141453829,10.0897413378684,6.75578952132388,9.71601553198223,10.0529742409278,8.8074267835533,0.03333333333333333,9.159321153275148
567,NAP1L1,8.13334924784136,,,9.47718901826893,10.4583908009911,9.19583823991775,10.2858920111084,11.3402858054961,8.82267017488815,,,,9.04313067548618,9.37302625397679,9.21641398940575,10.0679749726439,10.4854114613409,,,8.570880894671,9.4237328770611,,9.34898953792634,,,8.64440245435205,9.38854074604887,8.33480844088999,8.42137450500307,,,8.95877170275136,,10.9538248175778,9.13762305075848,,7.64888929143377,,9.02476668249218,9.36584669604711,10.1296207474575,8.60408710020636,,9.29532728178697,,9.83244709631669,,8.95423286347357,9.03326969674073,9.08185879256684,9.44932118158953,9.44829238964383,9.8081129253261,,9.47161080340655,10.7116222715938,9.88737376655687,,10.1059845299995,10.1632865063186,,0.35,9.232878076338013
5068,NAXD,8.87341719728254,9.23761574255067,8.90147115533975,8.67686342572893,9.42943453719361,8.94912189247495,9.21214214082727,10.2672987459106,8.08885626075209,8.41247631879409,8.86120333212215,9.65349387667693,9.40765828017526,9.54847442304118,9.12211276553742,9.28535987813257,9.99496729728502,,8.74128553071401,7.81057097089195,8.8884223450145,,8.98550878423489,8.32772534929177,,8.41656145939129,8.70021440126716,7.66455999855654,9.12975029884502,9.11232778063041,9.1777912165556,9.55272639523961,8.64282446137406,10.4477395940846,8.96906221882585,8.40525764512453,8.10081498830823,7.56466223712702,9.17677147979249,7.25587781804883,9.41306490376471,7.98037698506736,,8.79803947364188,8.78274610103966,9.09437570424052,8.18339760911525,8.65192035766561,8.01015345074998,8.38557604450835,9.40740419109942,8.79269122299981,9.37106400936671,7.33646956489088,9.36382339238805,9.7040350826736,9.22170982351129,,9.13709956892355,8.96154400428788,8.63958240565692,0.08333333333333333,8.704239504906884
9490,NAXD,9.92913696338289,10.3132348940091,10.017205779887,9.25824532455206,10.2112718892626,9.47188314554403,10.0710479657393,11.0072553956565,8.47691872739277,9.14036387641273,9.61011999473764,10.4359751832477,10.6712663488943,10.4839167386878,,10.0769741411127,11.0427863117249,,9.56574491808938,,9.71682817967502,,10.2480243409616,,,9.03040341769147,10.026857981408,,9.79162566970837,9.87905204344215,9.95356895927228,10.5303038659116,9.49362810173023,11.6594626031165,10.1369507377697,9.21572404786444,,9.12498455275079,9.66999157850998,,10.3462305777301,9.05121077217833,,9.70433982906031,9.78112541396588,10.2573554086938,9.59825578829675,,,9.15898092473279,10.3472253614619,9.63876358163683,10.2377417602563,,10.2419754495264,10.8379931553897,10.1783603270198,,9.96694276599033,9.57461473089555,9.76314418783535,0.23333333333333334,9.728706597505662
9541,NCAM1,8.33092921008842,9.86425402140982,8.70901222230713,,9.26339621006096,8.88361877620508,8.63382317102572,10.2256964453137,,,,12.1579632880062,10.0179338255359,12.1633982189465,,,7.90838458972603,,,,,,9.08461256282865,8.55404725856208,,8.33869045072981,,,9.03896207121766,,9.44263466841869,8.72225994521336,,9.02675713039886,9.28911798284499,8.87636951581453,8.60618023845755,7.38769792908411,8.05775180691717,,8.3144093200819,7.64961551165467,,,,8.10261729615159,,9.27655653093444,,,7.86303667986002,7.99020945443144,8.15395972570122,,9.18688782587563,,,,8.17114275766995,8.3541827355974,,0.4666666666666667,8.660055964656042
1356,NCAM1,9.32225623893245,10.3296601184184,9.30566257843764,9.02506756649337,9.74218083932149,9.34901450708245,9.16821412822507,10.5026004421171,8.47903557937463,8.52278179052463,8.61789661407154,12.3841727601928,10.5525911661711,12.3997226694767,8.40426549203774,8.75698781087674,8.48264017834109,,8.03256511853075,7.29618730097355,,7.68151178886588,9.68350128789789,10.2318153063662,7.67992048720677,8.82740808671607,7.87373109065971,,9.38621137892734,8.82035385688217,9.95028381903298,9.4294572525413,8.51510759487721,9.81675401710387,10.1071890949662,9.43774787221217,9.00521172686793,8.25487309693145,8.55578517055951,8.26714662105928,9.0435266207209,8.56184327176927,8.08393675441052,,8.07914524545621,8.97167814216443,8.40007354858049,10.1502522087387,7.2436284263752,8.41997898034714,8.60662063011251,8.54604993016682,8.51671186565544,8.40871734003556,9.7152949030575,8.00560251650704,8.51110730022936,8.02688427067661,8.7617183292296,9.06357259771958,,0.08333333333333333,8.822766650457622
368,NCDN,,,,,8.18435721234515,,8.30677369471695,,,,,9.20204606038882,,,,,,,,,,,,8.3854747197033,,,,,,,,,,8.37660150076911,,8.04813925534388,,,7.6154729149241,,,,,,,,,,,,,,7.90402348519964,,,,,,,,,0.8666666666666667,7.432172834450845
853,NCDN,7.58583548912771,8.21799572981301,7.55966333820943,7.78886238835485,8.50080570829951,8.26112375845164,8.69221210727094,8.6044753517226,,,7.12627062343564,9.90173559912062,8.23029868548687,9.51179306085633,7.69976806047449,8.1299297376424,8.43693368208904,,8.126096067935,,8.22699448384743,,8.08379832358501,8.2785301028754,,7.53248554465677,7.79070653111078,,8.20950662151043,8.45347791047365,7.98073742553017,8.31326581452948,7.55985782923441,9.19224803259583,8.06395631173601,8.31968610246537,7.0683382323806,,8.58062390729396,6.34607252866939,8.56462413576143,7.33993521135841,,8.09607307866766,7.73515880496998,8.45823210664694,,7.79551134131196,,7.62108824234564,8.25104740165609,8.02663296431863,8.81769367147013,,8.23690586321828,8.55388432017662,8.23813074863553,,8.25340391080041,8.33284823587724,7.10136262473694,0.21666666666666667,7.967238519380742
9063,NDRG4,,,,,,,,,,,,9.79157904800552,,8.76779784378729,,,,,,,,,,9.09831488351476,,,,,,,,,,,,,,,,,,,,,,,,,,,,,,,,,,,,,,0.95,7.151922943826893
6122,NDRG4,,8.94176277154853,7.92512303663718,,8.26036354739199,,8.31510009992421,,,,,11.1323260881312,7.7355404655897,10.8283544535823,,7.32035365381451,,,,,,,8.48603728235357,9.85802555112888,,7.6537059093926,,,8.30291812909479,,7.64014749049489,8.58913387278199,,,7.99094780443751,8.8528581767946,,,7.95732562231596,,,,,,,7.76829511702196,,,,,,7.88612258108384,8.03463456690426,,7.88071127544934,,,,,,,0.65,8.091353977085175
9364,NDUFC2,7.34307089722668,8.19377849853686,,,,7.77218734251875,,8.51745856803012,,,7.00230158621379,8.28605137841971,,8.09559599603573,,7.55073293881888,,,8.23231152155368,,,,7.63787318788338,,,,,,7.52640631689065,7.79307637526186,8.07022131152292,7.680226976251,7.45337727574109,,,,,,,,,,,7.06450364778909,,,,,,,,,,,,8.12409754321429,8.21674675814258,,,7.67284244742426,6.92839855743277,0.6833333333333333,7.425076078050738
6440,NDUFC2,8.97080372085892,9.66269840805191,8.28336735406715,,8.82569746615479,8.76384764398656,9.59247858208284,8.99685270886787,,8.75367515325194,8.37737098210428,8.81284566232258,8.79107770160465,9.84176689575806,8.58423971567709,8.46300544648157,8.66939657039323,,9.59907262163981,7.28668596907868,8.90711588468751,,8.82718872166159,,,8.55546360675463,,8.40788949645376,9.0377876494097,8.73741497423385,9.44711852865629,9.33535984025512,8.39962224966265,8.85771545538411,9.17470451778996,,,,8.83367229008813,,9.18899562426318,8.40627211378711,,9.0895740279498,8.73413889343433,9.0066893179958,8.44869562402715,,,8.27079823153404,8.80628174019009,9.14721911306216,9.27049608459535,,9.43028712639848,9.07080894113442,9.17810981045779,,8.60270985125477,8.53428180953188,8.7993468292661,0.26666666666666666,8.668366753380209
8733,NDUFV3,,8.32422230649868,,,,,8.31615842011605,7.19678975920376,,,,,,8.61067859180877,,,,,7.41445315852779,,,,,7.06836964970314,,,,,,,7.6311748100111,7.27267064694828,,7.28815397691247,,,,,,,,,,7.12578438277107,,,,,,6.79128664167582,7.11535758073954,,,,8.62238134767762,7.12487086065771,,,,,,0.7666666666666667,7.111267919994564
2350,NDUFV3,8.97138116894602,9.32782166070371,7.66923119219636,7.55304606170792,8.64843808915562,8.2270655598819,9.40089494253322,8.61697843731794,6.87591087146896,8.25151849523661,7.89540884114571,8.6389645215176,8.51104176235693,9.49789008262639,8.38367782890186,8.75154031263603,9.03834622500962,,9.26355422499973,8.32843446063507,8.68266228866154,,8.79571872669426,8.63986039728429,,7.95213590548681,8.2673644674629,7.98777791789316,8.71600437549234,8.67315676002379,8.99919755583619,8.77439452993257,8.53084208568403,9.06724649741995,8.70305691153699,8.33172666661668,7.81710006436858,7.07566819948154,9.13544254143686,7.69073618378321,8.64345141230243,7.7389861924473,,9.10864980265137,8.52922665229516,8.87096544873085,8.22468774290504,7.95263080228235,7.65320371279831,8.41741441070533,9.02366127658841,8.8936616395321,9.04598485461103,,8.44702860871817,9.00782915519594,8.37779098330269,,8.49569361427214,8.54123799784904,8.41248109572765,0.1,8.33098983723713
2380,NEXN,8.77372586470821,8.28880313620167,8.9806373708897,9.13543585113673,9.11122290312723,9.45976456807277,8.97792486785178,11.3778633188204,7.6195104000099,7.61273490827821,8.32261088968738,8.11293683991063,10.9262917410335,9.81209879461775,8.99087356560211,9.2924339476154,11.165639519433,6.29146219019738,9.60885286327195,7.03329216288852,8.3579467392304,,9.0353014352579,8.17808023557202,,8.358081109148,8.24837736711327,7.50721834516146,8.3170973423774,9.49044835011361,8.90497936074265,8.23160441266672,7.75735192963922,11.6091538772538,9.30567653194005,8.5990077459213,7.51822433812916,6.64671343815711,8.93578631230606,7.8729307126427,9.62193560960722,8.21316796452285,,9.11648371256018,9.0240442846054,8.97261375936888,8.04122519415207,8.98412587842116,8.05479822988913,8.45176222600303,11.2535822489308,8.05570440200772,9.60408036903712,6.44396449348948,9.55851712836645,9.93207041768292,9.61468953248333,,9.56654727801672,8.87133943450006,7.18629301019471,0.06666666666666667,8.625052302851312
777,NEXN,10.9554999351458,10.4338856447501,10.8730582004935,10.6970724621756,11.0629597451889,10.6075514394401,10.8281995859322,13.587916693924,,9.28445614587659,9.63313145471972,,12.6348412569947,12.0158720011296,11.1926742008284,11.0644996626273,13.1531170686291,,11.9772150530501,,10.2481015187304,,11.5825516090316,9.82373660621926,,12.5756690211421,10.4859880189009,8.92294588682599,10.2831065030329,12.0208969543138,11.3966306391595,10.0257436840449,9.42706803385611,13.8459067739907,11.2829837838696,10.8405648404737,9.63180670175415,,10.7302871596141,,11.6361093803096,10.1554511972095,,11.0779812562701,11.4851876145395,11.0335745505678,9.75090891460009,11.4451865903353,,10.3582142390301,13.5526405210841,,11.3178977942234,,11.7994505255198,11.9922562690678,11.9591131163812,,11.4932875753471,10.6461664912409,9.07975256119599,0.21666666666666667,10.857714241964763
9377,NGFR,,8.99712939016712,,,8.30045980623186,,9.67370402967042,8.40521717100026,,6.91145056099094,,9.16504167131431,,9.78704075527077,,8.79314101854801,,,,,,,7.92492663951748,8.78726402920459,,,8.07373851686498,,8.5192606106103,8.26229923030313,8.0369146398123,8.21233977936842,8.17898392171395,8.16059203531087,8.93773036334685,9.26393729747707,,,9.04090880664266,,8.2082166020079,,,7.80408040211565,,7.86671382449511,,7.53775102774656,,,,7.66092183565784,8.00646902592628,,8.56282358968674,,7.60288433484799,,,,,0.5333333333333333,8.11087152583392
2053,NGFR,8.01074520036896,9.71234326421905,8.66124649756535,,9.81148352157894,9.28033445698337,10.7129944806197,9.01828959318675,,8.05125832014185,8.41291573792979,10.6525267846766,8.02418761744891,11.002147739649,8.71915210835538,9.68448272019281,7.20161547477993,,,,6.54273560411921,,9.00092039444563,9.62709226705042,,8.47818875113309,8.77496171212022,,9.86314429318761,9.51384916113494,8.38841945710096,8.82520601543524,9.14839354907178,8.83745845826633,10.3620689651515,10.1374073775055,8.39078258078445,,10.5741897491496,,9.10102127589958,8.38441782729423,,9.14536844540442,9.00097251519055,9.38895831756943,,8.90247866883046,,8.0349526605083,7.25361127830272,9.06910097828253,9.57765970670063,,9.79531810508255,7.69594293846373,8.76841811505562,,8.03444808752885,7.6482301323491,8.08219234376473,0.25,8.77267147933068
9121,NHERF2,,,,,,8.27508193719172,9.42350311043602,,,,,,,,,,9.1760726706177,,,,,,,,,,,,,,,,,9.79007156375024,,,,,8.38814347309284,,8.79707453407843,,,,,8.85980005552107,,,,,,,,,,,,,,,,0.8833333333333333,7.949135084752669
102,NHERF2,9.09956076272131,9.96449887782439,8.38381200062679,8.02034323079677,8.94226818043309,8.72219659276974,8.91307402792393,9.30769891866322,6.59066012497562,8.42186284500129,8.88828612421165,9.01040415665331,8.88845934769654,9.49075324233686,8.58375417000819,8.20382575854345,8.4280156152105,,8.28684448638979,,8.11891421220554,,8.91162322505951,7.21931071415711,,8.12590711264287,7.82497387126005,,8.51031609425758,8.46352712923224,9.14896973183698,9.10545814314174,8.76767554593308,9.28472049989291,8.68870766206398,8.71173039463646,8.24167836319962,,8.33414613639532,,8.71104201430832,7.26642267424429,,8.37449184169301,7.97617480925399,8.61951221586222,7.8825811753284,7.92938431426051,6.98092906434159,7.55066109398416,8.05873186545612,7.92267669315989,8.27791080277129,,9.12669867678958,8.43720875203551,8.67516671038691,,8.14889628834909,8.09029422374785,9.17420496863363,0.16666666666666666,8.272040615436335
9509,NPNT,,,,,,,,8.96507621719565,,,,,8.08818510220301,8.0092922568911,,,8.07584264442716,,7.63063917118506,,,,,,,,,,,,,,,8.07527699422101,7.38316597575031,,,,,,,,,,,7.29903222870127,,,,,,,,,,,,,,7.32099011516325,,0.85,7.169750070573782
5414,NPNT,7.53764030596855,,7.32698611053651,6.87478904088919,8.02848426390233,7.9036172515474,7.61763033752555,10.8776610132505,8.27719858801257,8.17211487395202,,7.69530020217706,9.15058404877623,8.44714721316499,8.11125881590567,8.38825993929219,9.32195662989241,,8.70094356659818,6.99370587367309,8.33431914259953,,7.92967935253168,,7.11066546872068,8.04094583519997,,,,7.97719859692182,7.30529030819565,,,10.1805436056012,8.06096199076841,7.52127688585274,,,,7.293636626029,8.88795241715681,8.28272279443664,7.67570278852508,7.96159309717278,7.98012256941585,6.88988848701245,8.11947477899511,7.71400748014314,7.84830401723539,8.2107872141627,9.62794337778293,7.9806051489639,,,8.47450777924382,8.7333031119374,8.24346960695956,,8.28790121291247,8.45479146216434,,0.2833333333333333,7.984058324069779
1023,NT5C3A,7.74348984819303,,,,8.78731600302309,8.36163302291633,8.54338222872881,,,,7.66494507867722,7.33052175232974,,7.49573112600379,7.4630238927561,8.42527556119384,,,7.57075378536134,7.79772078253629,7.33418430638901,,8.4096094067927,,,7.7806519627261,8.01708319987174,8.36426221426064,7.89102360159583,8.14397379639677,,8.88868613626252,,,7.55133729890699,,,,,7.68857211256939,8.31973034705013,8.43672055295489,6.33412677360308,8.30435397171426,,8.47237981879266,7.67867325590646,7.64832780943451,,,8.26835793315873,8.62021670434004,8.39180457080611,,8.16670629352003,,8.10954056100965,,,,7.86323597164513,0.45,7.781584171565703
6326,NT5C3A,8.58106118567422,8.40950382497298,8.38200887895659,8.61998158234171,9.59453522678028,8.99626006758148,9.42375002759903,8.34436970440765,8.28324374147772,8.77520372019011,8.65619101418372,8.77399328451279,7.72666596447356,8.68165135777664,8.44040750532679,9.01208379141128,8.23973090534711,,8.19455613472635,8.6090563018638,8.44312576494678,,8.95216640864773,,6.06357489709928,8.56126610996023,8.96848054316016,8.77204510414204,8.86532527398859,8.20125033629117,7.89803436201192,9.62829746042796,8.01824511662803,8.659947536538,8.41194521289403,8.51852110724812,8.81488197773381,8.3952164925343,8.56837063707091,8.36769646809434,8.98832962235896,8.95492026223242,7.80481728396678,9.06888769023679,7.39113106032982,9.23147832883235,8.99449908342223,8.71838583882615,8.49280285843242,8.69302942022135,7.78469065261645,9.05738996302231,9.23156190116583,7.23039102336203,8.79771555104623,8.85471417622069,9.25792753216535,6.01363734804154,8.86340701698814,8.95168850457454,8.64790180162516,0.05,8.385360185569562
1150,NUMA1,8.69592214294093,9.65788919678055,8.57780218763644,7.81888900285292,9.00985963718229,8.38914956404801,9.96407064597769,9.38319539557485,7.11916010693892,8.44365933187748,8.69370560238226,9.47602384918238,9.16239881920584,9.4979175543505,8.47039992268928,9.13176736972519,8.26729575000902,,9.35484220547534,7.37658964272366,9.09924446229514,,9.12719062037868,7.8726997481574,,9.00133680048138,8.51523854466612,7.16528731766015,9.33763854776728,9.02233841068877,9.19864723837072,10.1485588281349,8.77043449005978,9.00931327529569,9.16261182181732,8.5239833837193,7.98843037628278,7.28312581231904,9.0180172459145,6.73081989592713,8.40233056457596,8.05816780667223,7.056996401839,9.3420796924338,9.48367011536399,9.40185775624083,8.53835633266675,7.92771440607343,7.06274977422094,8.32794811174916,8.49542057697729,8.89740155179692,9.53341950815254,6.21139772555441,9.39623625172001,8.85426663441629,9.0838230152312,,8.55534806124225,8.91226598547466,8.8494405465637,0.06666666666666667,8.477668247196153
9085,NUMA1,9.49299616534333,10.8738268001074,9.72628003567861,9.13354768893233,9.79664891782113,,10.9959792115778,10.7784034867526,,9.34757478849679,9.74761079994151,10.7206868655824,10.5732896357007,10.8871994607477,9.39854368459873,10.1603760102969,9.24814036577681,,10.1174504847886,,9.94427189001421,,10.2441575132217,,,9.65763533088097,8.6847741871684,,9.95322715312447,9.9646119804744,10.4766944739007,10.8976026834125,9.78162792181712,10.2405496587656,10.3429755296339,9.4779244406984,8.77492244105078,,9.95984831526028,,9.64442774671948,8.7826393664093,,10.3136682487614,10.068375828,10.6473737270233,9.56221455043052,9.44596047823948,,9.12464003032742,9.53891619054109,9.63060546220332,10.6006306552487,,9.88907166929899,9.48777980012153,10.260621896826,,9.60276357127595,9.92916352943103,9.90871033035751,0.23333333333333334,9.71441017384621
4867,P4HA1,,,,,7.77463551953849,,9.61781488966488,8.1833882250741,8.02522832754618,,,8.20174523947266,7.69831403953616,8.65316319701928,9.6921051993023,8.80207085785965,9.72924585844196,,10.3163047169665,8.39062305083756,9.90062173614803,,8.40374359057203,,,8.40411434232501,9.27277100568125,,,8.66313923710696,,8.54601163623138,,8.86889768061831,,,,,9.57320493178241,7.71958475620113,8.69219217190458,8.59134338444999,,8.68457811495222,,9.66783521013054,,7.76711525689116,9.30005710290403,,8.81558827735461,9.32606080178584,11.3259913023675,,8.5850316804476,11.2589561756926,9.000147023911,,9.07465937655322,9.13016096859515,,0.4166666666666667,8.724253098681471
2265,P4HA1,8.12696732666127,8.65862173270489,7.72118195247918,9.04706106416137,9.20164974231982,8.6602645840584,10.4839136987967,9.10430651168644,8.96891281266774,8.0808105916651,7.80344404344762,8.8253752113096,8.37369765948033,9.42604308764947,9.8569924791092,9.5497588179977,10.0668423411443,8.20695388566187,10.9042517103898,9.59273825552621,10.3329825043636,,8.93474927039307,8.52638169523417,,9.36772962023262,9.46074822471475,7.77296387534068,9.25280451255153,8.972981858675,8.51108282591141,9.21111198354138,8.57145416173071,9.34370492409525,9.42173804597537,8.44939232533626,8.16650253047288,8.4038066866329,10.3701204935844,8.62070752008097,9.17680317292175,9.24777904493652,7.81396563365055,9.40684284407173,9.25249783016465,10.0883204651325,8.2089064224642,8.38812581986208,9.58767215772718,9.19085906610242,9.41183039793497,10.0961223095382,11.5396494553718,7.8117550675876,9.25544392720131,11.3613759707105,9.90497414861247,,9.92701225353317,10.513827811705,8.10024064025906,0.05,9.009617028976038
8370,PABPC4,,,,,,,,,,,,,,,,,,,,,,,,,,,,,,,,,,,,,,,,,,,,,,,,,,,,,,,,,,,,,,1.0,1.0
3173,PABPC4,8.89960859933479,9.65738146083306,8.6935335287127,8.80823411418844,10.1381256447946,8.49258386894043,10.8054969214553,9.45415757106866,7.62942684934683,8.445177853879,8.85041988527645,10.1162900695358,9.31681797431539,9.62534930275963,9.6321269044412,9.73617480674629,9.17744093646591,,10.4549192934604,8.63811084407615,9.7532878420833,,9.67737810041518,7.68193671794292,5.51837922099485,9.57423421697541,9.1512089024892,7.42673343510001,9.95610045123824,9.60588896113687,9.42893650559593,10.4347105343789,9.19074847966,9.79101730490124,9.51284153450803,8.58941915773888,8.13110939558282,8.00279086482994,10.3004672459399,7.41275590027706,9.88686402899178,8.67049707188341,7.30695190604616,10.1178948830379,9.91731096821855,10.3256726763796,8.84619502560673,8.41851042205604,8.46689879534458,8.96661286844666,9.0069640514494,10.3252593294753,10.7924985019307,7.71318292386501,9.82369502886045,10.1227743194275,9.98900594213937,,9.42284620616384,9.75334352953197,8.94198147952582,0.05,9.028908147594237
9305,PCBP2,,,,,,,,,,,,,,,,,,,,,,,,,,,,,,,,,,,,,,,,,,,,,,,,,,,,,,,,,,,,,,1.0,1.0
3442,PCBP2,9.96156020492769,10.6455578143957,9.73967866819207,9.43739335886473,11.1245022952948,8.88853967142132,11.3574199997927,10.9110360046946,8.78090936577217,9.63281764388516,9.91739484537867,11.0091169741508,10.2701083698196,10.7961515929831,10.537922017312,10.8818529111895,10.578971819225,6.52637849380841,10.3838595258881,9.12062977864556,10.9108175364402,6.0550388861391,10.7446488118096,9.17950524605109,6.02845378007031,10.1315816889909,10.6068275035669,8.36303875537681,10.8325741976028,10.5781056526577,9.67888364195427,12.0309499459754,9.46264458521346,11.5351982466132,10.3820095739542,9.81705798039157,9.41687950029213,8.93751307393435,11.4622661172129,8.51661101867126,10.7487296832838,9.70530562533362,8.0440390026077,11.0300030367748,10.3501760679578,11.1078322805562,10.1157220268978,9.73538018679733,9.12721054026725,10.1186708296348,10.175721419135,10.6994964130308,11.5756747946077,7.90144405501328,10.9130677144355,11.3396334586495,10.8454614166353,5.50192651403052,10.338862858881,10.7139809801208,9.99475399916439,0.0,9.758917045859787
9170,PCYOX1,8.95563208696836,9.4586568174247,8.67653660682698,7.76894130692576,8.36287806656131,7.77884023424052,9.18056226749722,9.70429171823364,7.33343989691663,8.39612308648044,7.98206571228813,8.089152025458,9.44351735008944,9.10625425013162,8.75032492626085,8.95032234574968,9.64662380018148,,8.97885940599994,,7.74917521222311,,7.9343856333577,,,7.92008511821211,,,8.46945717660071,8.36776907935324,9.13265222640107,8.10364190351635,,9.96742787599205,8.7246444775843,,7.32215372745261,,8.25753402125541,,8.86586596034812,,,8.07829339149924,7.95009878968689,8.91944846075299,,7.39000009580952,,8.077589633253,9.02180281723453,7.96147874556513,8.5482013323637,7.42201134521235,9.32294278695119,9.22179786426825,8.65619712102136,,9.22658570608257,8.36879531736123,8.61099260093977,0.26666666666666666,8.343668553427367
5405,PCYOX1,11.320898734349,11.9005078259302,10.116650192353,9.77702158434295,10.5693912757679,9.685708228083,10.7696110926548,11.769391757403,9.18359978746269,10.5698114272997,10.7721334319178,10.5141649694012,11.3271244335688,11.4840571595014,9.9819423297769,10.4867837324488,11.2685412402051,6.90333072049336,10.7650686129441,9.30266815988615,10.0553450771518,7.33715057376888,10.6334199793531,8.58333245583613,7.67994926021821,10.2999021498008,9.38717463046125,7.11731381455758,10.3903732427925,10.2029863535326,11.1696816429931,10.6737140531414,10.1772678118409,11.514750278016,10.8778324020245,9.34191980644833,9.65185569732065,8.5426354082325,10.3729045634525,9.26032922751889,10.3294434750833,9.66291053998751,7.7034409697056,10.3001768554935,10.2005640602759,10.6867872939617,8.8633584481953,9.80454011710203,8.62412862582276,10.6146307212549,11.1751946549044,10.6267182580208,10.5059704956456,9.15861106044756,11.5455486504882,11.0020074236243,10.5053389365654,6.22029368873686,10.5855045129487,10.2829304062625,11.6548408788922,0.0,9.843775187923303
9321,PDCD6,9.04600533015196,9.17545368050966,,,9.30585459730377,8.95202089120005,9.57276804128437,8.92463688571254,,,,9.28297019892786,10.0228997163822,9.21912356512497,9.32641727397122,9.16115633549417,9.9616028578527,,9.32059490002435,,9.43925413160157,,9.05785284771629,,,,9.16734886379559,,9.41124195876935,9.17512794856116,9.17606259211762,9.64065263670318,,10.2046707899456,8.83314705376077,9.66848159386157,,,9.31887749573366,,9.11309061309352,,,9.49847208015261,9.35492176889425,8.99347344541451,8.81363808456299,8.65163620926596,,,10.1094657892415,9.26578603106038,9.55128173429538,,9.43153263938571,9.55409019623512,9.47083374955472,,9.24203981035976,,8.38372175393478,0.38333333333333336,9.08251405513523
3105,PDCD6,9.83201932009749,10.3735835724896,9.66352298656662,10.5363277119263,10.587969299831,10.3545496004458,10.9786768253405,11.8738920155571,8.72609768358995,9.56508245798948,9.27104092047521,10.0937899443662,11.1504092301605,10.8033149295253,10.139585991684,10.247909631795,11.3210966989215,,10.7572676834892,8.19486356615223,10.0056057815018,7.34911014158107,10.3405723536114,7.62954879108687,7.49494444835259,9.94041407551044,9.96617897042992,8.92866240356985,10.3027366474333,10.1117510948024,10.1333052539506,10.6252104331114,8.62222233865666,11.537418075513,10.2682557116214,7.96001663359878,8.88413414626241,8.96917182334491,10.2256683207451,8.60420279948941,10.4046903842494,9.72557693837773,8.23110150792147,10.0442810733673,9.66937154159449,10.5962246356527,9.40148568497684,9.30323362635258,9.18174473299023,9.9952125182199,10.7316016009785,10.2068062637052,10.7529553666042,9.37770845688342,10.6481474737186,11.0431362806197,10.7988547463963,7.5331688377195,10.0464590902574,10.7608447961717,9.12958833709509,0.016666666666666666,9.668949525916629
3977,PDE4DIP,,8.66944412597557,,,8.56465202454,,8.88624302991766,,,,,8.76781981719436,,8.7998060985892,,,,,8.82595901693863,,8.38905131174534,,8.30997780647871,,,,,,8.62527547571985,8.59556363634496,,8.79314008827205,,8.38748633285146,,,,,8.50589886312447,,,7.57554688815045,,8.54515272837448,8.50573663251366,8.42408429889769,,,,,,,8.76021764660802,,8.76771274777002,8.28630464368218,8.1314141689035,,,8.59707927293176,,0.6333333333333333,8.18899565168945
8825,PDE4DIP,,,,,8.47735316137976,,9.29831531632075,,,,,,8.47932784082949,,,8.89637009086062,8.79755365688288,,,,8.4722244456147,,,,,8.48942716222603,,,8.32681160631977,,,8.85390850225832,,8.53967650450198,8.85685696257204,,,,8.71723790585079,,8.01039999436152,,,8.3034540242052,,8.69668696314087,8.0161081750475,,,8.45552479620165,,8.80862158768595,8.83692630076041,,8.81082491853816,8.80105460804443,8.41014646844833,,,8.36885387616182,8.19698517361357,0.6,8.260826001673061
324,PDLIM2,8.59821225105671,8.04492473003828,8.32724820419564,10.5190091603895,9.85724494317886,10.2762577005648,8.99088939207341,12.2102348751241,7.36912491300898,7.797514803983,8.8908915182482,8.54547634595651,10.5765169220423,10.7206425240219,9.65966858116997,9.72962665770117,11.8613968249448,,7.61834044433271,7.73853616493567,8.14504112431692,,9.08752393732779,,,7.84186933828429,6.83155160828119,,8.0916711111749,9.48553097226199,,10.0152850971596,8.1914747008617,12.220630184955,9.94652069319181,,,,8.88220645777055,,10.1575661006195,7.71132873419139,,9.0250038624482,9.32189537599555,9.47294029718349,8.14786263004039,8.47983883868937,,8.19284907233777,11.7458674222309,9.01418205018702,9.59016688674742,,8.7650506747399,10.5505184339341,9.80532694432796,,9.89044514147253,10.3434023393601,7.73218405511332,0.23333333333333334,9.056438555839316
2882,PDLIM2,9.03990169376862,8.81756582942245,9.69691167021531,10.050870000985,10.1380877767837,9.95046678766667,9.55425464613729,11.2715322993677,8.41849936387115,7.69677443445171,8.96036131518093,9.2404079206898,10.6815913056921,10.0409885824325,10.7518294178159,10.2927834062439,11.6421224936461,,9.25151010968428,8.03448073842313,10.3027232733899,,9.5707360402004,8.95468934695004,,9.1948848870222,9.41617537370789,,9.62333563051014,10.1027424519481,8.62477345870233,9.92376113636768,8.17108274210274,11.9948718591196,9.70121769800981,9.15455134359281,7.98090050584083,7.22868250945841,9.56421706823548,7.79592513107335,11.0577364811355,9.01571336941618,,10.187122976869,9.11661006969381,9.80151517815274,8.51607472778456,9.02880771069797,8.2726724152401,8.66196936638818,11.2679163052363,8.84124676751303,10.0891719462451,,9.62550710298918,10.7737158368439,10.0839084229508,,10.6293349294799,9.78230980743143,7.76271268615887,0.11666666666666667,9.341241135589529
8742,PDLIM5,,,,,,6.5322147370024,,8.07060944585819,,,,,8.42943118998118,5.49608677338133,,,7.04722301943883,,,,6.45482826966621,,,,,,,,,,,6.970432571723,,8.47700344147086,7.99259330015866,,,,,,7.89044269672639,,,,,,,,,,,,,,6.02669962066022,,,,,6.80478307310599,,0.8,6.691719087628713
947,PDLIM5,9.12527606058458,9.31603034008285,9.42036329715993,10.697401644527,11.0646129850626,9.44691734450155,10.7139117873552,11.6577897895128,8.51699610574201,7.97479080663757,8.64269536682656,9.47986435898846,10.9274608265118,10.3844857556981,11.1786090758582,10.7706549829341,11.6144035686414,6.84298272809594,10.2299788770204,7.88647053806405,10.9180632998558,4.16235243789481,10.4841854867169,9.26594042468953,3.6136536425945,9.5023933939681,9.76144266711961,7.27798802617998,9.98857163180984,10.6626496513184,9.32823744107703,9.82886873173455,8.16550633254524,12.3493312760649,10.163141223117,9.19362596343164,7.60251318667901,7.87092545824219,9.75842529531849,8.18216987251015,11.5589862923682,9.35749152315194,6.13788611451715,10.5813775024378,10.2240940437457,10.4345752691834,9.05006387434894,9.11049221249983,8.93494060342986,9.15731025909157,11.3584225444533,9.50016912215826,10.5492846837314,7.94496057196062,10.495449617615,11.5283851243089,11.2208372619457,5.4909149490472,10.7998903130446,10.660564157386,8.27268879630968,0.0,9.29860967965284
9345,PDLIM7,7.9025915217916,,,,6.46752254301537,8.42581585547623,,10.7588899445032,,,,,10.1307577301516,8.92674898098481,,7.6370408749756,10.0202749407655,,,,,,,,,,6.37885477778028,,,8.33856506680702,8.56409486124048,,,10.3937003958553,8.65516787841702,7.74943214525508,,,7.42440482214382,,7.56964937351337,,,7.63549178451474,,,,,,,8.66816267197123,,,,6.95151373301054,7.49185544281148,,,8.02149535052258,,,0.6666666666666666,7.946481230494377
2812,PDLIM7,10.7852585352907,9.76562851179837,10.5172100045103,10.778613734036,10.2626710179684,10.7254998115143,10.2176422474179,13.388621641402,8.73190856178304,7.83999298019531,9.97879588207546,9.00449986575347,13.1349541245583,11.1424931227689,11.2385113025963,10.8204797058396,12.9446647739602,4.42865652846405,10.5578762780297,6.97266634757153,10.3978741686371,4.8793447238659,9.79520769583033,8.96051734523325,,9.81048654063073,9.99102737047819,7.33458659177297,9.77833979008435,11.451513829858,10.9737269151372,9.89605387677841,8.35989256929569,13.3171270716181,11.5715975468706,9.85929234363985,7.98898548239236,7.19359804304942,10.4024408348915,8.52870758468436,11.165200664457,9.30165261891507,6.14529906281035,11.1257081228915,10.4004031112891,10.4542330558389,8.67769088733942,10.588336090946,8.91294317578263,9.34255288596766,12.2417180840728,9.503545890658,10.4609093057892,6.85025552185754,10.0306103818659,11.7089698415501,10.7754422559839,,11.6430700052444,9.93584516107319,8.10655548368691,0.03333333333333333,9.666881045904141
7071,PFN2,8.76434884853888,8.37100190233875,9.16270724399922,,8.65365833262937,,8.24407314047119,10.9247615211072,7.49573049126893,,8.08068573465406,9.56799388767041,11.5921891211914,9.94801214408247,7.28725359482907,8.13892407470048,10.9009117971896,,8.53830327707868,,8.02278389867629,,7.86064363813259,,,8.06969306600988,6.9322846729407,,8.57984119446411,8.86496856181903,9.57066413840604,8.23338416186763,6.7134128248832,11.2358514488657,9.05905375631205,10.5156431352861,,,8.48649290016552,,8.84241980880939,,,8.6619315179776,7.0569160971301,8.84189984984248,,7.11706715687352,,7.91887801235597,10.0555527226683,7.89934478309357,8.96444689589385,,8.59097973659913,9.18641298729293,8.86042467588467,,9.34413500628031,7.90323782573976,7.05308478298791,0.3,8.503433849313238
298,PFN2,9.49446655264179,9.27253388572388,9.75552441542173,9.84624142050856,10.1015503188478,8.62641243573463,9.61984676907779,12.3773389253799,7.95529802553147,7.39697719382339,8.72747864017104,10.6286093607201,11.9553231181737,10.2632840484568,9.8737296801145,9.8502697562247,12.0479386815894,,9.66728489879527,6.05675321486002,9.99412612120263,,9.58430355008023,9.64675621150943,,9.22750090257952,9.2941522106527,,9.44850267846857,10.1767636403917,9.91389120246712,9.41346097897991,8.6625962221472,12.5778516706092,9.79937565930038,10.342922372709,7.75207695194844,,9.71238680029417,7.37254302484161,10.3158307045767,8.33250326651818,,9.87451777163912,9.717970425693,10.2409694681869,6.47013624324351,9.38784378484305,7.34931014303016,8.56651986774361,11.4054529035554,9.23691240304372,10.4096755133222,6.37244517329321,9.80020810314397,11.0296699015411,10.3249340935171,,10.4949066713326,9.6155971982807,8.60667796182853,0.11666666666666667,9.344636171339554
8204,PHF1,,,,,,,8.00750025541705,8.60395135365218,,,,,7.66181369434439,8.2290213582991,,,8.13021500054393,,,,,,,,,,,,7.91610711224347,,,8.6239158794389,,8.46708663467576,,,,,,,,,,,,,,,,,7.64535703612042,,,,,8.37476247035458,,,,,,0.8333333333333334,7.499369466220283
4275,PHF1,7.06889251157598,8.11597353800342,7.61131167697942,,8.13755993181519,,8.82320601050894,8.5748601819105,,7.31639498262757,,8.22997652287254,8.32738928931844,7.96809681665226,6.65028319579677,7.7412491691171,8.12611467293272,,8.04651245861538,,7.7171626760389,,7.67618193321055,,,7.88935704862015,8.12676889609754,,8.38282453893359,8.00331939793901,7.86895308792844,8.8356091853041,,8.6572453086945,7.70705389839948,6.75398343764627,,,7.7020148257788,,8.10963548178129,7.33588444386768,,8.34118687049412,8.30442622721226,8.76357051693432,,,,,7.91038180925811,7.82358393463326,8.16179610873735,,7.9912643670922,8.10009788557755,7.97023372326998,,7.6563346643857,7.68021310428645,,0.36666666666666664,7.782171243229195
6305,PIP4K2A,9.70721457369966,9.92885382019555,9.89554809209577,9.01896541833258,10.1363487501944,10.2504387178745,10.0768478577146,9.86612376936577,8.54159824241431,9.89158076684977,9.57448427298337,9.37335793446942,9.85830897444327,9.70545284033715,9.46292683247039,9.69245145364395,9.50236892543258,7.43393808709544,10.0515521940638,8.62360667821271,9.763893041804,6.54678436352344,10.0422286111702,8.42571067873474,6.7376176662569,9.35604885763715,9.82928226996728,9.81988566697907,10.2802464833453,9.90758993989884,9.96011240952076,10.8094220729598,9.76538863873279,9.86182978717517,9.65931987917709,9.32104743756896,9.79516708688434,8.58474428861192,9.97863429651676,8.31502945386019,9.70168941839001,9.64710236410491,8.19804590554656,9.51786677267433,9.83488179830035,10.1895796585555,9.79105386740222,9.6091322817309,9.24222396408317,9.1331287542333,9.31254742160772,9.45206117129318,9.92281188081974,7.88025372580223,9.8260187015317,9.98788268593375,9.99002816266218,6.87702827348586,9.49306116869009,9.92998847368817,9.65330762346623,0.0,9.259580830041248
438,PIP4K2A,10.7365742673923,10.7349911853311,10.9856946714775,7.68983841011276,11.467641530351,9.04496218248107,11.0536408091157,11.2040441401094,9.67054368065125,11.1119724292927,11.2944728193294,10.363366146597,10.6306121840214,11.2231391791439,10.9500236875577,10.7649547598174,10.9333024514301,10.1544427505781,10.960382766707,10.2584033148049,11.3185107476329,7.27773384907686,11.2441621835731,11.3129555055426,,10.8654723284142,11.4052926799495,11.4619409930739,11.4232510267575,11.4440153240773,10.7499267883384,12.2636645506176,10.9493303384177,10.7902014443043,10.3789108764601,11.102598220805,11.2808813916267,9.44849901804791,10.9095705499099,9.28877777589888,10.5073339244135,11.156758514668,9.16011828817295,10.9849515610077,10.0122580127495,9.48921761363639,11.233069845937,10.0908861828247,10.0726597117871,9.02778024448052,10.6555699196305,10.6764078455974,9.58889049588312,8.29350088548495,10.8752253596536,11.3183915166355,10.8318744572321,7.5765137097302,10.091630087585,9.57446586362632,10.7446498596205,0.016666666666666666,10.289849087640949
4750,PKM,10.5966550070797,10.22737001937,10.6906849236643,10.6301583946018,11.2642795713175,9.65626248263094,10.8957096093018,13.2454164840249,9.64844505733118,9.09201458828665,9.96292654823295,12.0548263114941,12.6288973921967,11.6843587666239,11.4526268263754,11.4949234399872,13.0160232519345,,10.3204870357443,7.97542156633835,11.3620518979644,,10.0597984509824,9.1629399651276,,10.3401199013805,10.1335444336325,8.49499747313474,10.7664878397751,11.4783350325473,11.7647955678726,10.6776704980289,9.05557827734817,13.251212712312,11.3145820293068,10.0211845235684,8.69003722582064,7.09971758559742,10.5445227285102,9.28170054704488,12.013871328489,9.92475529592607,6.88786924849206,10.8323542308165,10.1004604720126,11.3537100994544,8.90760115989978,10.6590406026261,8.68202554455189,10.150884713932,12.3604020115994,10.2545313475816,10.721409945028,9.23822779702984,10.8707248293657,12.3835168151492,11.6029943931234,,11.9404912563742,11.5622729883102,9.52426393766676,0.06666666666666667,10.341722520061516
2352,PKM,11.2084886932873,10.9485258716549,10.962389153045,11.3631594589396,11.9158675109505,10.4706673723848,12.1410045639158,12.8633286512405,10.6780975341312,10.5112031292482,10.6027774899667,11.8747821421142,11.9473526560217,11.6135598885575,12.431440506759,12.0151511072914,13.0695571623873,8.47796426698469,11.7891753665865,11.1548147783978,12.9586662501434,7.53191306265874,11.1570643567001,10.9545868829469,7.5256402265721,11.2367382808682,11.8224383244819,10.1896432870487,11.7284290536805,11.7469889167506,11.4100987922919,12.2031250170537,10.5799139239344,12.9953760811366,11.6162457757694,10.8318882794826,9.88084991031348,9.61448583075787,12.1310004180462,10.4830613848213,12.0658801952692,11.1414541788495,9.51669317610457,11.8296234937344,11.9004600510831,12.44760147266,10.6149398706835,11.0570971407867,10.8965619070966,11.5371006886843,12.4147768538735,12.0039318521224,12.3872244421934,10.3159867024427,11.9976397351315,13.3258023762929,12.258948072644,7.00123616070829,12.4645864817172,12.4926371400344,10.2688638948142,0.0,11.071606861523973
8241,PLAUR,,7.66332703712344,7.68788591372958,7.66965023126403,8.20194212132241,7.56938816046871,8.78727036710004,,,7.74657515846338,,8.04934983054871,,7.58092409203089,9.04090677189905,7.69499066221324,,,9.14595248242647,8.45753740080341,9.67329261590636,,7.84488733167425,7.61658611990118,,8.64066928175932,8.26421470909213,7.88106268877444,7.78650500746939,,8.17884182894507,,8.04485368064236,,8.46260485495333,,8.07081686052354,,7.80521936394899,8.15895909162129,7.99787425732817,8.80834735077337,,8.62669353343343,8.40209150151029,8.20512413364735,7.53030051231025,,,8.74355398789824,8.20615215981459,9.32327476607128,8.17245516974221,,8.07291559927403,9.73057004133285,8.61086654465494,,8.33757452904326,10.281360552624,7.20648838157847,0.3,8.099531550828878
8680,PLAUR,8.40680100162998,8.64860550960809,8.49949099385396,8.91096646207661,8.75665355319833,8.64219314875175,9.60758608144465,8.31034647250141,8.30355819557737,8.90852171309,8.28516024394249,8.90606406960912,8.04182134347514,9.0469208268634,9.28538786444243,8.57588913953223,8.12715301261358,7.88592351962181,9.8822165147206,9.45770467116526,10.9027094566456,,8.33343939043965,9.06331341369511,8.20773459499406,8.87548038586893,9.36328300854104,8.49913578702115,8.79022425504576,8.52677782376788,9.00676345969894,8.47926002211194,8.89967313830013,7.77468117197563,9.48882086331469,8.69418094102391,8.49233629288682,7.62727641174487,9.17798440448148,8.56502196123635,9.05656426254375,9.52911755173959,7.4679798773038,9.41887413641181,9.96344544839369,9.72127239535455,8.32516289558725,8.58406595847894,8.20822407534239,9.31717808068267,8.52961198926957,10.2554496249292,8.92217931685252,8.56754107429323,8.94310385068986,10.3546758416058,9.69854453869872,7.53220518218817,8.93211994130646,10.6760842320058,8.03688191844891,0.016666666666666666,8.715120149627925
5833,PLCD1,,,,8.36207726718885,8.00953659687528,7.44351357789686,7.21430529195489,9.47965511481358,,,,7.91770146775551,8.03788888647011,8.0025980249041,6.65116237609745,7.82038453059269,8.59865427120449,,,,6.8056813562997,,,,,,,,7.03068744855637,,,,,9.28737528791636,,,,,7.21639859842193,,8.04620824803992,,,,,7.33244316637833,,,,,7.97592628598731,6.53988592466931,7.08950723132081,,7.7116229320074,,,,,7.27202429875018,,0.6333333333333333,7.412111805105859
3573,PLCD1,8.67685970391947,9.24895214413218,8.61193345658574,8.78800694194528,9.16678025866455,8.25229228096174,9.12985119739739,11.3547976245869,7.53587335987298,7.29496047365128,8.36422322247685,9.31347528277235,10.4116319197106,9.78068184728801,9.00939524270544,9.11015458389032,10.4056663802385,,8.3391426037525,8.2176336905234,9.05326161822413,,8.65121349981643,7.84092229960365,,8.3377958074663,8.45752346193813,,9.04456037379149,9.16466630630486,9.07792571262267,9.37998590597681,8.34346086355354,11.1256171226842,9.10391141913726,8.45382419469617,7.19729059109038,,9.04024731694665,7.06023473400004,9.22360793242581,8.06185963460225,,8.94233369680568,8.60355176731785,9.08150030735647,7.30062207186788,8.10720371469629,8.03685952388877,8.47371028922771,10.063771502063,8.71898204921104,9.04086340293807,,9.50277176594773,9.90756481554107,9.18689073970507,,9.2522973772084,8.97389767741772,8.81964721818527,0.13333333333333333,8.699984199221662
9689,PLEC,7.33046853671862,7.22234563164559,,,7.28143221156704,,,7.68246841359835,,,,,7.66827496741645,7.41693384290117,,,,,7.39206115590806,,,,,,,,,,8.00012663206451,7.49775631811062,,,,7.52878648437529,7.77783406824592,,,,,,,7.31614406934305,,,,7.32538466432046,,,,,,7.51135717195915,7.6953728626076,,,7.37283481501285,8.08220366335255,,,7.54890125693838,,0.7166666666666667,7.16871582755743
288,PLEC,8.39176035984429,8.17012958484726,,,9.51044331803133,8.49626704628265,9.7278620789226,9.90513876699331,,,8.4239349236246,8.53047884473642,9.59823815327157,9.18638881499178,9.18527071207011,9.03481854219929,9.66008866756823,,7.9687438199796,,7.79592207583804,,9.00879638396487,,,8.16955373643354,7.66635634770118,,,9.18787478586856,8.56571871427807,8.60133014277123,,8.85472336350259,9.81092009441115,,,,8.44780036241351,,9.08809097469355,,,8.75347507634856,8.82545542713401,8.97989338017286,,8.86496657577164,,7.97478729220954,9.95405387960839,8.70030256352136,8.9270576922636,,8.8244785900791,9.61545462995481,10.5564732099959,,8.78788455647047,9.82597424879255,,0.38333333333333336,8.725486334501346
3414,PLEC,8.71846440952867,10.1780661673626,8.47134539098097,8.45268242686163,10.1492411732203,9.01964040778311,10.6124197675726,9.23462600435905,6.95836501967985,8.46902662798488,8.89940388027861,10.4501366781573,8.24509512081635,10.1987279894989,9.19159334342585,10.1800201951015,8.89394396634773,,8.495675252718,7.81958809397529,9.06698195918071,,10.1412963842727,8.14754889863287,,9.65889318339364,8.61877018094883,,9.21991570042023,9.38361581566428,7.90799740123185,9.24782515475703,8.79488421896671,8.95495565564411,9.64127618554846,8.29413123372227,8.47909462670008,7.3035083769703,9.75450734274019,,9.8864845191046,8.85664247694474,,9.18851974770129,7.04803055038802,9.92777814073136,8.66677762815633,8.70738927543284,9.16870584739812,8.63120377885738,8.17024819508548,9.12985236933152,9.98213402251456,,10.8241264171108,9.65085299600268,10.5833536322732,,9.39234763693615,10.6951410411846,8.88652310931217,0.13333333333333333,8.944608387598452
9573,PLEC,9.10948825243279,10.1193126467507,8.94695024064227,8.1310983793207,9.68315188400195,8.45166878783396,11.0745887406744,8.36501177111577,8.39190721847481,9.03333473460113,9.46484445189503,10.0815147944177,8.489632618716,10.2805476983309,10.3423698814792,10.2954854259214,9.76762671059226,,9.84215739772732,,10.8164455284735,,9.79576155624631,,,10.4536973046099,9.52367325886418,8.65990190823334,9.79150726563718,9.55021451549636,9.16517384922908,9.82280054315532,8.56531901110375,9.21680626115537,9.83850972627856,8.59758459520094,8.99750803612167,8.56633320050943,9.85366514436843,8.44759677825611,9.65435822869989,9.58996484224196,8.45933611030775,10.0950797667308,9.46967443711984,10.6194408009311,9.04199431212499,8.89786692207915,8.89072431043267,9.051088775446,9.45801520709222,10.567955247375,9.99445503884134,8.20819164869709,10.0702043861146,10.4087605568744,11.2609252307708,,9.90694452178151,11.7897222211747,8.572096090741,0.1,9.35510000947294
1212,PLEC,10.0810975642355,11.0273421988967,9.85449841760943,9.04365120058974,10.6854941335342,9.30759465126038,11.6962936194571,10.5296366033197,8.84893255003566,9.51822904171092,9.87199048858299,11.3249718261013,10.43274255006,11.3584307833432,10.2447139228577,10.9956001288999,10.4673460195234,6.5020397176702,10.7167164529087,8.85163783060825,11.0704477224452,6.09040356619251,10.798283636732,9.29534966683618,5.58728550266471,10.7883481476505,9.99408846173524,7.83290797861089,10.6495654380439,10.5603458040442,10.3441200918786,10.5310191382542,9.8669238974029,10.4060268612821,10.8051093693265,10.0048427246034,9.14300678599915,8.35803334093067,10.7032273356321,8.45770972223782,10.4880629076653,10.2074875078829,7.50206311380784,10.6505274296664,10.3667189212306,11.2439213816267,9.45077753638635,9.50344714154622,8.69311279992575,10.0857416164662,10.4771106397025,11.0450874745529,10.9214619414071,7.86495135620643,11.3156932285205,11.008597521427,11.7818379241228,6.32913668685794,10.6812521546614,11.5550617221967,9.71686398334185,0.0,9.728751185552026
9412,PLEC,10.1785659301069,11.1515155192074,,,10.0967871010749,,11.5959223742851,10.3644183061544,8.55368170441127,8.83177144819939,9.97931709977749,11.4241021210797,10.1605662520369,11.3465157645566,10.517047094365,10.4822060716634,10.3037495538938,,10.5451315520183,8.72811584162282,11.2364659241771,,10.8273495279462,9.81300027570223,,10.8531096714917,9.81241278494096,,9.34367568349066,10.7828973428244,9.2908012997083,10.5984105458295,10.1949657885268,9.91598142975221,10.7671540349364,10.4179252533304,8.93448806438264,7.88681323651825,10.7964147753293,7.85792636164278,9.4529202247403,10.2801416113015,,10.654555668461,10.8854788848008,11.4819000583366,9.23869853304643,9.30852443777747,8.31035042816876,10.0474966035939,10.1009012348318,11.0905493035248,10.7294101990848,,11.6291072116534,11.1952274908786,11.4714138145526,,10.3886130467558,10.1892403075576,9.72324304483286,0.16666666666666666,9.995197619126314
6873,PLS3,7.46001464300084,,,,,8.87110633889655,8.51068722261158,10.2582061639219,,,,8.28664690175616,,,10.3762952396652,9.5113711416319,10.0004915129401,,7.20734755273445,,,,,,,,7.67375556937393,,7.67724155812875,8.6389676748666,,,7.38138664189001,,,,,,,,9.92545415764419,,,7.8522213245454,8.09296701627847,,,,,,,,8.63091413004161,,,,,,8.08515314496822,10.1138207357405,,0.7,8.304949159349237
589,PLS3,9.58944131280703,10.2665448273988,10.5422384427674,11.3651303962077,11.4433698751373,9.67750498222231,11.1283515156796,12.4121423665856,9.58918307589291,9.31198127934624,9.51779872955673,10.5704570043169,11.1852607595005,10.6153263762291,11.6115239340135,11.5537497411624,12.7601474803807,6.7815152726252,11.1089564641403,8.70450301814005,11.8663857255845,6.61872198031696,10.3568057357928,9.96571297681294,6.88211597379542,10.35307447665,10.8840712170725,8.74064730616947,10.7944637305965,11.103462041123,9.87933972897613,10.7456773704311,9.81938668420391,13.8783358036915,10.3095380813914,9.605346547136,8.91085802581035,8.56941472249068,10.75918463149,8.90124197474589,11.8485727534744,10.0260613438811,8.53276504040938,11.1965517896519,11.1687327069466,11.576244834987,9.89501309399203,9.66851111411195,9.2518760440749,10.0385496724523,12.3804639080823,10.7839699359804,11.810272554762,8.76423189154542,11.4331808740328,12.6820810618119,11.5788188150313,7.5626948310434,11.6177317352499,11.7263754995349,9.67108149276144,0.0,10.201692643760682
4754,PNKD,7.47607734837692,8.2928397350223,,,,,8.64283270106644,8.37008723439938,,,,8.46423836674545,,8.0493436572567,7.88515627566201,7.22954822328644,7.79274486790729,,8.28179524567897,7.28235272789469,8.14558851461316,,7.45320103211272,8.1780639263508,,7.29259108324517,7.37845224777906,6.88173960179685,,7.84049847620924,7.25826471549439,8.768609418609,,8.06560417968905,8.18350822185156,7.32667840419484,,,7.86841577238614,,,,,,7.987806767466,,6.66825008300315,,,7.53276761149151,7.55146395409525,8.95198336959963,8.82561101723399,,7.08425785830887,8.21168248073817,7.63087496168074,,7.45271065865402,7.90316205928735,,0.43333333333333335,7.6333159652612474
6955,PNKD,8.24097491352825,8.83853891469183,6.74673831084696,,7.36056467251783,7.66171708054095,8.10165726635702,8.58335340298633,,7.56273430433023,,8.60892742712688,8.33781507854917,8.74697293295868,,,8.12014450827198,,8.41333608302664,,8.48163148400516,,8.12185832985137,,,7.83677218619414,7.53763171101155,,7.73383053394925,,8.43664261354991,8.79923915572722,7.80834759079013,7.85693281166788,8.37377353501359,,,,7.83393656617735,,,,,8.37091397911317,8.57926730824398,8.21082095330603,7.38272456851244,,,7.50595094771579,,8.58024322291268,8.29415556612484,,,8.323210132831,7.81850195780337,,7.64061946473902,7.02036281703837,7.37445873204637,0.4166666666666667,7.8172498004776605
9537,POLDIP3,,,,,,,,,,,,,,,,,,,,,,,,,,,,,,,,,,,,,,,,,,,,,,,,,,,,,,,,,,,,,,1.0,1.0
6956,POLDIP3,7.38580750788945,7.58178587532423,,,8.1532540563182,8.07234725356859,8.4452277897759,7.9342440842325,,,,7.38357769825318,7.47387004414816,7.82504150708596,7.92146653369663,7.94817509508728,7.42446348965918,,7.35880406418889,,7.93427218817929,,8.30461859792323,7.68284641635235,,7.83726171649288,7.91720057289357,,7.82213626744837,7.83311189732668,,9.02957400326425,,7.85469107013939,7.91498993008606,,,,8.2534159981051,,7.95244918410516,,,8.28902819120916,,8.00189430192154,7.57235198782617,,,,7.00073078295582,7.48429245549464,7.96435921404816,,8.02867448618653,7.95989855198439,7.49099797353788,,,7.81351246624391,,0.43333333333333335,7.654225687954187
8166,POLR2M,,7.21406614724835,7.63622235250299,,7.576512816257,,7.71895421606559,8.97630235793258,,6.24454321789616,6.73732906857406,7.9677499808579,,8.18804693268339,8.08572437651734,8.37525393269167,8.16042487047726,,6.66554678406178,6.87945725492145,7.25376704503772,,7.57359957697267,,,6.24227807651558,,,7.15693971476426,7.12884643543231,6.63309954282925,8.08111090142102,,9.91088463347248,7.55218765642373,,,,,,8.13446495039984,6.5236103038366,,7.22087701308706,,6.09973071376563,,,,,7.36633267413844,6.37017869919854,,,7.29611350270725,7.31803648557931,7.03640694585749,,,6.66073928006104,,0.45,7.189274660593758
8055,POLR2M,,,,,,,9.62534206947177,8.66042519134374,,,,,,,8.0404912440823,,,,,,8.85794243095099,,,,,,,,,,,9.74113105745404,,9.57219646375835,,,,,8.98261334089517,,,,,9.45645593478173,,,,,,,,,9.24474878534365,,9.1367258650738,,9.48361250526143,,,,,0.8166666666666667,8.468195962923636
7135,POSTN,6.41711821589779,6.82040676637862,7.281119689385,10.7172514623283,10.8759057976286,9.97599776960975,12.4529449033001,10.3107380050269,10.9052035719438,9.77933824817888,6.35936300114574,9.83230812837311,9.12334689129227,9.23156444153782,10.9163715584145,10.1518252011571,11.2297278452927,7.57882667745707,12.0842733833712,9.83903604200132,11.3078271026268,6.83119708659542,9.52009235524265,9.09216371561797,9.08274694457606,11.0557762874123,10.0616715481926,,10.6238690092948,10.4373260239918,6.07270695198967,8.69224725508911,8.0589533301535,12.2750126253088,11.7272240189347,7.80562301503608,7.56592855272503,8.8349586548012,7.07771041549957,10.6663309083196,10.8121942449973,10.5209803626517,7.72043699588374,10.3387317043638,10.4057352351044,11.5098047930968,9.44536142533751,10.6794055043603,10.0393712172192,11.7912824236229,12.2859597851891,11.3813660888705,11.0272104339057,9.99432532545215,13.3221864772798,12.5221597955656,11.633671211879,7.6709506885282,11.1991058836903,12.6066874484473,6.19246856348318,0.016666666666666666,9.756182957680428
7136,POSTN,,,,9.75923204279624,9.96307007656748,,11.3218003883286,,10.3754056561001,9.27358469995577,,9.19493401822625,8.64381632566765,8.73130788762445,10.7421175969627,9.672155770497,10.7910686997983,,11.317465785497,9.20645960952523,11.0871518250825,,9.15060049421466,9.6285206966661,8.14063122236078,10.9744406531434,9.71312598795964,,10.2532767676847,10.0028418660312,,8.53272040173115,7.99707797216784,10.8092763902944,13.8666603809773,8.71079134209241,,8.85931022174445,7.68127090583142,10.3789489418444,9.66509080831208,10.1755945833136,,9.87149034332726,10.4332154599482,11.4946010762068,8.60570033125265,10.1606792583792,10.0170817313891,11.4302958314704,11.6455794870306,11.1530438234867,9.20427744238184,9.58776469008966,11.8247423719975,11.807070543302,11.1621865710278,7.06878158469292,9.96381410175017,11.8998008289755,,0.2,9.83979337746341
1091,POSTN,7.49680060986777,7.44391478436428,7.99367371020741,10.5535912362834,10.8286011406163,9.50303067101158,12.5133295244205,10.3764272005322,11.001146518178,9.06573946179021,7.55134434049981,9.90810147197781,9.58431807783322,9.69927324511149,11.0159179992353,10.4297238373006,11.6957600097178,8.6627543187032,12.6138011215235,9.88543589876795,11.399474020539,7.00412549144351,9.70137772768945,9.82782972256867,8.30611636658643,11.1654129640946,10.4297626376214,4.35756377484353,10.5457032598786,10.7080176592274,7.78314057793136,9.30367628483163,8.77519174587217,12.7151056241275,12.2956990365588,9.24465718334009,8.34030584772368,8.94116610270015,7.84657510185236,10.5167128167214,10.5838139410337,10.3280309158839,7.83142480241063,10.1136510061251,11.2155205066755,11.7760678837384,9.63801316746105,10.5837926514424,10.2113861541414,12.2009639213463,12.5380241244706,11.6082981112534,10.9746866812711,9.40145265361471,13.0341326780116,12.8086836401197,11.686474175459,7.69234409141494,11.3439885972524,13.153770220075,7.19223175945285,0.0,9.92541393765377
7134,POSTN,7.62764180450994,7.19627984539994,7.95461453277442,10.6783123917766,10.4679694994784,9.17292185942419,12.476410086804,10.6323673476089,11.7318425272571,9.77809379390826,6.7887349885839,9.5764469405674,10.1895681147816,10.0241770503082,11.0322111274114,10.5449329449752,12.2027090483758,8.86683251639593,13.2506063548989,9.46727165905293,11.5471428459375,6.67049913159746,9.13268078396361,9.57188045510821,9.74874390650736,11.9296419252324,10.5398602119501,,10.8246268308417,11.2332030187133,7.04882053190543,9.79847053718189,7.90280612147879,13.6212867154153,11.6798002341954,8.53227546526756,8.63225844861345,9.85636180999189,7.92009867402123,11.3880057639887,10.8358589068705,10.8391174419892,8.1375571376558,10.4061174929796,11.5158207435053,11.923092852042,10.1171898112097,10.3338017589553,10.5445023072014,11.7781990146118,12.3546950601326,11.7509364541935,11.0880858354783,10.0624243788711,12.9538707895398,12.6142254034543,11.9808271743869,7.74651276443691,11.4615885062444,13.7481064228223,6.54894475766777,0.016666666666666666,10.139481795376826
8034,PPFIBP1,6.93668811879889,,,,,,7.69126520975889,7.79511602733216,,,,7.70664748852894,7.90621676208107,7.72271523006861,7.82247460492099,,7.9709573783951,,7.53138806124138,,8.37916682553627,,7.29658309983961,,,,,,,7.66864092939847,,8.72869530468234,,8.38248751998606,7.66894037423755,7.59544815010459,,,,,,,,8.43721654020691,,8.24132176608286,,,,,7.87904175458536,7.60771685474541,,,7.70725766049815,8.12114429819661,7.97717405350962,,,7.99051817265353,,0.6166666666666667,7.601866697219048
3785,PPFIBP1,8.17428897952769,8.76643264602457,8.15902563967215,8.16709136404576,8.79327797651894,8.2261845702822,9.34185266818453,9.78635216904195,7.52398455072332,7.8991563274258,8.18032378021912,9.00299106743715,9.79653217560963,9.0151828297765,8.93696492665407,9.01204099855106,9.44510529021304,,9.11080066387301,,8.96064928924263,,9.09213966706184,7.98289078688608,,8.54456787723338,8.28902463427391,,8.64788217731435,8.82442149004883,8.44758067127439,9.26514058891141,8.40383659596494,10.1378675947621,8.83456925791829,8.24176220988613,7.74418749877352,8.12756400239714,8.8404601528015,6.67876911077359,8.65049630887822,8.20428243800662,,8.86400490399981,8.54917677189259,9.27224254261781,7.95548409424855,8.03684089181277,7.624374636768,7.65447646258897,9.08379565276759,8.68560746900745,9.63314542059239,,8.89044760517985,9.19291361615204,9.20144779695871,,8.67198914025732,8.94052160644306,7.58123979351258,0.13333333333333333,8.472687428958386
8681,PPP1R12A,,,,,6.56927119201211,,7.09065683089471,,,,,5.81137820843435,,,6.52833844790733,,,,,,6.49514811615818,,,7.37410083513882,,,7.10001034316923,6.27861416033863,6.81500199394478,7.2526462739478,,7.60260083632648,,,,,,,6.42606572912396,,,,,,,,,,,,,,,,,6.42421055332635,,,,,,0.7833333333333333,6.32509834671829
4497,PPP1R12A,9.43543784014061,9.14377613426418,8.88604924912772,8.78254421013053,8.91272229122787,9.53670994708435,9.40636216539411,10.8039270866866,7.78363553205353,8.17512360185765,8.78727140891469,8.79268694076744,10.7584977609939,9.65583383541197,9.04306873888872,9.2628709316051,10.4439898288218,,9.08464238445053,7.62682578376044,9.19839703296694,,8.89617041708769,8.13621750283669,,8.66812697197873,8.60039982165319,6.89349586485429,9.00295839829546,9.62655926821738,9.89510446627146,9.71186980805073,8.30428848472356,10.848003443416,9.72044544729666,9.13887117949398,7.751585294921,7.24169439906389,9.31794262663937,7.13792817958223,9.22400363132209,8.22947445533809,6.6577146670244,9.45337845056208,9.07465384776516,9.17825580777277,8.286158975809,9.09497025785018,7.54609136909891,8.55581488450837,10.1522369562335,8.72533252173679,9.40767045812117,6.24691749381031,8.9688144442805,9.91284678135152,9.35810457752115,,9.54335407182396,8.98652444350077,8.25052706966876,0.06666666666666667,8.735019443343097
6780,PPP1R12C,7.84630500293168,,7.88479976838689,,7.62056309318243,,7.73949273042152,9.01834159386209,,,7.07043312403965,7.18705329325971,,8.46267787778382,,7.10450820103951,7.6891151351223,,,,,,,,,,6.80696062504955,,7.4313916945746,,8.9147904397856,8.11900249436402,,8.64463901484825,8.73948112690694,7.97467322811732,,,,,7.29411162660821,,,,,,,7.36970956131208,,,8.02819648202459,,7.72686867247578,,,,,,7.56882438362977,7.09202500415868,,0.6333333333333333,7.483521413229853
896,PPP1R12C,9.38808410137816,9.08727572184315,8.3164805236128,7.94838959024413,8.32724775537949,8.67826264219572,8.61161794611857,10.188768914447,7.06439304973576,7.60807780445459,8.75958682089029,8.60903522657181,9.95030344021576,9.35478712861803,8.32438138049642,8.53550013808778,9.27105991444908,,8.24036373821987,7.28340102971593,8.38986355782748,,8.36520258217366,8.0405889761051,,8.27860719142594,7.86006802049005,,8.4027117844842,8.99543386603277,9.96297954488197,9.33287948484594,8.15359351435736,9.87935455142991,9.36321806835958,8.84309219814353,7.56616767051437,6.84687113304314,8.9883391090639,6.53464198404434,8.18987927202477,7.53695619318999,,8.61486134351212,8.26140589358761,8.41673606694274,7.90521963371272,9.00340171974997,,7.99690507309932,8.9656972736936,7.98811472937637,8.83002303313668,,8.63505760969022,8.64710794018954,8.42179868190444,,8.8940946791836,8.3342011524015,8.29331237056244,0.13333333333333333,8.321333056637929
4470,PRKG1,7.7775642779016,7.69677714531536,7.58992310940303,7.94288916933095,8.24569888609317,,7.5179847852464,10.9554241686589,,,,7.15365188883755,10.2144946789217,8.64261628848215,8.79510587770054,8.39303563931885,10.3787405563151,,8.30280745705933,,9.01489435510179,,8.06834029266082,7.82900088182774,,7.53859861617251,7.52617171742488,,6.90057980473786,8.88564742970288,8.35615869132605,7.54894690305384,7.41653053978485,11.3584744233699,8.37245272050273,8.47210239263583,6.19656925954175,,8.20400253226119,,7.81049112187401,,,8.48367893469106,,8.41372746146121,,7.91710014078319,,,10.2177597925364,8.15569074521008,8.4223550767595,,7.89061276316172,9.70393631792439,8.60549865922767,,8.74026243655935,8.54807714623323,,0.3333333333333333,8.213662052208361
3522,PRKG1,9.6765951967408,9.12060671771956,9.45257364768673,9.95685911251402,9.52495807267496,8.64836928240879,9.10445644883875,12.3685031457738,7.80926360897583,7.78543553903273,9.32162249120712,8.42814494425562,11.8249504923486,9.95990441892279,9.93313856734137,10.0603925309289,11.7346607092281,,9.61253826949941,7.03002704741229,9.67297157370557,,9.43465045319667,7.59967866895062,,8.91531858328849,9.05276222377904,7.03182866552686,8.92496261327922,10.0857092208058,10.12713164498,9.10262675230457,8.20853607333855,12.4842405282287,10.0912152107743,9.11659744857056,7.90427770543951,6.50506234540945,9.58878540609962,7.70307043100389,10.2131276269941,8.32544777052261,5.75894634945991,9.74489794820588,9.03835499421007,9.88524878044892,7.74095099854459,9.25375026368317,7.96565558560316,8.64324333737704,11.4003714435245,8.91033105442043,9.38433126302207,7.08656848252004,9.0452455182943,10.7323813629674,9.99505842310475,,10.4423520221749,9.86147255415069,8.16892038822319,0.06666666666666667,9.03314304262402
1063,PSMD4,,,,,,,,,,,,,,,7.24023834377612,,,,,,7.46816737839786,,7.16719181934982,,,,7.09492257451357,,,,,7.2862019773173,,,,,,,,,,,,7.69381536385579,,,,,,,,,,,,,,,,,,0.9,6.407219636744351
1062,PSMD4,9.1917433525344,9.66233011441401,8.82311233750446,8.8300024267536,10.0219781753474,9.73048172267105,10.2782914626151,9.85746778282853,8.31626937356385,9.0037973936962,9.22349394602156,9.503219372165,9.3632249569561,9.5818962745093,9.7650629589869,9.90545138413339,9.84042633367098,7.53408686225869,9.25346699419569,9.1722754391305,10.1837953209104,6.47985316872313,9.79184209826167,9.0456041951803,,9.24026428579739,9.65064283565388,9.05279159173568,9.6800017300921,9.6564146333938,8.49911272010565,10.5535417435044,8.82859773803709,10.2262694070452,9.5443674736534,9.27486225163483,9.02159314034725,8.43349462170265,10.2026761297166,7.89623656606794,9.76640803850774,9.37262303146496,7.62596439363244,10.1402462054353,9.08388661018703,10.0158009703895,9.02071178630689,9.06742336040923,8.62209315449061,9.3357393778993,9.81022766557237,9.8256979895658,10.3411553205577,7.80843754701972,9.8175502401481,10.423470433746,10.1069425621772,,9.58536081107768,9.83143308732568,8.97938732669724,0.03333333333333333,9.178681189981855
9690,PUF60,,,,,,,8.66845942745037,8.76739051043082,,,,,,,,,,,,,,,,,,,,,,,,8.22604809643015,,,,,,,,,,,,,7.99632709326074,,,,,,,,,,,,,,,,,0.9333333333333333,6.918311692181082
419,PUF60,8.26355618748514,9.03130064779162,7.93035148400238,8.48026649219372,9.08233540354326,7.62714525401142,9.78249060206371,9.46800890729964,7.21264732946667,7.82616204983725,7.94556719879335,9.29928133062849,8.98589975295145,8.9456486755565,8.88248802638282,8.79243489509496,8.62252410557586,5.7318314412994,9.39372749893036,7.78569088595293,9.36811948095153,,8.8127251620438,8.06311290720812,,8.85967481137278,8.67711638662193,6.63506864117805,9.13178163212638,9.01810196312915,8.78273917977307,10.1698529501366,8.27000706289035,9.33084175290668,8.86958793906845,8.72186303774519,7.81169240288465,7.36055796789137,9.3518018154368,,8.78632355539866,8.16042574370079,8.04756864472717,8.95972294560408,9.66980380620363,9.50397836246165,8.32652972941857,7.88237099526323,7.53605022777768,8.28656651604109,8.62736392829959,9.12794358522534,10.103709503325,,9.26906792569604,9.46791542033686,9.26529300884501,,8.66238568754097,9.05255342682608,8.28376031257575,0.08333333333333333,8.485055602381092
5483,PXN,8.66792949058021,9.10619984731481,8.56716404493314,7.80465770446842,9.0935098418163,8.41269286580692,9.18366163321588,9.37964530897226,6.86795394505384,8.23619320752624,8.03325815329063,8.78586088399506,9.04495340695907,9.05939299728501,8.88718677464403,9.0764262681755,8.60944093044501,,8.64793829905743,7.23244541264422,8.59223667634385,,8.64579922795371,8.34840464579929,,8.29852710255721,8.09339307530926,6.52058704790575,8.93221581375955,8.85804174138938,9.05384671012765,9.30237453033749,7.91694739996797,9.72923479303363,8.80877707369809,8.28872688991257,7.57159830362492,7.2412251986199,9.04643594911178,6.83095395507651,9.01290066725831,7.69688553056549,,9.08793396175259,8.11407149823626,8.72413029892219,8.0671234199578,8.02806418558608,6.386872122119,7.81578307412879,8.28620654034215,8.13837298095507,9.09097187684255,,8.06817507329888,8.81907948688948,8.83400487674612,,8.67233892282771,8.33467268475834,7.7593596893765,0.1,8.238997355467193
989,PXN,8.97024531709711,9.34078060001496,,,8.76972933689775,,8.96872064960747,8.438031312741,,,9.26418159410459,,,9.57687207278364,,,,,,,8.44488902732729,,9.03840549433459,,,,8.11946816653807,,,8.81817221164221,9.09643053063633,8.92141178807129,,9.12481885884292,,,,,8.9346237198116,,,,,8.78726735553578,,8.94777938257919,,,,,8.75134609652342,8.38034646833348,,,,8.50742295080496,9.03070023097303,,8.78467123491855,,,0.65,8.486184958319187
633,PYM1,,,,,,,,8.33956303628106,,,,,,,,,,,,,,,,,,,,,,,,8.12452062729223,,,,,,,,,,,,,,,,,,,,,,,,,,,,,,0.9666666666666667,5.810250110079985
440,PYM1,7.97889719069572,8.4975940173668,8.10244645922445,8.1019296993459,9.15549434141261,8.13891796554925,9.52176865091693,9.01566969838253,7.78071322302137,7.62834325988531,8.08984121929159,8.64679116184272,8.35400422250473,8.71645775768872,9.15311340570738,8.7602936165944,8.70305193686285,,8.63257112178879,7.89399094511065,9.22139014388176,,8.45354536419073,8.6078116124229,,8.45436641549938,8.52891203942217,7.26492259191861,8.88491187726926,8.56325818764382,8.4923830315696,9.74700827518156,7.79736005075414,9.04827014587439,8.40617440628618,8.14533379196817,7.57537421029387,7.35654577441182,8.99821768399275,6.6926350497608,8.84071473511925,8.08933873948379,6.79497412325701,8.89334094213705,8.59015189394348,8.88198813975117,8.16753491632271,7.80217761581983,7.34687046719768,8.28793077731982,8.37500774991207,9.03098654194354,9.24511706963215,5.86856537085834,8.92398823677187,9.42186313702306,8.90402101930378,,8.47176242823035,9.06968001530656,8.07508689166739,0.06666666666666667,8.25051194442994
9593,RAB34,,,,,,,,,,,,,,,,,,,,,,,,,,,,,,,,,,7.2815430668712,,,,,,,,,,,,,,,,,6.15136805342585,,,,,6.41405843468763,,,,,,0.95,5.199242388746169
783,RAB34,8.43337961379209,9.04629449257932,8.77641179321294,9.97325211386772,9.99327212931892,8.95757506174603,10.0236062903025,10.8891259283582,8.22013034309499,8.08162874040992,8.5732886537356,9.15935703413039,10.2984569962291,9.76214646068792,9.74029359485797,9.9056322500115,10.7079518073012,,9.17686843035725,7.95469513880358,9.80243414618276,,9.72415450558399,8.46027219386863,,9.40080871603539,8.95415178414994,7.28078673759079,9.37871841556509,9.49699766512945,8.93624244709481,9.30912596894435,8.65223154759412,11.1549639213726,9.81011776469427,9.15636115265048,8.45251333932115,7.42196966169962,9.9502917734188,7.97367443796302,9.93131667957152,9.12193132203833,,9.93438490251666,8.71456010183008,10.2355990836185,8.60592720975525,8.72985499831897,8.07359531396407,9.18201325871156,10.3916663289748,9.67900734758332,10.3027946034211,,9.626658347339,10.7410368779644,10.0750151596296,,9.57663706272325,10.0191868872315,8.09459784970647,0.1,9.158028850413867
6667,RALGAPB,8.47365778468464,8.78133817385272,,,7.94403602046043,,8.44428021020195,,,,7.21194571322673,7.9594715640385,,8.48247617120648,,7.97784685239374,7.6261053640098,,,,8.28862928111487,,8.21619253149058,,,,,,7.94192039961597,8.17122675553623,8.07359865946779,9.29357991735783,7.60193999369478,7.61181506471687,7.88179007463969,,,,8.02538169331299,,,,,7.99769366565064,7.91566343512545,8.11676504010739,,,,,,7.76090335227556,7.9476520455844,,,7.46891303575589,8.25826165308658,,,,7.88217624818269,0.5666666666666667,7.75734331788049
6672,RALGAPB,8.22482200723889,8.66905786573572,7.96726981718597,8.42429981735307,7.96079590863639,7.77918302006298,8.57627219036357,8.17846484176224,,8.06237817108552,8.19053564879636,8.71737606776875,7.99404114546202,8.52082996571363,7.70808381776316,8.26495422541974,7.68640209670539,,8.20075309272062,,8.09001865915213,,8.27798631173099,,,7.86284800944519,7.81108801929188,,8.34054753802971,8.25644677127463,8.30593538969633,8.83637260452046,8.14030000132784,8.19094995079999,8.0558143416079,,7.56200782739485,,8.3326716672415,,8.12904588580615,7.47119733621717,,8.16464137432606,7.98389522085314,8.29603850550591,7.8887769415266,,,8.09871034722211,7.49388957019193,8.0041911696631,8.42532965254068,,8.10786668364461,8.06713364159515,8.12043944216145,,8.27754952778709,8.20954109541633,8.01922220594521,0.25,7.955894638792418
612,RAP1GDS1,,7.58594033064493,9.06846789568253,7.28290382198157,8.47601216586892,,9.0082935516128,8.97426430832706,7.173549552163,,,10.2823878280642,8.12468327190001,9.72293598998067,8.15995631572874,8.22711033864733,9.01396991495487,,8.17346304093891,7.93112586123692,9.43509834724031,,,8.33297495050578,,7.69784685610812,7.98915256016503,7.64916984430698,,8.14691053672246,,9.65312241349979,,9.85096831336944,,8.62051579228391,,,9.15696704594379,7.1073401427838,8.1929120283785,,,7.93308227407807,8.30018383085577,,7.0620915742109,7.98664661633236,8.12217767240892,7.7105005888611,8.65496613290863,8.74182048613999,9.1719017304009,,8.38711362853222,9.7996028666538,8.25228535789147,,,8.64449489996637,,0.3333333333333333,8.24727424418571
9162,RAP1GDS1,,7.98714925965805,8.33467463592032,8.88258908701479,9.37162061914584,,9.32368817504068,9.61142755714477,7.56825163503782,,7.75326265381347,10.0810587889441,9.11200416053062,9.30903756487007,8.78796592559684,8.84457278132358,9.1321688432694,,9.04031690403528,7.73414923606808,9.28423443395275,,8.30912776194574,7.69173600613546,,8.57980520545125,,,8.79946808713893,8.53712497292797,8.4491738114775,9.7199686203346,7.61125324509405,9.90325106315816,,,,7.49942632657502,9.17460838238532,7.4965854948543,9.01622343718434,8.08426024905106,,8.69349143878745,8.28954604196515,9.33952900156456,,8.21251467988706,,8.49440106202409,9.32245160803438,8.97143969272,9.44453526943341,,8.68758367660319,9.8948782927293,8.93970359978716,,8.7880118143173,9.50130636070259,7.78223228559945,0.25,8.557430646722505
181,RAP1GDS1,8.29857087704655,8.7080409844505,8.31381648659344,8.66806757233187,9.18274508597419,8.11551103171186,9.47439577501087,9.63009098031391,7.92703678822472,7.73828110557812,8.00288086814764,10.2352239973835,8.9289434484618,9.61964318407613,8.85541546528836,8.99169463890858,9.45460410621567,,8.79633225040303,8.34567902427798,9.48905449531957,,8.44224978356637,8.82839187257289,,8.42107455194177,8.96503466280581,7.47864427215772,9.01742285809407,8.77720390889764,8.21294265827192,10.0021811946994,8.12057406605286,10.0429688165332,8.49994442117194,8.71933584607576,7.85314666906056,7.34196740125017,9.42247655762122,8.01460946022363,8.8084133419162,8.40497181274301,7.58121058325387,8.9705054971317,8.69420331933162,9.26417064662519,8.44482441361403,8.24620641785225,7.71938485611368,8.69931855892369,9.02520390321363,8.97388781068335,9.57116060141283,7.5510012462503,9.1523545692546,9.84550160360409,9.12973747500762,,8.92478299893311,9.32039803057842,8.12165949592214,0.06666666666666667,8.581634914714046
9301,RBM26,,,,,,,,,,,,,,,,,,,,,,,,,,,,,,,,,,,,,,,,,,,,,,,,,,,,,,,,,,,,,,1.0,1.0
2166,RBM26,7.50408152448758,7.87820540057688,7.59441132829845,7.09834692098985,8.0814557643317,7.63182517581439,8.80899727110111,7.98097785635207,,7.02485462346456,6.74939037359867,8.34278215827297,8.31994930259948,7.99323014907735,8.06258073333283,7.97489397501916,7.71236654220095,,8.17925499500014,7.25835881690653,7.95173419465208,,8.1357411070725,,,7.71715071042469,8.01191914111025,,8.1674387784961,8.07066152108529,7.49500345221555,9.58666966975315,7.57012007941901,8.15838136841259,7.91758962780917,7.83612795559411,7.35615575565954,7.46856150636904,8.50555174741324,,7.68465626778231,,,8.33176201781307,8.13437000861991,8.09807386234325,7.71698084796555,7.20609219268092,7.01706132860629,7.18983556819947,8.01142014900583,8.07541314353619,8.47855350772616,,8.07716005411925,8.0909043803225,8.29880170616665,,7.6225265907723,7.80035328144358,7.03697035273425,0.18333333333333332,7.713899131911885
72,REXO2,,,,,,,,,,,,,,,,,,10.0682471224316,,,11.435673828573,,,,,,,10.8619244299126,,,,,,,,11.0657743084545,,,,,,,,,,,,,,,,,,,,,,,,,,0.9333333333333333,8.872990604541005
3602,REXO2,9.07640003775033,9.28065104514743,9.12198991079173,9.65782862568645,9.89636177362929,9.33229535714111,9.70920847862115,9.91650180226102,8.82648828487751,9.1480442407495,9.05781949775982,9.53434662748093,9.25023510188303,9.31108806353806,9.84613262223596,9.69770395294289,9.85829640183775,,9.63152587293097,8.43397651268589,9.81801977321242,6.91167170410249,9.67554755325019,8.84922703550945,7.03499249769472,9.11331803202138,8.86787324841955,8.58655164975616,9.33145289082673,9.47654915791276,9.55336049764718,10.0608968697946,9.12316842535289,10.2648323417991,9.30858047858124,8.94373590491896,8.80796871289283,8.30510689483046,9.56392097013711,8.43574140139806,9.86556770705425,9.06896007439248,7.82806901675785,9.4365511825961,9.54881140597327,9.71922324934575,8.87697995755228,8.82153579581197,8.84166756627078,9.24132796019293,9.78171103461461,9.50489372269131,10.2432383291544,8.0585491644644,9.50688176005993,10.0952176458905,9.91634553287045,6.89056370889816,9.58649413511723,9.76195375826641,9.1580070478057,0.016666666666666666,9.055203777245103
4079,RGS14,,,,,8.16565483960157,,8.0765893771221,,,,,8.50767496563549,,7.7700058698817,,,,,,,,,7.45732372371955,,,,,,7.68372324838529,,7.77532366198117,9.4118043371132,,,,,,,8.02170211706916,,,7.95533907428227,,8.22451837556792,,8.30247519538721,,,,,,7.72383324751463,8.20722143331327,,,8.27065279534619,,,,,,0.75,7.643990141370044
7849,RGS14,8.49506868618878,8.49760599604454,8.76360938388365,7.58748119713271,8.51458785512047,,8.96435719662882,,,8.54086057707574,8.45505171988335,9.04099166462627,,8.09483270361087,8.79548578481277,,,,8.71791633843403,,8.21731960209773,,8.33758842557158,,,8.33910297949248,8.49194342168901,7.64674851295656,8.87844738495602,8.02975884571958,8.14393863589246,9.80140957207929,8.50330765681668,,,8.1903467853609,8.38273387203422,,8.39879597365836,,,8.08522397049759,,8.26658877045916,8.60826022155341,8.84116763365145,8.26404027112811,,,,,8.19275903718519,8.51999446109327,,8.27109646028001,8.77542284316965,8.40238281670061,,,8.01238172451979,,0.4166666666666667,8.221950193402305
8972,RIC8A,,,,8.17133647287524,,9.33915570671609,,7.95093258833651,,,,,,,,,,,,,,,,,,,,,,,,,,,,,,,,,7.78504263179546,,,6.83499978158848,,7.28446284549983,,,,,,,,,,,,,,9.44033555864532,,0.8833333333333333,7.2111998648487825
3852,RIC8A,8.6121383661919,8.77659717093513,8.36675825428949,8.73906245382117,9.28088520257746,9.26717449303982,9.28666857247899,9.25101675043042,7.97081087177363,8.44885882748746,8.65520440714689,8.95608833150455,8.95690283557684,9.02171946467966,8.90773170692306,9.16568458277651,9.0943386294494,,8.69561824187308,8.36654628798375,9.00317435805798,6.51553941368189,9.21878978856973,8.40649320792719,,8.40972279187047,8.66309185910377,8.68063550300318,8.95784396961825,9.05136632233076,8.2822005347448,9.57433780492198,8.28199123807405,9.64524600467998,8.64276879079491,8.37466182173065,8.28013226061298,7.80567546698609,9.28239972698122,7.57829892103729,9.07018168667747,8.44231042115979,7.84075128741318,9.06096924775576,8.49345969572165,9.31324030390709,8.40882438897827,8.52011403986598,8.36231334874821,8.53438406600155,8.83683124974153,8.91790466384238,9.59920589090116,7.67036884089568,8.79211186408849,9.446248515364,9.08338930265099,,8.99931227302922,9.02200219522026,8.5921603257895,0.05,8.567553801331492
9337,RIOX2,,8.32517721433637,,,8.59269499929923,,8.56911102929852,,,,,,,,7.74427048341046,7.26816436231163,,,,,,,,,,,,,8.03727608183187,,,8.57516783313348,,,7.83267549310161,,,,,,,,,,8.06570423336898,8.5664332272872,,,,,,8.13781393459643,8.2230769286819,,8.05186577304528,7.319615488686,8.23421532066618,,,,,0.75,7.643328900190946
4864,RIOX2,,8.31599335258874,,,8.69558821946248,,8.83297702067686,7.49893310810601,,,,8.39173151031223,7.81699197781129,8.23870756753116,,,,,8.35081723312386,,,,8.27548217272867,,,,,,8.40391259580572,7.90739588799923,,9.00570384306164,,8.11135144600569,8.17552581285139,,,,,,8.26011770533765,,,8.45286445478599,8.65785557251088,8.73138417118442,,,,,,8.58982046964224,8.71606004356335,,8.44803490508428,8.28340335807931,8.28048182933678,,,,,0.6166666666666667,8.04407503851069
528,RO60,8.82957588354968,9.46216920910377,8.8862147025917,8.86277239064914,9.66732244247862,8.50188412276919,10.0024653107125,9.91165231397862,7.80832351683731,8.18977907087634,8.56505238437594,9.57922079201096,9.51480837279506,9.58912086844232,9.32243818410797,9.4924312695492,9.732739474179,6.95913748048833,9.66612165529965,8.15902511930778,9.45989213373382,5.34473434482967,9.36369814583981,8.56329376286945,,8.91634900024483,9.16567622687502,7.01013288791408,9.65978223528407,9.40668517825091,9.35395088964886,10.2232251472924,8.64145222773915,10.5060114631918,9.37981076364638,8.99790927456916,8.23335813814665,7.51737625917962,9.71845757345786,6.91185641832295,9.57175345531715,8.53917214911392,6.67412081344293,9.48497293290848,9.59180540211885,9.89665111701384,8.47406857432992,8.298098564126,7.62054947921063,8.72202130610447,9.38665716523924,9.4066767671572,10.2143278866407,7.72375309373105,9.53080891363155,10.0792909017151,9.64028616382095,,9.41529766696637,9.53872068001666,8.6587360991417,0.03333333333333333,8.792329376553726
8214,RO60,,9.16210402653002,,,10.0666570729359,9.18360700299468,9.79290463225312,8.83289134835872,,8.69111015333556,8.03533975554764,8.57276921545973,8.89619347368436,,,9.81894487186807,8.91732999309187,,9.04075996140146,,8.37043885152955,,9.46404206340322,,,,,,,9.04751489229766,8.82977110886962,9.82972139065864,,9.95727458697832,8.99658288587328,,,,8.88156923615127,,9.60166636340943,,,8.89409678840844,9.08258115417853,10.0715363415825,8.56320642877828,,,8.29952091873174,9.23155715806566,9.38339557975464,9.81326630102541,,7.98125561856945,,9.41948796025777,,8.72946800909977,9.305004800816,,0.45,8.859222645467655
9246,RPL31,,,,,,,,,,,,,,,,,,,,,,,,,,,,,,,,,,,,,,,,,,,,,,,,,,,,,,,,,,,,,,1.0,1.0
7313,RPL31,8.64016619209305,9.63088772031528,8.41692213052873,8.74276325032005,10.5234508999263,10.4810680965673,12.3213589090283,10.6981554762168,8.41582273107728,6.47190504529957,10.1555426826528,10.663194251197,10.3536642083911,9.54349600392232,10.4947151171934,10.5883047908943,10.4188387905992,,10.012756696208,8.38589035800629,10.2001092107446,,10.4487201244304,8.31634577054971,,10.0754302018866,10.2096243494007,8.77211914870843,9.06395043953723,9.89028247297878,8.86740267504938,11.4869438435591,9.45323948126073,11.6202087424988,10.9093517543961,9.29239709582353,7.86112647061813,8.35616626733152,10.8825645032037,7.48049180289799,10.15239858051,9.24238314285337,8.70050058046054,11.1915302836468,9.92596811205039,11.2665647831334,9.28632416365482,9.96123986501363,9.15760087620283,10.1172643898113,10.5169755407515,11.1448034799854,12.5048990864143,6.63613802932346,10.2813709459473,11.7248778886447,11.3925367729908,,10.2258306499778,10.0352946559362,8.75350315071347,0.06666666666666667,9.680524265928213
8243,RRBP1,,,,,,,9.08452393788297,,,,,,,,,,,,8.80306328677085,,8.52110747474304,,,,,8.60235979659598,,,,,,,,,,,,,,,,,,,,,,,,,,9.23508588903369,9.40192820429541,,,,,,,,,0.9,7.792581227045992
1379,RRBP1,8.69372800649365,9.67666542554209,8.47044292296248,8.82288754707098,10.9520873071796,9.09767102290178,11.8149156000046,9.11188582646781,8.29508755335792,8.49035008489958,8.92283460045577,10.3296587436015,9.20140425056607,9.83239852036516,10.4130338438279,10.2156323708038,9.49350363340202,7.55987858614288,11.2711096997976,8.51834235434174,10.5841134599691,,9.64033916955858,9.44647692320778,,10.753708568447,9.51756222549312,7.09386844966883,10.7072328176207,10.1114250275664,9.25708174470157,10.4732359440874,9.7536745744549,9.77385629715085,10.5622080357431,9.33625267802467,8.31369466490936,7.77081415034633,10.68216713999,7.60808450587184,10.3849794506453,9.32706949773329,6.95563460602491,10.4479788707404,10.914760294399,11.2343186872826,9.15775743897811,8.7542305580332,8.80915475132721,9.26376624728603,9.64569639544197,11.6129544654198,12.190905208464,7.30849812795504,11.2425133112799,11.0796528121746,10.8898032949188,,9.8228004650004,10.3633459958423,9.24217328971513,0.05,9.492647931709739
3257,RTN1,8.54880105783356,8.93316147214373,7.86233336724013,8.44290457811938,8.9374510031324,8.66958493890564,9.3942405600378,10.0008285264291,7.27217483271517,7.59786724300868,8.11433691752847,9.31932198772416,9.53081392708846,9.26464615739722,8.69558648911378,8.63140887412523,8.99198266746013,,8.98346488100922,8.42833955789741,9.29399556995821,,8.2059337508968,8.71426726706727,,8.47611064029836,8.45412510318165,7.26962103112605,8.55813552977243,8.68308649359787,8.86065075181,9.75812917637991,7.70826628844973,9.71630157468031,9.08355518373882,8.13261712382345,7.50961983836808,7.42791178531949,9.23125764120617,7.57715363101417,8.66444580641212,8.38360591987433,,8.83700994690376,8.39017500366079,8.80481312419266,7.95427298594321,8.26138473250963,7.79086781378656,8.68472222475083,8.17884493694862,8.43555150524295,8.5310681696854,6.48266503339705,8.70673508972015,9.75780638446118,8.73618339538271,,8.69785656827469,9.05508464270686,7.49438310076168,0.08333333333333333,8.38682135856631
798,RTN1,,8.12089231008094,,,8.15706233402808,9.03290622378106,10.0697864862089,11.9128506855705,,,,11.7065570006627,8.81348045822291,10.3280729366812,,,10.7221582162325,,,,,,,8.93643218677713,,,,,8.2564063677558,7.43185427298794,7.63613769673788,,,11.6877058566955,8.05095768046877,9.08903013434679,,,,,,,,8.05724499142364,,,,8.92041574096467,,,8.52467108797189,,8.58281200271237,,,,,,,,,0.6666666666666666,8.795433396998945
9387,RTN3,8.40605029787081,9.58964997995344,8.77914707207977,7.95134571140117,8.8732013479172,9.2829278846003,9.65809291117882,9.41004324311167,,7.91297184198443,7.30282516239108,9.46859086603606,8.08226470402909,8.63989540069216,8.66129071636122,9.08054331315403,8.65049426407159,,9.25851195616668,6.56896522281819,8.03558523888297,,8.14551130325152,,,8.26169182478128,8.35918184848274,,8.62091220179761,8.06155734570911,9.3201623821572,7.79512930601009,,8.75337040054922,8.64149677024063,,6.96279014286137,7.20732280221199,8.93846118366794,6.41167212208115,8.3896022495675,8.12936182305267,6.47557515022979,7.27983365826432,6.91964674523525,8.80993040884124,6.6430081340106,7.88952282147018,7.26195400900125,8.22259542701812,,7.4446339912111,8.45158362271127,,8.08071313942689,8.65922650831495,8.52291352562283,6.39446377039799,8.41063094128691,9.06103645070163,7.2814317097184,0.16666666666666666,8.023136023987869
5512,RTN3,10.9222693954799,11.7852348671533,9.96020995148388,8.71545683863111,9.71812878492117,9.86565945204589,10.7193592822351,10.9019957857571,8.86745563188775,10.0909827563437,10.1815543892006,11.158654051164,10.7589860202136,11.256286006717,9.77295501818668,9.75328421856014,10.5227518583726,9.20522770709561,10.8392488778794,10.3163318302135,11.2286608433936,7.40966166624968,9.58533423347938,10.3342784238673,,10.2502568271949,10.2429149314824,9.70374556210754,10.1295894279998,9.64623527029085,10.9711883932495,10.3217006660833,9.98754292425084,10.6914820877733,10.7667580267931,10.2436279635808,9.69692152118497,8.3642481218982,10.6573562934065,8.97650255573366,9.61689684425803,9.57224639318086,8.99259821505559,9.82285422482271,10.7308393299556,9.92432756696487,9.44240293281204,9.41030370505427,8.9688897010879,10.726667424201,10.3177741769528,10.5016840036856,10.46746404873,7.25439449479253,10.1792039940061,10.429963032469,10.2761134487963,,9.91895487533788,10.2932306755752,10.8188742697171,0.03333333333333333,9.852487894218141
6100,RTN4,11.424880652733,13.0313383216265,11.1629399509299,8.38569436072085,9.74772991331955,10.8109437590338,9.02151802449479,8.69241631379424,7.50361624348357,10.5134986345757,10.6466528210939,9.3842851931699,9.28270932374915,10.6188289739538,7.73743470919647,9.6413830187621,8.84693826636566,,8.97992252739985,8.12928325553993,7.6451658645898,5.31101800571281,8.67978068590632,6.34908475187906,6.2350703961847,9.78711213570057,10.3057493711388,9.50185911143008,10.3580172365116,8.63688488368833,12.3112119036754,9.49316541552128,8.6202312524905,9.20423229268477,10.1360113748421,7.09566798836501,9.38636724916803,8.77921963738904,9.62763792414955,9.59342179646461,8.17396874556151,10.2464311371784,8.49459507246249,10.0880962585332,7.78582652335631,8.41836415033176,9.99496494687683,9.17918755494925,9.98721478162641,10.7167900534928,7.05503746803295,8.83803964131908,8.01148905463978,5.94665241388173,9.77024628884187,8.19770395730982,9.67407492553115,,8.64750751322049,9.84663413861103,10.670456111113,0.03333333333333333,8.965604355235683
9473,RTN4,10.0986360120048,11.4321203303171,9.13524236461964,8.69771297944241,9.55250754595287,10.2640916865145,10.112892850258,10.9550222300762,7.60034231363727,9.21042891439252,9.21932872804992,10.2424723041103,10.6818478691699,10.4925098557532,9.84354075145022,10.123373772177,10.049196825537,,9.33499151835045,8.41545937332288,9.63549735507203,,9.21886927306156,,,9.52837509879761,8.5297809865649,7.5000523607784,9.42301905743675,9.41235909174662,9.71788366737462,9.89973584060917,7.89573795315865,10.6406668246018,10.4706492278428,,8.2372569735759,7.4156946185188,10.5331031123408,7.17564363164397,9.59576969173736,8.73620169145162,,8.98782378449916,8.07741326732172,10.1253889608273,8.44245854466211,9.37435614698552,8.60804582727725,9.89173398256621,9.0861243069388,8.8866121430357,9.82238548831293,,9.09439140310367,10.8243508484202,9.95635718621311,,9.94210039966973,10.4916890110786,10.0606838430391,0.13333333333333333,9.259143908428854
648,RTN4,11.0303321983001,12.1527576241723,10.2103418335324,9.77081636037476,10.464355253415,10.5318803671626,11.0098757256127,11.4865833445201,8.83212578734978,9.97410325779775,10.8365202739509,10.9116729917023,11.3760583250508,11.2273850061113,10.6719857952422,10.7659246252508,11.3464066504702,7.89858610932262,10.9026594567356,10.5175782413674,11.0147239750992,5.86006814988091,10.3597825589694,10.3780350871027,6.06009471410105,10.3914600628807,10.1488916706632,9.64377710560693,10.3689924321929,10.4904619183202,11.0227561636607,10.8341293939028,9.76261879646698,11.4624879448846,10.9351569653647,10.3749072366831,9.66462511741586,8.58592101410039,10.9684460653524,9.08667081629927,10.0706395550123,10.0223004908109,8.0650268475732,10.5127479843374,10.5436939717766,10.922605041834,9.73067883433183,10.1873161178294,9.45377738652209,10.9304538378383,11.4382278860471,10.7326006624236,11.0021884120729,7.48207287736994,10.2976816100495,11.5792783094082,10.924497119931,4.23016922226128,10.6335305518988,10.8318311899857,10.7480673954618,0.0,9.977721467587957
8291,RTN4,12.1921947594226,13.095818586243,9.80319723781824,11.5974844536456,11.8369368298052,12.5302987224053,12.2953142067276,12.6529120168725,9.40199587919894,9.68965405749604,10.1271380050327,11.780776390402,12.2133080800891,11.8890644095311,11.4255056830609,12.1464778254603,12.6016830456889,,11.0415284005907,10.845461973758,10.0867823809512,,11.8242216017389,8.45716645380278,,11.3156468518924,10.346606627038,8.34279423700747,11.0256866878937,10.7885061951969,10.8223409141764,11.7164916421876,,12.4485788487505,12.5768753191419,,9.92162128316916,9.50247742306868,11.9852239819243,9.40350006857014,12.1636818945957,10.700893361334,9.27069862730451,10.236916210893,10.4793313420165,11.6976901481779,10.23372793376,11.2577097020403,10.7450322622479,11.2582139801298,11.0344227669051,11.4713033140249,11.934589282611,8.60253666441427,10.9512075796905,12.641311005403,11.6980492089969,,11.5632173285108,12.5514359642517,9.10783870182715,0.1,10.858888792717657
206,RUSC1,,,,,,,,,,,,,,,,,,,,,,,,,,,,,,,,,,,,,,,,,,,,,,,,,,,,,,,,,,,,,,1.0,1.0
8833,RUSC1,,,,,,9.41514191047041,8.72752892739013,,,,,,,,,,,,,,,,,,,,,,,,,,,,,,8.52721858456383,,,,,,,,,,,,,,,,,,,,,,,,,0.95,6.904972355606093
8862,SBSN,,,,,,,,,,,,,,,,,,,,,,,5.55282539866776,,,,,,,,,,,,,,,,,,,,,,,,,,,,,,,,,,,,,,,0.9833333333333333,3.2680793660005465
3608,SBSN,7.57575934064998,7.52717930015197,,,7.49519156767916,7.66898374937743,,7.70383140709403,7.29812326905288,,7.47205044956548,7.61853801237379,,7.51043846342272,,7.47379063833247,6.97208913718535,,7.70535610828498,7.49652434317259,6.59106654927307,7.23460359497443,8.41332903353419,6.71498482691194,6.39321094874624,,,6.46947646813518,8.11156044316397,8.50004023462122,7.82345247430489,,,,7.09215884246851,,7.00766158702385,,,,7.62550652695629,,,,7.06952854271506,,8.26889244884572,7.45587932954949,7.70320002770488,7.72795003624377,6.86147708964134,,,,,,,,,,7.75845984973061,0.48333333333333334,7.226495894799088
938,SDCBP,8.67906821758809,8.83694017055149,8.59009987327016,9.0642567852574,9.64780249340038,8.30660716071943,10.105783137793,9.60313453634767,8.33812012589361,8.40923840327107,8.59508960200528,9.2913478411056,9.04520754675022,9.38729832263971,9.55859023912412,9.66746924904835,9.93592255631093,7.17159843942789,9.5154212871067,9.9305362565621,10.8051738249472,6.48620168107388,9.09474602371136,8.26936441311338,6.75749114421353,9.24365319354551,9.14281675957625,8.69706618275684,8.99475313022458,8.97580507645372,9.46001641127321,9.68348886695023,8.84698373071861,9.78600118226682,10.0214433546342,7.85316769044575,8.33893058334271,7.99586311438501,10.0625081596261,8.31023022591434,9.49323796997138,9.39947951768417,7.76958085993841,8.99610653478773,8.82348027167601,9.65605716156494,9.58729252378621,9.28229271622715,8.46061647697057,10.3322575624982,10.1362960859646,10.5316006821247,9.7389189850853,9.09431432659897,9.25421815760417,10.9166151153508,10.2338762929366,7.19644055356029,10.2056282386633,10.3156587186098,8.44526342934081,0.0,8.978613130437745
4260,SDCBP,9.42694705653829,9.15088744609276,8.11107182786696,11.0914831049306,11.0509539436085,9.86598451835743,11.3167082116799,11.6552070437688,9.51229978400967,8.95103921335872,9.52813804661304,10.1383637396192,9.74274683385795,10.352817158256,11.0472246500301,11.0624062123509,11.1757640878708,8.40731035108985,8.19693041969935,11.7317566075472,12.6228706261593,7.12638117650924,10.7730253830683,10.3212437285452,7.65964875614492,10.2771701307679,10.6937163668114,9.27879455156459,9.79757230428159,10.0277124709249,8.11320505653894,11.0900599784679,8.24452245767038,11.0059718507483,11.7134673952456,10.0826773598993,9.52437050085118,9.38493245631057,11.0384488161858,9.76891590652485,10.8630057094784,10.8305084783446,8.59397512190977,10.3900322610251,8.28497954001836,11.1392890519511,11.2406004259845,10.7740217700373,9.9474569683676,12.0257179176127,11.8120587739393,12.0546653877936,10.7793361251983,10.3907745926329,10.2850514440541,12.4906078538015,11.4179774079922,7.86161087720409,11.5886990129862,11.6811732801381,9.37070547643411,0.0,10.073049966405437
1907,SEPTIN5,8.17679991776559,8.55379095391703,8.72471606870915,8.07933213097327,8.87062465183818,8.08604078386104,8.85735294239879,8.67447310672647,7.3675406374169,8.12367578728512,7.90619533630626,8.9518429702554,8.44176683245427,8.93333741348632,8.38047989361344,8.79645213199736,8.86553350151853,,8.52115416073094,7.23544769326293,8.40152393944954,,8.2837298759023,7.96488885735508,,8.2145078203644,8.40687523891072,7.74784845477611,8.70281206629512,8.70009238676969,8.72670740157855,9.05881190635677,8.03877717854779,9.02306859194854,8.59262798220455,8.4640474285516,7.90463074473198,,8.40373515663763,7.8056187356948,8.60089357860718,8.0118347478363,7.53101978679819,8.56830251337945,8.68763807765302,8.59109017384693,7.99386585682135,7.7902585641559,7.68820456527266,8.04692511552022,8.54176185419999,8.14736356657598,8.99248736045613,,9.08716628068272,8.60236317631148,8.81007292984428,,8.61135802666101,8.53742541034815,7.65191797191131,0.1,8.22549109672198
9107,SEPTIN5,9.02872305253493,9.04934456956916,9.17006905229304,,,,,8.88473210695829,,,9.1323712442303,,8.79328184300337,9.43200543509543,9.20498381880503,9.18962003778191,9.47970904066255,,8.48246190702785,,,,,,,,,,,8.77252007219766,9.4085799628493,,,9.45398150558285,9.61676544876917,,8.78941496080396,,,,9.05117457662497,,,9.30217881038713,,,,,,,9.29913695651251,,,,,,,,9.12109963437422,,,0.6833333333333333,8.715838215843101
9494,SEPTIN7,,8.14935423328349,,,8.3808346886014,,7.9647603438215,,,,,8.12510075283648,,8.38761590114533,7.26592885279191,7.91103526152135,8.21762723087178,,,,7.50709725403868,,7.45055900168211,7.91938188565604,,7.60488841573404,,,8.02624047356508,7.99763669973933,,8.40507745199639,,8.34481731662381,,7.54410108772882,,,7.71587302054059,,7.47098901150493,,,8.16701017485784,7.74071007335004,8.07163393318336,,,,,8.67175438000656,,,,7.90594436770251,,8.20504774187042,,,7.83971591697003,,0.5666666666666667,7.687311190307054
2124,SEPTIN7,9.76482477675312,10.503868520193,9.54563435976653,9.19475212761013,10.39053855979,9.03578332906555,10.8565713804955,10.8627601693802,7.79016928989953,8.8427236125095,9.2620357708844,10.4075395097371,10.2895467577725,10.5107475218635,10.1098199149899,10.4075514452152,10.4056138928092,6.81791644973916,9.94170834588298,8.17124354072948,10.1367158785399,,10.1227814969962,9.29684439139396,,9.57608507911507,9.58225647672634,7.3018059446186,10.2797171410332,10.17982551627,10.056554199113,10.9559548955225,9.63291578453149,10.9802724490392,10.020155540829,9.74135029058732,8.72133149006152,7.4179990317947,10.2624773525199,7.63509052750319,10.2865587876581,9.11187506785125,6.84399031418764,10.1217741472025,10.2527319688206,10.4529281428006,8.69105500621635,9.16193081704405,7.99324232368081,9.032436721525,10.1667813973366,9.78599893036145,10.6645054104863,7.13995737086622,10.6724029156563,10.4031257848359,10.4874314177623,,9.97926710886183,10.0596792187481,9.44941988982851,0.05,9.41471984010791
9401,SERPINE2,6.66669760601024,6.85207568300149,7.30264244101639,7.87114442318392,12.2199924331209,11.4630859056922,12.1487704038587,10.641430802517,9.71547063193412,10.9855510455525,7.05269994338188,10.2274393214766,6.60143514633366,9.2629820756239,12.5932682816486,10.4638117319984,10.3311090156544,,8.2119649339504,7.12146350653169,10.8848833586018,7.00159651832953,10.0353723654973,,8.09747425663971,10.4067133346114,,,10.5525461969704,10.5379740524844,8.99927723491428,6.45347197603213,8.01567933892217,7.49780223773034,11.3198662960671,,8.37192456909859,,7.28585230071699,10.5882881129458,11.6570573830387,10.8322772805941,7.32762750061786,7.49089112449126,9.39897722201378,10.1270567646897,,9.57431776337097,8.15400981670821,10.9020162329393,9.81378756248228,10.9895913675392,11.5292187910626,10.5413184770187,7.04383556330821,11.7251723441395,12.3955556494062,,10.1743588366573,13.9145464514965,6.64567607872321,0.13333333333333333,9.38652236640886
3504,SERPINE2,7.18516119304067,7.84829728817822,7.80033558947312,8.71736241898735,11.800619557033,10.6046060067844,12.0998346105723,9.95201573272333,10.4183493645928,11.3893732855216,8.00267060867514,10.4530818319432,8.3639988023303,9.59641948976824,12.7766811805387,10.6706560592974,10.6059224230922,7.7486982323445,9.03953147930818,8.47586851676945,11.3949596387444,8.24263677868411,10.6392522594044,8.85588741694816,8.93803778256515,11.5361906603874,10.5868692352566,6.90960710111905,10.6864000815391,10.7678971675863,9.56026136294359,8.01539034735155,9.33594643832538,8.27615371857732,11.7254782712953,8.44819487293786,8.824353054781,7.67537116658625,8.97705322665596,10.7598090284626,11.7405196879101,11.6764443724218,7.52096125367924,8.79861650827903,10.5642036403712,11.191644017572,6.79709419110047,10.347864872333,9.08685205804684,11.0434352213019,11.0788682670247,11.8852953516678,11.8667766077957,10.8230977593737,9.86348698685956,11.664902161316,12.3218726824657,7.94519165134967,10.4865424587175,13.0420460861379,7.20713749290068,0.0,9.729064351093598
7258,SET,,7.17496394384994,5.67043984802772,,6.90778318487409,6.49522177259291,7.5618138434026,7.57209371222166,,,,6.67090708544106,,6.91528525143794,7.13597227288699,6.84931107086554,,,7.24568435407409,,7.831602973466,,6.64312133544431,7.82434243407912,,5.46166925197418,7.29359536801285,,6.77553985038989,6.98155768043094,,7.95202980856753,,6.9912878765204,5.89812271351316,7.59703353048118,,5.73252948375418,6.93615619165054,,6.43527476165006,,,7.23441961579007,7.36342520834865,7.07006533116764,5.9352658774535,,,6.6301032974569,6.72883793264336,6.65730570437659,,,7.29008060287364,7.28485216197862,6.70792990012506,,,6.59696956201109,,0.4,6.714934994427946
6989,SET,9.83044193919661,10.7516722443338,9.56362915326686,9.23562145087992,10.999374915181,9.10694829172364,11.6384993835764,10.7164854410859,8.74143658727159,9.69357603356819,9.83133556585386,11.0653408178571,10.1690870328617,10.7013188547266,11.1163644709251,10.6367579287469,10.4041475446702,7.45981238951528,11.2346943033046,9.41962091169549,11.1689153977081,,10.8828894204941,9.66720577655381,,10.0681331002526,10.543286741273,8.19626274362846,11.2048614081324,10.6428763197382,10.2832709783261,12.5950541110771,10.2918041718701,10.7682955898648,10.6880842852762,9.84952671973137,8.98510930552761,8.61539721571338,11.2033668231326,7.56102755137899,10.0187086696719,9.64983521591358,7.57399031932596,11.1122531761909,11.8517623641146,11.5158511973603,10.2183960810944,9.58206077422974,8.91351217475122,9.95127703405989,10.455149610362,10.8899962671461,12.0555609570395,8.45829930540396,11.6874520361847,11.3457092471023,11.11260081234,,10.0224255514179,10.6130664873115,9.93307934122538,0.05,10.046759958671878
4668,SGIP1,,,,,,,,8.3502932334457,,,,,8.06101539442851,,,,7.91943109388232,,,,7.80775227713886,,,,,,,,,,,,,8.26410795947871,6.58192997101189,,,,,,,,,7.62879845575345,,,,,,,7.72511438533522,,,,,7.11652662994714,,,7.15258931974774,,,0.8333333333333334,7.040081095772987
4669,SGIP1,,,,,,,,9.04602736027865,,,,9.67517814725109,9.3331316625858,8.48889001020616,,,,,,,,,,,,,,,,,,,,8.80527834531887,,,,,,,,,,,,,,,,,,,,,,,,,,,,0.9166666666666666,7.710862032051206
4250,SH3KBP1,8.66850290819225,9.69223413907295,8.80198193980156,8.2055339185204,9.14756904404924,8.26734520973241,9.71879223046663,8.29490566051586,7.93973559942781,8.61457023210933,9.09888151598614,9.35137667585565,8.19734602698627,9.73914080080495,9.09010757379152,9.17902586527904,8.88668712519514,,9.37347128272956,8.32266121204032,9.25200989640393,,8.55884117502683,8.40245771609318,,9.0386689484336,8.84256559276857,7.06728982505394,9.51115214070713,8.982203320694,8.88191165101206,10.5137273073448,8.62103636554046,8.85848702251698,9.01209175431784,8.46364890455299,8.01749319216217,7.28247841279612,9.45426137263587,7.05460054366493,8.85408199175662,8.4466789509116,6.50241362044278,9.31928802797062,9.11123293195346,9.35982047114859,8.40570026851159,8.03472613403891,8.07881947533696,8.73950088607438,8.75485353605796,9.15992774255398,9.60748666559274,7.30081180873998,9.79669022730485,9.88023738349516,8.97908713824832,,8.79294135358208,9.07400498024828,9.29981500390391,0.06666666666666667,8.619317130853151
8165,SH3KBP1,9.19914964506547,10.9638773532262,9.77510287151074,8.31748086977331,9.42428835199687,,10.2237021834748,8.3329653158016,,9.61511787603891,10.0803949757163,9.5268799370403,9.03645013730019,10.1806537866252,8.74789399302073,9.61019144325595,9.38956855759963,,10.480363327318,,8.5819942209639,,9.19924492015376,,,9.73182204643262,,,9.90836180704073,9.23050060150224,10.2762709925357,10.4485350042315,,9.77788696626084,9.63676805909191,,8.91228284412098,,10.2575869405739,,9.23855247262169,9.08050755382426,,8.8632636954297,,9.99005145700319,9.14956923355272,,8.34446295479738,9.32225280332942,,,10.2767379143747,8.28589221152694,10.0536440929245,10.27931638507,9.54350310093433,,9.41044221458001,10.0769318843757,10.2243678042656,0.31666666666666665,9.336246376854373
9216,SLC44A2,7.64683235207958,7.5125686802947,,,6.75715913106442,,6.48345091763402,7.58477258452447,,,,9.18446572784509,8.53415589500539,9.41894846145608,,,8.13559468093713,,6.46313495547745,,,,,,,,,,6.98549830353299,,6.82575461192768,,,7.4889761678225,,,,,,,,,,,,,,,,,7.72965238126911,,,,,,,,,,,0.7833333333333333,7.134818988008883
484,SLC44A2,9.56826162320272,9.50936454236133,9.10685713178907,8.74615721617866,9.05028003321739,9.44410826428986,8.99519646843713,10.3821568571191,7.98116736107331,8.43710367708865,8.19397813641588,9.80781257767236,9.63839632472912,10.3636839535775,9.18888622378017,9.23287383148994,10.3292013045868,7.57577055610787,9.35459079435588,6.76122019510877,8.93378171763499,,8.46188703947217,8.4955262199931,,8.79572126120434,8.51060647059512,7.64462088329689,8.92443797516366,9.05462326740076,9.06898520892589,8.84485629240343,8.04607442028135,9.48086123529598,9.21569808734873,8.87754363091364,8.04041734595122,7.25618561647532,8.72682852826029,7.39253081497539,9.29631109738483,8.6244736458196,7.12540353441634,8.85155085077566,9.02981496494697,9.1366717790488,7.98581635112455,8.65141792041234,7.54014981384728,8.80352963243721,10.2241079236107,8.52843440989527,9.02816205478067,7.21612553769178,9.82548285476694,9.41715844279511,9.50838476515183,,9.21760479747941,8.93627574242917,8.70335740367789,0.05,8.647762499783854
5316,SLMAP,10.4236053282539,9.00698454630146,9.19151422389297,9.47162197549594,8.92492095580512,11.6448145956577,8.84477379277137,12.4577498814971,7.93125929649185,7.86800682679764,10.1463386455585,8.46731860186442,13.0786219141913,10.2307764767411,9.52953167823445,9.48931072483092,11.2653334259931,,10.5917637348753,6.57213408721182,8.95428227749331,,8.68697256400493,8.13422634260207,,8.94509682951847,8.81814156516178,6.70764461675384,8.86967541191206,10.306060831819,10.98387738915,9.56026633236097,7.96011704440511,11.585353940012,10.8999899374999,9.44244370421365,7.75821031114324,7.08686173275498,9.54679096380364,7.83151463031037,9.35704220498507,8.57848569145722,,9.80661082671518,9.50421963363445,9.52415240136498,8.13619584396691,10.5411048825215,8.11472418817133,8.80286537946338,11.5911267282973,8.79197284961831,9.27224319753296,,9.32144257424979,10.4543407758069,9.67386934071094,,10.5211853257637,8.71164640477464,7.89392147181254,0.1,9.190680936908699
506,SLMAP,9.56718348063736,,,8.80257656236905,,11.1398790653115,,12.6820319255202,,,8.75052611383688,,12.688383659413,9.56049420913838,8.79397404321414,8.87327423808173,10.9039322570778,,9.02509480418436,,8.31793752011224,,,8.82289741269864,,,,,,9.80102771332093,9.34372945743423,9.22971197239719,,11.716147938625,10.6055267487187,9.32858322189416,,,8.34752808496243,,8.68242480715483,,,9.26344216998342,8.41457148758726,8.80132779379852,,9.99439200797756,,,11.3238048793044,,8.16193066937684,,10.2841726213112,10.2100268716303,8.56863091182528,,9.66566492342987,,,0.5,9.374311164248065
7445,SMPD4,,,,,,,7.26746204971749,,,,,,,,,,,,7.19493094256209,,,,,,,,,,,,,7.14063364407132,,,,,,,6.31429081273169,,,,,,6.98999774547172,6.2284368247775,,,,,,,6.69763419325991,,,6.90224942054013,,,,6.8307034196069,,0.85,6.241633905273875
4671,SMPD4,7.97266725351886,7.96761129905387,,8.04971866572964,8.50319343601384,7.75398722286693,8.89911838631129,8.43002520318301,,,,8.04388006528499,8.19630240537555,8.16559147607253,7.81505252359869,8.14813186721334,8.08655080483087,,8.50449330323197,,8.38533039718682,,8.21233095982895,,,8.08735166376763,8.09470841639228,,8.00644338623757,7.78409746315937,7.76000163394035,8.48229468349964,7.66542751752376,8.24244734260233,7.90686267976894,7.50283616140379,7.38632375455746,7.58908954023551,8.16101705330501,,7.83019707520797,7.88776784491196,,7.9724778179877,7.97635714185781,8.47373086170366,,,,7.68688018977661,7.84519108538012,8.05361445836173,8.84506990219244,,8.28302958081598,8.43060211569813,8.26085060714777,,8.03545294131422,8.3467423620895,7.89183007674002,0.2833333333333333,7.907576061515794
161,SMTN,10.8476335107315,9.43741648429075,9.60985311934877,9.17676706545411,8.2179517185529,9.93835568234192,8.41769529629443,13.3502181818862,7.67935319574266,7.24972832742152,10.3041008524584,8.46116687725801,13.6770321332781,11.2022345948522,8.42522803214612,9.48044161938004,12.4039600769759,,9.77781592004371,,8.69004014635357,,8.36087339801451,7.90225485583447,,8.09903948462523,8.1078385591342,6.08311819479823,8.33958361888789,11.0842804439259,11.1388654972585,9.96861422113344,7.88195849757448,12.680863756033,11.1429050189531,10.6211414565606,7.2674220828238,6.12627462221693,10.0713839995521,6.90733917284023,8.92965539993303,7.61130747152919,,10.0690858678464,9.38807989055897,9.23771378497857,7.86954645595772,10.2125529318245,7.6820563632137,8.70163210868569,12.118934130132,8.14092277842621,9.50703375141586,,7.90269337646512,9.61671519036704,8.85444943208146,,10.6779676703256,8.06788680728668,8.21387256311456,0.11666666666666667,9.077812756389905
5469,SMTN,9.38410490135874,,,8.60290772726414,,9.76462345579629,,10.3297988898052,,,9.20397844514459,,10.7982357133247,9.35060579963986,,9.24006699705959,10.2180964885936,,9.30102278278828,,,,,,,,,,,9.74340448755345,11.3933283995823,9.08949925010194,,10.6991120351362,10.3556449556149,,,,9.3897639848964,,8.66112218438709,7.7116803691162,,,,9.51607063377597,,9.30512488054602,,,10.3987720681106,,9.00625196841107,,,8.91577155986924,9.03176765954552,,10.0405476600537,,,0.6,9.226687935844675
9551,SNAP25,,,,,,,,,,,,9.14811144365228,,8.96598166078488,,,,,,,,,,8.42651104714331,,,,,,,,,,,8.19957788892227,,,,,,,,,,,,,,,,,,,,,,,,,,,0.9333333333333333,7.134703074767215
2093,SNAP25,,8.19193316557142,,,8.06137772096628,7.50570634004993,8.12994467386979,8.58978182446111,,,,10.167069763555,7.55390637222454,9.98712199085966,,,,,,,,,,9.48079557920354,,8.63937840027116,,,8.27357720898216,,7.95401661004792,7.57524970423559,,9.24540147411992,8.31143079387342,7.93032690932963,,,,,,,,,,6.84717761535708,,8.27596733958905,,,,,7.77075491193425,,,,,,,,,0.6833333333333333,7.958712586591739
9378,SNX2,,,,,,,9.66673427944686,,,,,,9.79438571784928,,,,9.20452092045444,,,,8.44702745323403,,,,,,,,,,,8.92008044811316,,9.29336722383341,8.64153018524931,,,,9.49284375845218,,,8.94498184280361,,,,9.29059918274539,,,,,9.24132195356477,,9.8826297101483,,,9.56385272483305,,,,,,0.7833333333333333,8.654800623861508
5082,SNX2,9.07051391229182,10.0266155091084,9.20454737444659,9.7545732552838,10.6186207439293,9.13490179309513,11.0587175956217,10.7558082280226,8.75821548894115,8.69402963636471,9.44582214637736,10.4195911872248,10.2820593683906,10.2158101393229,10.3027938092711,11.0128439084589,10.6603470104693,6.62963017552612,10.0326198003739,9.88857076334597,10.7862467484742,6.197619416153,9.78900907398797,8.88157720105757,5.28669861714409,9.89736333859813,10.030161521884,8.13247677843788,10.337784487312,10.1796951279495,9.23668305774628,11.8589482089418,8.97268223475676,11.2763634363601,10.1360740547272,9.57498693587995,8.88412063293107,8.50948566733996,11.2731242845643,8.01298576477249,10.4594463299592,9.38430710053483,7.9147122361691,10.4822179262458,9.76154505899771,10.7233704604619,9.31206175312297,9.12574884861462,8.95887783215887,10.1210681423228,10.3600483770276,10.3285586694738,11.3103752266,8.50297164243613,10.5062945858252,11.4772266507707,10.7036369280984,6.23094447697551,10.4518246815379,10.5157862299175,9.4304876714402,0.0,9.511667464775135
9332,SORBS1,9.63143737641786,10.8346181429576,8.9286164256878,9.00540678736474,7.74549627768339,8.17933082123,7.41159332045875,11.5339518211814,5.55861865943839,7.83732602627424,9.68694919266307,8.80023949518502,12.2795397546657,10.4465414869868,8.18520070865671,8.91807686383481,9.9363155220339,,6.44102850896737,,7.51253884167304,,6.44040655027332,8.65622540141642,,9.01367711391634,6.6305114762648,,8.37279701334068,9.74201706980889,9.47557751376716,9.66108356786498,5.60791816750897,11.0925546958147,10.2260365083935,9.38702336983675,7.03534659634814,,8.37322076149927,4.81210157957879,7.47313935433494,6.72155149154489,,9.40744850178138,7.02879195337977,7.53520047694417,5.26584853084036,9.15689464235247,5.73496109992059,7.85872074908779,10.5926750305363,5.97876791010241,7.65745764210869,,8.88406587176319,8.42012406702031,7.82210289069354,,9.11903922010662,5.66457427766486,8.25063731923593,0.15,8.124805520615263
9187,SORBS1,,8.07562294360861,8.09419994795679,8.08888569907582,7.19553855842478,7.65999465405542,7.45045468987216,9.68518057418641,,,7.48556684758054,,11.5392876679365,9.13489321477038,7.45136376719005,8.87218634041444,9.69761920600933,,,,,,6.58071973592472,,,,,,,9.30910413624023,6.93357828285526,,,10.9174062082809,9.86511450632434,8.1808628077002,,,8.41463242073587,,7.33674733343727,,,7.27650534969987,,,,8.65613148985856,,,10.6815844502691,,7.05823542754531,,6.59764134410578,8.57450515688447,8.34684301725267,,,,,0.5333333333333333,8.127370314190658
4654,SORBS1,10.5841624590759,10.8643422980281,9.86347615885753,9.849624065069,8.79422404514226,9.43958474855939,8.5834458891917,12.6471812078387,7.82518516206369,8.58520462028941,10.5808753107791,9.44299082459074,13.1528312555848,11.273233165884,9.16645337064235,9.91138594640926,11.3667182729028,,9.27762169574818,6.11231657807726,8.6192067744025,,8.00021720016051,8.20957533980037,,9.27085292906389,8.08815361751509,,9.11895342735625,10.6375196857849,10.9131964127347,9.94202072460222,8.68168501347701,12.3410702906195,11.1370937539652,9.98249645886198,7.80140068294304,,9.81822150208225,6.46938379089852,9.47784847221378,7.74196170487948,,10.3908928356672,9.17878242180309,9.16606550860003,7.58685970811734,10.1421948217829,7.34360941188668,9.31781856339208,11.7261325394788,8.33292392887308,9.12427174455841,,9.68091779880115,10.0754420578231,9.61780653715575,,10.4071612883012,8.59417535128472,10.3869213315282,0.13333333333333333,9.324393614705784
9380,SORBS2,,,,,,,,,,,,,6.89482754735489,6.49010550382142,,,6.9255584322156,,,,,,,,,,,,,,,,,,,,,,,,,,,,,,,,,,,,,,,,,,,,,0.95,5.315122870847977
7667,SORBS2,,,,,,8.87268660838463,,8.22145060729729,,,,,8.42694302841423,8.69065218698435,,,8.13079727171299,,,,,,,,,,,,,8.39295306492754,,,,8.70933152514924,,,,,,,,,,,,,,,,,8.01419070110217,,,,,,,,,,,0.8666666666666667,7.591741295626566
9280,SORBS2,8.45528982332004,8.86300258045489,9.16761625446661,9.47400449438614,8.66695343463972,11.0182895330999,8.30907288414926,11.0471772046652,8.25762052124859,,,7.63806090922581,10.7232078576043,10.1041399533465,9.02599018708544,9.59916921702938,12.0556124569946,,,,8.98600819109193,,7.6745947563423,8.18859868623738,,8.08890916840133,8.45406281147694,,9.18141347064266,9.87809166668143,,7.66920744144735,,11.647081148691,9.99006935946303,9.03302651714945,,8.44894147625624,9.30726563018013,,9.84856616955386,,,8.82012312976621,,7.71186094537626,7.75607587196811,8.46210196545634,,7.82113460544145,11.4462560798174,8.38470460132831,9.36465041359211,,7.70115405322538,10.0150707498012,9.20029043615082,,10.1455485780555,8.50713578485706,,0.31666666666666665,8.952345901512242
4271,SORBS2,9.8880049438826,10.5424849061662,10.5628362700093,9.97232941586239,9.25155526846528,11.7363111651877,9.47351274517405,12.162061601558,8.64862918063139,7.73894272762773,8.60730222786286,9.81023242429783,12.3572939894992,11.9290245553084,9.7582433285933,10.3395942668086,12.8652300416294,,8.84173767646265,5.7769325253719,9.92541902333395,,8.75513857537625,8.86005490195017,,8.86218472311799,8.9795023433903,,8.61592837527651,11.2814011404116,9.59077795270724,8.69870854998078,7.54759751556003,12.6762951857381,11.2382299089168,10.544710372239,8.09547697096983,7.31304469673781,10.0144492656099,6.79204575218807,10.5720204168126,8.28367965446314,,9.63839519005007,8.99138416826056,8.94322188390279,7.95960969602165,9.66920322579276,7.55469346466076,8.62401210995078,12.5455589293875,8.64571554495353,10.3518314324461,,9.39357868171097,10.8445574677223,10.2020142360979,,10.9327626587042,9.20962846092818,7.7247428575135,0.11666666666666667,9.414231413260488
4917,SORBS2,10.765977657488,11.6113706889185,11.3973971980671,11.8455296185935,9.53215032433764,12.895578918671,9.08918059675913,14.0782704667979,8.39966338435114,,9.07916460233801,10.0580000701797,13.6183748604086,13.6999491997607,9.79500552026207,11.0362127979922,13.8565029859884,,8.17810191066813,5.30748094736341,8.58076454577567,,7.56944265967982,7.60699382495914,,8.29125982855013,9.1270670044005,,8.27762825608035,12.366967248281,9.95655721702956,8.98081333941875,6.83476016949091,14.0101157706975,12.2513662833197,12.0651871537399,8.40379813591334,,11.0681226370217,,11.6794192862908,7.56852998139848,,10.1168379411959,8.52881307862409,8.15877494748928,,9.79840103720047,6.23551888753935,7.62487588076669,13.0742526726509,7.32387807461323,10.6697805402461,,8.81742062004931,11.3089442073188,10.2529929092967,,11.4286590111985,8.90307923868375,5.78241366062352,0.18333333333333332,9.726494069486687
166,SORBS3,,,,,,,8.16465617541933,,,,,,,8.22129313836368,,,8.94646312751739,,,,,,,,,,,,,,,,,8.95000432959473,,,,,7.75958015155703,,8.46172839231217,,,8.24064082809358,,,,,,,9.42575756774407,,,,9.20566130333065,8.86237077802703,8.46262526275111,,7.79313796667514,,,0.8,7.945686078568148
3001,SORBS3,9.30875813452728,9.70021340841317,9.09932792998436,8.89567690541277,9.43341527944073,8.51104815895992,9.50148646550103,11.0207681385924,7.24525516409113,8.23212216325826,8.76676100157731,9.09384661261244,10.709111025154,10.2129096123333,9.30093697042879,9.5732678221709,10.6670561296171,,9.05577012645504,6.24187061977908,9.03339120622914,,9.32615346169122,7.94887922227026,,9.07145056039191,8.30769044277548,,9.00318816622703,9.76183586831143,9.44489582488569,9.25415999401736,8.42548073906987,10.9813521715177,9.76063487486362,8.84826318220289,7.9801587120808,,9.47822477543728,,9.62227550705312,8.09546404346693,,9.6752252046629,8.88244767755439,9.38938437431779,7.51494747668449,8.47555426206351,6.16284312794763,8.47462045634932,10.477458031596,8.59157576011439,9.50363603447713,,9.63034129197823,9.93669100267282,9.64570648497248,,9.7892136521567,8.96394959605949,8.37779401659931,0.15,8.908571744932308
4992,SPAG9,,6.88869537601108,,,6.82109267708942,,7.21122804448302,7.76643466190455,,,,7.11413479169918,,7.59281003630561,6.68384334203104,7.32842686218408,,,6.68302486213684,6.7492252234949,7.44643611232151,,,,,,6.00061099317565,,,6.90041567584609,,7.05705052940036,,7.66873986866069,,,,,6.61981615054321,,6.99248000065031,,,6.67655177668456,,6.29863995030254,,6.55555234602416,,,6.87790636992596,6.98706451415481,7.56716154041884,,6.87682762868029,7.25188810910786,7.32805960940517,,7.40703012779161,7.36857101812659,,0.5333333333333333,6.801829363168734
2619,SPAG9,8.2801789285804,8.83009935393391,8.11526484093499,8.2167697011934,8.80483540836904,8.36721513383804,9.09693147096932,9.39959958858261,8.2414435705278,7.71181142231823,8.29077663056902,9.02734422604489,8.95614381304425,9.00317173421084,8.56656748444626,8.91578753700505,9.05419357855768,,8.70237492634122,7.84269231492729,8.77475236414699,,8.48970740653083,8.18013192384484,,8.24112576906552,8.25024808162971,6.91015375454102,8.69431907899109,8.64659132776961,8.57720855913314,9.075224328116409,8.28060196585243,9.48698708780897,8.65684642559472,8.05319428766407,7.62589596091332,7.91089027825535,8.90932667070686,6.14362566146411,8.76090528568899,8.0003661587859,,8.80399340992163,8.49071753510013,8.9047354804188,7.81330420259988,7.94891379380614,7.45580077422551,8.33275421280429,8.91641727786244,8.69688060697729,9.18832133262978,7.25785918625199,8.93435974949695,9.05792298017206,8.88461455644552,,8.82470819991466,8.9759206201305,8.2210554365349,0.08333333333333333,8.314334603588277
3401,SPP1,,7.29848682814706,,10.3943763074828,8.87796661171692,9.78260641161833,9.29584111945362,7.00472818151841,9.8051057300781,9.35486560616203,7.57177551357832,11.6614220055032,6.98897190756003,7.76089597977003,10.461812933463,12.0690667458143,9.95939039129621,7.57270563981672,8.55055539843417,12.8891674619088,10.5004830522236,10.300634897669,10.4342232803616,9.75529821408089,10.1540583580505,10.1415964374856,12.9670239358481,9.05554837053306,10.0807385388791,8.41334217427558,8.25203949695434,8.01429673116222,,,10.2295400372611,8.81131584230993,8.43015992887712,9.35955370056277,11.0955546299041,10.8029765033493,11.7760682868185,12.5626535875577,9.17158779973659,11.1906428816807,8.2372847040066,10.6366346355133,6.72474729253174,10.4969963275966,8.44856651622353,11.679217925821,11.4395969397649,11.5975837720551,7.88842641634913,10.9270228031182,6.86445196864357,11.8003327794845,11.2396646581592,9.28869840277176,12.284005222283,11.4543262182449,7.98708072753136,0.05,9.61799508222417
9344,SPP1,,,,9.22163306360801,9.11133328930179,10.1115034079174,8.97125711459478,,8.78192044518363,10.6365243225214,8.68895301077999,12.5620401615497,,7.91952496683746,10.6332132181285,13.2216511499116,10.4911348901098,,8.7594883542026,14.5736893887255,11.4168640741294,10.5504592621789,11.3998739894593,10.5238661259261,9.6080098316401,9.7488261657986,14.6676950218091,9.64984098232401,10.556051039556,6.8722054995744,9.66296433655548,8.16419512722612,,,10.6244825963082,9.86352948525442,9.22466043140353,8.56863565508096,11.0453101958115,10.1066373312985,12.6608368465228,14.3223265022399,9.06954554173151,10.5473445166854,9.31544926496881,10.8141232978906,,10.7134676729924,8.74867512261881,12.3288670824184,12.8762342569975,12.5040029121085,,10.9047393629901,7.98994545829814,12.7078899133681,12.0719248992921,10.5358663291411,11.5700750296346,11.6521751900298,8.58685553875047,0.15,10.307852282180496
9045,SPTAN1,9.81849956368803,11.500040154957,9.65591003287672,7.94482018972293,9.94287593311958,8.68452198740677,10.6876385631972,9.97423219820685,7.39478120386027,9.11247425623709,10.463517820614,10.2838857081311,9.91406312497479,10.9669587256454,9.00343399020765,10.3003917340645,9.27149416279261,,9.25049885409096,,9.37718561778397,,10.0753258452028,8.61301835446359,,9.77298200823381,8.29996029772951,6.54874669447657,10.3718683101486,9.81433560452244,10.292899939764,10.1282744218012,10.0589065308465,10.2069762484178,10.2803751242086,9.72096538605525,8.89684860371892,7.08224101339674,9.81551843025092,6.96532070759412,9.280978643281,9.01380661163612,,9.67363815942485,10.0795253348486,10.310449693348,8.63109604798821,8.7405423042952,6.42879824697114,9.34113930424496,9.32413107750637,9.72749918373265,10.1242979308392,,10.9947295867728,9.29086314887369,10.1882280533021,,9.34339736154218,8.86486804238699,10.4923210745397,0.11666666666666667,9.27111600464669
1454,SPTAN1,10.2886558101067,12.0970424677907,10.2969209990485,8.69561660083108,10.533052040634,9.88556996596116,11.1807053579879,10.595372718423,7.82467356280934,9.91685178549064,11.1040217612131,11.6649174588204,10.4407145321371,11.9976126095857,9.34572542147589,10.8189483832746,9.52558532237028,,9.58187447431756,7.1458247828168,9.5323791534633,5.89529602987124,10.5379276657618,9.23855662183001,5.26670643869723,10.2063250145155,9.48468007361297,6.76130115329262,10.806867863159,10.2270275319849,11.0172104871456,10.6864821213048,10.5797053713171,10.8226202165787,10.8027591588714,10.1572127763774,9.66396342607241,7.64930984412981,10.2953896416059,7.20138776062507,10.1066052246937,9.24756331381961,6.76925570492376,9.94083172381925,9.96735013393901,10.695212614358,9.0699735087165,9.79176384164903,7.24528603009865,9.89110986208485,9.51340325060712,9.98912030278188,10.3630267426049,7.01510958971787,11.5122930615992,9.74937625511734,10.6660963430334,5.61985395988598,9.7431921779997,9.77364698109051,11.113052775628,0.016666666666666666,9.454732144333994
9574,SPTBN1,,,,,,,,,,,,,,,,,,,,,,,,,,,,,,,,,,,,,,,,,,,,,,,,,,,,,,,,,,,,,,1.0,1.0
1041,SPTBN1,10.3254908822135,12.1444994271242,10.3472378261703,8.60715908882356,10.5043603964989,9.69411915587706,11.228044308394,10.6816006117637,7.9609093825436,9.92899487882727,11.0385517655022,11.7738654750865,10.4844168675699,11.9401689369839,9.43273354274375,10.8343996323041,9.55794706662576,6.29827422513126,9.68680471781307,7.10477633486822,9.65737094387903,6.13937973917273,10.6793512928467,9.24237919060543,6.74909724719778,10.3590082835468,9.70321775291007,7.23969301925808,10.8977154026427,10.293481321076,11.0412668677064,10.7718469200003,10.5566206674892,10.8606010064821,10.9097435101442,10.0573947949612,9.74618228886,7.69904160429581,10.384625269445,7.58551483219902,9.95793763991533,9.39328251068455,6.93791735420944,10.0150638899908,9.96718578208533,10.8070803212722,9.14619797386545,9.94278800324965,7.50091098240482,9.91451053645717,9.55394131540167,10.0154737340404,10.3744492372216,6.97133392416348,11.4359896100468,9.78505870317045,10.7533033390987,7.37115562608192,9.77184700207783,9.81762432666579,11.0456413711794,0.0,9.513132602928728
9701,STAT3,,,,,7.69918164532446,,7.82367165660159,7.51197827201603,,,,,,,,7.69692955112496,,,7.02331703149206,,6.89408737148129,,7.46645753043534,,,,,,7.6510893752628,,,7.86659216793587,,8.23910293318915,,,,,7.90053956784381,,,,,,,7.48499617244146,,,,,7.24113324412175,,8.11538572845587,,,7.63559886587213,7.24979921291358,,,,,0.7333333333333333,7.190187862343852
358,STAT3,9.08078670621813,9.74151121186613,8.9296932673067,8.79085533340393,9.73843240786279,8.68280314088329,10.0397793029054,10.3257470690455,7.67675095168818,8.76500427132896,9.00810257907318,9.87520726391592,9.86914802734552,9.79090628445555,9.01468902217249,9.69495253925931,9.98342986620305,6.57136073290688,9.47438400056329,8.11226085126316,9.33659773308817,,9.32948328349287,8.26560111939979,,8.9267977657751,9.2124030267135,7.60474527028415,9.52326340306401,9.24485803079537,9.25947614956845,10.1205010121117,8.93787364416505,10.3268244880965,9.48122845430338,9.08999065352225,8.41889410263701,7.74009537224932,9.99496108129557,7.75764748344041,9.47969320320121,8.55472308512703,7.41448851583978,9.68553602663826,9.41595750309895,9.6997770454699,8.44658123342341,8.66945833736815,7.98466243865339,8.93655249067523,9.6018990477475,9.10721398047506,10.3580500182515,7.56254513390766,9.42563986250982,9.822573546967,9.58142264074791,5.40854972652576,9.33338746501244,9.53909070990879,9.01424247874792,0.03333333333333333,8.876807424086133
6157,STX16,8.25438014846682,7.86081626699131,,8.08201327029012,8.51201192748211,,8.94593833554318,8.94485356349324,,8.20234669819718,8.5555549068239,8.5873069826902,8.11205183325432,8.67242765897927,8.77037048098544,8.67241319932381,8.83694514539287,,8.02720760573563,8.40460152381285,8.62686929596028,,8.56767385126079,,,7.78313287126682,8.44048285270777,,7.72654606324274,8.19409257294199,7.45706697099482,8.68652650521807,7.85010985699513,8.83790807437611,8.71645743436544,,,,8.59537700813467,7.17096602355833,8.12756913831628,7.69266425783839,,8.60564225643386,8.21972231407795,8.67668594544863,8.21164520290822,,8.41661978315963,8.25974742038694,8.73609116785688,8.63845622442284,9.07002002733099,,8.1586665513861,9.08714005619791,8.59973245845875,,8.18934306926135,8.59131217555823,,0.26666666666666666,8.208617633238399
9336,STX16,,,,,,,9.72927437470347,,,,,,,,,9.13919318163003,9.94140503969314,,,,10.0203630737794,,,,,,,,,,,,,,,,,,,,,,,9.44584430683108,,9.35475541473514,,,,,,9.55199794677813,10.0156490647907,,,10.1729927607243,9.27292044365353,,,,,0.8333333333333334,8.861611721877479
8800,SUGT1,,8.41852161516892,,,,,,,,,,,,,,,,,,,8.49475689801507,,,,,,,,,,,,,8.93763034174043,,,,,,,,,,,,,,,,,,,,,,,,,,,,0.95,6.700227213731105
13,SUGT1,8.96954422129714,9.59208639770327,9.03142409558791,8.79843407033439,9.56181781076081,8.89080260581673,9.62315019456249,9.56084231289609,7.71681643833348,8.73922940871407,8.92639202275152,9.91382751373831,9.18307163287817,9.84926555589486,9.22637947340862,9.36573246520455,9.16305423017713,6.82880293538137,9.41041874327373,8.33144279773616,9.52997980723212,6.06973142212562,9.16953230674712,9.03309649647527,,8.89851180067249,9.01239752779001,8.07619876872273,9.43279152510879,9.36729781086652,9.1884714569203,10.1045770759939,8.80674273985268,10.009986348125,9.04245679604804,8.90484529703044,8.63277312913912,7.94133226670082,9.935317244673,7.67608283494931,9.56970043764993,8.66912582291573,7.37030745664227,9.56939382073413,9.07748593441618,9.4332868882269,8.95647959274537,8.66405017877973,8.21949507201489,8.9671903714065,8.76556616892249,9.12744726612185,9.80800820406545,7.77440457505927,9.42607736943838,9.57944490124919,9.3949289790222,,9.06677335726847,9.43211172147542,8.88042422795469,0.03333333333333333,8.819155068470666
8312,SUPT6H,,,,,,,,,,,,,,,,,,,,,7.23828378927359,,,,,,,,,,,,,,7.29829535724443,,,,,,,,,,,,,,,,,,7.61456365794911,,,,,,,,,0.95,5.775285701116783
3631,SUPT6H,8.03779308271426,8.63915302406158,8.13959556320499,8.43980904649423,8.58530010541429,8.75491582497924,8.92828036465349,8.55537474537464,,8.06276812754561,8.38125188437493,8.56983946595644,8.21419464189378,8.54821794293448,8.32543811865342,8.49895076631167,8.41724346630577,,8.78985166711534,7.50966731253118,8.21723176264109,,8.27799431917237,,,8.34640005642833,8.15425369955048,,8.48032629368669,8.36984446921119,8.25296274537301,9.00292494841013,8.14104764996428,8.44335823256515,8.07727257907454,,,7.55443614181824,8.5226569886457,,8.45701369656049,8.03087497549445,,8.42585750328335,8.73388096901176,8.7800975273056,8.00447800731984,7.80080742294954,,8.15094407340392,7.49129826280006,8.41170971524129,8.91351971650701,,8.46098518993107,8.59722462146087,8.56590952294382,,8.06895430971451,8.58132013798434,7.88786597140463,0.21666666666666667,8.182916046756864
9018,SVIL,,,,,,,,10.3164360339183,,,,,,,,,,,,,,,,,,,,,,,,,,,,,,,,,,,,,,,,,,,,,,,,,,,,,,0.9833333333333333,5.6498846836258165
1223,SVIL,9.04178309424247,8.43663125623698,8.23069800234758,8.7186943830813,8.48147139629171,8.04262421407399,9.09214696079947,11.6268143150933,7.16777913144803,7.52220906666828,8.50737858353869,8.26160263844433,11.4804190447406,9.16742018076046,8.76284380196852,9.33103344236047,10.0549426653348,,9.39043660329116,,8.86001757278248,,8.6605251883619,8.43523894424944,,8.48303999981722,8.20809841784688,,8.60171733969841,9.33710067116826,9.26333170844222,9.29083980914134,8.43041636862025,11.0167182588381,9.44113861859118,8.52323413432502,7.71960669550682,7.05017170279037,8.44602110866076,6.28341966201495,8.89747630840855,7.91833546153471,,9.34281467567452,8.85999394560906,9.10713015778217,8.04897082367418,8.70521411111923,7.30165996002488,7.78376009618796,10.3992276909122,8.40742292696028,8.69032366616179,,8.94622823310786,9.75447758821333,9.06712885513497,,9.28965045345901,8.68263471362259,7.75572833573539,0.13333333333333333,8.592779117433798
7989,SYNE1,,7.15380822228695,,,,,7.54131393161745,8.04995282233043,,,,,8.0205985407762,6.45841123535683,,7.46908406663409,7.24628635174668,,7.54642700523359,,7.43590975836558,,,,,7.40385208390346,,,,,7.67690251508567,7.52292101736054,,7.55234103185236,,,,,7.50281596677888,,7.12105392416734,,,7.0857762167764,,,,,,,7.21062582641052,,7.17955593730426,,,7.79048809443398,6.94596498189246,,7.36542081618341,7.34316884647219,,0.6333333333333333,7.098087501143592
2645,SYNE1,8.19198581806425,8.56890995907187,8.2964977080656,8.01392707433838,8.33566889521409,8.0876200752759,8.72801748685503,9.29620388785655,6.77349627727453,8.04034708492888,8.24186852904441,8.43717213501243,9.20561612673255,8.67161698996577,7.82298905944061,8.51922080425492,8.70425027778913,,8.85264181660745,7.5850504578839,8.54863169371413,,8.36024814696485,7.71386130798549,,8.21909783477698,7.91026131138442,,8.5149636235977,8.44948194370823,8.73161644751678,8.7132555286872,8.12833054499709,9.32354834563891,8.36834010197937,7.85570671853461,7.62636164785492,,8.37260333395543,7.67417784270054,8.18641198033547,7.91063075657371,,8.4830993503543,8.52699544280077,8.76466992202622,7.93198844483797,7.6099121612044,,7.95482519627753,8.67580810959928,8.37982667566038,8.67985083848666,,8.34442388198794,8.83383659494441,8.63830733192278,,8.42400455929136,8.72010831222314,7.86855543290346,0.15,8.168747230981507
9479,SYNJ1,,,,,5.08259210046762,,,,,,,6.60398535347105,,7.185845752646,,,,,,,,,,,,6.37428778646643,,,,,,8.33668718214603,,,,,,,,,,,,,,,,,,,,,,,,,,,,,,0.9166666666666666,5.7500108069773
3101,SYNJ1,7.68585863093766,8.61982183654914,7.96266137196558,8.15760914094915,8.24494915365138,7.9596265314225,8.56818121540624,8.36695378322804,,7.8895334010954,7.49762387723541,9.4811501835381,7.81761839589653,8.94982970438149,7.94189416437615,8.21764289511517,7.92207950728346,,8.42374947416522,7.96416616862655,8.08874525097843,,8.28305762157512,8.72349184336434,,7.92841503061709,7.60558992817953,,8.32729949443171,7.65662618140888,8.06825357761088,9.84268441262625,8.09341964216895,8.33025560218578,7.93029755268018,7.77069023135404,,,8.45481021226558,6.98486388991997,8.01764879550071,7.67564654599353,,8.4941248953205,8.2777709193683,8.38570801957582,7.77431778750427,8.03798353261438,,7.56303161154552,8.0158562601514,8.08828808713738,8.51257348278551,,7.8580225268778,8.28001717270558,8.35266866936609,,8.37070012208274,8.04732516179674,7.86540547344678,0.18333333333333332,7.997480273467172
3060,SYNPO,,6.9656590009694,7.38876380591547,7.53363779083006,,,,8.93480627403453,,,,6.99651583727759,7.75344755705825,7.81866669151513,7.75954772386131,7.2068318581862,9.3554880782778,,,,,,7.48199917058644,,,,,,,7.91002596976257,,,,9.61827663491564,,,,,,,,,,8.28647563210601,,,,,,,9.02069578932671,,,,,8.59994499834384,7.1815414595552,,7.56822597739989,,,0.7,7.583186855259055
535,SYNPO,8.07477513570837,8.89519393347778,8.68688428774258,8.74060180592152,8.62647696376809,8.55260477401172,8.91649383963367,11.0922416136595,7.3540549916207,7.53289276787195,8.28684560406442,8.78346352898166,10.3859164270754,9.60818173795309,8.83239968071763,8.92202828209926,11.2120120830351,,8.16545088900302,,8.96764538302977,,8.68471527474609,8.31985061195037,,8.21923197467298,7.94361629376852,,8.236049453153,9.2560596634101,8.09589511590597,8.28464866223806,7.67292825530614,11.4431132558517,8.92092885944164,8.444307108011,7.26276669861618,7.16313987573674,8.2883765380778,6.34010665917428,8.91242941687255,7.71477299359026,,9.23820320826468,7.96815916922559,8.46980334788929,8.53212293992251,8.27819249909046,7.8941861046389,7.5010006959602,10.6488032760547,8.08222333724153,8.37892574131908,,8.55810637204875,9.91429889446388,9.14540644639445,,9.21138353604615,8.66040218515101,7.53120779227353,0.13333333333333333,8.470001588368078
4360,SYNPO2,10.1979774845577,9.28792054823484,9.10539774990291,9.3432387828827,9.09931169190768,9.75730523565027,9.10167441647747,12.0765944771229,7.61151449307757,7.63285603045296,9.55097848003476,8.70697868527549,12.4040150213232,10.5201216395556,9.68473070767724,9.50260612695995,11.2896184626698,,9.11328485272999,7.21417315230302,9.12695308465217,,9.13897519894978,8.30794114980447,,8.84107077670279,8.5983943475166,,8.77621782131603,10.3455953477376,10.1116867211077,9.71001466529145,7.96702457239928,11.6012304736678,11.0229115693682,9.77554509515093,7.92022924966176,,10.0648163560768,6.65072996137132,9.37333360489649,7.96984557941149,,9.99149824949573,9.24785233678821,9.355344077845,,9.83077883381067,6.97234305030228,8.39981317957617,11.0947682671645,8.33652312486534,9.48255969571904,6.63504608367144,9.06714388095129,10.2982049083798,9.4324451650715,,10.2064755644446,8.6656763831912,8.12590881100728,0.13333333333333333,9.08642549197997
8740,SYNPO2,10.248691493512,9.23419405864361,8.76896062259114,9.78170269792532,9.7980081763544,10.8810651741762,9.48107447788477,11.6503789163388,,7.53790094107963,10.1178637447134,8.53837036868773,12.020508604355,10.328793369073,10.9079185783773,9.38469745531265,11.8098041916815,,7.27420295622671,,8.87757064544233,,10.314517850673,,,9.25809967418768,8.36815141686133,,8.71776904710691,10.883190574649,,9.76027173536317,,11.6739062690639,11.3356497110167,8.93158767453803,7.93314076823279,,10.6156309540023,,10.1294144361803,8.34870177468369,,9.66698695126487,,8.87571551371678,,9.99325484543711,,8.34038833659849,11.5804377542781,8.06709222254469,9.37283448157308,,8.28695954916092,11.2541586567584,9.71417104620138,,10.5332659558803,8.33363487337088,,0.3,9.464696443074589
8737,TCOF1,,,,,,,8.51521186883841,,,,,,,,,,,,8.06418465474725,,6.6681851880338,,,,,,,,,,,8.59014390286267,,,,,,,,,8.24721721164145,,,,,,,,,,8.23218216857619,,8.90399440045675,,8.07672630686421,8.36970680770715,,,,8.25399604460982,,0.8333333333333334,7.523171080697366
2262,TCOF1,8.30885070537038,8.95566167745798,8.0855281333445,7.79840756535003,8.50370640896707,8.27562566520441,9.566478543381,8.53128833789195,9.94451977282682,8.0800228544789,8.29121700996532,8.93008170799729,8.61453365951676,8.88931898215828,8.69132759601863,8.4964821709554,8.08839619419058,,9.00595722463525,8.07938150035941,8.77106546567928,,8.64344532510353,8.60295459603506,,8.70591449222245,8.5950504546133,6.81728732907886,9.17193530494087,8.68108999310147,8.42776117687792,10.3661997207416,8.26205767020251,8.46186363283967,8.78711973593089,8.19679014179859,7.71974966311598,8.32578296709388,9.09644696422664,,8.02623731559469,8.25574704832717,,8.84158762585359,9.09628739742593,8.9644462176059,8.45777043719165,8.01083322882639,7.30138406539518,8.3992659801175,8.25906277541091,8.91466935410228,9.57273649379854,,9.21302453607806,8.91665274896913,8.91778207474194,,8.28616220155907,8.71597019607692,8.23833210024693,0.11666666666666667,8.425279038931304
8171,TES,,,,,,,,,,,,,,,,,,,,,,,,,,,,,,,,,,,,,,,,,,,,,,,,,,,6.60907135947575,,6.74976830678082,,,,,,,,,0.9666666666666667,4.7751687776410785
608,TES,9.28891241567299,8.52753488889764,9.33810185089333,10.2908887507987,9.75847147809116,8.77622470086337,9.79911055233738,12.5377704213332,7.93145330660643,8.00012360009166,8.59980114187265,8.99996922632393,12.4203958064062,9.04273334042168,9.72248313106015,10.0672617336017,11.7065197995072,,9.88940166334222,7.5359709759373,9.72272255209341,,9.27700838427564,8.61812586169806,,8.85069566296204,8.90915745133992,6.89389820206573,9.32093524620366,10.32587253621,10.2464634258158,10.5190010110375,8.13470217855692,12.4919917911236,10.0705290163622,9.20794261052324,7.5334873632428,7.16761023865721,9.10286950794691,7.12736889262753,10.0437709615604,8.59433319839748,6.15561818304115,10.4760425461309,9.75348427214421,9.88999207755734,7.84042293398992,9.15847541968889,7.60472736590127,8.37275560062795,11.3979634994776,9.39071592346647,9.80970694483384,6.89214393548439,9.11210156234164,10.7822928397002,9.71940054412673,,10.5938441307299,9.36177439301176,8.0499823242064,0.06666666666666667,9.114575677617776
9320,TH,,10.0855110385172,,,,,,,,,,10.2268907028011,,10.5283951215923,,,,,,,,,,9.68476719822476,,,,,,,,,,8.60093821502656,,,,,,,,,,,,,,,,,,,,,9.09860472075536,,,,,,,0.9,8.446443856702468
2938,TH,,12.1363327972436,9.16380103925331,,9.1082660057237,,7.6471898993414,,,,,12.5648445138556,7.44048515808491,12.3827074840739,,,,,,,,,,9.96068367609334,,8.19599749675241,,,9.34048632239833,7.07746750176936,9.09919339472493,8.56715272923672,,7.21541059269391,10.1686442080853,,,,8.0390024266289,,,7.30618183985663,,,,,,9.24988098358306,,,,,9.19527181467521,,9.07314586735154,,,,,,,0.6666666666666666,8.74280059133775
9157,TIAL1,,,,,8.59579440170839,,9.27843074432333,,,,,,8.96953901322872,,8.54608076216897,8.75330289237213,,,,,,,,,,8.34139350934857,,,,,,9.07361757574723,,,,8.12078065521096,,,,,,8.25965402423698,,8.98077528229235,,,,,,,,,9.14162138651041,,,,,,,,,0.8166666666666667,8.073138076151226
5485,TIAL1,8.59279109388277,9.37236718770842,8.85389246390781,8.74265839593305,9.61388808876751,8.76207851542274,10.0185356839558,9.01683492604239,8.00666086426313,8.64132085937899,8.37605412504079,9.22477809155255,9.15195667741417,9.17022952079946,9.19128879318372,9.30811035612417,8.9141356106586,,9.43097625486015,7.3478267369393,8.97115013640238,,8.97067170589595,8.67285687785088,,8.91423172249473,8.80928815067112,7.34533979879146,9.61405256751938,9.01220866756038,8.97404181612855,10.0948030635759,8.46756376049376,9.55797713700867,8.88965257796904,8.6485572740901,8.25533650109199,8.11404525346587,9.60620201729608,7.6032413067405,9.35138916318479,8.33875745430646,7.28926674611895,9.17074205272523,9.15952697866624,9.6772730356721,8.61884120490303,7.91118591764392,7.93928110616274,8.60251259303885,8.54559306634331,8.99636535812128,10.3536624145815,6.78766729847285,9.35591929986689,9.62403697777998,9.43357157467861,,8.87685598310466,9.16320959120105,8.68563723748298,0.06666666666666667,8.694960968556519
8463,TJP1,,,,,,,7.11292504757794,6.83721417303076,,,,,,,6.94402552941358,6.81671184799583,7.2482248580718,,,,,,7.54415972322863,,,,,,,,,7.22805998865548,,8.17201911484529,,,,,,,6.25415233817726,,,,,,,,,,,,7.64803151972194,,,7.06929858152839,7.31947180712053,,,,,0.8,6.69186880995134
1952,TJP1,8.45484283831875,9.35402875268814,8.33932245537554,7.76450403861354,8.58064948327151,8.14032215433333,9.09106442113051,9.11171227259785,6.63045682649882,8.04436558594255,8.35322136003255,8.98551985946084,9.03807384722023,9.49120657139355,8.5454726694994,8.68856125201447,8.75728603487806,,8.38362402394975,9.03941472594821,8.42119849920809,,8.95378673972505,8.1282243974032,,8.34357845430165,8.06447663914892,,8.57621168652065,8.59247345821218,8.65422907245546,9.39092989765041,8.26166096212176,9.1918909555934,8.74984014226004,8.35650317742055,7.83282558046979,7.16275150186852,8.53301433508768,7.19296675934246,8.55422806781749,7.66859771456149,,8.56259181535694,8.44998565250339,8.8275892357355,8.11483112399144,8.11592599450405,6.24781665606738,7.87336115977634,8.63297654401155,8.30694091726044,8.91612720077292,6.61096674258278,9.02286023319546,8.45471288321521,9.08733560462519,,8.49756553190301,8.33813409716088,8.40708116513295,0.1,8.246090853342055
7299,TMPO,8.179906525125,8.95440993785402,7.98917630103056,8.65548533347612,9.63044416353684,9.19424213817912,10.5893913732633,9.51902163014825,,8.38279320041332,8.35818058948982,8.77144364830302,8.65555050810727,8.98918379620999,9.48210558090744,9.56436399000909,9.10815377778712,,9.14490933662978,8.33822856083557,9.55315537485446,,9.54074310748762,8.96269844128632,,9.26509763023866,9.11984457370866,,9.50442136408934,9.07280642423096,8.39678164916243,10.6322554764743,,9.49583943385826,9.12753504601281,8.83843341917737,7.902135222,8.04479593536784,9.38307420976688,,9.36684213958432,8.87308647696394,,9.72505820518043,8.3660274425103,9.65869210284063,8.56770066179292,8.61370753655858,7.7123491205375,8.37256118463385,8.92198403860581,9.09699618608375,10.0924260263134,,10.1264250486312,10.0205135827787,9.73891676015374,,8.93274644747015,8.8162355954384,,0.18333333333333332,8.90704606126615
3665,TMPO,9.31080921590414,10.200035988214,9.10695353704941,8.49274442442943,10.2252700320892,9.18931832908792,11.1160701489999,10.2601594307385,7.60723592446614,8.78105246104654,9.30164917005629,10.2224440710563,9.62277047005536,10.3458059000862,9.73635039424263,9.94606398329522,9.29010220532506,6.48013909165401,10.0767577161109,8.06151734151971,9.98268811167994,,10.0270460835034,9.46355963962326,,9.91426800689636,9.64586696523971,7.16029970694687,10.4013889187741,9.97176080668374,9.70082323888539,11.5994012063226,9.25644740809853,10.145314955611,9.83609239866192,8.6174359031593,8.48202885456486,7.89541444036794,10.0716071981889,6.8053492507015,10.0446627114375,8.92863204171037,7.09292959327485,10.0768639505109,11.0777508441817,10.6529125563137,9.30625541958364,8.64068008562618,7.63060088714546,9.2817429784859,9.27445139305772,9.96379004286175,10.7314647397541,6.22067402605227,10.8098529324795,10.6585913704811,10.4318130727897,,9.43783089755579,10.2348479699878,9.17249781777938,0.05,9.254449638698299
4764,TNC,,,,,,,,,,,,,,,,,,,,,,,,,,,,,,,,,,,,,,,,,,,,7.94889480850691,,,,6.26757701062264,,,,7.51897391678355,,,,7.71665793855436,,,,8.32816315149263,,0.9166666666666666,6.449488915437793
4763,TNC,,,,,,,,,,,,,,,,7.40271006322864,,,,,,,,,,,,,,,,,,,,,,,,,,,,7.73427586848281,8.16447038481926,,,,,,,8.22267160081921,,,,,,,,,,0.9333333333333333,6.49149225013665
9538,TNC,,,,8.66533561725371,8.63224402006907,8.37950976206088,9.32938419586911,8.19943207783401,9.16239037103004,9.63645963104151,,10.1739370058823,8.05395996879133,10.3636115312729,10.5132959480805,8.67749246477947,9.4775621396373,,9.95229980825919,8.00230410953381,10.5779299985669,7.82942147356346,8.40368549929758,8.00075524988338,,10.8129143410302,7.79143638020596,,8.60588687990396,9.00477236245597,8.07610819867626,9.06431047911203,8.62955729504737,8.40622268904717,10.6824707183488,7.45563381169304,,,8.44837740366095,10.3992094077289,10.1218725588559,8.94528650513067,,10.928229850712,11.0077929594453,10.4181591101707,8.07037111402776,9.66946094181329,8.71899841067546,9.60611254892131,10.9067258904693,11.3900190280627,9.40935940698788,9.00241707583459,8.45930235406898,11.3117098655332,10.8063692821203,7.42956728377544,9.66487059379757,10.6845822565402,,0.16666666666666666,9.139721265553456
1367,TNC,7.05208602343186,7.30214854941265,6.80479111926048,10.6068877006772,9.64565655980791,9.6082339391453,10.7779234564545,9.43276992948007,11.3660716908099,10.1188439024013,7.55798483967781,10.6025110861367,8.8107347769225,10.836306098276,11.2427239484732,10.6441918180243,10.3701516531071,8.40056026581439,11.5777937952001,8.62198584885462,11.1052869881925,8.54276209812484,8.94740704934012,9.0233086450405,8.25993732530375,12.2840057807742,9.3930849841765,,9.74357891975665,10.405223422309,9.20590603498904,9.75035358338639,8.76568344241215,10.0841307011966,11.8159049987262,9.65325422239069,8.46675567778616,7.12158335088412,9.13527112065256,11.3695907011375,11.4640132627361,10.6185533412976,6.88920873966919,11.6604112176682,11.4614026937994,10.78571267363,8.29407467842722,10.2911012615803,9.54479732642036,11.0574185382554,11.0766286195596,12.4544645615677,10.2494987752832,9.68100533027196,9.95983542072244,11.8503904084903,11.380155663249,8.19422006700402,11.078600081673,12.6081197203276,6.75487101365296,0.016666666666666666,9.746207501441129
8785,TNFSF12,,7.39404269424356,,,8.28688007915303,,7.74473333993277,8.09848298338588,,,,8.26673233851915,7.79715081452068,8.07546530247889,,7.57532985372767,8.41259171708575,,7.55597960943165,,8.03363727159929,,,,,7.43770033384816,,,,,7.55766945573524,6.80367161206999,,8.68659106580459,7.71227516198856,8.12748570247635,,,,,7.96076957195968,8.08555944508431,,,,7.50233499841936,,,,,8.46974802397223,,7.27410109098469,,8.10995629509556,8.54377039085589,7.50013662718439,,7.57769089646012,8.3477474176124,7.04942866805805,0.5333333333333333,7.604172279138663
5698,TNFSF12,,7.90895048357383,8.98478144245209,7.99990834392639,9.06885003654063,,9.10189767403353,9.65257815321226,8.64641946175995,8.09338233667368,7.92735984540691,8.2196770640064,8.66561958868515,8.8295528228937,8.53834892161353,9.39987728831543,9.39964844214703,,8.79255468789023,9.41442267516838,9.47574740462406,,8.34925261304851,8.45499937056014,,8.73685091565816,8.37656675530254,,8.37864193452961,8.67708119236946,8.35069442493887,8.00824635592807,8.07601510085249,8.90418073660448,9.26240248880368,8.47396699911339,7.49411172225627,7.17837294495519,9.31530534484663,7.82724228443454,8.9855368060237,9.44488722122536,,8.5647070795802,8.52139650979965,9.05564817344661,7.94987405464529,8.64053318490214,8.38726308303333,10.1385103801065,9.73016392168489,9.56927528051984,8.60196318562276,8.05299970418672,7.57235280221686,10.6297269592942,9.40808025111926,,9.4240728682912,9.58671961937929,7.56717493937396,0.11666666666666667,8.554278899041549
8638,TNS1,,,,7.20941520727542,,7.16589963375648,,8.96135811204589,,,7.53660052849647,,7.83167927987557,,,,7.33560692007804,,,,,,,,,,,,,,7.82834254570421,,,7.81213069769883,,7.52047779076543,,,6.71702168014405,,,,,,,,,7.50927166962055,,,,,,,,,,,6.91556257328097,,,0.8,7.011028202980147
1623,TNS1,10.2814201418988,10.9389130439011,9.8778677920057,9.82568191555451,9.55160504656844,9.03298331734205,9.48474577680992,12.4687072055527,7.60033926073909,8.62400913637743,10.1226619532783,9.42272896158729,12.4734529391904,10.8169606254802,9.50878292766936,9.93449891484765,11.4338211588594,,9.17864940667531,7.23707943070764,9.43574113518118,,9.27778054219223,8.54741374529567,,9.26489057900138,8.62570808276734,5.99724633618382,9.41732401594826,10.3260388299414,10.2693525087891,9.88416454923148,8.66273516838076,12.4168737972341,10.5012349391639,9.40385811031468,8.26879232565441,6.56180874014848,9.77817861461907,6.72507726443125,9.88759931220015,8.16922519039527,,10.3608631589841,8.79757475594204,9.46568403121843,7.72403448894166,9.62277901060473,7.54194092139664,9.19958876603068,11.1414880667065,8.80977299587418,9.47467261305768,6.02328756595097,9.99152860155857,10.541680429859,9.78436983288619,,10.3770011549237,9.26534276152466,9.78390313623525,0.08333333333333333,9.2311317540223
8114,TOP3A,,,,,,,,,,,,,,,,,,,,,,,,,,,,,,,,,,8.15248376221874,,,,,,,,,,,,7.80137695624359,,,,,,,,,,,,,,,,0.9666666666666667,5.640175795042999
3402,TOP3A,,,,,8.08881310126739,,7.67074142297596,,,,,,,,,,,,7.44092341096451,,,,,,,,,,,,,,,,,,,,,,,,,,,7.80163226264362,,,,,,,,,,,,,7.41983508209896,,,0.9166666666666666,6.556435324436183
9425,TOR1AIP1,,,,,8.58124064218146,,11.1040485471246,,,8.04996197319382,8.60879710457518,9.00768484242772,,9.29689132473596,9.53733493085266,8.65199799331987,9.01008014094208,,8.85731935134613,,9.80410747795276,,9.4011473163467,8.52093500841673,,,,,9.21255509540111,9.03381826873526,,,7.45123188655599,9.71747654013912,9.4698493803352,,,,9.12989472903163,,,8.08586614241116,,8.94164000987226,7.82807656310471,,8.87003773700208,8.11974763751001,,8.90918987112001,,9.20142608939729,9.68162433722763,,,,8.8909015269215,,8.46947973534796,9.25645941443232,7.29806678891815,0.48333333333333334,8.640069429381636
5377,TOR1AIP1,9.12967922043448,9.42286134259002,8.84605049294397,8.73888758615882,9.41236198464414,8.5062716056205,10.2709687753754,10.392276898347,7.80638230291108,8.57408317557456,8.72823790228498,9.47075994361279,9.79072197718275,9.76184094026694,9.19266309978084,9.41219120904722,9.34659544828607,,9.95909442071517,8.78844287630861,9.61160042553772,,9.11552445310776,8.47904067120856,,9.46645543126214,9.1906709136733,7.73355137435227,9.45386633427278,9.17594010109674,9.2815972390975,10.1286250427116,8.849496542243,9.89944133454015,9.67594137381852,8.73158757494734,8.75717858839984,7.84641373723492,9.5531467137925,7.44994496529044,9.0777204588222,8.94887178087651,7.49907179488191,9.52418424423189,9.43903899350916,9.67191690782448,8.62556205002471,8.33719627320276,7.92689235441056,9.17029504216475,9.34977009834677,9.58609963038013,9.95972275962796,,9.71679442670758,10.1258489628213,9.55881873592465,,9.01618262674668,9.36223745472303,8.61387394957202,0.08333333333333333,8.971681190649468
9596,TOR1AIP2,,,,,,,,,,6.06455714933673,,6.7321294643122,,6.82618783573544,7.12079161704366,,6.35886300636841,,,,,,,,,,,,,,,,,7.40375588505002,,,,,6.26805910612334,,,,,,,,,,,,,,6.49853326447895,,,6.81306470753624,,,,7.2314237536348,,0.8333333333333334,6.1955181020866466
1744,TOR1AIP2,7.72516952681764,8.41130764462384,7.72534969398896,7.74283824887037,8.22908803413233,7.46538223689097,8.5158479316993,8.31383604281119,7.22717904798873,7.23062421850634,7.62129142608156,7.80378136892172,8.27533340262563,8.3439551549888,8.1231127587983,8.18148366459328,8.31314411709282,,8.16101428151651,7.59293142300882,8.28920701061456,,7.79058760983027,7.66161505015699,,7.86098715800417,7.62801805655873,,8.05887029461102,7.62757837677467,8.2658415505499,8.28193247835122,8.20486519373168,8.33632095133757,7.88607746088153,7.54446300282908,7.28908929817831,6.78600494223482,8.23072064243423,6.91271318818064,8.06374095985932,7.71615621704701,7.10159507645135,8.15145351782127,7.65546833185391,8.05512855132608,7.77632572341609,7.05834773349948,7.15575025303718,8.20772393162241,8.35697347901642,7.9311141072639,8.57609105613101,,8.20251598194801,8.55605844382304,8.24775066172548,,7.92393122644397,8.00188569923894,7.89336755428441,0.1,7.757523117603784
9498,TPD52L2,,,,8.79169747510512,,8.18275884336613,9.15404068730337,8.99748946332519,,,,8.5779496275538,8.43055339290711,8.99760316849565,8.73417377341196,8.59409159988139,8.91316544785671,,,,9.37199448738851,,,,,,8.11421639952211,,8.6883076991751,8.4321538591798,,9.54348013295461,,9.4488141158417,8.38640209720837,7.80301664427137,,,9.19974059951781,,8.71310884759296,,7.25197024538502,8.69655541975282,,,,,,,8.13046390324221,8.94755120330296,9.39889244811025,,8.59184117793065,9.60024609475151,8.73669922877409,,,8.87922878445448,,0.5166666666666667,8.460829117807648
517,TPD52L2,9.76394510436052,10.7002434222304,9.91704094529727,9.59587252764349,10.3476970382165,9.97328535529847,10.7660020267773,11.2855555980253,8.86725815621516,8.96223816395808,10.1179090054855,10.3498093207047,10.4760752201903,10.8610051996198,10.8031521005732,10.5554845128695,11.4805396201857,6.87577379274397,10.6679096190046,9.90431378748985,11.1117212402728,5.77983568277118,9.80600600949881,9.92857090414538,5.02571657070179,9.8271357667929,10.0024170548425,8.20636630328994,10.2726642967115,10.3711537449914,10.2612321337156,11.4033042880307,9.66516521121271,11.9065943552699,10.4929530824647,9.42128045460813,8.53626367633845,8.29060120170804,11.0005250364785,8.31624166001751,10.3961935533485,9.30221318351444,7.82711990310788,10.6524686571836,10.1110318448869,10.2127706402727,9.60484372800392,9.48991567067418,9.1930268631431,10.2229220681955,11.0123819632165,10.4053534840987,11.2101443458733,8.08944735193475,10.4931130816675,11.6143698903687,10.5369708507702,5.37064594086901,10.5267104944163,10.5548230678408,9.96562383030223,0.0,9.65450827049312
2293,TPM1,9.34171377464847,9.09956486823643,8.61910540778436,9.08976085376855,9.12685736757765,9.76629784698698,9.40111521832041,10.518457571582,8.56881447078473,9.22528326791471,9.26763961685757,9.04524735893434,10.7351571587051,9.66405955366853,9.31045946686436,9.33102828450038,10.3397290084576,7.52482387309173,9.00911890880517,,9.31089613738294,,9.36323571974906,9.19990155468902,,8.8249389943058,9.0079389421796,,8.70849661959821,9.21046151011431,9.56296929170158,9.40912559124965,8.49430025050167,10.5281956644984,9.60225301150988,9.86023132901746,8.18298448592689,8.77790585281394,9.37392069866674,6.47463148256486,9.55588995910787,8.30111310191213,,9.21430287282929,9.09910505010677,9.32895075752864,8.83627887121438,9.4238639014184,8.69632438513142,8.79586078513818,11.0884395078242,8.80043358791459,9.32762292302101,,9.40022802873035,9.93224016251409,9.25960095387789,,9.66964397195883,9.44158622280466,8.55365006681586,0.11666666666666667,9.0440131299227
3422,TPM1,9.02946704635999,8.81559663773595,9.26842829266071,10.3722698714901,10.4053974995141,11.1553868162353,10.7722694033643,11.9565612860112,8.82848100079379,8.18559458346034,8.63783027650446,8.99015181019883,11.0055265384087,10.2319161636016,10.7866137128903,10.3880344314481,11.8797036023204,7.11387584785711,10.85442025642,7.55050160302022,9.85824516052051,,10.3431458980514,8.60987098746307,,9.62427949435581,9.04577500286702,7.30405795240783,9.68687829921891,10.5678233730604,9.14677881551524,8.46613889619122,7.54734877683357,11.7751068588521,10.3597111483302,9.24626373914482,8.344960878467,6.98599860064932,9.15376590365506,8.21082005255043,11.2056246053493,9.51733167611073,,9.89199222160194,10.3269064525997,10.5096149295492,8.00296219954109,9.72694863049794,8.90751303065186,9.56724720429624,12.2505289597311,10.0782307745199,11.0397057964471,7.42181174379777,11.6056491143342,11.6661291547299,11.4542493771799,,10.547733476909,10.3963022012786,7.8285138515597,0.06666666666666667,9.53486300946353
2165,TPM1,12.064757255486,11.0434740102561,11.5763607248576,11.9811534954053,11.445325891622,13.6407651849184,11.2013950537828,13.7282657688978,10.3424511342325,9.81805251172951,11.7574711397064,10.8331677925775,14.2747857539712,12.4366781610089,12.1151549372026,11.7055909993127,13.8099142896673,8.21290353606156,12.1011189398742,9.44511372719288,11.5553758819775,7.08059301317313,11.2665196106362,10.4749971318144,6.63762787243753,11.088413969883,11.1440049555956,9.98554890403493,10.9056554303595,12.6307181072359,12.531265733261,11.2104295533792,10.0180855842233,13.7087858965041,12.6527615918341,12.2627930279311,10.1331059913545,8.70991381921944,11.5551735951901,9.65975015888786,12.4407191308786,10.7962527451358,8.56276036743707,11.6433891308751,11.672176514666,11.6691261088054,10.1166728292357,12.6013471504058,10.5059057738975,11.2315380904062,13.7521413820659,11.1138268003834,11.9902731447211,8.54977993049265,12.4961661393636,12.7698882057156,11.9978685195978,7.40387828928615,12.5958116813114,11.0149209307836,10.1765917321689,0.0,11.012814712767915
290,TPM1,11.9985616298616,12.2770054320442,11.826932498534,10.4543378203712,11.9894253460385,12.1235400621453,11.7081167446067,10.7761963443513,9.75608770701239,11.918530329393,11.7413116110326,12.3546365127084,10.9462355343263,12.4280180347666,11.6325689422186,11.2622109473973,10.8142871361196,10.198011989918,11.2688194980954,11.2063567673747,11.2694290391084,8.17794753055889,12.5205657561157,11.7690628363277,7.61819338728206,11.5888898219724,11.6147881366203,11.9191408303906,11.8928696742479,11.5698957748103,12.0106959751891,11.4190223295793,11.8749507165117,10.3563917584504,11.5516411003283,12.3058218667765,12.0894542045094,10.3224605507995,11.4062440122452,11.1329424588371,11.2257467298276,12.0161092536307,9.76743732140199,11.9262829198527,11.7365418989254,11.3513964875346,12.0345848704329,11.5461131812787,11.6264721388362,11.7654171413187,11.4980418438786,11.3453827044875,11.3227036198076,9.23511570643701,12.6647195072401,10.908098476945,11.8196950786372,8.86403073931699,10.6236335082818,11.2558954392995,11.9414094646048,0.0,11.107669918870334
3423,TPM2,9.90464681147489,8.99670679955657,9.33246456848917,9.4268480091687,9.37319106471645,11.5415674981138,9.11870633790929,13.6099786697415,8.68193225191842,7.25063835280666,9.12367626863072,8.71491664868214,12.8252290644235,10.6807241614127,10.0184179422781,9.7263711256117,12.899337829315,,10.4840029962339,6.94821708559966,9.48901359475288,,9.142548665735,9.09326521129785,,8.92362406916391,8.27912280638765,,8.64272273825648,10.509746214877,10.1103462358343,8.63962405991534,8.29224576601783,12.4103057226767,10.7432484357878,9.98633449872777,7.12149909972649,,9.15691663584833,7.27474981457845,10.2876953567232,8.52217449344004,,10.1862895170201,10.2149130495926,9.57933225267625,,10.1264703885585,7.78000074998553,9.00743036805444,12.495841253012,9.49868854244551,9.99908237679478,7.66756446567553,10.1342903528386,11.2673079397861,10.3817005767349,,10.3911613089081,9.0701832856146,8.01345347038716,0.13333333333333333,9.458965157090056
2547,TPM2,12.3313867017464,11.0896735755666,12.0370528775923,12.729675138594,11.3976414331517,13.6814533768246,11.284919857242,14.6109511524817,10.8625984406827,8.84693526255966,12.0470573325074,10.4576232427884,14.6116353147066,12.9946747060965,12.273694307418,12.3326268328053,14.504237138278,7.57066985012965,12.7826149204006,8.05338500426401,11.7296692877558,6.01530291449687,11.325669971641,11.1087507230837,6.59598369126963,11.1896344328439,11.0365856140903,8.69954518853327,10.7161520004297,13.2086914764691,12.8135180253361,11.3010784704294,9.64952697870351,14.244732663106,13.1581203527339,12.7898930341537,9.50553344648094,7.32935925346329,11.7082837949633,9.59105904511133,12.8376984394959,10.7417087278675,7.35937841111305,12.0722449954352,12.3836915282685,11.6893938934085,9.28186696456899,12.8240512787343,10.2664811031057,11.5233442410148,14.6838411106787,11.3153210292705,12.0405771873054,8.19268790016451,12.1082016017982,13.5375643692623,12.3052383071575,5.82726658942931,13.2747749939729,10.9226661247247,9.74175317173668,0.0,11.02976987045406
9533,TPM3,10.9993584033486,11.4781695435849,10.4381373988916,9.51454898643354,10.7597411338994,10.605818738185,11.6260195330712,9.83692693835339,9.63842869956471,10.705666061866,10.4620811266755,12.2194483826661,10.3297274803499,11.8852830522018,10.8482062646674,10.755061864891,9.89156742433634,9.67695772932339,11.1721398491638,10.6136590839621,11.5389246840558,7.6672194728391,11.962259706561,10.5171869855867,,10.6826849112964,10.4621959532843,10.7582849917798,11.0131817228276,11.020025677337,11.0887616436059,11.4622237623296,10.9259260466826,10.1633824226065,11.0057087913811,10.8625581278191,11.0455841378215,9.15292172260755,11.5414992952411,8.87167524987314,10.18965979736,10.6359322249542,9.05185970399651,10.9540579518126,11.1692738344829,10.9732502282517,11.2216424573526,11.1622221889846,10.320990643917,10.7044982363534,9.68624966041637,10.7646572025783,10.9427099596926,8.54693221853457,11.4655541192493,11.8040620366402,10.8737046252895,,10.6282511879394,10.5011893743171,11.0700097773925,0.03333333333333333,10.455929412889349
278,TPM3,11.3494253894756,11.5131123947732,11.3839079198541,10.9492382223655,12.0506328705198,11.5048328161237,12.2708521426647,10.6458571527255,10.1647032124555,11.3204226493069,11.3076953715406,11.8870110994252,10.6483164713811,11.8251787551591,11.7358320346572,11.643170943413,11.1439047684959,8.65400315256148,12.1334316021142,11.2016027996644,12.1230629057845,8.21185671837931,11.6737934837602,11.1681111769468,7.70770503988821,11.3500782480817,11.5371279539676,10.8385887590596,11.9227666108982,11.5848616428115,11.7219644214278,12.3069106359056,11.4310015367286,10.8768737037097,11.3741692631511,11.5598176942217,11.1448289040417,10.4037301306575,11.9965508700302,10.6313315498705,11.6265071304798,11.4030265421614,9.99055632387666,11.6665625844034,12.0812086516955,11.9102485786654,11.8111862116859,10.9474511153087,10.8264305545843,11.705430792191,11.0577610346947,11.780429440719,12.3234132243761,9.79432104597049,12.2998218085807,12.3929700700532,12.1007873716633,8.21696244903379,11.3725622906222,12.0685197842653,10.9785431272737,0.0,11.047598979685699
2294,TPM4,9.24344633165085,9.21612450003022,10.0111173829711,10.5869715543848,9.9271340400459,10.7913823421686,10.0774787517834,11.6666090592708,9.46082448984295,8.7783666423854,9.1907361074682,9.2051355849541,11.5536313015429,10.4141297616237,10.8620635133601,10.4368210160477,12.2883300157556,7.65128236903363,11.2411910633793,8.54422604732703,10.658091885087,6.72923892915853,9.64204384752226,10.1657171462197,7.13829717250007,9.89971162976015,10.1413285420668,8.84767517133046,9.8643059012856,10.8764603645048,9.37122472867381,9.26164116741582,8.77636252825332,12.2905488160042,10.3308763997512,10.1389130503961,8.93129030856471,7.50747972918839,9.48128747487718,9.09005325349223,11.2696181648811,9.8563783041385,7.47910458884235,10.8091896849908,10.6604261945802,10.2426805378077,9.12093527041121,10.2893654466739,9.32557498285322,9.87787904620935,13.0146311589735,10.4246701038421,10.440791095107,8.32614833775953,10.2803493049244,12.0447978392536,10.7678712302026,5.87379561468368,11.1486616550426,10.4195232550164,8.96057426315846,0.0,9.699656879816066
282,TPM4,11.4794284485981,11.7819192915824,11.622590491818,12.785481991887,13.0549051916335,11.8304833288619,12.9826986648109,11.622516167824,10.8063868108321,11.2252160453309,10.8969701568228,12.2217942454434,10.8784932861791,12.2647778674881,13.1706655662324,12.3608276840453,12.5624241549182,8.48879813352234,12.5974363548254,11.4386853272637,12.5666785768553,8.58220390878679,12.0583829694196,11.2044296117834,7.85879276760885,12.0081764874505,12.0489610233978,11.2263371670891,12.2590512570542,12.2709936054565,11.4321351653471,11.6801956443248,11.3162149983617,12.2123207059057,11.7576180433258,11.9393573585769,11.4637634979751,10.3168937788661,11.9379108840539,11.9326282562502,12.9210321029644,11.954941115232,9.47935167942987,12.0710182531547,12.9107112268317,12.5909682923315,11.6674276084241,11.2524142696541,11.6225801769127,11.9870342034705,13.1970826457635,12.5175284370774,13.4774457719884,10.3623060362066,13.467622560228,13.3507113746383,13.2059300959163,7.76236497669314,12.4969129476939,13.1569723752295,11.0734470168144,0.0,11.56052327271911
7816,TRIM33,,,,,,,,,,,,,,,,,,,,,,,,,,,,,,,,8.09492032179104,,,,,,,,,,,,,,,,,,,,,7.93120914428511,,,,,,,,,0.9666666666666667,5.664265377580938
4953,TRIM33,,,,,8.0838875355756,8.32218875319987,8.86871926697358,8.21947800882667,,,,8.43682798850404,8.43561545021464,8.43635459409583,8.01467978064248,8.03326099423172,7.81944513672355,,8.4383547946607,,,,8.14705809295966,,,,7.30422036534874,,8.63484852445371,8.03544645190999,,8.76002617146271,,8.04863337785234,7.99823541417781,8.16390812463347,,,8.37809677345151,,,,,8.34972016004026,,8.67744754885558,,,,,,9.24252668110277,8.46689040282619,,8.34024454817104,8.25062341904642,9.42675374419256,,,8.69018503348482,,0.5333333333333333,8.0881727748604
8794,TSC22D1,,,,,,,,7.70749734860596,,,,,,,,,,,,,,,,6.80763542364888,,,,,,,,,,,,,,,,,,,,,,,,,,,,,,,7.07637263112025,,,,,,,0.95,5.635376350843773
7332,TSC22D1,8.49156834862786,9.08116511010062,7.91560902349741,9.1577536843429,8.54823739996655,,8.86112446402684,9.07219794216613,,7.3591506698108,8.41606417659052,8.95929932045008,9.47203173791464,9.79135963899287,8.97995426052622,8.00162121680266,8.87767675297776,,9.2048191397561,6.90117691820155,8.73827996576385,,8.61360440511196,8.56782494161603,,8.67929157603732,,,8.12603654267985,8.87139524085613,8.50726461502795,9.04752950331288,8.27452476121247,10.2241196366263,8.87268541031708,9.3413726724135,7.71280630819572,,8.50349244721291,,7.58404468588878,7.39769266966501,,8.77566500243957,9.09782530627075,8.5266144852995,7.86276059497807,8.49330640163839,7.56835848951645,7.96829403995941,9.14660362606469,8.5842447239248,9.10926513233626,,9.16211423550301,8.64052764863313,8.69594813813586,,8.81612325707,8.05272506445064,8.42816271190503,0.2,8.424280524411978
8793,TSC22D3,6.92199926562897,,,,6.8327547865121,,7.61891698164296,,,,,7.60735021234589,7.40111358360159,7.82873354389115,,7.55588112698861,7.29647753149707,,6.55989931324785,,7.32701672113484,,7.86430902659289,,,,,,7.46941540699907,7.64750069694855,,7.95127069616288,,7.63294492279644,7.07282085895095,6.35072263746724,,,7.49472077404415,,,,,7.22184990866528,,7.2408938137285,,,,,,7.12194078676066,7.73260206536037,,7.33940482945714,7.78858488449298,7.82085890761059,,,,,0.6,7.135119360675991
9109,TSC22D3,8.47626696066889,8.87994910656549,,,8.7923213910732,,9.02703973716149,9.11260769008899,,,8.23134414656597,9.19869633618507,9.03076244076421,9.37060010030387,8.32326267020802,8.86104137802607,8.93980044499834,,8.73294941430677,,8.36061364256217,,8.39632356024579,,,,8.59554971651188,,8.87062895182006,8.55760325065105,8.54815712111741,9.39081409335595,8.50226429966566,9.14549058045606,,,,,8.81456774484532,,8.17650161680003,,,8.58152345805039,8.75837480986166,8.6638385689121,,,,8.72210342532857,8.68829632784016,8.83153064323004,9.22482624257952,,9.17708990036735,8.5405108584109,8.91868860187903,,8.7552066027036,8.90069451282607,8.38534439713671,0.4,8.551538318470403
8194,TSTD1,9.15626076626896,10.27704608901,9.34089529729655,8.39110251818677,9.46465377145132,8.52937367107904,10.032522489763,9.17470428500921,8.68167012162633,9.298922103049,9.42206693941348,9.35900612469171,9.17030562524597,9.87014085995379,9.22016910324911,9.1132527923489,9.88311869517728,,9.3382124999687,8.06261959060372,9.24239784459851,,9.01246128620277,8.62450223497764,,8.97420193916186,9.33179109255589,8.49615786138665,10.0440710827339,9.16122426602244,9.5939174445359,11.0211171465778,8.8218854080242,10.9344321884534,,9.0444313356376,8.947884412589,7.95152135629014,9.28694215564722,,9.24427874302807,8.81419721017032,,9.65333005368618,9.95112244053029,9.1271612552726,8.79776293008753,8.42313953497417,7.84102377501225,9.2007312720195,9.48498609162435,9.55301507034111,9.72800066851233,8.35720475266113,9.60749927462321,10.1960363044581,9.2551379366369,,9.20509583037688,9.89917360067005,9.28722880024141,0.11666666666666667,9.090028034150219
271,TSTD1,,9.47542353342568,,,10.1881026209356,,10.1876959979171,10.156945374494,9.20768426051069,9.04081509297886,9.16282316114864,9.48145186957811,,,9.52120559238985,8.6097254795787,10.2222631267928,7.4484811749592,8.60076452477477,,9.77706603605509,6.18203028418458,9.56854757998554,8.42064644525567,,9.32109108637265,8.19326358199881,8.5459588564006,9.30939923746297,10.0326404843299,8.17460064406728,12.0847813856773,,10.3130802142615,,9.19200874171734,9.04523912286628,,9.53092651704179,,9.3529462033229,,,10.1889986372598,9.0059741186885,8.53220705877355,9.23435563424088,9.2486481386196,9.22609163393123,9.6215266539094,8.82342361691044,9.80095300253257,9.90488596668317,,10.1869169863514,9.93227671316607,9.22555854450452,,9.00265177173468,9.67672825008718,9.28251800860756,0.25,9.11937658622793
164,UBA3,6.30051740574067,,,,,,,,,,,,,,,,,,,,,,,,,,,,,7.51193342869604,,,,7.28757965323568,,6.8188179272485,,,,,,,,6.71238564785318,,6.40258539927742,,,,,6.62095420732894,,6.51792840663357,,,,6.11724838223261,,,,,0.8666666666666667,6.095122191019179
2544,UBA3,9.31266743653241,9.62119823636533,9.09090113645281,8.98572979814503,10.0207565245541,9.26505207886454,9.92517007139182,10.1081788282345,8.22569503046268,9.03161597238331,9.37953883565817,9.76792242948183,9.74214964604697,9.64150034629577,9.29861891840187,9.71686109603928,9.9368923710043,,9.2531026762986,8.39805350813852,9.65885073910199,,9.73610356055702,8.29443325663077,,9.15877665950352,9.18746827633749,8.75584734480438,9.72535880156901,9.72354610481692,9.28827859520351,10.3126324177019,8.84713760519834,10.5638067382252,9.38839869705001,8.96217840412311,8.79693545849081,7.73102427263178,9.85500593221646,7.87030418822382,9.63965815656782,9.13825033737359,7.81359244323478,9.70933531971551,9.23102081682278,10.1254898005039,9.18438464261798,9.17120405855644,8.72024570534039,9.11482251069401,9.78101334151849,9.56854229535781,10.0320814953804,8.12151634462863,9.56103147946673,10.1113563701469,9.91994957217469,,9.53363265363865,9.40467235455608,9.12781620593,0.06666666666666667,9.163882581184174
9451,UBQLN1,,,,,,,,,,,,8.20841918202883,,,,,,,,,7.7324725855119,,,,,,,,,,,,,,,,,,,,,,,,,,,,,,,,,,,,,,,,,0.9666666666666667,5.635852811402465
6390,UBQLN1,8.26286292452926,8.87181239091462,8.84455063778033,8.91753402604262,9.42758620217445,9.24651259076637,9.39362176317179,8.98572895009125,,8.50708248185216,8.52393941663695,9.16727416832309,8.64004581869617,9.21840690782041,9.13075921950626,9.06179802847535,8.54461837373288,,8.74935895740097,7.63445567769648,8.65123877283419,,8.83790583977198,7.93291471663203,,8.50293741804237,8.68161307687352,7.50706377638963,9.11540607976613,8.67864838095025,8.48900401348432,9.47155412681194,7.97029758845065,9.3536298090346,8.49475286809339,,7.86369166952099,,9.10525317499837,,9.24903433160995,8.22077143825082,6.99993696352119,8.77661703980429,8.3779878802635,9.10766120564105,8.61910888788471,7.53472523333919,7.75325596906931,8.22759776566451,8.73699254591004,8.77429711780603,9.22156226638783,,9.04879610019215,9.23604258630001,9.21476446536589,,8.88966668292581,9.43944110666456,8.29322285865375,0.15,8.526778449384443
3210,UGP2,10.2712842145406,11.489420685064,9.90962086774099,9.6762019217887,9.89766563855719,9.39405679928888,10.0314242495728,10.103523172822,8.82568956592914,9.62698543275648,10.9233553605087,9.75866882934996,9.65198650931021,10.0966671147049,9.84543206673631,10.2152300200738,10.580416405336,5.6789186765823,9.95101061411412,8.85114367520534,9.98227066777881,6.94199260342196,9.49042681141963,8.10553068554676,7.13251401237015,9.5523136391486,9.60352980713317,8.76900098435812,9.93599109147024,10.1432946678138,10.2706188872778,10.9348042840499,9.60774494732877,10.8885626193005,9.6700609993816,9.38625843493013,9.30604084244499,8.29028812494661,10.3024784521002,8.39349809077589,10.0451675217707,9.22411335086788,8.12996631002516,9.81643032736455,9.94727237175615,10.1076646779303,8.90987341912151,9.17341857599185,8.69926969100351,10.1769740540128,10.3322072546465,9.73198779957541,10.5121446856554,8.58411400394344,10.3133012768034,10.9390928184439,9.98643955470609,7.2920331614304,10.0157509959231,10.0712155284899,10.8702438344536,0.0,9.411365892989426
952,UGP2,11.0397660371203,11.2960367713807,10.5113601776925,9.93445704559784,11.3255350971109,,11.4064375166398,11.1754742722446,9.70855216990396,10.6487393805296,11.3319310944589,10.9320935536676,10.8489656982771,11.205534309936,10.2191498105623,11.2502334402028,11.2804031735738,9.21350591927511,10.8420045417715,10.1522933114757,11.5939187767053,,10.9824039741786,10.9867995213606,,10.6482353192798,10.8331556634728,9.90056020412332,10.9937486280914,11.1799213960078,10.5667609550022,12.5415881641648,10.5977523211999,11.6167475361632,10.8602537051824,11.0760586947654,10.5182051611183,9.14744030141156,11.5611062446061,8.95639995037534,10.8996759136885,10.5616921120171,8.583870534131,11.6991688404904,11.1841991547831,11.5979915350424,10.5828055191327,10.1749435708701,9.46314933183422,10.9849222019844,11.5543371268149,11.37754591966,11.5850634888526,9.11495233058262,11.5533920978688,12.0406016536438,11.1322023524107,,10.8761438999258,10.7483335377319,11.0695577956851,0.06666666666666667,10.608683848865375
1008,UNC45A,8.37190492347983,8.5331395942106,,8.45243962795577,8.70110151647036,,8.3814530126607,10.1362197503187,7.33484038108373,7.74289534639866,8.24872310313252,8.29898567306636,10.0818564714781,8.79876832385112,8.03322647742634,8.57067173587106,9.17259991005622,,8.41681132312792,,8.33989179962923,,7.82680156592336,7.79683372996627,,,,,8.01730926070293,9.00124957781083,7.76684015047142,8.95744806189199,7.06388654566862,9.82328565741586,8.44101557061108,8.72179251729015,,,8.52969874275185,7.798536920616,8.50731090570249,,,8.15876948640268,8.01568477873146,8.38940899628897,7.89570105819275,7.80755357155469,,8.45781339631216,9.08989784991567,8.29147324217765,8.83696556237093,,7.7363569613887,9.02297253384948,8.54741315547434,,8.64428544989376,8.98013254827002,8.12396421028084,0.26666666666666666,8.261348727140689
1084,UNC45A,9.14773850284369,9.09820877498867,8.43958854650963,8.46156063016171,8.94611711109702,8.44235073547087,9.22451741961427,10.4743119169927,7.51936625072332,8.1313365257344,8.92608441756359,9.01538610810326,10.1351144433901,9.31646652584723,8.85729738876798,8.83994796222539,9.87258387871623,,8.86503072171798,8.28189565896285,9.09467652313235,,8.93051799027772,8.01430437999266,,8.65328275516943,8.80888353358982,7.48502864280582,8.72717223854604,9.19748617830026,8.82087694903453,9.65857515488278,8.1738729518481,10.1549162950344,9.18702995624723,8.77282403767817,8.15419662792435,7.47449926572184,9.4404222134476,7.84755189072638,8.8436573482406,8.33685857701129,7.46618461445612,9.07112226945436,8.6140076042723,9.31260357438377,8.70791701502023,8.62433704689958,8.0543210472438,8.68206381889241,9.52002713605405,8.85132160026184,9.40549510020061,,8.91194134436091,9.55084504842172,9.08360055830681,,9.09081694554111,9.17586753250542,8.52037478668744,0.08333333333333333,8.666963908973115
8957,URI1,,,,,,,,,,,,,,,,,,,,,,,,,,,,,,,,,,,,,,,,,,,,,,,,,,,,,,,,,,,,,,1.0,1.0
2793,URI1,,8.79421134921787,,,8.26764479310602,,9.01043600503663,8.53568595114167,,,,,8.2911619606548,8.79784763755086,,8.98954248557233,8.55268988415592,,8.56223362071919,,7.97806578265778,,,,,,7.89139584585587,,8.4581248021794,8.37820186856124,8.18228091309751,9.28353758327136,,8.53539517593021,8.27253813822508,,,,9.13531576316792,,8.56171052598243,,,,8.63863524409576,8.91054993812526,,,,,8.33159587243889,8.69422605927301,9.02753917468457,,8.80213567351142,8.50869635231147,8.68168627630393,,,,,0.55,8.30796730988673
7614,VCAN,,,,,8.55877569450163,,8.50527902210803,,,,,,,,9.2473968506776,,,,8.23089528083792,,8.92754646633614,,,,,8.78567273459527,,,,,,,,11.5657604508196,,,,,,,,,,9.39284495463339,,9.49443475663268,,,,,,8.05101048143272,8.8285311787646,,8.76777853172839,8.65447137356824,9.1586650501616,,,9.46141589721299,,0.75,8.523779920250675
1686,VCAN,6.38489179664331,7.72685967598234,9.10282871306384,9.74209503793574,10.2689329301522,9.12413219886154,11.3077473899274,10.8287459866085,10.4524052370747,9.13442540032011,8.13513871760017,10.0371287011719,8.99152428550239,10.450874626362,11.5760617768127,10.3341149812503,11.2673520046353,9.26897331407792,10.9983407098411,8.48869844872454,11.1431565750003,7.21332100669512,9.72015644848529,10.0637676944672,8.14973075953344,10.5746026226875,9.5371424467019,7.6733382904772,9.63713778245384,10.9094845490683,8.05568933421516,7.91823321146295,7.95998193409898,12.9832749699674,10.5258831025116,9.33254929156043,8.30502909396612,7.75806604827939,9.24775505933522,9.849651741935,11.0622136221647,10.1441219512516,7.14833361908033,11.3633752349665,10.3044297197609,10.8415033512071,8.6668358539864,10.4955891666214,9.27578295982416,10.8150650876858,12.1729931227086,10.8393209584325,11.1486893636937,8.35402506466087,10.5638100878825,11.6760818019628,11.3411717992167,8.50809363877908,10.7165723577805,11.3080392353335,7.51886569912319,0.0,9.640315504834915
9500,VEGFA,,,,,,,,,,,,,,,,,6.92292886484344,,,,,,,,,,,,,,,,,7.03717963133157,,,,,,,,,,,,,,,,,,,,,,,,,,,,0.9666666666666667,4.975591720947226
7809,VEGFA,,,,,,,9.91006794694459,9.19289542237353,9.08904630084988,,,,,9.10028289390499,10.3837719174272,9.07339508931943,9.96716001081198,,9.04864070148875,,9.03564449538799,,,,,9.33252714578788,9.21708112355179,,,,,,,8.99445971094845,9.1313912688849,,,,,9.69152757786443,9.37627731553536,,,,9.71698044793314,9.72418818733793,,,9.66548991720957,,9.58119949047244,,9.4275275485511,,9.26309131006391,10.1048059049295,9.69883932682629,,8.74456166572041,9.49294614636312,,0.5833333333333334,9.097966623070073
5415,YAP1,8.65138779282866,9.01668940968481,8.16305419753242,8.02540528200705,8.51046894383539,8.91819887534968,8.45070607565021,9.81651860156591,7.10875655149833,7.8547792207271,8.67557531820014,8.5604432394324,9.72357041633938,9.05867649010812,8.45607312949677,8.62760068964813,9.28980498174735,,8.29196189913516,,8.40896844461938,,8.20009111173555,8.35527280087808,,8.2750875693427,7.30972386459379,,8.35268195985772,8.57164816176031,8.7628082183331,8.86092616826206,7.92288656912507,10.0770574821352,8.91580209122957,8.40402496115395,6.9617218882046,,8.52789029048694,,8.67528641354945,7.62621930647848,,8.79757069499415,7.49186818756733,8.28993855226667,6.62634671428037,8.44609144629959,,7.02643330665111,8.82453540302468,7.5677844712172,8.54212043340119,,8.49132138883075,8.43899991732354,8.44010075951659,,8.47437156175379,8.28869738954675,8.31900160217633,0.18333333333333332,8.220097915717755
9578,YAP1,8.32762336816901,9.09890176461524,8.36295934035698,,8.605624373568,8.99390957181301,8.44896444316966,9.07844159247318,,,8.67564070674591,8.44574727469387,8.96040240524778,8.87540154509817,,8.41203362876589,8.68349932034788,,,,8.16124728340255,,8.63956242158146,,,8.00199102719385,,,8.69280755823023,8.37657888423963,8.90907354453932,8.51355123114639,,9.52522940077558,8.2417462256353,,,,7.99829219604388,,8.3889501837155,,,8.81065258252783,7.88593153091076,8.46485280621299,,8.15030096656989,,,8.70321165230514,,,,8.70706840455824,8.26295536133506,8.74243140572618,,8.70419409550514,7.96795802080107,8.128617725433,0.43333333333333335,8.315773251674797
2891,YBX3,7.86499307831801,8.30548746237166,7.46477425675665,6.96903034915796,8.06951053762373,8.50244337557413,9.24122048694312,9.59538315103675,7.36032838839226,7.25400699843725,8.08717062604158,8.5309948174946,8.07221005369306,8.82833038624317,8.83115943458295,8.71928433841684,9.01283965825779,7.05033048126543,8.25922792925376,7.17393137396776,8.86170055695071,,8.74887102101408,8.45639373186725,,8.08253880128438,8.52427012303751,6.69249340896894,8.08099550367036,8.67507520163109,7.72442146004999,8.5126417542244,8.26040723097922,9.79559011373359,8.77777969970795,7.96244178652853,7.70791322991876,7.29781333558199,8.9354559723375,7.35952125129293,7.52063349952552,7.89090435059874,,8.71984463024607,8.0927060481725,8.61454611623342,8.4894649113933,8.23297822826133,7.21569410841643,7.79780379704228,8.55045378193101,8.39647310143063,9.1119783621109,7.31680928998365,8.1593538379676,9.02228660724243,8.88790861254944,,8.04954100804267,8.78117065269973,7.80659913952333,0.06666666666666667,8.079084298918023
9203,YBX3,,,,,,8.95174550821501,9.41042030724255,,,,,,,,,,9.3011975892545,,,,,,8.77884571620047,,,,,,,,,,,9.18712509188247,,,,,,,,,,9.12359016091588,,,,,,,,8.81822402045945,9.29253862890429,,,9.00055867639684,8.63460854623064,,,,,0.8333333333333334,8.302926143548675
606,YWHAB,9.61649324740323,10.1514217457685,9.72147445083115,11.2462637059892,11.4402727496786,10.5212756699344,10.8371244681215,10.8115803908945,9.11523115820751,10.1877158714735,9.56510130124713,9.48505019848731,11.8750470313661,9.83980787618845,9.26431684162382,10.2641330727185,10.4482701006307,,10.3130117343326,8.82575304711104,10.3904846456533,,9.42252963981488,8.33917141066915,,10.6135179774905,9.14154970670521,8.71724671759194,10.4329058618722,10.4583801591901,10.5061199971042,11.0561388994638,9.63126900297796,11.5183757427974,8.48115093783044,10.4663695247185,9.33005870538509,8.52486758852059,10.1825895581894,8.91896262206817,11.5694867665408,9.94263666149136,,10.8986940219387,10.5671049689446,12.1202716337032,9.29221317362941,8.50340267091319,,9.945309514648,9.64272973214817,10.3852520378696,11.2600359750909,,10.8814740215947,11.5208564401256,10.749238269331,,10.6525048940623,11.724482566855,9.80870621182046,0.11666666666666667,9.993066784074463
1022,YWHAB,10.722339928482,11.2822277202482,10.5050513412339,10.9035073538123,11.4609884662639,10.655294484713,11.3723406705081,11.7287314740218,9.49524138584338,10.3270925149664,10.5905741479096,11.2191182930131,11.2253046698237,11.1786038105152,10.9766994170266,11.1876216820396,11.5739229163188,7.50406780422684,11.0018225339457,9.9987131882605,11.1846371277636,7.14001549125234,10.74564641343,10.0329544556948,6.57690688191168,10.3045263115234,10.375629212101,9.44579420657028,11.1964783129993,11.0513243607773,10.9485685916238,12.084522653449,10.5028626464389,11.9723417314816,10.6339890500056,10.5821309542162,9.79644689810186,9.48915662695214,11.3651696363302,9.0672436598321,11.2232686506544,9.99112005669531,8.61010313496205,11.057478786214,11.5796730866559,11.3283366391013,10.3237022616574,9.98949368141653,9.76409632424554,10.5541673342933,11.5458079322777,11.0115990617584,11.6459326959031,9.21811291501122,10.9586367420507,11.8526600151244,11.3672875997478,7.27452531913816,10.9695538169543,11.0576753432665,10.5507243084281,0.0,10.337003685290195
9281,ZC3H14,,7.57107974845931,,,,,7.94584758753043,7.93651887130453,,,,,,7.91537887232264,7.6670166092794,7.85624598281437,,,7.4211262774736,,,,,7.49913650471411,,,,,7.5777062115568,7.46809252676307,,7.74475773682684,,7.67606397493331,,,,,,,7.43304702731917,,,7.4638536275064,,7.38847947963651,,,,,7.27897795660948,7.2048970185316,7.97808510427733,,,,7.96657852177244,,,,,0.6833333333333333,7.283811148648235
3421,ZC3H14,8.16382763378467,8.16486917064061,7.96238891294168,,8.35226731817984,,8.59083772782226,8.02257238608887,,,,8.03166282098096,7.89943077997462,8.39304194712325,7.95828499910675,8.0699172444859,,,8.23400834905966,,7.71605338851679,,7.99754676418504,,,8.22542610986211,7.77489171215266,,8.1096235584458,8.02322900937373,7.91426744330718,8.83621171451291,,7.51626565998893,7.91199686828342,8.01120245860475,,,8.09340572786395,,7.9921679953084,,,8.5461638938916,7.92355831730935,8.35144927086627,8.24299024505387,,,,7.85594560756169,8.02651553918635,8.41058943706163,,8.04391670995664,7.88722122992262,8.03131591587889,,,8.28371212162243,,0.4166666666666667,7.883933750605225
8085,ZFYVE19,,,,,,,,,,,,,,,,,,,,,,,,,,,,,,,,,,,,,,,,,,,,,,,,,,,,,,,,,,,,,,1.0,1.0
2613,ZFYVE19,,,,,,,7.73643627785447,,,,,,,,,,,,,,8.58636960683196,,,,,,,,,,,,8.49607577650018,8.62958751001159,,,,,,,7.74739951448233,,,7.33507947804991,,,,,,,,,,,,,,,,,,0.9,7.061564023390063
9486,ZNF185,,,,,,,,7.75930614775033,,,,,,,,,,,6.43629720892798,,,,,,,,,,,,,,,,,,,,,,,,,,,,,,,,,,,,,,,,,6.23044295613014,,0.95,5.344011578202113
4384,ZNF185,7.58498865804292,7.5414419832169,8.10390593155226,8.33789909038375,8.21936721235826,6.93328295304071,7.84610949886293,8.92984130834676,6.58109412652519,,7.65698409726809,7.9668325925443,7.87656722648708,7.85794722407312,7.96859730417219,8.3182235347545,8.22993338976855,,8.19624924293502,8.04106978045692,8.35809468709746,,7.70644817290253,7.01937237068818,,7.56142832661219,8.1851418567509,7.4682057012129,7.78216910202763,8.08741535802687,8.01904914263127,8.49018603072359,7.32976888794203,9.14625779941006,7.79339036988946,,7.36037196711715,,8.67994107486548,,7.98453852692075,7.74541299074671,7.26947168610533,8.15002154475465,7.42004462889574,7.98992182227802,8.13233177663264,7.63170012716398,8.05142523406971,7.78936792850353,7.77510447582723,7.74525561699749,8.10939732662192,,8.13061149020721,8.58345431321672,7.91508641745829,,8.14880728503486,8.08251358771707,,0.16666666666666666,7.772818054714956
9297,ZNF207,,,,,,,7.0667107817986,,,,,,,,,,,,,,,,,,,,,,,,,7.75377045499044,,,,,,,,,,,,,,,,,,,,,,,,,,,,,,0.9666666666666667,5.262382634485236
3726,ZNF207,8.36840341401492,9.75915312257793,8.57991401548032,7.90036022733602,9.43416927645119,7.40075782207988,9.9873874025655,8.97002633591934,7.79814833699098,8.36652181720748,8.48797050472811,9.63806161003106,8.57637873312146,9.39609607935022,9.67447915242509,9.27444088913451,7.94250295950436,,9.4806609184184,8.39330080604293,9.93130355310464,,9.25879958980457,9.23622401963824,,9.12075381333541,9.0255111496811,7.29370778181187,9.6904982051634,9.28284821514992,8.93489506115329,10.5840687834159,8.49937334944258,7.87361958335359,9.22752100958124,9.09140740879659,8.11751385281225,7.74048508817795,9.725736227133,,9.06201158124314,8.44857968080984,8.2131456940749,9.36011857541567,9.70039751766758,9.53925173518079,8.88491596409766,8.13148172924694,7.8483299484695,8.47557919905412,8.5315346109998,9.13700735477657,10.0951028228584,,9.73540475823047,8.92020523408684,9.20580857494451,,8.66103991752595,8.40562149184451,8.50742928490451,0.1,8.739228406842765
9149,ZNF326,,,,,,,,,,,,,,,,,,,,,,,,,,,,,,,,,,,6.6408163312421,,,,,,,,,,,,,,,,,,,,,,,,,,,0.9833333333333333,3.8120748322877165
591,ZNF326,7.3827226939809,8.51113641229906,,7.14826417946498,8.04955393127686,,8.88920604235991,8.80602030452694,,,,8.73899892050188,8.12217669008461,8.32987968293595,8.04824017012668,8.18690148076401,7.79729184344096,,8.34992033243491,,8.51768320988187,,8.40074608619642,,,7.50858662133259,8.78795735827502,,7.66387071390217,8.00187311172941,8.52933618745153,8.9129001095564,,8.60715998071332,8.04706892056798,8.18833974428654,,,8.68713590187708,,7.15484268596176,7.31636661861217,,7.85518147893161,7.85266343675594,8.26565843347968,7.96556233437877,,,6.92621205379978,7.32573242149062,8.04648033267511,9.06296463374194,,8.96577912481168,8.07686084036904,7.99503540018891,,7.58123543616923,7.79990208027623,6.87447216498377,0.3333333333333333,7.9080129450230885
9524,,,,,,,,,,,,,,,,,,,,,,,,,,,,,,,,,,,,,,,,,,,,,,,,,,,,,,8.98606149619135,,,,,,,,,0.9833333333333333,4.9846974147623415
6722,,,,,,,,,,,,,,,,,,,,,,,,,,,,,,,,,,,,,,,,,,,,,,,,,6.67282090044123,,,,,9.11746123880341,,,,,,,,,0.9666666666666667,5.5856496019704345
1556,,,,7.53222088026454,,8.04262628861792,,6.72674244266855,8.97847524324839,,8.0756950920694,6.85797906844598,6.6296735918915,7.06794595682417,,10.9848149416938,9.21734654331653,8.61933038759783,,,,6.93433164190949,,9.52345957690554,,7.6146511255199,8.07926901070358,,,,,9.05843546502232,6.11275216136705,8.25442440453064,,9.2536218422456,8.81689365881582,6.68056959319388,7.2463072334641,7.79606239037787,8.88582430938762,8.18148148148036,7.77441774917427,,,,,,,7.67251746393553,,7.16406034832203,8.51629403928962,8.25574545129603,,,8.69622206078088,7.12978226580042,,,7.82701817999526,,0.45,7.784029173239894
4794,,,,,,8.85908507217402,,,,,,,,9.20485153345889,,,,,,,,,,,,,,9.81410897341308,,,,,,,,,,,,,,,,,,,,,,,,,9.56769138152248,9.89232656478782,,,,,,,,,0.9166666666666666,8.042455032003826
2182,,,,,,9.9185891857338,7.53376091520107,,,,,,,9.58696118844781,,,,9.69333597472265,,,,,,9.16306319976511,,,,11.2112759698899,,,,,,,6.78878809602555,,,,,,,,,,,,,,,,,,10.7569734444519,10.6959055383203,,,8.84594852322697,,,7.91558387785054,,,0.8166666666666667,8.577237715025188
9658,,9.04732632257287,8.64705096811341,,,8.74565882072433,8.16162095775577,,,,8.72295080205678,8.8524303812294,,9.17933009430716,,,8.92346569536151,8.6573775689148,,8.70980963487187,9.32214368548451,,,9.62480920418886,,,9.3896536737378,,,9.02303223278079,,8.79552032145545,8.63554867253028,,8.69016236855598,9.29448055871938,,,,9.02603279203728,,,9.03290438956919,,8.93579904769154,9.22304571652593,9.00491533708441,,,,8.88333171886579,,9.06762697788931,,,,,8.97302829668844,,8.75833146868006,,,0.5666666666666667,8.623952890832841
8192,,8.8026789544631,9.18231910627954,8.4924458981797,8.62983130478948,9.30861136945011,,9.53991066718483,9.37097041577923,,8.39420484801279,8.75444620020368,9.11308509548724,9.27910745727391,9.5904602463516,9.16425189506817,9.35805646664494,8.95334201226141,,9.48885071681321,8.79037397178866,9.59596185663581,,8.95884671547235,8.1606379309582,,8.8663113222994,9.02499297764358,,9.12600220807609,8.95522466426552,9.17136418537036,9.86779583847557,8.18438420777943,9.62606686717465,9.11897677157788,9.20949537059967,,8.36818453531715,9.33433480152472,,9.27662940714557,,,9.50456728647715,8.49441520894812,9.02876029034982,8.91590823100842,,,8.75793524192781,8.70397675509482,9.05983918895044,9.43607855024365,,8.98299245872482,9.56268710851899,9.13408427692682,,8.88735582997092,9.31971107048527,8.83985465182726,0.23333333333333334,8.874829293929194
4572,,,,,,10.4570298242407,,8.62327838298064,,,,,,9.30055070351285,,,,9.25866825254532,,,,,8.36234446802645,9.21033132562079,,,,11.1150812763759,,,,9.12090815875018,,,,,,8.32295188242405,,,9.44287568711035,,,,,,,,,,,,10.887353893601,11.0568635437979,,,,,,,,,0.8,8.919864415306625
3712,,,10.3457155811065,10.2601027627362,8.91627294947478,11.337434240541,11.1416871552101,10.8093885887205,6.44630904893829,10.6270759137057,9.95764276196163,7.9559505458853,9.34971909558286,8.51557862878263,7.88966121097784,10.3092698579875,10.3687067801639,9.86027474958798,,,10.6133598336449,8.60745891230336,11.1295178243611,7.561153335612,,11.3471072035031,10.1070026211316,9.69245766894801,,,8.5040912426991,9.32814562522438,7.64544424628928,9.19221613792722,8.77013618144305,9.67608426974584,,7.77745522125938,10.4125145178465,10.0208608095275,10.8414650525875,10.9937026739458,9.98687953639056,10.7293134123508,10.1407269785345,7.907007691401,9.3897561474981,7.98735381157836,9.43299569272838,10.2090007683611,9.84994403138267,,9.84913914525537,10.3839030163137,11.2746438228428,10.6821113182775,8.01086085012534,10.4190392201717,11.2088523596788,10.9129715982308,10.6883516804001,8.4159422724226,0.11666666666666667,9.516785616110614
5580,,8.84522278830204,10.8738721176069,9.89959853298864,8.5997435886904,9.72627825568267,9.08013592643113,8.97482212774521,8.58690542131077,10.654008259924,9.49803427567241,9.16442464216436,9.24067888312076,9.31082898416818,9.65627844035134,9.84340360676243,9.97966782401791,9.64776989623993,7.58337434988041,11.8242149950169,8.93451018562526,9.13371450896293,9.00589129679949,10.850039212072,8.66668243991781,12.6074093043327,8.22353237740961,10.2737438894388,9.90615631423777,12.3450386843086,9.49641342715289,9.42847046079251,9.83139579118981,9.20581634779414,9.20238045850661,9.81357366286391,11.4150378585029,10.5575097665469,9.48198545967874,9.67141964153367,9.34964805896413,9.31492258783869,9.83514419576319,8.77982879080163,9.31310455622622,9.72845168272432,10.1030488224558,9.42975491219927,11.57880158718,12.4285796463502,9.50068226879482,9.22115197718776,9.03691217995885,8.75516198457658,9.07931038192883,9.29982692411424,7.76033470296612,9.26671298527152,9.94346387308958,10.5063778448803,10.1155463924415,10.8216763035569,0.0,9.56333121106085
4290,,8.73451535363847,10.0850819398023,9.30000889579965,9.56707952963915,10.448616140449,9.51384243654068,9.73357572612171,8.92090209315628,10.5699950356784,10.0060346545757,8.87229549093859,9.48376027762997,8.76907193575521,8.46924249530547,10.3363104760654,9.16916016445139,9.35015157233477,8.72436800540828,9.23594067678267,10.564913540272,9.079392339851,11.9447449688081,9.83763917456353,8.98286389493839,12.175482588482,11.5926876238717,10.4820681409091,8.79901709626611,10.2698085229866,9.2557973387323,9.30886866514324,9.47067275888649,8.77590673898985,11.373654030723,9.91896246207023,7.81528649877793,9.3056833507141,10.7859535138539,9.5151804401058,12.5936102599011,9.58096691313717,9.33107858623688,10.6078302603815,9.29031756350537,9.42467124291819,9.93433428371596,10.3789095323893,9.20945698391853,10.1424534447419,9.78349283138029,9.6551037163226,11.3810351377308,10.991413427734,10.827621711246,9.22241006935574,10.2012091134445,10.4132207039502,10.208628132587,10.9306321614739,11.1239939180505,9.85084160056837,0.0,9.752348407050325
4402,,11.6918862197562,11.5712940127944,11.845537426894,11.9765005038307,11.7930364617454,11.4933101314586,11.331562828637,11.5476806378613,11.4419786501087,11.8207527597758,11.6916648960235,11.6380233807853,11.395372088223,11.4262735291075,11.9073279185065,11.4825082608646,11.3167211853477,10.6716571368627,11.4183396892609,11.4750812363267,11.8518796157309,11.0720278582427,12.0508417183418,11.0999776476868,11.4298498796963,11.451769133802,12.3003582669682,11.9895671401727,11.7544221856312,11.8227168791703,11.9083118833522,11.45701863652,11.3081175339402,11.3972496024996,11.8126361824416,11.0146746746192,12.0046086595802,12.0068977873982,11.6557019455357,11.7912714959114,11.4006386651417,11.4330755817334,11.4345370669089,11.5705011561838,11.1105134242709,11.6858508366371,11.8386449289978,11.911928375244,11.879052055386,11.3109346504607,11.452370808323,11.4136933273838,11.3201522971514,11.6280736097532,11.9267680670835,11.4469415651493,11.5687413813208,11.3891778077978,11.6554403032556,11.0289713331779,11.8951399105004,0.0,11.388945387106824
2249,,11.1254583950033,10.4109082323022,11.2378191746035,13.6537103001764,12.8091221458523,12.7841385736513,12.8127628560302,12.0169708688561,14.0018996173789,10.1959909998146,11.2351300653268,11.2960783956883,10.1340015125955,10.238265405684,12.4755432869729,11.9542599947567,11.8230003359555,10.0995164145954,10.9198590844752,12.0372332003303,10.3253725519763,13.7549256127559,10.3208713795425,9.83661062926706,14.2098609770289,11.6509485073739,11.418199366424,10.4726629877222,11.0005584438744,11.1101365159356,10.3208765616602,12.6168606691222,10.6363699882024,10.256307108729,10.9649455809728,10.2256878685777,10.8682714299491,14.0209472959151,10.9913567958373,14.3220135811623,12.2219735352238,11.7458396267127,14.0074449165487,11.6534198154972,11.108892796,11.0977100533479,10.9120903100843,10.9484136388296,13.0405888125111,11.7927556443309,10.3392622905376,11.878898382847,12.3834387671961,11.7614204379047,10.8218159654754,12.0181262930613,11.3939118802503,14.0329200332815,12.7521454212739,11.9222623666204,10.7394157003435,0.0,11.475946573851687
3095,,12.2031267137754,11.7522689437561,11.5315571219798,13.4903854879419,13.0904319919631,12.8349027820396,12.0676606494543,11.3258214696632,13.0625798370374,11.3290938836864,10.873358957397,11.6307396519175,10.224848952623,11.0178966987422,12.8116926805011,11.9310678166248,12.3678690035888,11.0474645761746,11.3345688447313,12.9314675954694,11.6700888425867,13.1460048425429,11.1323246626848,11.7115975282759,13.4147184538376,12.6033647120415,12.0346665900047,10.7459246851242,11.3215596832716,11.4913250195391,11.5897611806873,11.2212430328139,11.0863242973977,11.4139784253919,11.3455529668288,12.7293859746768,11.2871073485552,13.3729822638795,11.6489861438423,13.4403387113805,12.4709159731091,12.1655321475587,12.9991571904822,12.4669514704879,12.0300028183409,11.64575724111,11.7475696153947,11.5972770680345,12.8824257180559,12.5875558931207,10.933396844554,12.2341280794203,12.5590638289061,12.6243904518538,12.2761093846605,12.0447014821344,12.2967966688807,13.7721895825621,12.745204534499,12.3655676326569,11.2314205969625,0.0,11.848180762843265
4736,,12.596460032173,12.1121297254184,12.3393673145916,13.688613458659,13.5131647382518,13.4408745208922,12.7191845440103,12.3628069641853,13.8270438654865,11.9769679927048,11.440129300206,12.1960651774893,10.9918539595529,11.5292722547787,13.3306768443668,12.805582320765,12.391695074942,11.9677197938229,11.5948332931439,13.0528825020402,12.313680967243,13.6462808785103,11.8552733079393,11.6616107405671,13.8746755857662,12.9813685695683,12.4486282604465,11.4716794106137,12.2829636986752,12.0176780790124,11.8388408988318,11.3100519484017,11.3489508423917,11.8054627677923,12.2963546496952,11.7486938654069,11.9140443865317,14.2523892936265,12.2771573478358,13.9754829186369,13.3214879244588,12.7532065828859,14.1147374285733,13.0518871738488,12.0691146857206,12.3424152409103,12.8186549496428,11.8453400176897,13.094702332563,12.7134837516627,11.7093411768777,12.6373508852144,12.8340879370352,13.6000183513597,12.4050494034395,12.6082225701788,12.8276187654619,14.3877895914368,13.1244249013647,13.033286361477,11.9990848944979,0.0,12.358908803099995
3920,,13.5818166594916,13.2514417805391,13.3122057998971,14.0908732855861,14.0867184735819,14.0198843390011,13.6871379312175,13.0934144502209,14.4136595054532,12.7490276214011,12.594955543533,13.018614833542,12.1640178148212,12.4178174592786,14.0040848491988,13.5350869770826,13.2738198496228,10.9683071024725,12.9710938319928,13.7287524752654,12.706183687271,13.9539844247784,12.967219093691,11.3488912329714,14.6371874036827,13.8513210149784,13.4083203506503,11.9674440989918,13.4037707389276,13.0726787215466,13.1303906874394,12.0127107424091,12.5949064974997,12.9247949712511,13.0958001413101,11.8149824333396,13.2571482948052,14.6984375466022,13.2523892117064,14.4381385482612,14.1148020004789,13.5700819143579,14.3213817110401,13.6230822125147,12.6532175768176,12.9045685671929,13.7409037254282,12.7587831586373,14.2561685223857,13.6992664661622,12.6170571713865,13.4600292153025,13.8324819826955,14.2386950544005,13.4202837836861,13.1504633907035,13.6132440494066,14.0104940456019,13.89989288296,13.6083651584293,12.8497640783812,0.0,13.08624000711131
