Pathway,Embedding,N,Pearson_r,Pearson_p,Spearman_rho,Spearman_p,Model,Fold
REACTOME_ELASTIC_FIBRE_FORMATION,embedding_0,11,0.17485824250015836,0.60708602433168,0.1272727272727273,0.7092146257733047,Baseline,0
REACTOME_ELASTIC_FIBRE_FORMATION,embedding_1,11,-0.17350706722364184,0.6099102692156446,-0.21818181818181823,0.519248247554982,Baseline,0
REACTOME_ELASTIC_FIBRE_FORMATION,embedding_2,11,-0.2836743257298723,0.39791654540645843,-0.2545454545454546,0.4500365768888285,Baseline,0
REACTOME_ELASTIC_FIBRE_FORMATION,embedding_3,11,-0.2762224214517525,0.41095515370418745,-0.2545454545454546,0.4500365768888285,Baseline,0
REACTOME_ELASTIC_FIBRE_FORMATION,embedding_4,11,0.2556364390230777,0.44802949502030587,0.19090909090909092,0.5739131682855215,Baseline,0
REACTOME_ELASTIC_FIBRE_FORMATION,embedding_5,11,-0.4751955246591651,0.139639807668201,-0.5363636363636364,0.08895341813596276,Baseline,0
REACTOME_ELASTIC_FIBRE_FORMATION,embedding_6,11,-0.2278728076900032,0.5003758269022031,-0.15454545454545454,0.65003396549758,Baseline,0
REACTOME_ELASTIC_FIBRE_FORMATION,embedding_7,11,-0.07781408100384171,0.8201065254953637,-0.03636363636363637,0.9154683168905347,Baseline,0
REACTOME_ELASTIC_FIBRE_FORMATION,embedding_8,11,0.1902115294123131,0.575340024244066,-0.07272727272727274,0.831716405381337,Baseline,0
REACTOME_ELASTIC_FIBRE_FORMATION,embedding_9,11,0.23729237995254499,0.48232439689741263,0.33636363636363636,0.31182431390038623,Baseline,0
REACTOME_ELASTIC_FIBRE_FORMATION,embedding_10,11,-0.1934393013120148,0.56874925380593,-0.09090909090909091,0.7903727377532903,Baseline,0
REACTOME_ELASTIC_FIBRE_FORMATION,embedding_11,11,-0.19822720464233815,0.5590279709025506,-0.10000000000000002,0.7698749998921366,Baseline,0
REACTOME_ELASTIC_FIBRE_FORMATION,embedding_12,11,-0.10297859835026504,0.7631870148543044,0.05454545454545456,0.8734465775233149,Baseline,0
REACTOME_ELASTIC_FIBRE_FORMATION,embedding_13,11,0.08850648714322694,0.7958105170996429,0.045454545454545456,0.8944269969053026,Baseline,0
REACTOME_ELASTIC_FIBRE_FORMATION,embedding_14,11,-0.3180986346089164,0.3404309227339609,-0.20000000000000004,0.5554454421055854,Baseline,0
REACTOME_ELASTIC_FIBRE_FORMATION,embedding_15,11,0.28702624906669993,0.392119365327944,0.3545454545454546,0.2846927409558867,Baseline,0
REACTOME_ELASTIC_FIBRE_FORMATION,embedding_16,11,0.1325989777358282,0.6975315280571489,0.15454545454545454,0.65003396549758,Baseline,0
REACTOME_ELASTIC_FIBRE_FORMATION,embedding_17,11,0.14428702560545698,0.6721023874580987,0.24545454545454545,0.4669223669820163,Baseline,0
REACTOME_ELASTIC_FIBRE_FORMATION,embedding_18,11,-0.21588972512413024,0.5237555032130413,0.14545454545454548,0.6695786456420787,Baseline,0
REACTOME_ELASTIC_FIBRE_FORMATION,embedding_19,11,0.2700992608346292,0.42182241727477415,0.2545454545454546,0.4500365768888285,Baseline,0
REACTOME_ELASTIC_FIBRE_FORMATION,embedding_20,11,-0.12835259968645793,0.7068412966989827,0.06363636363636364,0.8525390725425217,Baseline,0
REACTOME_ELASTIC_FIBRE_FORMATION,embedding_21,11,0.2811801536863649,0.402257580974663,0.41818181818181827,0.20057021703405067,Baseline,0
REACTOME_ELASTIC_FIBRE_FORMATION,embedding_22,11,-0.28269260477368785,0.3996224263902138,-0.33636363636363636,0.31182431390038623,Baseline,0
REACTOME_ELASTIC_FIBRE_FORMATION,embedding_23,11,-0.24534411557265867,0.4671292376916119,-0.20000000000000004,0.5554454421055854,Baseline,0
REACTOME_ELASTIC_FIBRE_FORMATION,embedding_24,11,0.02346332262483554,0.9454075422605759,-0.05454545454545456,0.8734465775233149,Baseline,0
REACTOME_ELASTIC_FIBRE_FORMATION,embedding_25,11,-0.3081303494228458,0.35660391766097094,-0.33636363636363636,0.31182431390038623,Baseline,0
REACTOME_ELASTIC_FIBRE_FORMATION,embedding_26,11,-0.26317064319966393,0.4342837779702918,-0.27272727272727276,0.41714143714253127,Baseline,0
REACTOME_ELASTIC_FIBRE_FORMATION,embedding_27,11,-0.2241135013225896,0.5076610583575798,-0.045454545454545456,0.8944269969053026,Baseline,0
REACTOME_ELASTIC_FIBRE_FORMATION,embedding_28,11,0.19796623460702062,0.5595561256980848,0.009090909090909092,0.9788365001441937,Baseline,0
REACTOME_ELASTIC_FIBRE_FORMATION,embedding_29,11,-0.11649248673319122,0.7330316042449513,-0.05454545454545456,0.8734465775233149,Baseline,0
REACTOME_ELASTIC_FIBRE_FORMATION,embedding_30,11,0.3075869002972376,0.3574968644206606,0.3272727272727273,0.32589494101284167,Baseline,0
REACTOME_ELASTIC_FIBRE_FORMATION,embedding_31,11,0.3175674913262595,0.3412827714127521,0.33636363636363636,0.31182431390038623,Baseline,0
REACTOME_NON_INTEGRIN_MEMBRANE_ECM_INTERACTIONS,embedding_0,11,0.33686478090490257,0.31105838602499025,0.19090909090909092,0.5739131682855215,Baseline,0
REACTOME_NON_INTEGRIN_MEMBRANE_ECM_INTERACTIONS,embedding_1,11,-0.42590193340246835,0.1915237864976109,-0.36363636363636365,0.2716375409938228,Baseline,0
REACTOME_NON_INTEGRIN_MEMBRANE_ECM_INTERACTIONS,embedding_2,11,-0.5121177018724558,0.1072890488086719,-0.5363636363636364,0.08895341813596276,Baseline,0
REACTOME_NON_INTEGRIN_MEMBRANE_ECM_INTERACTIONS,embedding_3,11,-0.5036956216964404,0.11419028940518677,-0.5363636363636364,0.08895341813596276,Baseline,0
REACTOME_NON_INTEGRIN_MEMBRANE_ECM_INTERACTIONS,embedding_4,11,0.43135992276557267,0.18527948262105914,0.5181818181818182,0.10249153979096383,Baseline,0
REACTOME_NON_INTEGRIN_MEMBRANE_ECM_INTERACTIONS,embedding_5,11,-0.6447496784208846,0.032212354448796984,-0.6818181818181819,0.020842853610945056,Baseline,0
REACTOME_NON_INTEGRIN_MEMBRANE_ECM_INTERACTIONS,embedding_6,11,-0.40097177066549833,0.2216413083636273,-0.5272727272727273,0.09556521835315422,Baseline,0
REACTOME_NON_INTEGRIN_MEMBRANE_ECM_INTERACTIONS,embedding_7,11,-0.05486097287088639,0.872719649850867,-0.10909090909090911,0.7495085962341482,Baseline,0
REACTOME_NON_INTEGRIN_MEMBRANE_ECM_INTERACTIONS,embedding_8,11,0.3847398207687113,0.2426588695977228,0.29090909090909095,0.38545696969136556,Baseline,0
REACTOME_NON_INTEGRIN_MEMBRANE_ECM_INTERACTIONS,embedding_9,11,0.531147884253486,0.09270865790908406,0.7000000000000001,0.01647097883651441,Baseline,0
REACTOME_NON_INTEGRIN_MEMBRANE_ECM_INTERACTIONS,embedding_10,11,-0.3259986087131889,0.3278935968651039,-0.33636363636363636,0.31182431390038623,Baseline,0
REACTOME_NON_INTEGRIN_MEMBRANE_ECM_INTERACTIONS,embedding_11,11,-0.38073251926545476,0.24801818434682987,-0.45454545454545453,0.16014543725525882,Baseline,0
REACTOME_NON_INTEGRIN_MEMBRANE_ECM_INTERACTIONS,embedding_12,11,-0.21932713786396751,0.5170022368558416,-0.18181818181818182,0.5926152128455,Baseline,0
REACTOME_NON_INTEGRIN_MEMBRANE_ECM_INTERACTIONS,embedding_13,11,0.2754101020463116,0.4123889187210095,0.15454545454545454,0.65003396549758,Baseline,0
REACTOME_NON_INTEGRIN_MEMBRANE_ECM_INTERACTIONS,embedding_14,11,-0.5211806615484357,0.10017166610704695,-0.3727272727272728,0.25892587368422215,Baseline,0
REACTOME_NON_INTEGRIN_MEMBRANE_ECM_INTERACTIONS,embedding_15,11,0.4933145190401468,0.1230825887485469,0.6545454545454547,0.028864598957001886,Baseline,0
REACTOME_NON_INTEGRIN_MEMBRANE_ECM_INTERACTIONS,embedding_16,11,0.03209879725027366,0.9253570402491366,-0.03636363636363637,0.9154683168905347,Baseline,0
REACTOME_NON_INTEGRIN_MEMBRANE_ECM_INTERACTIONS,embedding_17,11,0.0667502282187571,0.8453966356379621,0.23636363636363636,0.4840911622253965,Baseline,0
REACTOME_NON_INTEGRIN_MEMBRANE_ECM_INTERACTIONS,embedding_18,11,-0.314802539039726,0.3457352686181246,-0.21818181818181823,0.519248247554982,Baseline,0
REACTOME_NON_INTEGRIN_MEMBRANE_ECM_INTERACTIONS,embedding_19,11,0.5165019103111708,0.10380627613090272,0.5363636363636364,0.08895341813596276,Baseline,0
REACTOME_NON_INTEGRIN_MEMBRANE_ECM_INTERACTIONS,embedding_20,11,-0.13620546960012472,0.6896538779761184,-0.08181818181818183,0.8109903943000458,Baseline,0
REACTOME_NON_INTEGRIN_MEMBRANE_ECM_INTERACTIONS,embedding_21,11,0.46279319437988403,0.1517444788738187,0.7090909090909092,0.014552051953727704,Baseline,0
REACTOME_NON_INTEGRIN_MEMBRANE_ECM_INTERACTIONS,embedding_22,11,-0.5060410327970529,0.11224040473817858,-0.5818181818181819,0.060419896215648305,Baseline,0
REACTOME_NON_INTEGRIN_MEMBRANE_ECM_INTERACTIONS,embedding_23,11,-0.5274946278085482,0.09540010605467054,-0.5,0.11730680301423815,Baseline,0
REACTOME_NON_INTEGRIN_MEMBRANE_ECM_INTERACTIONS,embedding_24,11,-0.056546352871440386,0.8688381846559177,-0.07272727272727274,0.831716405381337,Baseline,0
REACTOME_NON_INTEGRIN_MEMBRANE_ECM_INTERACTIONS,embedding_25,11,-0.5548251902590245,0.0764725070183699,-0.5818181818181819,0.060419896215648305,Baseline,0
REACTOME_NON_INTEGRIN_MEMBRANE_ECM_INTERACTIONS,embedding_26,11,-0.5094946372768057,0.10940861000092117,-0.5545454545454546,0.07665233333978251,Baseline,0
REACTOME_NON_INTEGRIN_MEMBRANE_ECM_INTERACTIONS,embedding_27,11,-0.307741021627693,0.35724350875263916,-0.20909090909090913,0.5372209352113229,Baseline,0
REACTOME_NON_INTEGRIN_MEMBRANE_ECM_INTERACTIONS,embedding_28,11,0.24506341746154245,0.46765526350454306,0.16363636363636366,0.6306852146425357,Baseline,0
REACTOME_NON_INTEGRIN_MEMBRANE_ECM_INTERACTIONS,embedding_29,11,-0.03607581151799602,0.9161353615768026,-0.03636363636363637,0.9154683168905347,Baseline,0
REACTOME_NON_INTEGRIN_MEMBRANE_ECM_INTERACTIONS,embedding_30,11,0.42303226940391936,0.1948571466839624,0.6181818181818182,0.042645569805326695,Baseline,0
REACTOME_NON_INTEGRIN_MEMBRANE_ECM_INTERACTIONS,embedding_31,11,0.5574581012485242,0.07479375273102104,0.5818181818181819,0.060419896215648305,Baseline,0
REACTOME_COLLAGEN_FORMATION,embedding_0,11,0.5437073854446473,0.08383845247341885,0.5272727272727273,0.09556521835315422,Baseline,0
REACTOME_COLLAGEN_FORMATION,embedding_1,11,-0.3565615937295052,0.2817678833483822,-0.29090909090909095,0.38545696969136556,Baseline,0
REACTOME_COLLAGEN_FORMATION,embedding_2,11,-0.4105918350488212,0.20970903070209962,-0.2545454545454546,0.4500365768888285,Baseline,0
REACTOME_COLLAGEN_FORMATION,embedding_3,11,-0.4496298008571819,0.16528668088775098,-0.2545454545454546,0.4500365768888285,Baseline,0
REACTOME_COLLAGEN_FORMATION,embedding_4,11,0.11875223543062852,0.7280208269629069,-0.10000000000000002,0.7698749998921366,Baseline,0
REACTOME_COLLAGEN_FORMATION,embedding_5,11,-0.20210351368765364,0.5512065904238943,-0.10000000000000002,0.7698749998921366,Baseline,0
REACTOME_COLLAGEN_FORMATION,embedding_6,11,-0.0721277172094126,0.833086834985441,0.18181818181818182,0.5926152128455,Baseline,0
REACTOME_COLLAGEN_FORMATION,embedding_7,11,0.21178593866939693,0.531866233068388,0.4272727272727273,0.189943724965427,Baseline,0
REACTOME_COLLAGEN_FORMATION,embedding_8,11,0.1404143650705576,0.6804952846899203,-0.23636363636363636,0.4840911622253965,Baseline,0
REACTOME_COLLAGEN_FORMATION,embedding_9,11,0.16714220104436933,0.6232780011295386,0.09090909090909091,0.7903727377532903,Baseline,0
REACTOME_COLLAGEN_FORMATION,embedding_10,11,0.03502284353868243,0.918576064449567,0.3090909090909091,0.3550284397015071,Baseline,0
REACTOME_COLLAGEN_FORMATION,embedding_11,11,-0.05374897560306166,0.8752819875984782,0.19090909090909092,0.5739131682855215,Baseline,0
REACTOME_COLLAGEN_FORMATION,embedding_12,11,0.053239168374310995,0.8764570800206737,0.3454545454545455,0.2980892209030388,Baseline,0
REACTOME_COLLAGEN_FORMATION,embedding_13,11,0.3817485379655706,0.24665299518614306,0.19090909090909092,0.5739131682855215,Baseline,0
REACTOME_COLLAGEN_FORMATION,embedding_14,11,-0.4988693679934306,0.11827108163908531,-0.14545454545454548,0.6695786456420787,Baseline,0
REACTOME_COLLAGEN_FORMATION,embedding_15,11,0.21751665941446013,0.5205545427473988,0.11818181818181818,0.72928477951978,Baseline,0
REACTOME_COLLAGEN_FORMATION,embedding_16,11,0.45104362601797554,0.1637976718307861,0.5181818181818182,0.10249153979096383,Baseline,0
REACTOME_COLLAGEN_FORMATION,embedding_17,11,-0.2694344264887388,0.4230106043302346,-0.22727272727272727,0.501535667604937,Baseline,0
REACTOME_COLLAGEN_FORMATION,embedding_18,11,-0.18254769981459829,0.5911059982805701,-0.08181818181818183,0.8109903943000458,Baseline,0
REACTOME_COLLAGEN_FORMATION,embedding_19,11,0.5047311320383078,0.11332673143473372,0.3272727272727273,0.32589494101284167,Baseline,0
REACTOME_COLLAGEN_FORMATION,embedding_20,11,0.09764780785127039,0.7751664698934374,0.30000000000000004,0.37008312228206786,Baseline,0
REACTOME_COLLAGEN_FORMATION,embedding_21,11,0.14513232541794469,0.6702748599070941,0.045454545454545456,0.8944269969053026,Baseline,0
REACTOME_COLLAGEN_FORMATION,embedding_22,11,-0.291392303886825,0.3846318468727473,-0.26363636363636367,0.4334407376116145,Baseline,0
REACTOME_COLLAGEN_FORMATION,embedding_23,11,-0.4186489465217009,0.20001569926221777,-0.28181818181818186,0.4011448979604785,Baseline,0
REACTOME_COLLAGEN_FORMATION,embedding_24,11,-0.25883988167356947,0.4421603737282507,-0.27272727272727276,0.41714143714253127,Baseline,0
REACTOME_COLLAGEN_FORMATION,embedding_25,11,-0.3343215567625616,0.31495587882877063,-0.26363636363636367,0.4334407376116145,Baseline,0
REACTOME_COLLAGEN_FORMATION,embedding_26,11,-0.4181655150653487,0.20058958671404145,-0.29090909090909095,0.38545696969136556,Baseline,0
REACTOME_COLLAGEN_FORMATION,embedding_27,11,-0.024326660825360096,0.9434015245124714,0.4272727272727273,0.189943724965427,Baseline,0
REACTOME_COLLAGEN_FORMATION,embedding_28,11,-0.0428984519752829,0.9003375568392488,-0.4727272727272727,0.14199852020631992,Baseline,0
REACTOME_COLLAGEN_FORMATION,embedding_29,11,0.20101664674095626,0.5533951348862179,0.23636363636363636,0.4840911622253965,Baseline,0
REACTOME_COLLAGEN_FORMATION,embedding_30,11,0.2247265623329998,0.5064698842575002,0.3272727272727273,0.32589494101284167,Baseline,0
REACTOME_COLLAGEN_FORMATION,embedding_31,11,0.4032790295210348,0.21874391339618166,0.26363636363636367,0.4334407376116145,Baseline,0
REACTOME_COLLAGEN_DEGRADATION,embedding_0,11,0.4289431200484459,0.18802901242089534,0.5,0.11730680301423815,Baseline,0
REACTOME_COLLAGEN_DEGRADATION,embedding_1,11,-0.28395645323427177,0.39742697637682634,-0.30000000000000004,0.37008312228206786,Baseline,0
REACTOME_COLLAGEN_DEGRADATION,embedding_2,11,-0.15034451633859847,0.6590418887260449,-0.10000000000000002,0.7698749998921366,Baseline,0
REACTOME_COLLAGEN_DEGRADATION,embedding_3,11,-0.20759088243688595,0.5402109111331713,-0.10000000000000002,0.7698749998921366,Baseline,0
REACTOME_COLLAGEN_DEGRADATION,embedding_4,11,-0.1447206125126319,0.6711647783646683,-0.23636363636363636,0.4840911622253965,Baseline,0
REACTOME_COLLAGEN_DEGRADATION,embedding_5,11,-0.03632580002109559,0.915556001223439,-0.03636363636363637,0.9154683168905347,Baseline,0
REACTOME_COLLAGEN_DEGRADATION,embedding_6,11,0.18049510762186421,0.5953560624188441,0.3181818181818182,0.34029761418190363,Baseline,0
REACTOME_COLLAGEN_DEGRADATION,embedding_7,11,0.35986487021598024,0.277012100004531,0.5181818181818182,0.10249153979096383,Baseline,0
REACTOME_COLLAGEN_DEGRADATION,embedding_8,11,-0.11326388594938798,0.7402069323546628,-0.39090909090909093,0.23454006709519432,Baseline,0
REACTOME_COLLAGEN_DEGRADATION,embedding_9,11,-0.09691992682377822,0.7768056552897857,-0.06363636363636364,0.8525390725425217,Baseline,0
REACTOME_COLLAGEN_DEGRADATION,embedding_10,11,0.26281202435618156,0.43493347446116903,0.4090909090909091,0.2115450103420961,Baseline,0
REACTOME_COLLAGEN_DEGRADATION,embedding_11,11,0.1958309015851269,0.5638850929618447,0.3272727272727273,0.32589494101284167,Baseline,0
REACTOME_COLLAGEN_DEGRADATION,embedding_12,11,0.286210266695384,0.39352672053400034,0.44545454545454555,0.16973260492681172,Baseline,0
REACTOME_COLLAGEN_DEGRADATION,embedding_13,11,0.3476393762790507,0.2948386080658109,0.2545454545454546,0.4500365768888285,Baseline,0
REACTOME_COLLAGEN_DEGRADATION,embedding_14,11,-0.2858328117998308,0.39417857978679965,0.03636363636363637,0.9154683168905347,Baseline,0
REACTOME_COLLAGEN_DEGRADATION,embedding_15,11,-0.044940383559883404,0.895615536327614,0.0,1.0,Baseline,0
REACTOME_COLLAGEN_DEGRADATION,embedding_16,11,0.5207118370213173,0.10053205864816658,0.5818181818181819,0.060419896215648305,Baseline,0
REACTOME_COLLAGEN_DEGRADATION,embedding_17,11,-0.3366526736274117,0.31138243721314524,-0.3454545454545455,0.2980892209030388,Baseline,0
REACTOME_COLLAGEN_DEGRADATION,embedding_18,11,0.09258719253931307,0.786579669908697,0.10909090909090911,0.7495085962341482,Baseline,0
REACTOME_COLLAGEN_DEGRADATION,embedding_19,11,0.3106753195166245,0.35243764639692493,0.22727272727272727,0.501535667604937,Baseline,0
REACTOME_COLLAGEN_DEGRADATION,embedding_20,11,0.2726641980250418,0.4172534891875913,0.39090909090909093,0.23454006709519432,Baseline,0
REACTOME_COLLAGEN_DEGRADATION,embedding_21,11,-0.11306062221687554,0.740659299632939,-0.07272727272727274,0.831716405381337,Baseline,0
REACTOME_COLLAGEN_DEGRADATION,embedding_22,11,-0.04037343864916612,0.9061807141953055,-0.1272727272727273,0.7092146257733047,Baseline,0
REACTOME_COLLAGEN_DEGRADATION,embedding_23,11,-0.236696061892403,0.48345845216566924,-0.21818181818181823,0.519248247554982,Baseline,0
REACTOME_COLLAGEN_DEGRADATION,embedding_24,11,-0.363040956278176,0.27248209812875385,-0.3727272727272728,0.25892587368422215,Baseline,0
REACTOME_COLLAGEN_DEGRADATION,embedding_25,11,-0.08295004578120728,0.8084172491262288,-0.1272727272727273,0.7092146257733047,Baseline,0
REACTOME_COLLAGEN_DEGRADATION,embedding_26,11,-0.15547115836240433,0.6480546026206985,-0.13636363636363638,0.6893090205863619,Baseline,0
REACTOME_COLLAGEN_DEGRADATION,embedding_27,11,0.2040673547856741,0.5472610471551848,0.5090909090909091,0.10973723224165641,Baseline,0
REACTOME_COLLAGEN_DEGRADATION,embedding_28,11,-0.24241328635188591,0.47263484245868853,-0.5363636363636364,0.08895341813596276,Baseline,0
REACTOME_COLLAGEN_DEGRADATION,embedding_29,11,0.3135189269849059,0.34781258978214646,0.33636363636363636,0.31182431390038623,Baseline,0
REACTOME_COLLAGEN_DEGRADATION,embedding_30,11,-0.031096916685975723,0.9276814863446529,0.17272727272727276,0.6115423848512369,Baseline,0
REACTOME_COLLAGEN_DEGRADATION,embedding_31,11,0.16037085378075844,0.6376122201848283,0.1272727272727273,0.7092146257733047,Baseline,0
REACTOME_DEGRADATION_OF_THE_EXTRACELLULAR_MATRIX,embedding_0,11,0.3940967463927987,0.23040783816210847,0.5,0.11730680301423815,Baseline,0
REACTOME_DEGRADATION_OF_THE_EXTRACELLULAR_MATRIX,embedding_1,11,-0.2696196231237873,0.4226794606285265,-0.3727272727272728,0.25892587368422215,Baseline,0
REACTOME_DEGRADATION_OF_THE_EXTRACELLULAR_MATRIX,embedding_2,11,-0.2279063513569619,0.5003110279278348,-0.21818181818181823,0.519248247554982,Baseline,0
REACTOME_DEGRADATION_OF_THE_EXTRACELLULAR_MATRIX,embedding_3,11,-0.27115001349685175,0.4199478038583213,-0.21818181818181823,0.519248247554982,Baseline,0
REACTOME_DEGRADATION_OF_THE_EXTRACELLULAR_MATRIX,embedding_4,11,-0.011639616997831136,0.9729048166017273,-0.16363636363636366,0.6306852146425357,Baseline,0
REACTOME_DEGRADATION_OF_THE_EXTRACELLULAR_MATRIX,embedding_5,11,-0.22163363544404688,0.5124917127893821,-0.29090909090909095,0.38545696969136556,Baseline,0
REACTOME_DEGRADATION_OF_THE_EXTRACELLULAR_MATRIX,embedding_6,11,0.04146801538881133,0.9036472155369563,0.21818181818181823,0.519248247554982,Baseline,0
REACTOME_DEGRADATION_OF_THE_EXTRACELLULAR_MATRIX,embedding_7,11,0.24318048086524724,0.4711908284678012,0.48181818181818187,0.1334338382568288,Baseline,0
REACTOME_DEGRADATION_OF_THE_EXTRACELLULAR_MATRIX,embedding_8,11,0.008364938077280032,0.9805262618625747,-0.3545454545454546,0.2846927409558867,Baseline,0
REACTOME_DEGRADATION_OF_THE_EXTRACELLULAR_MATRIX,embedding_9,11,0.013380880612036697,0.968853014023777,0.03636363636363637,0.9154683168905347,Baseline,0
REACTOME_DEGRADATION_OF_THE_EXTRACELLULAR_MATRIX,embedding_10,11,0.11655188141657251,0.732899781564564,0.3727272727272728,0.25892587368422215,Baseline,0
REACTOME_DEGRADATION_OF_THE_EXTRACELLULAR_MATRIX,embedding_11,11,0.06088481894477975,0.8588587368127816,0.26363636363636367,0.4334407376116145,Baseline,0
REACTOME_DEGRADATION_OF_THE_EXTRACELLULAR_MATRIX,embedding_12,11,0.1619827939778936,0.6341895786842936,0.41818181818181827,0.20057021703405067,Baseline,0
REACTOME_DEGRADATION_OF_THE_EXTRACELLULAR_MATRIX,embedding_13,11,0.2977426747677159,0.3738709421304822,0.29090909090909095,0.38545696969136556,Baseline,0
REACTOME_DEGRADATION_OF_THE_EXTRACELLULAR_MATRIX,embedding_14,11,-0.3291941972165351,0.3228931518849071,-0.05454545454545456,0.8734465775233149,Baseline,0
REACTOME_DEGRADATION_OF_THE_EXTRACELLULAR_MATRIX,embedding_15,11,0.08358812301047046,0.8069674125978162,0.21818181818181823,0.519248247554982,Baseline,0
REACTOME_DEGRADATION_OF_THE_EXTRACELLULAR_MATRIX,embedding_16,11,0.4216812355226323,0.19643849358598967,0.5454545454545455,0.08265095734417506,Baseline,0
REACTOME_DEGRADATION_OF_THE_EXTRACELLULAR_MATRIX,embedding_17,11,-0.21450951365450766,0.5264775237226652,-0.28181818181818186,0.4011448979604785,Baseline,0
REACTOME_DEGRADATION_OF_THE_EXTRACELLULAR_MATRIX,embedding_18,11,-0.016996525453637404,0.9604418626052437,0.11818181818181818,0.72928477951978,Baseline,0
REACTOME_DEGRADATION_OF_THE_EXTRACELLULAR_MATRIX,embedding_19,11,0.33188994324720694,0.3187068332859311,0.3181818181818182,0.34029761418190363,Baseline,0
REACTOME_DEGRADATION_OF_THE_EXTRACELLULAR_MATRIX,embedding_20,11,0.14430258488513198,0.6720687340643,0.3454545454545455,0.2980892209030388,Baseline,0
REACTOME_DEGRADATION_OF_THE_EXTRACELLULAR_MATRIX,embedding_21,11,0.024223415302880358,0.9436414063071985,0.10000000000000002,0.7698749998921366,Baseline,0
REACTOME_DEGRADATION_OF_THE_EXTRACELLULAR_MATRIX,embedding_22,11,-0.15190101447270266,0.655699528696703,-0.26363636363636367,0.4334407376116145,Baseline,0
REACTOME_DEGRADATION_OF_THE_EXTRACELLULAR_MATRIX,embedding_23,11,-0.2762220175062065,0.4109558660736439,-0.3090909090909091,0.3550284397015071,Baseline,0
REACTOME_DEGRADATION_OF_THE_EXTRACELLULAR_MATRIX,embedding_24,11,-0.25761499750360717,0.4444002377062895,-0.36363636363636365,0.2716375409938228,Baseline,0
REACTOME_DEGRADATION_OF_THE_EXTRACELLULAR_MATRIX,embedding_25,11,-0.1855819596610937,0.5848444346971258,-0.26363636363636367,0.4334407376116145,Baseline,0
REACTOME_DEGRADATION_OF_THE_EXTRACELLULAR_MATRIX,embedding_26,11,-0.21887043278539411,0.5178973549944204,-0.24545454545454545,0.4669223669820163,Baseline,0
REACTOME_DEGRADATION_OF_THE_EXTRACELLULAR_MATRIX,embedding_27,11,0.0674004638381489,0.8439064562630851,0.46363636363636374,0.15090149929248603,Baseline,0
REACTOME_DEGRADATION_OF_THE_EXTRACELLULAR_MATRIX,embedding_28,11,-0.10088815412219192,0.767879292827648,-0.43636363636363645,0.17966487658001123,Baseline,0
REACTOME_DEGRADATION_OF_THE_EXTRACELLULAR_MATRIX,embedding_29,11,0.19297776185126547,0.5696898487249967,0.3090909090909091,0.3550284397015071,Baseline,0
REACTOME_DEGRADATION_OF_THE_EXTRACELLULAR_MATRIX,embedding_30,11,0.09756250358306681,0.7753585323202201,0.3090909090909091,0.3550284397015071,Baseline,0
REACTOME_DEGRADATION_OF_THE_EXTRACELLULAR_MATRIX,embedding_31,11,0.24472707974432267,0.46828591242038686,0.26363636363636367,0.4334407376116145,Baseline,0
REACTOME_INTEGRIN_CELL_SURFACE_INTERACTIONS,embedding_0,11,0.09216185114854296,0.7875406923203002,0.19090909090909092,0.5739131682855215,Baseline,0
REACTOME_INTEGRIN_CELL_SURFACE_INTERACTIONS,embedding_1,11,-0.10817619441876508,0.7515515693216293,-0.2545454545454546,0.4500365768888285,Baseline,0
REACTOME_INTEGRIN_CELL_SURFACE_INTERACTIONS,embedding_2,11,-0.01721131827108048,0.9599422917935817,0.0,1.0,Baseline,0
REACTOME_INTEGRIN_CELL_SURFACE_INTERACTIONS,embedding_3,11,-0.033265233850743925,0.9226514714548194,0.0,1.0,Baseline,0
REACTOME_INTEGRIN_CELL_SURFACE_INTERACTIONS,embedding_4,11,-0.05626221767265207,0.8694923740144147,-0.10000000000000002,0.7698749998921366,Baseline,0
REACTOME_INTEGRIN_CELL_SURFACE_INTERACTIONS,embedding_5,11,-0.1874475059506738,0.5810072951084464,-0.24545454545454545,0.4669223669820163,Baseline,0
REACTOME_INTEGRIN_CELL_SURFACE_INTERACTIONS,embedding_6,11,0.06938148192449074,0.8393693009691128,0.11818181818181818,0.72928477951978,Baseline,0
REACTOME_INTEGRIN_CELL_SURFACE_INTERACTIONS,embedding_7,11,0.11877560309726556,0.7279690609252923,0.22727272727272727,0.501535667604937,Baseline,0
REACTOME_INTEGRIN_CELL_SURFACE_INTERACTIONS,embedding_8,11,-0.08664027708176746,0.8000399287187767,-0.33636363636363636,0.31182431390038623,Baseline,0
REACTOME_INTEGRIN_CELL_SURFACE_INTERACTIONS,embedding_9,11,-0.04756131748814314,0.8895590294392164,0.02727272727272728,0.9365584481926122,Baseline,0
REACTOME_INTEGRIN_CELL_SURFACE_INTERACTIONS,embedding_10,11,0.09295627452318908,0.7857459772675702,0.18181818181818182,0.5926152128455,Baseline,0
REACTOME_INTEGRIN_CELL_SURFACE_INTERACTIONS,embedding_11,11,0.08378518382385927,0.8065197617678127,0.14545454545454548,0.6695786456420787,Baseline,0
REACTOME_INTEGRIN_CELL_SURFACE_INTERACTIONS,embedding_12,11,0.1588197076043793,0.6409117854954908,0.28181818181818186,0.4011448979604785,Baseline,0
REACTOME_INTEGRIN_CELL_SURFACE_INTERACTIONS,embedding_13,11,0.09336099939516845,0.7848320056427156,0.15454545454545454,0.65003396549758,Baseline,0
REACTOME_INTEGRIN_CELL_SURFACE_INTERACTIONS,embedding_14,11,-0.09199548331382768,0.7879166586162649,0.10909090909090911,0.7495085962341482,Baseline,0
REACTOME_INTEGRIN_CELL_SURFACE_INTERACTIONS,embedding_15,11,-0.015570665764364666,0.9637584808408326,0.08181818181818183,0.8109903943000458,Baseline,0
REACTOME_INTEGRIN_CELL_SURFACE_INTERACTIONS,embedding_16,11,0.21114956986050448,0.5331286142176119,0.36363636363636365,0.2716375409938228,Baseline,0
REACTOME_INTEGRIN_CELL_SURFACE_INTERACTIONS,embedding_17,11,0.007427686418739102,0.9827079033062548,-0.018181818181818184,0.9576852410216187,Baseline,0
REACTOME_INTEGRIN_CELL_SURFACE_INTERACTIONS,embedding_18,11,0.08067399816833962,0.8135932539475915,0.3454545454545455,0.2980892209030388,Baseline,0
REACTOME_INTEGRIN_CELL_SURFACE_INTERACTIONS,embedding_19,11,0.09226398354490016,0.7873099086137526,0.10000000000000002,0.7698749998921366,Baseline,0
REACTOME_INTEGRIN_CELL_SURFACE_INTERACTIONS,embedding_20,11,0.10117779362941766,0.7672287376391534,0.28181818181818186,0.4011448979604785,Baseline,0
REACTOME_INTEGRIN_CELL_SURFACE_INTERACTIONS,embedding_21,11,-0.03603626231960786,0.9162270221039206,0.10909090909090911,0.7495085962341482,Baseline,0
REACTOME_INTEGRIN_CELL_SURFACE_INTERACTIONS,embedding_22,11,0.0030479361633963253,0.9929038431216457,-0.07272727272727274,0.831716405381337,Baseline,0
REACTOME_INTEGRIN_CELL_SURFACE_INTERACTIONS,embedding_23,11,-0.0691816423404401,0.8398267997547253,-0.10000000000000002,0.7698749998921366,Baseline,0
REACTOME_INTEGRIN_CELL_SURFACE_INTERACTIONS,embedding_24,11,-0.1291570337946697,0.7050748421323416,-0.26363636363636367,0.4334407376116145,Baseline,0
REACTOME_INTEGRIN_CELL_SURFACE_INTERACTIONS,embedding_25,11,-0.025128394108006158,0.9415389134753821,-0.07272727272727274,0.831716405381337,Baseline,0
REACTOME_INTEGRIN_CELL_SURFACE_INTERACTIONS,embedding_26,11,-0.011512610589226271,0.9732003754559311,-0.009090909090909092,0.9788365001441937,Baseline,0
REACTOME_INTEGRIN_CELL_SURFACE_INTERACTIONS,embedding_27,11,0.06849479328219042,0.841399562475569,0.28181818181818186,0.4011448979604785,Baseline,0
REACTOME_INTEGRIN_CELL_SURFACE_INTERACTIONS,embedding_28,11,-0.0689439209195787,0.8403710805013525,-0.30000000000000004,0.37008312228206786,Baseline,0
REACTOME_INTEGRIN_CELL_SURFACE_INTERACTIONS,embedding_29,11,0.06717870387295058,0.8444146239304667,0.19090909090909092,0.5739131682855215,Baseline,0
REACTOME_INTEGRIN_CELL_SURFACE_INTERACTIONS,embedding_30,11,-6.747616451192179e-05,0.999842901356751,0.09090909090909091,0.7903727377532903,Baseline,0
REACTOME_INTEGRIN_CELL_SURFACE_INTERACTIONS,embedding_31,11,0.049466431783926096,0.8851599594266357,0.07272727272727274,0.831716405381337,Baseline,0
REACTOME_EXTRACELLULAR_MATRIX_ORGANIZATION,embedding_0,11,0.3084911432514509,0.3560117319560215,0.20909090909090913,0.5372209352113229,Baseline,0
REACTOME_EXTRACELLULAR_MATRIX_ORGANIZATION,embedding_1,11,-0.27723524590717386,0.4091709045060955,-0.29090909090909095,0.38545696969136556,Baseline,0
REACTOME_EXTRACELLULAR_MATRIX_ORGANIZATION,embedding_2,11,-0.30318719529369875,0.3647684967313504,-0.3181818181818182,0.34029761418190363,Baseline,0
REACTOME_EXTRACELLULAR_MATRIX_ORGANIZATION,embedding_3,11,-0.3192132890188474,0.33864688070916826,-0.3181818181818182,0.34029761418190363,Baseline,0
REACTOME_EXTRACELLULAR_MATRIX_ORGANIZATION,embedding_4,11,0.16712101631964632,0.6233226675975798,0.16363636363636366,0.6306852146425357,Baseline,0
REACTOME_EXTRACELLULAR_MATRIX_ORGANIZATION,embedding_5,11,-0.41475514120403956,0.2046660725229327,-0.5727272727272729,0.06554305260101842,Baseline,0
REACTOME_EXTRACELLULAR_MATRIX_ORGANIZATION,embedding_6,11,-0.13643330211638535,0.6891571423539601,-0.15454545454545454,0.65003396549758,Baseline,0
REACTOME_EXTRACELLULAR_MATRIX_ORGANIZATION,embedding_7,11,0.0798592586687707,0.8154477072643849,0.045454545454545456,0.8944269969053026,Baseline,0
REACTOME_EXTRACELLULAR_MATRIX_ORGANIZATION,embedding_8,11,0.14026215368312522,0.6808258320709165,-0.07272727272727274,0.831716405381337,Baseline,0
REACTOME_EXTRACELLULAR_MATRIX_ORGANIZATION,embedding_9,11,0.19544113241046454,0.5646767008979989,0.33636363636363636,0.31182431390038623,Baseline,0
REACTOME_EXTRACELLULAR_MATRIX_ORGANIZATION,embedding_10,11,-0.07340037347171081,0.8301783714622486,-0.045454545454545456,0.8944269969053026,Baseline,0
REACTOME_EXTRACELLULAR_MATRIX_ORGANIZATION,embedding_11,11,-0.11160818234490716,0.7438938700522791,-0.10000000000000002,0.7698749998921366,Baseline,0
REACTOME_EXTRACELLULAR_MATRIX_ORGANIZATION,embedding_12,11,0.00553407838495684,0.9871159667462588,0.06363636363636364,0.8525390725425217,Baseline,0
REACTOME_EXTRACELLULAR_MATRIX_ORGANIZATION,embedding_13,11,0.2239137449872783,0.5080494445891506,0.13636363636363638,0.6893090205863619,Baseline,0
REACTOME_EXTRACELLULAR_MATRIX_ORGANIZATION,embedding_14,11,-0.36880561450724214,0.26436720310138107,-0.15454545454545454,0.65003396549758,Baseline,0
REACTOME_EXTRACELLULAR_MATRIX_ORGANIZATION,embedding_15,11,0.23505912817550095,0.4865776093754068,0.43636363636363645,0.17966487658001123,Baseline,0
REACTOME_EXTRACELLULAR_MATRIX_ORGANIZATION,embedding_16,11,0.24739889192914333,0.463286833016482,0.18181818181818182,0.5926152128455,Baseline,0
REACTOME_EXTRACELLULAR_MATRIX_ORGANIZATION,embedding_17,11,-0.02525036748059445,0.9412555640699568,0.14545454545454548,0.6695786456420787,Baseline,0
REACTOME_EXTRACELLULAR_MATRIX_ORGANIZATION,embedding_18,11,-0.13472309554312048,0.6928885262208545,0.06363636363636364,0.8525390725425217,Baseline,0
REACTOME_EXTRACELLULAR_MATRIX_ORGANIZATION,embedding_19,11,0.35268832819766255,0.2874017691902011,0.36363636363636365,0.2716375409938228,Baseline,0
REACTOME_EXTRACELLULAR_MATRIX_ORGANIZATION,embedding_20,11,0.002218761953440805,0.9948342871142904,0.06363636363636364,0.8525390725425217,Baseline,0
REACTOME_EXTRACELLULAR_MATRIX_ORGANIZATION,embedding_21,11,0.19917207624079236,0.5571173930284808,0.4272727272727273,0.189943724965427,Baseline,0
REACTOME_EXTRACELLULAR_MATRIX_ORGANIZATION,embedding_22,11,-0.2667646139025052,0.42779823922388993,-0.39090909090909093,0.23454006709519432,Baseline,0
REACTOME_EXTRACELLULAR_MATRIX_ORGANIZATION,embedding_23,11,-0.32084077560490554,0.3360509089714116,-0.3272727272727273,0.32589494101284167,Baseline,0
REACTOME_EXTRACELLULAR_MATRIX_ORGANIZATION,embedding_24,11,-0.13016003907904516,0.7028741759498186,-0.11818181818181818,0.72928477951978,Baseline,0
REACTOME_EXTRACELLULAR_MATRIX_ORGANIZATION,embedding_25,11,-0.3040738534220311,0.3632970042116162,-0.39090909090909093,0.23454006709519432,Baseline,0
REACTOME_EXTRACELLULAR_MATRIX_ORGANIZATION,embedding_26,11,-0.290313398778002,0.3864753804802374,-0.3454545454545455,0.2980892209030388,Baseline,0
REACTOME_EXTRACELLULAR_MATRIX_ORGANIZATION,embedding_27,11,-0.1037607896835467,0.7614331117317122,0.03636363636363637,0.9154683168905347,Baseline,0
REACTOME_EXTRACELLULAR_MATRIX_ORGANIZATION,embedding_28,11,0.06702112495805719,0.8447757517234316,-0.009090909090909092,0.9788365001441937,Baseline,0
REACTOME_EXTRACELLULAR_MATRIX_ORGANIZATION,embedding_29,11,0.04433205195345431,0.8970220075971574,0.018181818181818184,0.9576852410216187,Baseline,0
REACTOME_EXTRACELLULAR_MATRIX_ORGANIZATION,embedding_30,11,0.23097327147385377,0.49440191836832,0.4090909090909091,0.2115450103420961,Baseline,0
REACTOME_EXTRACELLULAR_MATRIX_ORGANIZATION,embedding_31,11,0.3359873490373946,0.3124000856801734,0.39090909090909093,0.23454006709519432,Baseline,0
REACTOME_ASSEMBLY_OF_COLLAGEN_FIBRILS_AND_OTHER_MULTIMERIC_STRUCTURES,embedding_0,11,0.50425478631322,0.11372345163175374,0.5818181818181819,0.060419896215648305,Baseline,0
REACTOME_ASSEMBLY_OF_COLLAGEN_FIBRILS_AND_OTHER_MULTIMERIC_STRUCTURES,embedding_1,11,-0.36029094199979295,0.2764019692272526,-0.43636363636363645,0.17966487658001123,Baseline,0
REACTOME_ASSEMBLY_OF_COLLAGEN_FIBRILS_AND_OTHER_MULTIMERIC_STRUCTURES,embedding_2,11,-0.44340367285188464,0.1719430813483928,-0.5090909090909091,0.10973723224165641,Baseline,0
REACTOME_ASSEMBLY_OF_COLLAGEN_FIBRILS_AND_OTHER_MULTIMERIC_STRUCTURES,embedding_3,11,-0.47435645455017195,0.14043884589176947,-0.5090909090909091,0.10973723224165641,Baseline,0
REACTOME_ASSEMBLY_OF_COLLAGEN_FIBRILS_AND_OTHER_MULTIMERIC_STRUCTURES,embedding_4,11,0.20562918775852537,0.5441314051233545,0.05454545454545456,0.8734465775233149,Baseline,0
REACTOME_ASSEMBLY_OF_COLLAGEN_FIBRILS_AND_OTHER_MULTIMERIC_STRUCTURES,embedding_5,11,-0.41801433356444145,0.2007692583285122,-0.44545454545454555,0.16973260492681172,Baseline,0
REACTOME_ASSEMBLY_OF_COLLAGEN_FIBRILS_AND_OTHER_MULTIMERIC_STRUCTURES,embedding_6,11,-0.15859888537072625,0.6413819900978411,0.018181818181818184,0.9576852410216187,Baseline,0
REACTOME_ASSEMBLY_OF_COLLAGEN_FIBRILS_AND_OTHER_MULTIMERIC_STRUCTURES,embedding_7,11,0.14094426237751434,0.6793449356324925,0.41818181818181827,0.20057021703405067,Baseline,0
REACTOME_ASSEMBLY_OF_COLLAGEN_FIBRILS_AND_OTHER_MULTIMERIC_STRUCTURES,embedding_8,11,0.1991632003227488,0.5571353284105393,-0.10909090909090911,0.7495085962341482,Baseline,0
REACTOME_ASSEMBLY_OF_COLLAGEN_FIBRILS_AND_OTHER_MULTIMERIC_STRUCTURES,embedding_9,11,0.22444683931993525,0.5070132346463282,0.27272727272727276,0.41714143714253127,Baseline,0
REACTOME_ASSEMBLY_OF_COLLAGEN_FIBRILS_AND_OTHER_MULTIMERIC_STRUCTURES,embedding_10,11,-0.06023418030793323,0.8603542042338558,0.2545454545454546,0.4500365768888285,Baseline,0
REACTOME_ASSEMBLY_OF_COLLAGEN_FIBRILS_AND_OTHER_MULTIMERIC_STRUCTURES,embedding_11,11,-0.12490618188085864,0.7144238826615736,0.07272727272727274,0.831716405381337,Baseline,0
REACTOME_ASSEMBLY_OF_COLLAGEN_FIBRILS_AND_OTHER_MULTIMERIC_STRUCTURES,embedding_12,11,0.0026336814878041986,0.9938682874832488,0.30000000000000004,0.37008312228206786,Baseline,0
REACTOME_ASSEMBLY_OF_COLLAGEN_FIBRILS_AND_OTHER_MULTIMERIC_STRUCTURES,embedding_13,11,0.3285643070161076,0.3238755522823293,0.28181818181818186,0.4011448979604785,Baseline,0
REACTOME_ASSEMBLY_OF_COLLAGEN_FIBRILS_AND_OTHER_MULTIMERIC_STRUCTURES,embedding_14,11,-0.5355567229766052,0.08952769630805056,-0.4000000000000001,0.22286835013352002,Baseline,0
REACTOME_ASSEMBLY_OF_COLLAGEN_FIBRILS_AND_OTHER_MULTIMERIC_STRUCTURES,embedding_15,11,0.3032319200789427,0.3646941986058768,0.43636363636363645,0.17966487658001123,Baseline,0
REACTOME_ASSEMBLY_OF_COLLAGEN_FIBRILS_AND_OTHER_MULTIMERIC_STRUCTURES,embedding_16,11,0.4040793722584267,0.21774410810312425,0.4909090909090909,0.12520440713849534,Baseline,0
REACTOME_ASSEMBLY_OF_COLLAGEN_FIBRILS_AND_OTHER_MULTIMERIC_STRUCTURES,embedding_17,11,-0.14915673517093347,0.6615962553809921,-0.22727272727272727,0.501535667604937,Baseline,0
REACTOME_ASSEMBLY_OF_COLLAGEN_FIBRILS_AND_OTHER_MULTIMERIC_STRUCTURES,embedding_18,11,-0.2256448247081428,0.504687968477586,-0.18181818181818182,0.5926152128455,Baseline,0
REACTOME_ASSEMBLY_OF_COLLAGEN_FIBRILS_AND_OTHER_MULTIMERIC_STRUCTURES,embedding_19,11,0.5045763139220175,0.11345557210206349,0.5,0.11730680301423815,Baseline,0
REACTOME_ASSEMBLY_OF_COLLAGEN_FIBRILS_AND_OTHER_MULTIMERIC_STRUCTURES,embedding_20,11,0.014508902203219945,0.9662285314965011,0.2545454545454546,0.4500365768888285,Baseline,0
REACTOME_ASSEMBLY_OF_COLLAGEN_FIBRILS_AND_OTHER_MULTIMERIC_STRUCTURES,embedding_21,11,0.24363376274675164,0.47033860206015915,0.3090909090909091,0.3550284397015071,Baseline,0
REACTOME_ASSEMBLY_OF_COLLAGEN_FIBRILS_AND_OTHER_MULTIMERIC_STRUCTURES,embedding_22,11,-0.3652270336805048,0.26938848034644314,-0.5272727272727273,0.09556521835315422,Baseline,0
REACTOME_ASSEMBLY_OF_COLLAGEN_FIBRILS_AND_OTHER_MULTIMERIC_STRUCTURES,embedding_23,11,-0.43696486833171544,0.17899731211393916,-0.46363636363636374,0.15090149929248603,Baseline,0
REACTOME_ASSEMBLY_OF_COLLAGEN_FIBRILS_AND_OTHER_MULTIMERIC_STRUCTURES,embedding_24,11,-0.1909206596322493,0.5738895161829073,-0.28181818181818186,0.4011448979604785,Baseline,0
REACTOME_ASSEMBLY_OF_COLLAGEN_FIBRILS_AND_OTHER_MULTIMERIC_STRUCTURES,embedding_25,11,-0.4060959144901785,0.21523697856970722,-0.5272727272727273,0.09556521835315422,Baseline,0
REACTOME_ASSEMBLY_OF_COLLAGEN_FIBRILS_AND_OTHER_MULTIMERIC_STRUCTURES,embedding_26,11,-0.42669191493252223,0.1906122397827325,-0.5181818181818182,0.10249153979096383,Baseline,0
REACTOME_ASSEMBLY_OF_COLLAGEN_FIBRILS_AND_OTHER_MULTIMERIC_STRUCTURES,embedding_27,11,-0.1262250422487013,0.7115194332543481,0.3454545454545455,0.2980892209030388,Baseline,0
REACTOME_ASSEMBLY_OF_COLLAGEN_FIBRILS_AND_OTHER_MULTIMERIC_STRUCTURES,embedding_28,11,0.06480801931109795,0.8498503897866384,-0.36363636363636365,0.2716375409938228,Baseline,0
REACTOME_ASSEMBLY_OF_COLLAGEN_FIBRILS_AND_OTHER_MULTIMERIC_STRUCTURES,embedding_29,11,0.09416212118147635,0.783023589030739,0.23636363636363636,0.4840911622253965,Baseline,0
REACTOME_ASSEMBLY_OF_COLLAGEN_FIBRILS_AND_OTHER_MULTIMERIC_STRUCTURES,embedding_30,11,0.3178283685124669,0.3408642361256203,0.5909090909090909,0.05557560428877463,Baseline,0
REACTOME_ASSEMBLY_OF_COLLAGEN_FIBRILS_AND_OTHER_MULTIMERIC_STRUCTURES,embedding_31,11,0.4641509623880703,0.1503884578558597,0.5272727272727273,0.09556521835315422,Baseline,0
REACTOME_MOLECULES_ASSOCIATED_WITH_ELASTIC_FIBRES,embedding_0,11,0.12887939072475424,0.705684370541993,0.009090909090909092,0.9788365001441937,Baseline,0
REACTOME_MOLECULES_ASSOCIATED_WITH_ELASTIC_FIBRES,embedding_1,11,-0.12229385874919294,0.7201868674703499,-0.09090909090909091,0.7903727377532903,Baseline,0
REACTOME_MOLECULES_ASSOCIATED_WITH_ELASTIC_FIBRES,embedding_2,11,-0.24741759666124344,0.4632519220579217,-0.17272727272727276,0.6115423848512369,Baseline,0
REACTOME_MOLECULES_ASSOCIATED_WITH_ELASTIC_FIBRES,embedding_3,11,-0.2373043399787273,0.48230166393206303,-0.17272727272727276,0.6115423848512369,Baseline,0
REACTOME_MOLECULES_ASSOCIATED_WITH_ELASTIC_FIBRES,embedding_4,11,0.24584351703143176,0.4661940307475937,0.1272727272727273,0.7092146257733047,Baseline,0
REACTOME_MOLECULES_ASSOCIATED_WITH_ELASTIC_FIBRES,embedding_5,11,-0.4800519501295575,0.13507149152132528,-0.46363636363636374,0.15090149929248603,Baseline,0
REACTOME_MOLECULES_ASSOCIATED_WITH_ELASTIC_FIBRES,embedding_6,11,-0.22011926313206534,0.5154512762099666,-0.1272727272727273,0.7092146257733047,Baseline,0
REACTOME_MOLECULES_ASSOCIATED_WITH_ELASTIC_FIBRES,embedding_7,11,-0.10374878382789096,0.761460024801529,-0.1272727272727273,0.7092146257733047,Baseline,0
REACTOME_MOLECULES_ASSOCIATED_WITH_ELASTIC_FIBRES,embedding_8,11,0.17564532130700913,0.6054430784292846,-0.10909090909090911,0.7495085962341482,Baseline,0
REACTOME_MOLECULES_ASSOCIATED_WITH_ELASTIC_FIBRES,embedding_9,11,0.20133602378720164,0.5527516658533601,0.26363636363636367,0.4334407376116145,Baseline,0
REACTOME_MOLECULES_ASSOCIATED_WITH_ELASTIC_FIBRES,embedding_10,11,-0.1946729680752731,0.5662381010340183,-0.1272727272727273,0.7092146257733047,Baseline,0
REACTOME_MOLECULES_ASSOCIATED_WITH_ELASTIC_FIBRES,embedding_11,11,-0.1868174853178032,0.5823020665820474,-0.10000000000000002,0.7698749998921366,Baseline,0
REACTOME_MOLECULES_ASSOCIATED_WITH_ELASTIC_FIBRES,embedding_12,11,-0.10336530565696432,0.7623197778793307,-0.018181818181818184,0.9576852410216187,Baseline,0
REACTOME_MOLECULES_ASSOCIATED_WITH_ELASTIC_FIBRES,embedding_13,11,0.03388703727268541,0.9212094871825635,-0.08181818181818183,0.8109903943000458,Baseline,0
REACTOME_MOLECULES_ASSOCIATED_WITH_ELASTIC_FIBRES,embedding_14,11,-0.2808982669882206,0.40274965826751563,-0.06363636363636364,0.8525390725425217,Baseline,0
REACTOME_MOLECULES_ASSOCIATED_WITH_ELASTIC_FIBRES,embedding_15,11,0.26887101682292297,0.42401878445917734,0.27272727272727276,0.41714143714253127,Baseline,0
REACTOME_MOLECULES_ASSOCIATED_WITH_ELASTIC_FIBRES,embedding_16,11,0.11398419887292714,0.7386044576824022,0.08181818181818183,0.8109903943000458,Baseline,0
REACTOME_MOLECULES_ASSOCIATED_WITH_ELASTIC_FIBRES,embedding_17,11,0.18615896842321802,0.583656583356748,0.36363636363636365,0.2716375409938228,Baseline,0
REACTOME_MOLECULES_ASSOCIATED_WITH_ELASTIC_FIBRES,embedding_18,11,-0.20841723929095732,0.5385629030650977,0.16363636363636366,0.6306852146425357,Baseline,0
REACTOME_MOLECULES_ASSOCIATED_WITH_ELASTIC_FIBRES,embedding_19,11,0.21902016824226828,0.517603808746837,0.17272727272727276,0.6115423848512369,Baseline,0
REACTOME_MOLECULES_ASSOCIATED_WITH_ELASTIC_FIBRES,embedding_20,11,-0.1498634617093927,0.660076022143059,-0.045454545454545456,0.8944269969053026,Baseline,0
REACTOME_MOLECULES_ASSOCIATED_WITH_ELASTIC_FIBRES,embedding_21,11,0.2701058688732047,0.4218106155135151,0.33636363636363636,0.31182431390038623,Baseline,0
REACTOME_MOLECULES_ASSOCIATED_WITH_ELASTIC_FIBRES,embedding_22,11,-0.2580860655205948,0.44353819831389235,-0.24545454545454545,0.4669223669820163,Baseline,0
REACTOME_MOLECULES_ASSOCIATED_WITH_ELASTIC_FIBRES,embedding_23,11,-0.19440316711001593,0.5667869123898518,-0.11818181818181818,0.72928477951978,Baseline,0
REACTOME_MOLECULES_ASSOCIATED_WITH_ELASTIC_FIBRES,embedding_24,11,0.05944999343868328,0.8621571739132177,0.06363636363636364,0.8525390725425217,Baseline,0
REACTOME_MOLECULES_ASSOCIATED_WITH_ELASTIC_FIBRES,embedding_25,11,-0.2776478764830205,0.4084450785280393,-0.24545454545454545,0.4669223669820163,Baseline,0
REACTOME_MOLECULES_ASSOCIATED_WITH_ELASTIC_FIBRES,embedding_26,11,-0.2175924199234795,0.5204056876607926,-0.19090909090909092,0.5739131682855215,Baseline,0
REACTOME_MOLECULES_ASSOCIATED_WITH_ELASTIC_FIBRES,embedding_27,11,-0.2339688623291682,0.4886600412247706,-0.07272727272727274,0.831716405381337,Baseline,0
REACTOME_MOLECULES_ASSOCIATED_WITH_ELASTIC_FIBRES,embedding_28,11,0.21557370395584466,0.5243782286562128,0.07272727272727274,0.831716405381337,Baseline,0
REACTOME_MOLECULES_ASSOCIATED_WITH_ELASTIC_FIBRES,embedding_29,11,-0.15670308412270245,0.6454236378380275,-0.17272727272727276,0.6115423848512369,Baseline,0
REACTOME_MOLECULES_ASSOCIATED_WITH_ELASTIC_FIBRES,embedding_30,11,0.30227961278238813,0.3662778765608427,0.26363636363636367,0.4334407376116145,Baseline,0
REACTOME_MOLECULES_ASSOCIATED_WITH_ELASTIC_FIBRES,embedding_31,11,0.2840335160890052,0.3972933029714484,0.24545454545454545,0.4669223669820163,Baseline,0
REACTOME_ECM_PROTEOGLYCANS,embedding_0,11,0.3246969441873047,0.3299421883069534,0.15454545454545454,0.65003396549758,Baseline,0
REACTOME_ECM_PROTEOGLYCANS,embedding_1,11,-0.2930930443301548,0.3817347737533372,-0.2545454545454546,0.4500365768888285,Baseline,0
REACTOME_ECM_PROTEOGLYCANS,embedding_2,11,-0.4807152063225813,0.13445503373563183,-0.5,0.11730680301423815,Baseline,0
REACTOME_ECM_PROTEOGLYCANS,embedding_3,11,-0.47735616051119856,0.13759548519401127,-0.5,0.11730680301423815,Baseline,0
REACTOME_ECM_PROTEOGLYCANS,embedding_4,11,0.3890743505396806,0.23693787514241949,0.3272727272727273,0.32589494101284167,Baseline,0
REACTOME_ECM_PROTEOGLYCANS,embedding_5,11,-0.6059303810114972,0.04816369446598891,-0.7181818181818183,0.01279959806885844,Baseline,0
REACTOME_ECM_PROTEOGLYCANS,embedding_6,11,-0.3657996320878921,0.26858145582341775,-0.3181818181818182,0.34029761418190363,Baseline,0
REACTOME_ECM_PROTEOGLYCANS,embedding_7,11,-0.08054993369478894,0.8138755856527926,-0.06363636363636364,0.8525390725425217,Baseline,0
REACTOME_ECM_PROTEOGLYCANS,embedding_8,11,0.37551927218843884,0.255091116162138,0.10909090909090911,0.7495085962341482,Baseline,0
REACTOME_ECM_PROTEOGLYCANS,embedding_9,11,0.40206249937439786,0.22026880237032176,0.5,0.11730680301423815,Baseline,0
REACTOME_ECM_PROTEOGLYCANS,embedding_10,11,-0.29835984819177325,0.3728333669298057,-0.22727272727272727,0.501535667604937,Baseline,0
REACTOME_ECM_PROTEOGLYCANS,embedding_11,11,-0.34713139502114676,0.29559264031711036,-0.26363636363636367,0.4334407376116145,Baseline,0
REACTOME_ECM_PROTEOGLYCANS,embedding_12,11,-0.21993416383555756,0.5158135180018708,-0.13636363636363638,0.6893090205863619,Baseline,0
REACTOME_ECM_PROTEOGLYCANS,embedding_13,11,0.19646242982378112,0.5626034142785887,0.06363636363636364,0.8525390725425217,Baseline,0
REACTOME_ECM_PROTEOGLYCANS,embedding_14,11,-0.4739605754602316,0.1408168366937191,-0.28181818181818186,0.4011448979604785,Baseline,0
REACTOME_ECM_PROTEOGLYCANS,embedding_15,11,0.4525094215136462,0.1622627140947835,0.5818181818181819,0.060419896215648305,Baseline,0
REACTOME_ECM_PROTEOGLYCANS,embedding_16,11,0.08440476465561185,0.8051126383834197,0.018181818181818184,0.9576852410216187,Baseline,0
REACTOME_ECM_PROTEOGLYCANS,embedding_17,11,0.06699206544291167,0.8448423511183845,0.18181818181818182,0.5926152128455,Baseline,0
REACTOME_ECM_PROTEOGLYCANS,embedding_18,11,-0.34048269006668463,0.3055592324919938,-0.13636363636363638,0.6893090205863619,Baseline,0
REACTOME_ECM_PROTEOGLYCANS,embedding_19,11,0.4443111489717321,0.17096281544780836,0.45454545454545453,0.16014543725525882,Baseline,0
REACTOME_ECM_PROTEOGLYCANS,embedding_20,11,-0.185768773922962,0.5844597509248353,-0.15454545454545454,0.65003396549758,Baseline,0
REACTOME_ECM_PROTEOGLYCANS,embedding_21,11,0.41870977784218605,0.19994355542041925,0.5727272727272729,0.06554305260101842,Baseline,0
REACTOME_ECM_PROTEOGLYCANS,embedding_22,11,-0.4756301828942408,0.13922701763592302,-0.5545454545454546,0.07665233333978251,Baseline,0
REACTOME_ECM_PROTEOGLYCANS,embedding_23,11,-0.4355004538352613,0.1806259428021189,-0.43636363636363645,0.17966487658001123,Baseline,0
REACTOME_ECM_PROTEOGLYCANS,embedding_24,11,0.005541842881009479,0.9870978913135284,0.02727272727272728,0.9365584481926122,Baseline,0
REACTOME_ECM_PROTEOGLYCANS,embedding_25,11,-0.49721301778744087,0.11969290594512703,-0.5545454545454546,0.07665233333978251,Baseline,0
REACTOME_ECM_PROTEOGLYCANS,embedding_26,11,-0.4522279158908168,0.16255680878346182,-0.5090909090909091,0.10973723224165641,Baseline,0
REACTOME_ECM_PROTEOGLYCANS,embedding_27,11,-0.3111798055373364,0.3516147907098497,-0.18181818181818182,0.5926152128455,Baseline,0
REACTOME_ECM_PROTEOGLYCANS,embedding_28,11,0.26533805470362154,0.43036698530727474,0.19090909090909092,0.5739131682855215,Baseline,0
REACTOME_ECM_PROTEOGLYCANS,embedding_29,11,-0.08791917138622166,0.7971410305658265,-0.1272727272727273,0.7092146257733047,Baseline,0
REACTOME_ECM_PROTEOGLYCANS,embedding_30,11,0.4337975823408658,0.18253108481857033,0.5909090909090909,0.05557560428877463,Baseline,0
REACTOME_ECM_PROTEOGLYCANS,embedding_31,11,0.5047229780415339,0.11333351488669258,0.5545454545454546,0.07665233333978251,Baseline,0
REACTOME_ELASTIC_FIBRE_FORMATION,embedding_0,11,-0.45448573659252034,0.16020729292064176,-0.45454545454545453,0.16014543725525882,Baseline,1
REACTOME_ELASTIC_FIBRE_FORMATION,embedding_1,11,-0.36990955382468843,0.2628289868958719,-0.3454545454545455,0.2980892209030388,Baseline,1
REACTOME_ELASTIC_FIBRE_FORMATION,embedding_2,11,-0.002241270376934723,0.9947818837020548,0.24545454545454545,0.4669223669820163,Baseline,1
REACTOME_ELASTIC_FIBRE_FORMATION,embedding_3,11,-0.22141816117611143,0.512912372991479,-0.18181818181818182,0.5926152128455,Baseline,1
REACTOME_ELASTIC_FIBRE_FORMATION,embedding_4,11,-0.46642206440781986,0.14813726901969887,-0.45454545454545453,0.16014543725525882,Baseline,1
REACTOME_ELASTIC_FIBRE_FORMATION,embedding_5,11,0.395296366055875,0.22886382618861717,0.3545454545454546,0.2846927409558867,Baseline,1
REACTOME_ELASTIC_FIBRE_FORMATION,embedding_6,11,0.32794374554868766,0.3248449646985431,0.4000000000000001,0.22286835013352002,Baseline,1
REACTOME_ELASTIC_FIBRE_FORMATION,embedding_7,11,-0.21448580171979498,0.5265243396488419,0.07272727272727274,0.831716405381337,Baseline,1
REACTOME_ELASTIC_FIBRE_FORMATION,embedding_8,11,-0.2653529665104074,0.4303400962705003,-0.13636363636363638,0.6893090205863619,Baseline,1
REACTOME_ELASTIC_FIBRE_FORMATION,embedding_9,11,-0.12605367427582026,0.7118966333657353,0.27272727272727276,0.41714143714253127,Baseline,1
REACTOME_ELASTIC_FIBRE_FORMATION,embedding_10,11,0.4002935768922179,0.2224972348281074,0.33636363636363636,0.31182431390038623,Baseline,1
REACTOME_ELASTIC_FIBRE_FORMATION,embedding_11,11,0.4483086443881917,0.16668562040293763,0.30000000000000004,0.37008312228206786,Baseline,1
REACTOME_ELASTIC_FIBRE_FORMATION,embedding_12,11,0.36762583712574276,0.2660167092274002,0.26363636363636367,0.4334407376116145,Baseline,1
REACTOME_ELASTIC_FIBRE_FORMATION,embedding_13,11,0.46459694143825314,0.14994471189477743,0.41818181818181827,0.20057021703405067,Baseline,1
REACTOME_ELASTIC_FIBRE_FORMATION,embedding_14,11,-0.43175225286553104,0.18483545535607468,-0.3454545454545455,0.2980892209030388,Baseline,1
REACTOME_ELASTIC_FIBRE_FORMATION,embedding_15,11,-0.40216806596084775,0.2201362301160748,-0.4090909090909091,0.2115450103420961,Baseline,1
REACTOME_ELASTIC_FIBRE_FORMATION,embedding_16,11,-0.31669421186964924,0.34268577149162704,-0.27272727272727276,0.41714143714253127,Baseline,1
REACTOME_ELASTIC_FIBRE_FORMATION,embedding_17,11,-0.4346741412346803,0.1815488865958677,-0.45454545454545453,0.16014543725525882,Baseline,1
REACTOME_ELASTIC_FIBRE_FORMATION,embedding_18,11,0.3303432159914158,0.3211052160257665,0.36363636363636365,0.2716375409938228,Baseline,1
REACTOME_ELASTIC_FIBRE_FORMATION,embedding_19,11,-0.4417317419783483,0.1737581356294375,-0.38181818181818183,0.24655957577897006,Baseline,1
REACTOME_ELASTIC_FIBRE_FORMATION,embedding_20,11,0.46785651819613233,0.1467263359804257,0.45454545454545453,0.16014543725525882,Baseline,1
REACTOME_ELASTIC_FIBRE_FORMATION,embedding_21,11,-0.3861844558264359,0.2407433714660157,-0.3454545454545455,0.2980892209030388,Baseline,1
REACTOME_ELASTIC_FIBRE_FORMATION,embedding_22,11,0.4228925724908765,0.19502030161578549,0.46363636363636374,0.15090149929248603,Baseline,1
REACTOME_ELASTIC_FIBRE_FORMATION,embedding_23,11,-0.4344878580885439,0.1817573499727473,-0.3454545454545455,0.2980892209030388,Baseline,1
REACTOME_ELASTIC_FIBRE_FORMATION,embedding_24,11,-0.0840362614023772,0.8059494798971404,-0.1272727272727273,0.7092146257733047,Baseline,1
REACTOME_ELASTIC_FIBRE_FORMATION,embedding_25,11,0.2142023177276534,0.5270841747301472,0.21818181818181823,0.519248247554982,Baseline,1
REACTOME_ELASTIC_FIBRE_FORMATION,embedding_26,11,0.34917159905577877,0.2925706416961936,0.3454545454545455,0.2980892209030388,Baseline,1
REACTOME_ELASTIC_FIBRE_FORMATION,embedding_27,11,0.2953366476952496,0.37792986803109885,0.3090909090909091,0.3550284397015071,Baseline,1
REACTOME_ELASTIC_FIBRE_FORMATION,embedding_28,11,-0.17187499150344804,0.6133280305758271,-0.17272727272727276,0.6115423848512369,Baseline,1
REACTOME_ELASTIC_FIBRE_FORMATION,embedding_29,11,0.007468043733420818,0.9826139612656327,-0.20909090909090913,0.5372209352113229,Baseline,1
REACTOME_ELASTIC_FIBRE_FORMATION,embedding_30,11,-0.3957683909969963,0.22825795213783392,-0.36363636363636365,0.2716375409938228,Baseline,1
REACTOME_ELASTIC_FIBRE_FORMATION,embedding_31,11,0.3064221818795637,0.35941451333408586,0.21818181818181823,0.519248247554982,Baseline,1
REACTOME_NON_INTEGRIN_MEMBRANE_ECM_INTERACTIONS,embedding_0,11,-0.13273565426231604,0.6972324915143181,-0.1272727272727273,0.7092146257733047,Baseline,1
REACTOME_NON_INTEGRIN_MEMBRANE_ECM_INTERACTIONS,embedding_1,11,0.31169898120376277,0.3507690197850453,0.18181818181818182,0.5926152128455,Baseline,1
REACTOME_NON_INTEGRIN_MEMBRANE_ECM_INTERACTIONS,embedding_2,11,-0.5009626464108684,0.11648979355121789,-0.3545454545454546,0.2846927409558867,Baseline,1
REACTOME_NON_INTEGRIN_MEMBRANE_ECM_INTERACTIONS,embedding_3,11,0.4249169444749279,0.1926640279485743,0.3181818181818182,0.34029761418190363,Baseline,1
REACTOME_NON_INTEGRIN_MEMBRANE_ECM_INTERACTIONS,embedding_4,11,-0.010494408782774876,0.9755699573785003,-0.14545454545454548,0.6695786456420787,Baseline,1
REACTOME_NON_INTEGRIN_MEMBRANE_ECM_INTERACTIONS,embedding_5,11,-0.15246645889128926,0.6544867149042365,-0.11818181818181818,0.72928477951978,Baseline,1
REACTOME_NON_INTEGRIN_MEMBRANE_ECM_INTERACTIONS,embedding_6,11,-0.2885569075951295,0.3894861608474297,-0.16363636363636366,0.6306852146425357,Baseline,1
REACTOME_NON_INTEGRIN_MEMBRANE_ECM_INTERACTIONS,embedding_7,11,-0.5791710604318729,0.061882595044590316,-0.6454545454545455,0.03196279932801745,Baseline,1
REACTOME_NON_INTEGRIN_MEMBRANE_ECM_INTERACTIONS,embedding_8,11,-0.22056237159264525,0.5145845481703698,-0.08181818181818183,0.8109903943000458,Baseline,1
REACTOME_NON_INTEGRIN_MEMBRANE_ECM_INTERACTIONS,embedding_9,11,-0.42067587139547336,0.19762023336033294,-0.24545454545454545,0.4669223669820163,Baseline,1
REACTOME_NON_INTEGRIN_MEMBRANE_ECM_INTERACTIONS,embedding_10,11,-0.20643054386347606,0.5425284722565324,-0.08181818181818183,0.8109903943000458,Baseline,1
REACTOME_NON_INTEGRIN_MEMBRANE_ECM_INTERACTIONS,embedding_11,11,0.036100793492922556,0.9160774629997426,-0.13636363636363638,0.6893090205863619,Baseline,1
REACTOME_NON_INTEGRIN_MEMBRANE_ECM_INTERACTIONS,embedding_12,11,-0.23192299024816118,0.4925783184689334,-0.3545454545454546,0.2846927409558867,Baseline,1
REACTOME_NON_INTEGRIN_MEMBRANE_ECM_INTERACTIONS,embedding_13,11,-0.1907488631218679,0.5742407909111109,-0.03636363636363637,0.9154683168905347,Baseline,1
REACTOME_NON_INTEGRIN_MEMBRANE_ECM_INTERACTIONS,embedding_14,11,0.21175346665479322,0.5319306184879108,0.10000000000000002,0.7698749998921366,Baseline,1
REACTOME_NON_INTEGRIN_MEMBRANE_ECM_INTERACTIONS,embedding_15,11,-0.04110091292332699,0.9044968191904437,0.03636363636363637,0.9154683168905347,Baseline,1
REACTOME_NON_INTEGRIN_MEMBRANE_ECM_INTERACTIONS,embedding_16,11,0.366933703944553,0.26698711547061166,0.22727272727272727,0.501535667604937,Baseline,1
REACTOME_NON_INTEGRIN_MEMBRANE_ECM_INTERACTIONS,embedding_17,11,-0.01857417554350476,0.9567728303501438,-0.1272727272727273,0.7092146257733047,Baseline,1
REACTOME_NON_INTEGRIN_MEMBRANE_ECM_INTERACTIONS,embedding_18,11,-0.32127367354506914,0.33536217839692856,-0.21818181818181823,0.519248247554982,Baseline,1
REACTOME_NON_INTEGRIN_MEMBRANE_ECM_INTERACTIONS,embedding_19,11,0.07347455573938169,0.8300088977474103,-0.08181818181818183,0.8109903943000458,Baseline,1
REACTOME_NON_INTEGRIN_MEMBRANE_ECM_INTERACTIONS,embedding_20,11,-0.050950178700169435,0.8817358711084982,0.14545454545454548,0.6695786456420787,Baseline,1
REACTOME_NON_INTEGRIN_MEMBRANE_ECM_INTERACTIONS,embedding_21,11,0.28110584364225033,0.4023872720130821,0.10000000000000002,0.7698749998921366,Baseline,1
REACTOME_NON_INTEGRIN_MEMBRANE_ECM_INTERACTIONS,embedding_22,11,-0.047254627075415556,0.8902674678473789,0.11818181818181818,0.72928477951978,Baseline,1
REACTOME_NON_INTEGRIN_MEMBRANE_ECM_INTERACTIONS,embedding_23,11,0.2268729614718475,0.5023089869232336,0.10000000000000002,0.7698749998921366,Baseline,1
REACTOME_NON_INTEGRIN_MEMBRANE_ECM_INTERACTIONS,embedding_24,11,0.47616848638148784,0.1387168659436878,0.30000000000000004,0.37008312228206786,Baseline,1
REACTOME_NON_INTEGRIN_MEMBRANE_ECM_INTERACTIONS,embedding_25,11,0.01133344620626496,0.9736173171891115,0.03636363636363637,0.9154683168905347,Baseline,1
REACTOME_NON_INTEGRIN_MEMBRANE_ECM_INTERACTIONS,embedding_26,11,-0.3193830729343053,0.33837556923999,-0.18181818181818182,0.5926152128455,Baseline,1
REACTOME_NON_INTEGRIN_MEMBRANE_ECM_INTERACTIONS,embedding_27,11,0.02925362730063151,0.9319593846049905,0.08181818181818183,0.8109903943000458,Baseline,1
REACTOME_NON_INTEGRIN_MEMBRANE_ECM_INTERACTIONS,embedding_28,11,0.16876233494725568,0.6198654486400461,0.20000000000000004,0.5554454421055854,Baseline,1
REACTOME_NON_INTEGRIN_MEMBRANE_ECM_INTERACTIONS,embedding_29,11,0.445858174290638,0.16929963400363243,0.2545454545454546,0.4500365768888285,Baseline,1
REACTOME_NON_INTEGRIN_MEMBRANE_ECM_INTERACTIONS,embedding_30,11,0.08940515866615559,0.7937755992888168,-0.045454545454545456,0.8944269969053026,Baseline,1
REACTOME_NON_INTEGRIN_MEMBRANE_ECM_INTERACTIONS,embedding_31,11,0.02291435819671682,0.9466832425081116,0.03636363636363637,0.9154683168905347,Baseline,1
REACTOME_COLLAGEN_FORMATION,embedding_0,11,-0.32765227176935763,0.32530082614326267,-0.5636363636363637,0.07095173447637536,Baseline,1
REACTOME_COLLAGEN_FORMATION,embedding_1,11,-0.5728627484029926,0.06546462608622552,-0.5090909090909091,0.10973723224165641,Baseline,1
REACTOME_COLLAGEN_FORMATION,embedding_2,11,0.3239819595279168,0.33107033692347926,0.30000000000000004,0.37008312228206786,Baseline,1
REACTOME_COLLAGEN_FORMATION,embedding_3,11,-0.5122160589218648,0.1072100944601641,-0.41818181818181827,0.20057021703405067,Baseline,1
REACTOME_COLLAGEN_FORMATION,embedding_4,11,-0.5403171595271952,0.08617486088831953,-0.5636363636363637,0.07095173447637536,Baseline,1
REACTOME_COLLAGEN_FORMATION,embedding_5,11,0.4549377969520955,0.1597394185489393,0.5818181818181819,0.060419896215648305,Baseline,1
REACTOME_COLLAGEN_FORMATION,embedding_6,11,0.497084472521353,0.11980370698816242,0.46363636363636374,0.15090149929248603,Baseline,1
REACTOME_COLLAGEN_FORMATION,embedding_7,11,0.031126886760767546,0.9276119458384011,0.03636363636363637,0.9154683168905347,Baseline,1
REACTOME_COLLAGEN_FORMATION,embedding_8,11,-0.05573395904871742,0.8707088250411419,-0.13636363636363638,0.6893090205863619,Baseline,1
REACTOME_COLLAGEN_FORMATION,embedding_9,11,0.2280696603828311,0.4999956031265743,0.3272727272727273,0.32589494101284167,Baseline,1
REACTOME_COLLAGEN_FORMATION,embedding_10,11,0.5662950024754284,0.06934004141819126,0.5272727272727273,0.09556521835315422,Baseline,1
REACTOME_COLLAGEN_FORMATION,embedding_11,11,0.3440943269441525,0.30012284938099676,0.3545454545454546,0.2846927409558867,Baseline,1
REACTOME_COLLAGEN_FORMATION,embedding_12,11,0.4434899957578562,0.17184968623049562,0.3545454545454546,0.2846927409558867,Baseline,1
REACTOME_COLLAGEN_FORMATION,embedding_13,11,0.5711400585252855,0.06646661613902416,0.4909090909090909,0.12520440713849534,Baseline,1
REACTOME_COLLAGEN_FORMATION,embedding_14,11,-0.6011234815755918,0.05045672847508703,-0.5,0.11730680301423815,Baseline,1
REACTOME_COLLAGEN_FORMATION,embedding_15,11,-0.30992346086662437,0.35366584113634875,-0.48181818181818187,0.1334338382568288,Baseline,1
REACTOME_COLLAGEN_FORMATION,embedding_16,11,-0.6369558537303667,0.03506338982910813,-0.5272727272727273,0.09556521835315422,Baseline,1
REACTOME_COLLAGEN_FORMATION,embedding_17,11,-0.41025786829227606,0.210116727414312,-0.5636363636363637,0.07095173447637536,Baseline,1
REACTOME_COLLAGEN_FORMATION,embedding_18,11,0.6260326532897255,0.03934921572104424,0.5545454545454546,0.07665233333978251,Baseline,1
REACTOME_COLLAGEN_FORMATION,embedding_19,11,-0.4951177698736062,0.12150714507454553,-0.5727272727272729,0.06554305260101842,Baseline,1
REACTOME_COLLAGEN_FORMATION,embedding_20,11,0.4999434958844951,0.11735487297941179,0.5636363636363637,0.07095173447637536,Baseline,1
REACTOME_COLLAGEN_FORMATION,embedding_21,11,-0.5695304328087166,0.06741214549006028,-0.5,0.11730680301423815,Baseline,1
REACTOME_COLLAGEN_FORMATION,embedding_22,11,0.46618963571289196,0.1483666837654367,0.5363636363636364,0.08895341813596276,Baseline,1
REACTOME_COLLAGEN_FORMATION,embedding_23,11,-0.5989724394958406,0.05150667171649547,-0.5,0.11730680301423815,Baseline,1
REACTOME_COLLAGEN_FORMATION,embedding_24,11,-0.4405573608241762,0.1750400404606663,-0.24545454545454545,0.4669223669820163,Baseline,1
REACTOME_COLLAGEN_FORMATION,embedding_25,11,0.1202233312766399,0.7247639274033919,0.20000000000000004,0.5554454421055854,Baseline,1
REACTOME_COLLAGEN_FORMATION,embedding_26,11,0.5219299270627958,0.09959744903304411,0.5090909090909091,0.10973723224165641,Baseline,1
REACTOME_COLLAGEN_FORMATION,embedding_27,11,0.3193841154197733,0.3383739037221731,0.4272727272727273,0.189943724965427,Baseline,1
REACTOME_COLLAGEN_FORMATION,embedding_28,11,-0.27627973009948786,0.4108540943794088,-0.20000000000000004,0.5554454421055854,Baseline,1
REACTOME_COLLAGEN_FORMATION,embedding_29,11,-0.37051292746649,0.2619904023014449,-0.2545454545454546,0.4500365768888285,Baseline,1
REACTOME_COLLAGEN_FORMATION,embedding_30,11,-0.4598662075745218,0.15469360022423123,-0.5909090909090909,0.05557560428877463,Baseline,1
REACTOME_COLLAGEN_FORMATION,embedding_31,11,0.20284548627015167,0.549714547093985,0.20000000000000004,0.5554454421055854,Baseline,1
REACTOME_COLLAGEN_DEGRADATION,embedding_0,11,-0.033295998452405426,0.9225801223011055,-0.21818181818181823,0.519248247554982,Baseline,1
REACTOME_COLLAGEN_DEGRADATION,embedding_1,11,-0.2859872390556945,0.39391182125770696,-0.3090909090909091,0.3550284397015071,Baseline,1
REACTOME_COLLAGEN_DEGRADATION,embedding_2,11,0.3624838360821255,0.2732736808748723,0.3454545454545455,0.2980892209030388,Baseline,1
REACTOME_COLLAGEN_DEGRADATION,embedding_3,11,-0.317489654148438,0.34140770089357536,-0.4000000000000001,0.22286835013352002,Baseline,1
REACTOME_COLLAGEN_DEGRADATION,embedding_4,11,-0.23020410618559584,0.4958809990584148,-0.26363636363636367,0.4334407376116145,Baseline,1
REACTOME_COLLAGEN_DEGRADATION,embedding_5,11,0.11108436344207107,0.7450613248010652,0.3272727272727273,0.32589494101284167,Baseline,1
REACTOME_COLLAGEN_DEGRADATION,embedding_6,11,0.17972750729611098,0.5969483799417261,0.22727272727272727,0.501535667604937,Baseline,1
REACTOME_COLLAGEN_DEGRADATION,embedding_7,11,0.1493012344891308,0.6612853306686642,-0.02727272727272728,0.9365584481926122,Baseline,1
REACTOME_COLLAGEN_DEGRADATION,embedding_8,11,0.22163565931589382,0.5124877623810519,0.20909090909090913,0.5372209352113229,Baseline,1
REACTOME_COLLAGEN_DEGRADATION,embedding_9,11,0.34240258514244404,0.30266269357645953,0.45454545454545453,0.16014543725525882,Baseline,1
REACTOME_COLLAGEN_DEGRADATION,embedding_10,11,0.25038201656952386,0.45773432314748663,0.3454545454545455,0.2980892209030388,Baseline,1
REACTOME_COLLAGEN_DEGRADATION,embedding_11,11,0.033981945635768396,0.9209894099426863,-0.045454545454545456,0.8944269969053026,Baseline,1
REACTOME_COLLAGEN_DEGRADATION,embedding_12,11,0.10054618165005139,0.7686475654047054,0.03636363636363637,0.9154683168905347,Baseline,1
REACTOME_COLLAGEN_DEGRADATION,embedding_13,11,0.258353284772066,0.4430495448047911,0.26363636363636367,0.4334407376116145,Baseline,1
REACTOME_COLLAGEN_DEGRADATION,embedding_14,11,-0.2955631159559653,0.37754687297615713,-0.30000000000000004,0.37008312228206786,Baseline,1
REACTOME_COLLAGEN_DEGRADATION,embedding_15,11,0.021577016524803674,0.9497914628259935,-0.07272727272727274,0.831716405381337,Baseline,1
REACTOME_COLLAGEN_DEGRADATION,embedding_16,11,-0.4346177904540996,0.18161193154722216,-0.43636363636363645,0.17966487658001123,Baseline,1
REACTOME_COLLAGEN_DEGRADATION,embedding_17,11,-0.08220765559497996,0.8101047857393074,-0.21818181818181823,0.519248247554982,Baseline,1
REACTOME_COLLAGEN_DEGRADATION,embedding_18,11,0.40470698976622094,0.21696196466933826,0.4090909090909091,0.2115450103420961,Baseline,1
REACTOME_COLLAGEN_DEGRADATION,embedding_19,11,-0.16364216385450786,0.630672934359211,-0.30000000000000004,0.37008312228206786,Baseline,1
REACTOME_COLLAGEN_DEGRADATION,embedding_20,11,0.1831266735298559,0.5899092623352864,0.26363636363636367,0.4334407376116145,Baseline,1
REACTOME_COLLAGEN_DEGRADATION,embedding_21,11,-0.26771988656511997,0.4260822302832124,-0.30000000000000004,0.37008312228206786,Baseline,1
REACTOME_COLLAGEN_DEGRADATION,embedding_22,11,0.13071953949425258,0.7016474790845274,0.20909090909090913,0.5372209352113229,Baseline,1
REACTOME_COLLAGEN_DEGRADATION,embedding_23,11,-0.3005216322171539,0.36921061355801854,-0.30000000000000004,0.37008312228206786,Baseline,1
REACTOME_COLLAGEN_DEGRADATION,embedding_24,11,-0.38113359836228655,0.24747875085030513,-0.26363636363636367,0.4334407376116145,Baseline,1
REACTOME_COLLAGEN_DEGRADATION,embedding_25,11,-0.21361132630735058,0.5282520891406924,-0.17272727272727276,0.6115423848512369,Baseline,1
REACTOME_COLLAGEN_DEGRADATION,embedding_26,11,0.22139393509739627,0.5129596776589708,0.3090909090909091,0.3550284397015071,Baseline,1
REACTOME_COLLAGEN_DEGRADATION,embedding_27,11,-0.022047265005678794,0.9486984479688998,0.10000000000000002,0.7698749998921366,Baseline,1
REACTOME_COLLAGEN_DEGRADATION,embedding_28,11,0.06005948924960974,0.860755795096957,0.05454545454545456,0.8734465775233149,Baseline,1
REACTOME_COLLAGEN_DEGRADATION,embedding_29,11,-0.36753867108829313,0.26613881062012845,-0.3090909090909091,0.3550284397015071,Baseline,1
REACTOME_COLLAGEN_DEGRADATION,embedding_30,11,-0.11830443314619084,0.7290130334059276,-0.3090909090909091,0.3550284397015071,Baseline,1
REACTOME_COLLAGEN_DEGRADATION,embedding_31,11,-0.13764551882711565,0.686516042481502,-0.17272727272727276,0.6115423848512369,Baseline,1
REACTOME_DEGRADATION_OF_THE_EXTRACELLULAR_MATRIX,embedding_0,11,-0.1640453401469214,0.6298195308341688,-0.4909090909090909,0.12520440713849534,Baseline,1
REACTOME_DEGRADATION_OF_THE_EXTRACELLULAR_MATRIX,embedding_1,11,-0.32529311792269405,0.3290030725339821,-0.3727272727272728,0.25892587368422215,Baseline,1
REACTOME_DEGRADATION_OF_THE_EXTRACELLULAR_MATRIX,embedding_2,11,0.2650218124968957,0.430937423284045,0.21818181818181823,0.519248247554982,Baseline,1
REACTOME_DEGRADATION_OF_THE_EXTRACELLULAR_MATRIX,embedding_3,11,-0.30193905105075736,0.36684508127872856,-0.28181818181818186,0.4011448979604785,Baseline,1
REACTOME_DEGRADATION_OF_THE_EXTRACELLULAR_MATRIX,embedding_4,11,-0.32254400958242885,0.3333454188001115,-0.5,0.11730680301423815,Baseline,1
REACTOME_DEGRADATION_OF_THE_EXTRACELLULAR_MATRIX,embedding_5,11,0.20291737559002085,0.5495700708186635,0.41818181818181827,0.20057021703405067,Baseline,1
REACTOME_DEGRADATION_OF_THE_EXTRACELLULAR_MATRIX,embedding_6,11,0.232742168823008,0.49100775963932086,0.3181818181818182,0.34029761418190363,Baseline,1
REACTOME_DEGRADATION_OF_THE_EXTRACELLULAR_MATRIX,embedding_7,11,0.034174748082601646,0.9205423473874574,-0.10909090909090911,0.7495085962341482,Baseline,1
REACTOME_DEGRADATION_OF_THE_EXTRACELLULAR_MATRIX,embedding_8,11,0.08227848503086582,0.8099437510158389,-0.05454545454545456,0.8734465775233149,Baseline,1
REACTOME_DEGRADATION_OF_THE_EXTRACELLULAR_MATRIX,embedding_9,11,0.21754021535901394,0.5205082578356806,0.29090909090909095,0.38545696969136556,Baseline,1
REACTOME_DEGRADATION_OF_THE_EXTRACELLULAR_MATRIX,embedding_10,11,0.3130498829948355,0.34857328476219535,0.4090909090909091,0.2115450103420961,Baseline,1
REACTOME_DEGRADATION_OF_THE_EXTRACELLULAR_MATRIX,embedding_11,11,0.15966045624107186,0.6391226344833154,0.22727272727272727,0.501535667604937,Baseline,1
REACTOME_DEGRADATION_OF_THE_EXTRACELLULAR_MATRIX,embedding_12,11,0.18507166481481374,0.5858957150853094,0.15454545454545454,0.65003396549758,Baseline,1
REACTOME_DEGRADATION_OF_THE_EXTRACELLULAR_MATRIX,embedding_13,11,0.3330727253027963,0.3168793112632635,0.39090909090909093,0.23454006709519432,Baseline,1
REACTOME_DEGRADATION_OF_THE_EXTRACELLULAR_MATRIX,embedding_14,11,-0.35444621947435395,0.28483713715454273,-0.38181818181818183,0.24655957577897006,Baseline,1
REACTOME_DEGRADATION_OF_THE_EXTRACELLULAR_MATRIX,embedding_15,11,-0.10641791686836977,0.7554826141761245,-0.3545454545454546,0.2846927409558867,Baseline,1
REACTOME_DEGRADATION_OF_THE_EXTRACELLULAR_MATRIX,embedding_16,11,-0.42324445478115597,0.19460948817984652,-0.4000000000000001,0.22286835013352002,Baseline,1
REACTOME_DEGRADATION_OF_THE_EXTRACELLULAR_MATRIX,embedding_17,11,-0.1970974428203916,0.5613158302302639,-0.4909090909090909,0.12520440713849534,Baseline,1
REACTOME_DEGRADATION_OF_THE_EXTRACELLULAR_MATRIX,embedding_18,11,0.40700153602637157,0.214116616857609,0.41818181818181827,0.20057021703405067,Baseline,1
REACTOME_DEGRADATION_OF_THE_EXTRACELLULAR_MATRIX,embedding_19,11,-0.2587576067941814,0.4423106577705246,-0.4909090909090909,0.12520440713849534,Baseline,1
REACTOME_DEGRADATION_OF_THE_EXTRACELLULAR_MATRIX,embedding_20,11,0.2828710635328009,0.39931206034534766,0.5,0.11730680301423815,Baseline,1
REACTOME_DEGRADATION_OF_THE_EXTRACELLULAR_MATRIX,embedding_21,11,-0.3169084075777128,0.34234136742395666,-0.38181818181818183,0.24655957577897006,Baseline,1
REACTOME_DEGRADATION_OF_THE_EXTRACELLULAR_MATRIX,embedding_22,11,0.2309105795731862,0.49452240030367267,0.46363636363636374,0.15090149929248603,Baseline,1
REACTOME_DEGRADATION_OF_THE_EXTRACELLULAR_MATRIX,embedding_23,11,-0.35754584114171367,0.28034611990829933,-0.38181818181818183,0.24655957577897006,Baseline,1
REACTOME_DEGRADATION_OF_THE_EXTRACELLULAR_MATRIX,embedding_24,11,-0.31072051668497586,0.35236388553650894,-0.15454545454545454,0.65003396549758,Baseline,1
REACTOME_DEGRADATION_OF_THE_EXTRACELLULAR_MATRIX,embedding_25,11,-0.09599003203924,0.7789009632286146,0.10000000000000002,0.7698749998921366,Baseline,1
REACTOME_DEGRADATION_OF_THE_EXTRACELLULAR_MATRIX,embedding_26,11,0.2679160766115583,0.42573021226304586,0.3727272727272728,0.25892587368422215,Baseline,1
REACTOME_DEGRADATION_OF_THE_EXTRACELLULAR_MATRIX,embedding_27,11,0.08412522250955368,0.8057474395542716,0.3454545454545455,0.2980892209030388,Baseline,1
REACTOME_DEGRADATION_OF_THE_EXTRACELLULAR_MATRIX,embedding_28,11,-0.00611041048575273,0.985774304224462,-0.045454545454545456,0.8944269969053026,Baseline,1
REACTOME_DEGRADATION_OF_THE_EXTRACELLULAR_MATRIX,embedding_29,11,-0.27346873347054124,0.4158253273771488,-0.18181818181818182,0.5926152128455,Baseline,1
REACTOME_DEGRADATION_OF_THE_EXTRACELLULAR_MATRIX,embedding_30,11,-0.2126273593062086,0.5301989991355572,-0.5,0.11730680301423815,Baseline,1
REACTOME_DEGRADATION_OF_THE_EXTRACELLULAR_MATRIX,embedding_31,11,-0.01035508627167605,0.9758942060014625,0.10000000000000002,0.7698749998921366,Baseline,1
REACTOME_INTEGRIN_CELL_SURFACE_INTERACTIONS,embedding_0,11,-0.3725312773020877,0.25919629396184535,-0.5545454545454546,0.07665233333978251,Baseline,1
REACTOME_INTEGRIN_CELL_SURFACE_INTERACTIONS,embedding_1,11,-0.5692447450184441,0.06758090660964171,-0.6181818181818182,0.042645569805326695,Baseline,1
REACTOME_INTEGRIN_CELL_SURFACE_INTERACTIONS,embedding_2,11,0.1943097900923202,0.5669769025710908,0.3272727272727273,0.32589494101284167,Baseline,1
REACTOME_INTEGRIN_CELL_SURFACE_INTERACTIONS,embedding_3,11,-0.4923938069169231,0.12389200489773476,-0.44545454545454555,0.16973260492681172,Baseline,1
REACTOME_INTEGRIN_CELL_SURFACE_INTERACTIONS,embedding_4,11,-0.5323168842407181,0.09185809516958662,-0.5363636363636364,0.08895341813596276,Baseline,1
REACTOME_INTEGRIN_CELL_SURFACE_INTERACTIONS,embedding_5,11,0.5179496650942411,0.10267257825077672,0.6454545454545455,0.03196279932801745,Baseline,1
REACTOME_INTEGRIN_CELL_SURFACE_INTERACTIONS,embedding_6,11,0.5450074205471658,0.08295378526802673,0.6363636363636364,0.03528698122006228,Baseline,1
REACTOME_INTEGRIN_CELL_SURFACE_INTERACTIONS,embedding_7,11,-0.06845259963503125,0.8414961954766109,-0.05454545454545456,0.8734465775233149,Baseline,1
REACTOME_INTEGRIN_CELL_SURFACE_INTERACTIONS,embedding_8,11,-0.21665089527706322,0.5222568844785936,-0.3454545454545455,0.2980892209030388,Baseline,1
REACTOME_INTEGRIN_CELL_SURFACE_INTERACTIONS,embedding_9,11,0.08081728437637814,0.8132672044000328,0.21818181818181823,0.519248247554982,Baseline,1
REACTOME_INTEGRIN_CELL_SURFACE_INTERACTIONS,embedding_10,11,0.5607008217850591,0.07276030007142589,0.6000000000000001,0.05100326070695074,Baseline,1
REACTOME_INTEGRIN_CELL_SURFACE_INTERACTIONS,embedding_11,11,0.3906912859640636,0.23482397372703165,0.36363636363636365,0.2716375409938228,Baseline,1
REACTOME_INTEGRIN_CELL_SURFACE_INTERACTIONS,embedding_12,11,0.505073191163911,0.11304240268172544,0.5272727272727273,0.09556521835315422,Baseline,1
REACTOME_INTEGRIN_CELL_SURFACE_INTERACTIONS,embedding_13,11,0.5682845421987759,0.0681502021778148,0.6454545454545455,0.03196279932801745,Baseline,1
REACTOME_INTEGRIN_CELL_SURFACE_INTERACTIONS,embedding_14,11,-0.5734062220707772,0.0651506476200685,-0.6181818181818182,0.042645569805326695,Baseline,1
REACTOME_INTEGRIN_CELL_SURFACE_INTERACTIONS,embedding_15,11,-0.40675582797084375,0.21442024504205484,-0.5090909090909091,0.10973723224165641,Baseline,1
REACTOME_INTEGRIN_CELL_SURFACE_INTERACTIONS,embedding_16,11,-0.5446842150292932,0.08317314338664909,-0.5545454545454546,0.07665233333978251,Baseline,1
REACTOME_INTEGRIN_CELL_SURFACE_INTERACTIONS,embedding_17,11,-0.4632569264545871,0.15128048800130067,-0.5545454545454546,0.07665233333978251,Baseline,1
REACTOME_INTEGRIN_CELL_SURFACE_INTERACTIONS,embedding_18,11,0.5705446468980179,0.06681532465732826,0.6000000000000001,0.05100326070695074,Baseline,1
REACTOME_INTEGRIN_CELL_SURFACE_INTERACTIONS,embedding_19,11,-0.5214246092246879,0.09998447421569427,-0.5090909090909091,0.10973723224165641,Baseline,1
REACTOME_INTEGRIN_CELL_SURFACE_INTERACTIONS,embedding_20,11,0.50238219288507,0.11529170933616167,0.5363636363636364,0.08895341813596276,Baseline,1
REACTOME_INTEGRIN_CELL_SURFACE_INTERACTIONS,embedding_21,11,-0.5689289923948045,0.06776775852330649,-0.6181818181818182,0.042645569805326695,Baseline,1
REACTOME_INTEGRIN_CELL_SURFACE_INTERACTIONS,embedding_22,11,0.5143827947483146,0.10548034904620955,0.5272727272727273,0.09556521835315422,Baseline,1
REACTOME_INTEGRIN_CELL_SURFACE_INTERACTIONS,embedding_23,11,-0.5847112079253423,0.05884835666725221,-0.6181818181818182,0.042645569805326695,Baseline,1
REACTOME_INTEGRIN_CELL_SURFACE_INTERACTIONS,embedding_24,11,-0.33720130463158376,0.3105446301335648,-0.3454545454545455,0.2980892209030388,Baseline,1
REACTOME_INTEGRIN_CELL_SURFACE_INTERACTIONS,embedding_25,11,0.3179389100999767,0.3406869714869874,0.4000000000000001,0.22286835013352002,Baseline,1
REACTOME_INTEGRIN_CELL_SURFACE_INTERACTIONS,embedding_26,11,0.553764553614967,0.07715582458222166,0.6181818181818182,0.042645569805326695,Baseline,1
REACTOME_INTEGRIN_CELL_SURFACE_INTERACTIONS,embedding_27,11,0.4312877767558588,0.1853612056760886,0.5,0.11730680301423815,Baseline,1
REACTOME_INTEGRIN_CELL_SURFACE_INTERACTIONS,embedding_28,11,-0.4756762376629253,0.13918332513791393,-0.5909090909090909,0.05557560428877463,Baseline,1
REACTOME_INTEGRIN_CELL_SURFACE_INTERACTIONS,embedding_29,11,-0.2707266967436185,0.420702545080538,-0.3727272727272728,0.25892587368422215,Baseline,1
REACTOME_INTEGRIN_CELL_SURFACE_INTERACTIONS,embedding_30,11,-0.5224252159407607,0.09921905686780125,-0.5545454545454546,0.07665233333978251,Baseline,1
REACTOME_INTEGRIN_CELL_SURFACE_INTERACTIONS,embedding_31,11,0.35005557717249053,0.291266584371494,0.4000000000000001,0.22286835013352002,Baseline,1
REACTOME_EXTRACELLULAR_MATRIX_ORGANIZATION,embedding_0,11,-0.4094353004422049,0.21112290008215523,-0.5272727272727273,0.09556521835315422,Baseline,1
REACTOME_EXTRACELLULAR_MATRIX_ORGANIZATION,embedding_1,11,-0.38466052426200426,0.2427642658073008,-0.33636363636363636,0.31182431390038623,Baseline,1
REACTOME_EXTRACELLULAR_MATRIX_ORGANIZATION,embedding_2,11,0.01992405567622612,0.9536341021863439,0.07272727272727274,0.831716405381337,Baseline,1
REACTOME_EXTRACELLULAR_MATRIX_ORGANIZATION,embedding_3,11,-0.25366105313966053,0.45166667381544856,-0.16363636363636366,0.6306852146425357,Baseline,1
REACTOME_EXTRACELLULAR_MATRIX_ORGANIZATION,embedding_4,11,-0.4938507878573499,0.12261270865930161,-0.4909090909090909,0.12520440713849534,Baseline,1
REACTOME_EXTRACELLULAR_MATRIX_ORGANIZATION,embedding_5,11,0.379215027496259,0.25006524855103063,0.43636363636363645,0.17966487658001123,Baseline,1
REACTOME_EXTRACELLULAR_MATRIX_ORGANIZATION,embedding_6,11,0.33772661946360516,0.3097435752362314,0.3545454545454546,0.2846927409558867,Baseline,1
REACTOME_EXTRACELLULAR_MATRIX_ORGANIZATION,embedding_7,11,-0.23803452805187886,0.4809146694629862,-0.1272727272727273,0.7092146257733047,Baseline,1
REACTOME_EXTRACELLULAR_MATRIX_ORGANIZATION,embedding_8,11,-0.21917678470101376,0.5172968484889663,-0.17272727272727276,0.6115423848512369,Baseline,1
REACTOME_EXTRACELLULAR_MATRIX_ORGANIZATION,embedding_9,11,-0.05694649036959644,0.8679170382831795,0.16363636363636366,0.6306852146425357,Baseline,1
REACTOME_EXTRACELLULAR_MATRIX_ORGANIZATION,embedding_10,11,0.42022631544925415,0.1981500347751146,0.3454545454545455,0.2980892209030388,Baseline,1
REACTOME_EXTRACELLULAR_MATRIX_ORGANIZATION,embedding_11,11,0.38460966058343066,0.2428318846954682,0.22727272727272727,0.501535667604937,Baseline,1
REACTOME_EXTRACELLULAR_MATRIX_ORGANIZATION,embedding_12,11,0.33772142556325835,0.3097514899463004,0.13636363636363638,0.6893090205863619,Baseline,1
REACTOME_EXTRACELLULAR_MATRIX_ORGANIZATION,embedding_13,11,0.44745056962799556,0.16759811235851746,0.3272727272727273,0.32589494101284167,Baseline,1
REACTOME_EXTRACELLULAR_MATRIX_ORGANIZATION,embedding_14,11,-0.4490590414838535,0.16589015115556371,-0.3090909090909091,0.3550284397015071,Baseline,1
REACTOME_EXTRACELLULAR_MATRIX_ORGANIZATION,embedding_15,11,-0.35899428684054047,0.2782611073030728,-0.4090909090909091,0.2115450103420961,Baseline,1
REACTOME_EXTRACELLULAR_MATRIX_ORGANIZATION,embedding_16,11,-0.3708831137356233,0.2614766598638566,-0.2545454545454546,0.4500365768888285,Baseline,1
REACTOME_EXTRACELLULAR_MATRIX_ORGANIZATION,embedding_17,11,-0.4167333657626514,0.20229549061983226,-0.5272727272727273,0.09556521835315422,Baseline,1
REACTOME_EXTRACELLULAR_MATRIX_ORGANIZATION,embedding_18,11,0.38893165904196314,0.23712495113289073,0.3181818181818182,0.34029761418190363,Baseline,1
REACTOME_EXTRACELLULAR_MATRIX_ORGANIZATION,embedding_19,11,-0.4390208478576148,0.17672595233870322,-0.4727272727272727,0.14199852020631992,Baseline,1
REACTOME_EXTRACELLULAR_MATRIX_ORGANIZATION,embedding_20,11,0.45304138126763144,0.16170786465794454,0.4909090909090909,0.12520440713849534,Baseline,1
REACTOME_EXTRACELLULAR_MATRIX_ORGANIZATION,embedding_21,11,-0.3966310156195013,0.2271531438765143,-0.3090909090909091,0.3550284397015071,Baseline,1
REACTOME_EXTRACELLULAR_MATRIX_ORGANIZATION,embedding_22,11,0.42586055572674497,0.1915716038977315,0.5090909090909091,0.10973723224165641,Baseline,1
REACTOME_EXTRACELLULAR_MATRIX_ORGANIZATION,embedding_23,11,-0.4447929312861731,0.17044378731543827,-0.3090909090909091,0.3550284397015071,Baseline,1
REACTOME_EXTRACELLULAR_MATRIX_ORGANIZATION,embedding_24,11,-0.13815777658546968,0.6854009113071812,-0.02727272727272728,0.9365584481926122,Baseline,1
REACTOME_EXTRACELLULAR_MATRIX_ORGANIZATION,embedding_25,11,0.18264080687506212,0.5909134845362299,0.24545454545454545,0.4669223669820163,Baseline,1
REACTOME_EXTRACELLULAR_MATRIX_ORGANIZATION,embedding_26,11,0.34801132963358683,0.29428716346635325,0.33636363636363636,0.31182431390038623,Baseline,1
REACTOME_EXTRACELLULAR_MATRIX_ORGANIZATION,embedding_27,11,0.3214317985006364,0.3351107915729085,0.46363636363636374,0.15090149929248603,Baseline,1
REACTOME_EXTRACELLULAR_MATRIX_ORGANIZATION,embedding_28,11,-0.1978161756621264,0.5598599071304714,-0.10909090909090911,0.7495085962341482,Baseline,1
REACTOME_EXTRACELLULAR_MATRIX_ORGANIZATION,embedding_29,11,-0.0704659203582646,0.8368874445506912,-0.07272727272727274,0.831716405381337,Baseline,1
REACTOME_EXTRACELLULAR_MATRIX_ORGANIZATION,embedding_30,11,-0.399588850974045,0.22338870103100966,-0.5272727272727273,0.09556521835315422,Baseline,1
REACTOME_EXTRACELLULAR_MATRIX_ORGANIZATION,embedding_31,11,0.26624989004956884,0.4287242341111888,0.24545454545454545,0.4669223669820163,Baseline,1
REACTOME_ASSEMBLY_OF_COLLAGEN_FIBRILS_AND_OTHER_MULTIMERIC_STRUCTURES,embedding_0,11,-0.054594205144959065,0.8733342544940502,-0.05454545454545456,0.8734465775233149,Baseline,1
REACTOME_ASSEMBLY_OF_COLLAGEN_FIBRILS_AND_OTHER_MULTIMERIC_STRUCTURES,embedding_1,11,-0.35026053311899297,0.29096468945443166,-0.26363636363636367,0.4334407376116145,Baseline,1
REACTOME_ASSEMBLY_OF_COLLAGEN_FIBRILS_AND_OTHER_MULTIMERIC_STRUCTURES,embedding_2,11,0.383236412959204,0.24466160642491097,0.46363636363636374,0.15090149929248603,Baseline,1
REACTOME_ASSEMBLY_OF_COLLAGEN_FIBRILS_AND_OTHER_MULTIMERIC_STRUCTURES,embedding_3,11,-0.38725550090228883,0.239328892999285,-0.46363636363636374,0.15090149929248603,Baseline,1
REACTOME_ASSEMBLY_OF_COLLAGEN_FIBRILS_AND_OTHER_MULTIMERIC_STRUCTURES,embedding_4,11,-0.2720389662939993,0.41836499966131,-0.10000000000000002,0.7698749998921366,Baseline,1
REACTOME_ASSEMBLY_OF_COLLAGEN_FIBRILS_AND_OTHER_MULTIMERIC_STRUCTURES,embedding_5,11,0.17619746954574905,0.6042915041279893,0.22727272727272727,0.501535667604937,Baseline,1
REACTOME_ASSEMBLY_OF_COLLAGEN_FIBRILS_AND_OTHER_MULTIMERIC_STRUCTURES,embedding_6,11,0.2566460795601665,0.4461757923856922,0.16363636363636366,0.6306852146425357,Baseline,1
REACTOME_ASSEMBLY_OF_COLLAGEN_FIBRILS_AND_OTHER_MULTIMERIC_STRUCTURES,embedding_7,11,0.15058642516280146,0.6585220544209837,0.1272727272727273,0.7092146257733047,Baseline,1
REACTOME_ASSEMBLY_OF_COLLAGEN_FIBRILS_AND_OTHER_MULTIMERIC_STRUCTURES,embedding_8,11,0.18778116810433926,0.5803220264448824,0.36363636363636365,0.2716375409938228,Baseline,1
REACTOME_ASSEMBLY_OF_COLLAGEN_FIBRILS_AND_OTHER_MULTIMERIC_STRUCTURES,embedding_9,11,0.3544022276996018,0.28490116226206563,0.5818181818181819,0.060419896215648305,Baseline,1
REACTOME_ASSEMBLY_OF_COLLAGEN_FIBRILS_AND_OTHER_MULTIMERIC_STRUCTURES,embedding_10,11,0.31308220289666305,0.3485208405548851,0.27272727272727276,0.41714143714253127,Baseline,1
REACTOME_ASSEMBLY_OF_COLLAGEN_FIBRILS_AND_OTHER_MULTIMERIC_STRUCTURES,embedding_11,11,0.06199502956946193,0.8563079244868058,-0.19090909090909092,0.5739131682855215,Baseline,1
REACTOME_ASSEMBLY_OF_COLLAGEN_FIBRILS_AND_OTHER_MULTIMERIC_STRUCTURES,embedding_12,11,0.1691649663246819,0.6190184099626785,0.0,1.0,Baseline,1
REACTOME_ASSEMBLY_OF_COLLAGEN_FIBRILS_AND_OTHER_MULTIMERIC_STRUCTURES,embedding_13,11,0.311901754269823,0.35043897721561923,0.22727272727272727,0.501535667604937,Baseline,1
REACTOME_ASSEMBLY_OF_COLLAGEN_FIBRILS_AND_OTHER_MULTIMERIC_STRUCTURES,embedding_14,11,-0.35221810455209235,0.2880899513483203,-0.2545454545454546,0.4500365768888285,Baseline,1
REACTOME_ASSEMBLY_OF_COLLAGEN_FIBRILS_AND_OTHER_MULTIMERIC_STRUCTURES,embedding_15,11,-0.023884567915830685,0.944428717523936,0.08181818181818183,0.8109903943000458,Baseline,1
REACTOME_ASSEMBLY_OF_COLLAGEN_FIBRILS_AND_OTHER_MULTIMERIC_STRUCTURES,embedding_16,11,-0.48837429737527216,0.1274654811549728,-0.45454545454545453,0.16014543725525882,Baseline,1
REACTOME_ASSEMBLY_OF_COLLAGEN_FIBRILS_AND_OTHER_MULTIMERIC_STRUCTURES,embedding_17,11,-0.1276278749368267,0.7084338298706881,-0.05454545454545456,0.8734465775233149,Baseline,1
REACTOME_ASSEMBLY_OF_COLLAGEN_FIBRILS_AND_OTHER_MULTIMERIC_STRUCTURES,embedding_18,11,0.46246399623902873,0.15207439957889707,0.4090909090909091,0.2115450103420961,Baseline,1
REACTOME_ASSEMBLY_OF_COLLAGEN_FIBRILS_AND_OTHER_MULTIMERIC_STRUCTURES,embedding_19,11,-0.2163258247939542,0.522896673099007,-0.1272727272727273,0.7092146257733047,Baseline,1
REACTOME_ASSEMBLY_OF_COLLAGEN_FIBRILS_AND_OTHER_MULTIMERIC_STRUCTURES,embedding_20,11,0.22057500350696785,0.5145598490505967,0.10000000000000002,0.7698749998921366,Baseline,1
REACTOME_ASSEMBLY_OF_COLLAGEN_FIBRILS_AND_OTHER_MULTIMERIC_STRUCTURES,embedding_21,11,-0.33231685947274,0.3180465507799348,-0.2545454545454546,0.4500365768888285,Baseline,1
REACTOME_ASSEMBLY_OF_COLLAGEN_FIBRILS_AND_OTHER_MULTIMERIC_STRUCTURES,embedding_22,11,0.18589382759350867,0.5842022972587402,0.03636363636363637,0.9154683168905347,Baseline,1
REACTOME_ASSEMBLY_OF_COLLAGEN_FIBRILS_AND_OTHER_MULTIMERIC_STRUCTURES,embedding_23,11,-0.3574446931222848,0.2804920452518959,-0.2545454545454546,0.4500365768888285,Baseline,1
REACTOME_ASSEMBLY_OF_COLLAGEN_FIBRILS_AND_OTHER_MULTIMERIC_STRUCTURES,embedding_24,11,-0.42220275466630414,0.19582715915294735,-0.3727272727272728,0.25892587368422215,Baseline,1
REACTOME_ASSEMBLY_OF_COLLAGEN_FIBRILS_AND_OTHER_MULTIMERIC_STRUCTURES,embedding_25,11,-0.14090134261302278,0.6794380869408978,-0.33636363636363636,0.31182431390038623,Baseline,1
REACTOME_ASSEMBLY_OF_COLLAGEN_FIBRILS_AND_OTHER_MULTIMERIC_STRUCTURES,embedding_26,11,0.29184218260333106,0.38386444326822167,0.26363636363636367,0.4334407376116145,Baseline,1
REACTOME_ASSEMBLY_OF_COLLAGEN_FIBRILS_AND_OTHER_MULTIMERIC_STRUCTURES,embedding_27,11,0.052145979668834976,0.8789776037382514,-0.09090909090909091,0.7903727377532903,Baseline,1
REACTOME_ASSEMBLY_OF_COLLAGEN_FIBRILS_AND_OTHER_MULTIMERIC_STRUCTURES,embedding_28,11,-0.05174720978533191,0.8798972845190389,0.10909090909090911,0.7495085962341482,Baseline,1
REACTOME_ASSEMBLY_OF_COLLAGEN_FIBRILS_AND_OTHER_MULTIMERIC_STRUCTURES,embedding_29,11,-0.4060524415629376,0.21529084677081947,-0.4272727272727273,0.189943724965427,Baseline,1
REACTOME_ASSEMBLY_OF_COLLAGEN_FIBRILS_AND_OTHER_MULTIMERIC_STRUCTURES,embedding_30,11,-0.1843480965005818,0.5873876029996741,-0.14545454545454548,0.6695786456420787,Baseline,1
REACTOME_ASSEMBLY_OF_COLLAGEN_FIBRILS_AND_OTHER_MULTIMERIC_STRUCTURES,embedding_31,11,-0.07876210191475737,0.8179463209253702,-0.33636363636363636,0.31182431390038623,Baseline,1
REACTOME_MOLECULES_ASSOCIATED_WITH_ELASTIC_FIBRES,embedding_0,11,-0.3038261405076508,0.36370779955668686,-0.19090909090909092,0.5739131682855215,Baseline,1
REACTOME_MOLECULES_ASSOCIATED_WITH_ELASTIC_FIBRES,embedding_1,11,-0.1817944103949197,0.5926644151843067,-0.05454545454545456,0.8734465775233149,Baseline,1
REACTOME_MOLECULES_ASSOCIATED_WITH_ELASTIC_FIBRES,embedding_2,11,-0.024357658341557287,0.9433295053615808,0.11818181818181818,0.72928477951978,Baseline,1
REACTOME_MOLECULES_ASSOCIATED_WITH_ELASTIC_FIBRES,embedding_3,11,-0.0794690667330769,0.8163361365938868,0.06363636363636364,0.8525390725425217,Baseline,1
REACTOME_MOLECULES_ASSOCIATED_WITH_ELASTIC_FIBRES,embedding_4,11,-0.2666057871967942,0.42808386841255586,-0.18181818181818182,0.5926152128455,Baseline,1
REACTOME_MOLECULES_ASSOCIATED_WITH_ELASTIC_FIBRES,embedding_5,11,0.20308653181367503,0.5492301775298857,0.06363636363636364,0.8525390725425217,Baseline,1
REACTOME_MOLECULES_ASSOCIATED_WITH_ELASTIC_FIBRES,embedding_6,11,0.13607518185829817,0.689937989414752,0.13636363636363638,0.6893090205863619,Baseline,1
REACTOME_MOLECULES_ASSOCIATED_WITH_ELASTIC_FIBRES,embedding_7,11,-0.16971541011988103,0.617861082545816,0.07272727272727274,0.831716405381337,Baseline,1
REACTOME_MOLECULES_ASSOCIATED_WITH_ELASTIC_FIBRES,embedding_8,11,-0.15351229698270305,0.6522454873684703,0.009090909090909092,0.9788365001441937,Baseline,1
REACTOME_MOLECULES_ASSOCIATED_WITH_ELASTIC_FIBRES,embedding_9,11,-0.12138920212092502,0.722185675787403,0.15454545454545454,0.65003396549758,Baseline,1
REACTOME_MOLECULES_ASSOCIATED_WITH_ELASTIC_FIBRES,embedding_10,11,0.19663743196877326,0.5622484542656653,0.02727272727272728,0.9365584481926122,Baseline,1
REACTOME_MOLECULES_ASSOCIATED_WITH_ELASTIC_FIBRES,embedding_11,11,0.29517664821122214,0.37820057191749223,0.08181818181818183,0.8109903943000458,Baseline,1
REACTOME_MOLECULES_ASSOCIATED_WITH_ELASTIC_FIBRES,embedding_12,11,0.17986735186869385,0.5966581664070683,0.02727272727272728,0.9365584481926122,Baseline,1
REACTOME_MOLECULES_ASSOCIATED_WITH_ELASTIC_FIBRES,embedding_13,11,0.2795492172287176,0.405108733295091,0.1272727272727273,0.7092146257733047,Baseline,1
REACTOME_MOLECULES_ASSOCIATED_WITH_ELASTIC_FIBRES,embedding_14,11,-0.23036539406164136,0.4955706868729217,-0.045454545454545456,0.8944269969053026,Baseline,1
REACTOME_MOLECULES_ASSOCIATED_WITH_ELASTIC_FIBRES,embedding_15,11,-0.23857738559359123,0.47988466828633725,-0.19090909090909092,0.5739131682855215,Baseline,1
REACTOME_MOLECULES_ASSOCIATED_WITH_ELASTIC_FIBRES,embedding_16,11,-0.14584177124744013,0.6687422834676886,0.018181818181818184,0.9576852410216187,Baseline,1
REACTOME_MOLECULES_ASSOCIATED_WITH_ELASTIC_FIBRES,embedding_17,11,-0.25341494804271114,0.4521207731632426,-0.19090909090909092,0.5739131682855215,Baseline,1
REACTOME_MOLECULES_ASSOCIATED_WITH_ELASTIC_FIBRES,embedding_18,11,0.15414933035512743,0.6508815894292158,0.07272727272727274,0.831716405381337,Baseline,1
REACTOME_MOLECULES_ASSOCIATED_WITH_ELASTIC_FIBRES,embedding_19,11,-0.24589763624782807,0.46609273542301793,-0.10000000000000002,0.7698749998921366,Baseline,1
REACTOME_MOLECULES_ASSOCIATED_WITH_ELASTIC_FIBRES,embedding_20,11,0.2805810940998431,0.4033036872464618,0.18181818181818182,0.5926152128455,Baseline,1
REACTOME_MOLECULES_ASSOCIATED_WITH_ELASTIC_FIBRES,embedding_21,11,-0.19295216165786014,0.5697420385175113,-0.045454545454545456,0.8944269969053026,Baseline,1
REACTOME_MOLECULES_ASSOCIATED_WITH_ELASTIC_FIBRES,embedding_22,11,0.22750662240075054,0.5010834539988046,0.20000000000000004,0.5554454421055854,Baseline,1
REACTOME_MOLECULES_ASSOCIATED_WITH_ELASTIC_FIBRES,embedding_23,11,-0.24237750307648032,0.47270224257952487,-0.045454545454545456,0.8944269969053026,Baseline,1
REACTOME_MOLECULES_ASSOCIATED_WITH_ELASTIC_FIBRES,embedding_24,11,0.0030665010628012357,0.9928606215612964,0.07272727272727274,0.831716405381337,Baseline,1
REACTOME_MOLECULES_ASSOCIATED_WITH_ELASTIC_FIBRES,embedding_25,11,0.06441183208225287,0.8507593899032274,0.07272727272727274,0.831716405381337,Baseline,1
REACTOME_MOLECULES_ASSOCIATED_WITH_ELASTIC_FIBRES,embedding_26,11,0.16713040137486446,0.6233028797433108,0.05454545454545456,0.8734465775233149,Baseline,1
REACTOME_MOLECULES_ASSOCIATED_WITH_ELASTIC_FIBRES,embedding_27,11,0.10423333039313737,0.7603740238940635,0.08181818181818183,0.8109903943000458,Baseline,1
REACTOME_MOLECULES_ASSOCIATED_WITH_ELASTIC_FIBRES,embedding_28,11,0.002950166086055625,0.9931314651736144,-0.018181818181818184,0.9576852410216187,Baseline,1
REACTOME_MOLECULES_ASSOCIATED_WITH_ELASTIC_FIBRES,embedding_29,11,0.06874746196675983,0.8408209351435748,-0.045454545454545456,0.8944269969053026,Baseline,1
REACTOME_MOLECULES_ASSOCIATED_WITH_ELASTIC_FIBRES,embedding_30,11,-0.19911864547223723,0.5572253629572167,-0.08181818181818183,0.8109903943000458,Baseline,1
REACTOME_MOLECULES_ASSOCIATED_WITH_ELASTIC_FIBRES,embedding_31,11,0.14751575746929788,0.6651305662780503,0.07272727272727274,0.831716405381337,Baseline,1
REACTOME_ECM_PROTEOGLYCANS,embedding_0,11,0.06111133920765913,0.8583381863067936,-0.045454545454545456,0.8944269969053026,Baseline,1
REACTOME_ECM_PROTEOGLYCANS,embedding_1,11,0.10290207050765733,0.763358666605982,0.03636363636363637,0.9154683168905347,Baseline,1
REACTOME_ECM_PROTEOGLYCANS,embedding_2,11,0.05642616995073743,0.8691148833364871,0.22727272727272727,0.501535667604937,Baseline,1
REACTOME_ECM_PROTEOGLYCANS,embedding_3,11,0.07263144924705918,0.8319354050529179,0.018181818181818184,0.9576852410216187,Baseline,1
REACTOME_ECM_PROTEOGLYCANS,embedding_4,11,0.03173613339907627,0.9261983908686479,-0.09090909090909091,0.7903727377532903,Baseline,1
REACTOME_ECM_PROTEOGLYCANS,embedding_5,11,-0.18336821744703802,0.5894102636325446,-0.1272727272727273,0.7092146257733047,Baseline,1
REACTOME_ECM_PROTEOGLYCANS,embedding_6,11,-0.19232629295041687,0.5710185473210563,-0.07272727272727274,0.831716405381337,Baseline,1
REACTOME_ECM_PROTEOGLYCANS,embedding_7,11,-0.08888420364336116,0.7949550903457108,-0.05454545454545456,0.8734465775233149,Baseline,1
REACTOME_ECM_PROTEOGLYCANS,embedding_8,11,0.19927883866903756,0.5569016785325542,0.3272727272727273,0.32589494101284167,Baseline,1
REACTOME_ECM_PROTEOGLYCANS,embedding_9,11,0.08413614994727922,0.8057226228904499,0.36363636363636365,0.2716375409938228,Baseline,1
REACTOME_ECM_PROTEOGLYCANS,embedding_10,11,-0.11930932127540606,0.7267870012379448,-0.018181818181818184,0.9576852410216187,Baseline,1
REACTOME_ECM_PROTEOGLYCANS,embedding_11,11,-0.10797846135886918,0.751993385672632,-0.17272727272727276,0.6115423848512369,Baseline,1
REACTOME_ECM_PROTEOGLYCANS,embedding_12,11,-0.2226813724110379,0.5104483750098239,-0.26363636363636367,0.4334407376116145,Baseline,1
REACTOME_ECM_PROTEOGLYCANS,embedding_13,11,-0.050031951623953436,0.8838546810543517,0.07272727272727274,0.831716405381337,Baseline,1
REACTOME_ECM_PROTEOGLYCANS,embedding_14,11,0.07249256518339983,0.8322528365250854,0.009090909090909092,0.9788365001441937,Baseline,1
REACTOME_ECM_PROTEOGLYCANS,embedding_15,11,0.1623878809600331,0.6333304622304382,0.10909090909090911,0.7495085962341482,Baseline,1
REACTOME_ECM_PROTEOGLYCANS,embedding_16,11,0.007647539645934456,0.9821961407309611,-0.03636363636363637,0.9154683168905347,Baseline,1
REACTOME_ECM_PROTEOGLYCANS,embedding_17,11,0.11880891985184804,0.7278952565881174,-0.045454545454545456,0.8944269969053026,Baseline,1
REACTOME_ECM_PROTEOGLYCANS,embedding_18,11,-0.005752096633688131,0.9866084311773212,0.05454545454545456,0.8734465775233149,Baseline,1
REACTOME_ECM_PROTEOGLYCANS,embedding_19,11,0.11215761866258026,0.7426698406047788,-0.009090909090909092,0.9788365001441937,Baseline,1
REACTOME_ECM_PROTEOGLYCANS,embedding_20,11,-0.07427479374821064,0.828181122014424,0.09090909090909091,0.7903727377532903,Baseline,1
REACTOME_ECM_PROTEOGLYCANS,embedding_21,11,0.114629076834263,0.7371705938519705,0.009090909090909092,0.9788365001441937,Baseline,1
REACTOME_ECM_PROTEOGLYCANS,embedding_22,11,-0.12599989490091545,0.7120150197488739,0.05454545454545456,0.8734465775233149,Baseline,1
REACTOME_ECM_PROTEOGLYCANS,embedding_23,11,0.04833102800789435,0.8877813597269018,0.009090909090909092,0.9788365001441937,Baseline,1
REACTOME_ECM_PROTEOGLYCANS,embedding_24,11,-0.00998940422196673,0.9767452820749385,-0.03636363636363637,0.9154683168905347,Baseline,1
REACTOME_ECM_PROTEOGLYCANS,embedding_25,11,-0.35299794083121566,0.2869491424217352,-0.30000000000000004,0.37008312228206786,Baseline,1
REACTOME_ECM_PROTEOGLYCANS,embedding_26,11,-0.14754771211085532,0.6650616842005999,-0.03636363636363637,0.9154683168905347,Baseline,1
REACTOME_ECM_PROTEOGLYCANS,embedding_27,11,-0.2436564426754806,0.47029597935213296,-0.14545454545454548,0.6695786456420787,Baseline,1
REACTOME_ECM_PROTEOGLYCANS,embedding_28,11,0.3444695673033904,0.2995610802657123,0.3454545454545455,0.2980892209030388,Baseline,1
REACTOME_ECM_PROTEOGLYCANS,embedding_29,11,-0.023694630867915928,0.9448700554299235,-0.15454545454545454,0.65003396549758,Baseline,1
REACTOME_ECM_PROTEOGLYCANS,embedding_30,11,0.16008486570950678,0.6382201264103728,0.045454545454545456,0.8944269969053026,Baseline,1
REACTOME_ECM_PROTEOGLYCANS,embedding_31,11,-0.26657341929091183,0.42814208906718254,-0.30000000000000004,0.37008312228206786,Baseline,1
REACTOME_ELASTIC_FIBRE_FORMATION,embedding_0,10,0.33735809672013484,0.34043811082735426,0.09090909090909088,0.8027717312071619,Baseline,2
REACTOME_ELASTIC_FIBRE_FORMATION,embedding_1,10,0.020038820853972156,0.9561826772440922,-0.01818181818181818,0.9602404181286243,Baseline,2
REACTOME_ELASTIC_FIBRE_FORMATION,embedding_2,10,-0.4271207386305752,0.21827752050126353,-0.309090909090909,0.3848412302612835,Baseline,2
REACTOME_ELASTIC_FIBRE_FORMATION,embedding_3,10,-0.40272208905459145,0.24855643433773358,-0.24848484848484845,0.48877630451924314,Baseline,2
REACTOME_ELASTIC_FIBRE_FORMATION,embedding_4,10,0.2625105708911559,0.4637208247718699,0.17575757575757575,0.6271883447764844,Baseline,2
REACTOME_ELASTIC_FIBRE_FORMATION,embedding_5,10,-0.41744362131056234,0.23002100647014467,-0.18787878787878787,0.603217610029209,Baseline,2
REACTOME_ELASTIC_FIBRE_FORMATION,embedding_6,10,-0.17934705138644266,0.620055819912655,-0.19999999999999998,0.5795840000000001,Baseline,2
REACTOME_ELASTIC_FIBRE_FORMATION,embedding_7,10,0.32504444136048644,0.359446406032802,0.16363636363636364,0.6514773427962428,Baseline,2
REACTOME_ELASTIC_FIBRE_FORMATION,embedding_8,10,0.3200751181611146,0.3672645303041207,0.12727272727272726,0.7260570147627894,Baseline,2
REACTOME_ELASTIC_FIBRE_FORMATION,embedding_9,10,-0.0023747918829298727,0.9948051720530985,-0.09090909090909088,0.8027717312071619,Baseline,2
REACTOME_ELASTIC_FIBRE_FORMATION,embedding_10,10,-0.0385726146519295,0.91574783433449,0.01818181818181818,0.9602404181286243,Baseline,2
REACTOME_ELASTIC_FIBRE_FORMATION,embedding_11,10,0.35220387123869534,0.31822279062362113,0.2606060606060606,0.4670890543863402,Baseline,2
REACTOME_ELASTIC_FIBRE_FORMATION,embedding_12,10,0.17618885746928434,0.6263298743055349,0.01818181818181818,0.9602404181286243,Baseline,2
REACTOME_ELASTIC_FIBRE_FORMATION,embedding_13,10,-0.40761407250438664,0.24230758580839012,-0.10303030303030303,0.7769984634438898,Baseline,2
REACTOME_ELASTIC_FIBRE_FORMATION,embedding_14,10,-0.2979783319737878,0.403030714523563,-0.06666666666666665,0.8548130882487426,Baseline,2
REACTOME_ELASTIC_FIBRE_FORMATION,embedding_15,10,-0.36286624620797114,0.30274896774768356,-0.11515151515151514,0.7514196523258483,Baseline,2
REACTOME_ELASTIC_FIBRE_FORMATION,embedding_16,10,-0.13750146159865415,0.7048381586960404,-0.2606060606060606,0.4670890543863402,Baseline,2
REACTOME_ELASTIC_FIBRE_FORMATION,embedding_17,10,0.32830182502888033,0.3543673156976973,0.05454545454545454,0.8810361811618526,Baseline,2
REACTOME_ELASTIC_FIBRE_FORMATION,embedding_18,10,0.2895949716448181,0.4170187512313678,0.006060606060606061,0.9867429111949892,Baseline,2
REACTOME_ELASTIC_FIBRE_FORMATION,embedding_19,10,-0.08020056791762002,0.8256853543556464,-0.13939393939393938,0.7009318849100584,Baseline,2
REACTOME_ELASTIC_FIBRE_FORMATION,embedding_20,10,-0.19155415753024732,0.5960150108556017,-0.16363636363636364,0.6514773427962428,Baseline,2
REACTOME_ELASTIC_FIBRE_FORMATION,embedding_21,10,0.21275563257505165,0.555097522236764,0.006060606060606061,0.9867429111949892,Baseline,2
REACTOME_ELASTIC_FIBRE_FORMATION,embedding_22,10,0.3211619569326983,0.3655474668198798,0.13939393939393938,0.7009318849100584,Baseline,2
REACTOME_ELASTIC_FIBRE_FORMATION,embedding_23,10,0.33522804760850883,0.3436887712950243,0.17575757575757575,0.6271883447764844,Baseline,2
REACTOME_ELASTIC_FIBRE_FORMATION,embedding_24,10,-0.012980441754981836,0.9716100674561309,-0.16363636363636364,0.6514773427962428,Baseline,2
REACTOME_ELASTIC_FIBRE_FORMATION,embedding_25,10,-0.4642540682932558,0.17647544923669095,-0.406060606060606,0.24428229408662638,Baseline,2
REACTOME_ELASTIC_FIBRE_FORMATION,embedding_26,10,0.21861376214456116,0.5439894471895671,-0.13939393939393938,0.7009318849100584,Baseline,2
REACTOME_ELASTIC_FIBRE_FORMATION,embedding_27,10,0.4439599106014012,0.19867953949449002,0.16363636363636364,0.6514773427962428,Baseline,2
REACTOME_ELASTIC_FIBRE_FORMATION,embedding_28,10,-0.2711736758327716,0.44853719676730064,-0.11515151515151514,0.7514196523258483,Baseline,2
REACTOME_ELASTIC_FIBRE_FORMATION,embedding_29,10,0.275745342792625,0.44061663695209174,0.22424242424242422,0.5334005612725947,Baseline,2
REACTOME_ELASTIC_FIBRE_FORMATION,embedding_30,10,-0.312367009080177,0.3795566164786516,-0.23636363636363633,0.5108853175152002,Baseline,2
REACTOME_ELASTIC_FIBRE_FORMATION,embedding_31,10,0.0623468766370143,0.8641451140061575,0.2727272727272727,0.44583834154275137,Baseline,2
REACTOME_NON_INTEGRIN_MEMBRANE_ECM_INTERACTIONS,embedding_0,10,0.5099364172721954,0.13212525271431688,-0.01818181818181818,0.9602404181286243,Baseline,2
REACTOME_NON_INTEGRIN_MEMBRANE_ECM_INTERACTIONS,embedding_1,10,0.3264747777596455,0.35721167752446115,0.5272727272727272,0.11730806555020223,Baseline,2
REACTOME_NON_INTEGRIN_MEMBRANE_ECM_INTERACTIONS,embedding_2,10,-0.9390194649854084,5.618271801246383e-05,-0.9151515151515152,0.0002044724061488323,Baseline,2
REACTOME_NON_INTEGRIN_MEMBRANE_ECM_INTERACTIONS,embedding_3,10,-0.8268443621941297,0.003173282274272386,-0.8060606060606059,0.004862061101964606,Baseline,2
REACTOME_NON_INTEGRIN_MEMBRANE_ECM_INTERACTIONS,embedding_4,10,0.7631111831286942,0.010234173469847105,0.6606060606060605,0.03758837757140939,Baseline,2
REACTOME_NON_INTEGRIN_MEMBRANE_ECM_INTERACTIONS,embedding_5,10,-0.8593540262535472,0.0014395948280306627,-0.6727272727272726,0.0330412225454377,Baseline,2
REACTOME_NON_INTEGRIN_MEMBRANE_ECM_INTERACTIONS,embedding_6,10,-0.6295360131993786,0.05112780407469685,-0.7454545454545454,0.013330146315440047,Baseline,2
REACTOME_NON_INTEGRIN_MEMBRANE_ECM_INTERACTIONS,embedding_7,10,-0.02336567239467149,0.9489154875537444,-0.17575757575757575,0.6271883447764844,Baseline,2
REACTOME_NON_INTEGRIN_MEMBRANE_ECM_INTERACTIONS,embedding_8,10,0.6199157758359297,0.055898103787647556,0.2606060606060606,0.4670890543863402,Baseline,2
REACTOME_NON_INTEGRIN_MEMBRANE_ECM_INTERACTIONS,embedding_9,10,0.29994791298711165,0.3997773353094779,0.5272727272727272,0.11730806555020223,Baseline,2
REACTOME_NON_INTEGRIN_MEMBRANE_ECM_INTERACTIONS,embedding_10,10,0.1003179613647111,0.7827495891049818,0.5636363636363636,0.08972402831709125,Baseline,2
REACTOME_NON_INTEGRIN_MEMBRANE_ECM_INTERACTIONS,embedding_11,10,0.8770514956833576,0.0008596319450655146,0.8787878787878788,0.0008138621117322101,Baseline,2
REACTOME_NON_INTEGRIN_MEMBRANE_ECM_INTERACTIONS,embedding_12,10,0.3604141787111034,0.30627157199054644,-0.09090909090909088,0.8027717312071619,Baseline,2
REACTOME_NON_INTEGRIN_MEMBRANE_ECM_INTERACTIONS,embedding_13,10,-0.80281796976301,0.005173762284602646,-0.5878787878787878,0.07387770688865801,Baseline,2
REACTOME_NON_INTEGRIN_MEMBRANE_ECM_INTERACTIONS,embedding_14,10,-0.3606432611316763,0.3059415627529176,0.309090909090909,0.3848412302612835,Baseline,2
REACTOME_NON_INTEGRIN_MEMBRANE_ECM_INTERACTIONS,embedding_15,10,-0.6023702902009224,0.06533782697751668,-0.06666666666666665,0.8548130882487426,Baseline,2
REACTOME_NON_INTEGRIN_MEMBRANE_ECM_INTERACTIONS,embedding_16,10,-0.5743612916178561,0.08246860834499234,-0.8181818181818182,0.0038149200825507135,Baseline,2
REACTOME_NON_INTEGRIN_MEMBRANE_ECM_INTERACTIONS,embedding_17,10,0.5510920130542146,0.09871333776606936,-0.04242424242424241,0.907363817812816,Baseline,2
REACTOME_NON_INTEGRIN_MEMBRANE_ECM_INTERACTIONS,embedding_18,10,0.5278169978257096,0.11686053099566251,0.09090909090909088,0.8027717312071619,Baseline,2
REACTOME_NON_INTEGRIN_MEMBRANE_ECM_INTERACTIONS,embedding_19,10,-0.5576580018116141,0.09393991977125977,-0.7575757575757575,0.011143446799694208,Baseline,2
REACTOME_NON_INTEGRIN_MEMBRANE_ECM_INTERACTIONS,embedding_20,10,-0.7085259802437391,0.021818173787127935,-0.6969696969696969,0.02509667588225183,Baseline,2
REACTOME_NON_INTEGRIN_MEMBRANE_ECM_INTERACTIONS,embedding_21,10,0.2656125312709547,0.45825805791289687,-0.32121212121212117,0.3654683104386702,Baseline,2
REACTOME_NON_INTEGRIN_MEMBRANE_ECM_INTERACTIONS,embedding_22,10,0.625109278028214,0.05328782130753661,0.49090909090909085,0.14965567342083677,Baseline,2
REACTOME_NON_INTEGRIN_MEMBRANE_ECM_INTERACTIONS,embedding_23,10,0.5238198559672195,0.12017215846451026,0.06666666666666665,0.8548130882487426,Baseline,2
REACTOME_NON_INTEGRIN_MEMBRANE_ECM_INTERACTIONS,embedding_24,10,0.4797365679455141,0.1605743680837184,0.01818181818181818,0.9602404181286243,Baseline,2
REACTOME_NON_INTEGRIN_MEMBRANE_ECM_INTERACTIONS,embedding_25,10,-0.9135388033307122,0.00022002685755153769,-0.8545454545454544,0.0016368033159867143,Baseline,2
REACTOME_NON_INTEGRIN_MEMBRANE_ECM_INTERACTIONS,embedding_26,10,0.4728489697921297,0.16753742922470724,-0.16363636363636364,0.6514773427962428,Baseline,2
REACTOME_NON_INTEGRIN_MEMBRANE_ECM_INTERACTIONS,embedding_27,10,0.7751483738923928,0.008439271984614248,0.4666666666666666,0.17393859716506632,Baseline,2
REACTOME_NON_INTEGRIN_MEMBRANE_ECM_INTERACTIONS,embedding_28,10,-0.3093257111781671,0.38446128801651924,0.35757575757575755,0.3103760917056799,Baseline,2
REACTOME_NON_INTEGRIN_MEMBRANE_ECM_INTERACTIONS,embedding_29,10,0.09463299551763872,0.7948342375940078,-0.32121212121212117,0.3654683104386702,Baseline,2
REACTOME_NON_INTEGRIN_MEMBRANE_ECM_INTERACTIONS,embedding_30,10,-0.32783929938604345,0.3550862981971848,0.38181818181818183,0.27625533338543595,Baseline,2
REACTOME_NON_INTEGRIN_MEMBRANE_ECM_INTERACTIONS,embedding_31,10,0.4910990702578881,0.14947402406763716,0.6606060606060605,0.03758837757140939,Baseline,2
REACTOME_COLLAGEN_FORMATION,embedding_0,10,0.04171581815347558,0.908905281999849,0.2121212121212121,0.5563057751029299,Baseline,2
REACTOME_COLLAGEN_FORMATION,embedding_1,10,-0.17143498233474772,0.6358146253928187,-0.2121212121212121,0.5563057751029299,Baseline,2
REACTOME_COLLAGEN_FORMATION,embedding_2,10,0.13781324786375967,0.7041941687919779,0.12727272727272726,0.7260570147627894,Baseline,2
REACTOME_COLLAGEN_FORMATION,embedding_3,10,0.06412668117947481,0.8602983149590798,0.16363636363636364,0.6514773427962428,Baseline,2
REACTOME_COLLAGEN_FORMATION,embedding_4,10,-0.19893179797051974,0.5816527336512909,-0.11515151515151514,0.7514196523258483,Baseline,2
REACTOME_COLLAGEN_FORMATION,embedding_5,10,0.11687440208792726,0.7478009743344398,0.05454545454545454,0.8810361811618526,Baseline,2
REACTOME_COLLAGEN_FORMATION,embedding_6,10,0.1801900407731894,0.6183848455085484,0.11515151515151514,0.7514196523258483,Baseline,2
REACTOME_COLLAGEN_FORMATION,embedding_7,10,0.4774504106147224,0.16286592175365402,0.49090909090909085,0.14965567342083677,Baseline,2
REACTOME_COLLAGEN_FORMATION,embedding_8,10,-0.06733846151658625,0.8533632404172102,-0.09090909090909088,0.8027717312071619,Baseline,2
REACTOME_COLLAGEN_FORMATION,embedding_9,10,-0.1743524984484688,0.6299879554441206,-0.22424242424242422,0.5334005612725947,Baseline,2
REACTOME_COLLAGEN_FORMATION,embedding_10,10,-0.06059745718254282,0.8679287468585086,-0.33333333333333326,0.34659350708733405,Baseline,2
REACTOME_COLLAGEN_FORMATION,embedding_11,10,-0.17685890334334967,0.6249969428306353,-0.13939393939393938,0.7009318849100584,Baseline,2
REACTOME_COLLAGEN_FORMATION,embedding_12,10,-0.02674494199683404,0.9415372692645658,0.18787878787878787,0.603217610029209,Baseline,2
REACTOME_COLLAGEN_FORMATION,embedding_13,10,0.08799806489052231,0.8089879417611491,0.09090909090909088,0.8027717312071619,Baseline,2
REACTOME_COLLAGEN_FORMATION,embedding_14,10,-0.08323510098998377,0.8191794244985982,-0.309090909090909,0.3848412302612835,Baseline,2
REACTOME_COLLAGEN_FORMATION,embedding_15,10,0.013758897933249328,0.9699081078163987,0.13939393939393938,0.7009318849100584,Baseline,2
REACTOME_COLLAGEN_FORMATION,embedding_16,10,0.217720107176896,0.5456782556070535,0.19999999999999998,0.5795840000000001,Baseline,2
REACTOME_COLLAGEN_FORMATION,embedding_17,10,-0.011287267600731395,0.9753122475628391,0.11515151515151514,0.7514196523258483,Baseline,2
REACTOME_COLLAGEN_FORMATION,embedding_18,10,-0.032117073156181196,0.929816327243553,-0.10303030303030303,0.7769984634438898,Baseline,2
REACTOME_COLLAGEN_FORMATION,embedding_19,10,0.274247236239469,0.4432050765707311,0.1515151515151515,0.6760651759978538,Baseline,2
REACTOME_COLLAGEN_FORMATION,embedding_20,10,0.2509731182638879,0.4842893978542924,0.13939393939393938,0.7009318849100584,Baseline,2
REACTOME_COLLAGEN_FORMATION,embedding_21,10,0.04872516630496674,0.8936663894408301,0.24848484848484845,0.48877630451924314,Baseline,2
REACTOME_COLLAGEN_FORMATION,embedding_22,10,-0.01686426227530025,0.9631199162850195,-0.19999999999999998,0.5795840000000001,Baseline,2
REACTOME_COLLAGEN_FORMATION,embedding_23,10,0.030020741986432654,0.9343887799994655,-0.17575757575757575,0.6271883447764844,Baseline,2
REACTOME_COLLAGEN_FORMATION,embedding_24,10,-0.30609260861539356,0.38970895259395655,-0.10303030303030303,0.7769984634438898,Baseline,2
REACTOME_COLLAGEN_FORMATION,embedding_25,10,0.0835404174718315,0.818525380398716,-0.006060606060606061,0.9867429111949892,Baseline,2
REACTOME_COLLAGEN_FORMATION,embedding_26,10,-0.14573379067126693,0.6878921174177471,-0.10303030303030303,0.7769984634438898,Baseline,2
REACTOME_COLLAGEN_FORMATION,embedding_27,10,0.0011822233863384045,0.9974138899568692,0.22424242424242422,0.5334005612725947,Baseline,2
REACTOME_COLLAGEN_FORMATION,embedding_28,10,-0.06687947927186261,0.8543537598220612,-0.33333333333333326,0.34659350708733405,Baseline,2
REACTOME_COLLAGEN_FORMATION,embedding_29,10,0.21354946347531736,0.5535871156314063,0.22424242424242422,0.5334005612725947,Baseline,2
REACTOME_COLLAGEN_FORMATION,embedding_30,10,-0.12154458258788015,0.73801438205503,-0.35757575757575755,0.3103760917056799,Baseline,2
REACTOME_COLLAGEN_FORMATION,embedding_31,10,-0.28323836961694654,0.42777470874502066,-0.13939393939393938,0.7009318849100584,Baseline,2
REACTOME_COLLAGEN_DEGRADATION,embedding_0,10,-0.1330079636368156,0.7141379905427014,-0.2606060606060606,0.4670890543863402,Baseline,2
REACTOME_COLLAGEN_DEGRADATION,embedding_1,10,-0.155873730800877,0.6671906516583992,-0.18787878787878787,0.603217610029209,Baseline,2
REACTOME_COLLAGEN_DEGRADATION,embedding_2,10,0.34716825987130123,0.32567124822935134,0.5272727272727272,0.11730806555020223,Baseline,2
REACTOME_COLLAGEN_DEGRADATION,embedding_3,10,0.01966197894835263,0.9570060448006071,0.0303030303030303,0.9337729580941466,Baseline,2
REACTOME_COLLAGEN_DEGRADATION,embedding_4,10,-0.2856860903558753,0.4236177934518461,-0.4666666666666666,0.17393859716506632,Baseline,2
REACTOME_COLLAGEN_DEGRADATION,embedding_5,10,0.3361464576527393,0.3422852573317644,0.4787878787878787,0.1615229280174558,Baseline,2
REACTOME_COLLAGEN_DEGRADATION,embedding_6,10,0.23844999472193626,0.5070504279988989,0.32121212121212117,0.3654683104386702,Baseline,2
REACTOME_COLLAGEN_DEGRADATION,embedding_7,10,0.3266962291838155,0.35686631146045983,0.2121212121212121,0.5563057751029299,Baseline,2
REACTOME_COLLAGEN_DEGRADATION,embedding_8,10,-0.16981740580795196,0.6390529344778214,-0.38181818181818183,0.27625533338543595,Baseline,2
REACTOME_COLLAGEN_DEGRADATION,embedding_9,10,-0.297239227142342,0.40425483063038015,-0.406060606060606,0.24428229408662638,Baseline,2
REACTOME_COLLAGEN_DEGRADATION,embedding_10,10,0.013582175344538178,0.9702944717799654,-0.1515151515151515,0.6760651759978538,Baseline,2
REACTOME_COLLAGEN_DEGRADATION,embedding_11,10,-0.36093272854498915,0.3055248335703299,-0.49090909090909085,0.14965567342083677,Baseline,2
REACTOME_COLLAGEN_DEGRADATION,embedding_12,10,-0.26086556432129393,0.4666294724942466,-0.16363636363636364,0.6514773427962428,Baseline,2
REACTOME_COLLAGEN_DEGRADATION,embedding_13,10,0.2836530464968403,0.4270691426851821,0.5030303030303029,0.13833369839449197,Baseline,2
REACTOME_COLLAGEN_DEGRADATION,embedding_14,10,0.04700867047378407,0.8973954707317982,-0.01818181818181818,0.9602404181286243,Baseline,2
REACTOME_COLLAGEN_DEGRADATION,embedding_15,10,0.09798626776049575,0.7877012028553445,0.17575757575757575,0.6271883447764844,Baseline,2
REACTOME_COLLAGEN_DEGRADATION,embedding_16,10,0.32217944832235057,0.3639435928060668,0.5393939393939393,0.1075931877824148,Baseline,2
REACTOME_COLLAGEN_DEGRADATION,embedding_17,10,-0.2011220593987097,0.5774139364008113,-0.35757575757575755,0.3103760917056799,Baseline,2
REACTOME_COLLAGEN_DEGRADATION,embedding_18,10,-0.2135193043967481,0.5536444693536773,-0.49090909090909085,0.14965567342083677,Baseline,2
REACTOME_COLLAGEN_DEGRADATION,embedding_19,10,0.31060234066743597,0.38239873021983606,0.4787878787878787,0.1615229280174558,Baseline,2
REACTOME_COLLAGEN_DEGRADATION,embedding_20,10,0.4098128132343488,0.23952797525643757,0.5878787878787878,0.07387770688865801,Baseline,2
REACTOME_COLLAGEN_DEGRADATION,embedding_21,10,-0.05779997368398036,0.8739841184048326,0.09090909090909088,0.8027717312071619,Baseline,2
REACTOME_COLLAGEN_DEGRADATION,embedding_22,10,0.10560393168414894,0.7715504585975932,0.04242424242424241,0.907363817812816,Baseline,2
REACTOME_COLLAGEN_DEGRADATION,embedding_23,10,0.03866461872083108,0.9155474745629946,0.12727272727272726,0.7260570147627894,Baseline,2
REACTOME_COLLAGEN_DEGRADATION,embedding_24,10,-0.49724145515487567,0.14367306217589762,-0.2606060606060606,0.4670890543863402,Baseline,2
REACTOME_COLLAGEN_DEGRADATION,embedding_25,10,0.21850264601437408,0.5441993189041098,0.3696969696969697,0.2930500752928223,Baseline,2
REACTOME_COLLAGEN_DEGRADATION,embedding_26,10,-0.2598964889695683,0.4683467292465806,-0.18787878787878787,0.603217610029209,Baseline,2
REACTOME_COLLAGEN_DEGRADATION,embedding_27,10,-0.26210986114011475,0.4644286035842807,-0.35757575757575755,0.3103760917056799,Baseline,2
REACTOME_COLLAGEN_DEGRADATION,embedding_28,10,0.09731789764813156,0.7891218336155345,-0.09090909090909088,0.8027717312071619,Baseline,2
REACTOME_COLLAGEN_DEGRADATION,embedding_29,10,0.2577190155264367,0.4722154854856384,0.34545454545454546,0.32822651147136733,Baseline,2
REACTOME_COLLAGEN_DEGRADATION,embedding_30,10,-0.02043280066943482,0.9553219047259163,-0.11515151515151514,0.7514196523258483,Baseline,2
REACTOME_COLLAGEN_DEGRADATION,embedding_31,10,-0.42668148653415294,0.21880297150699848,-0.5878787878787878,0.07387770688865801,Baseline,2
REACTOME_DEGRADATION_OF_THE_EXTRACELLULAR_MATRIX,embedding_0,10,0.007730697087323733,0.9830901107428057,-0.19999999999999998,0.5795840000000001,Baseline,2
REACTOME_DEGRADATION_OF_THE_EXTRACELLULAR_MATRIX,embedding_1,10,-0.09041810936607464,0.8038194853524148,-0.11515151515151514,0.7514196523258483,Baseline,2
REACTOME_DEGRADATION_OF_THE_EXTRACELLULAR_MATRIX,embedding_2,10,0.09316556217881841,0.7979600841274894,0.13939393939393938,0.7009318849100584,Baseline,2
REACTOME_DEGRADATION_OF_THE_EXTRACELLULAR_MATRIX,embedding_3,10,-0.19133369357283608,0.5964461693143013,-0.33333333333333326,0.34659350708733405,Baseline,2
REACTOME_DEGRADATION_OF_THE_EXTRACELLULAR_MATRIX,embedding_4,10,-0.08047692636915321,0.8250924504246927,-0.12727272727272726,0.7260570147627894,Baseline,2
REACTOME_DEGRADATION_OF_THE_EXTRACELLULAR_MATRIX,embedding_5,10,0.11052248680807236,0.7611637269062209,0.16363636363636364,0.6514773427962428,Baseline,2
REACTOME_DEGRADATION_OF_THE_EXTRACELLULAR_MATRIX,embedding_6,10,0.10235236353259863,0.7784350322160056,0.10303030303030303,0.7769984634438898,Baseline,2
REACTOME_DEGRADATION_OF_THE_EXTRACELLULAR_MATRIX,embedding_7,10,0.2150520997505962,0.5507324877044482,0.16363636363636364,0.6514773427962428,Baseline,2
REACTOME_DEGRADATION_OF_THE_EXTRACELLULAR_MATRIX,embedding_8,10,0.01707589874309329,0.9626573613719153,-0.11515151515151514,0.7514196523258483,Baseline,2
REACTOME_DEGRADATION_OF_THE_EXTRACELLULAR_MATRIX,embedding_9,10,-0.2700283743482175,0.45053149833319583,-0.38181818181818183,0.27625533338543595,Baseline,2
REACTOME_DEGRADATION_OF_THE_EXTRACELLULAR_MATRIX,embedding_10,10,0.010828822987988464,0.9763147272598329,-0.006060606060606061,0.9867429111949892,Baseline,2
REACTOME_DEGRADATION_OF_THE_EXTRACELLULAR_MATRIX,embedding_11,10,-0.15091029770834777,0.6772995926387888,-0.17575757575757575,0.6271883447764844,Baseline,2
REACTOME_DEGRADATION_OF_THE_EXTRACELLULAR_MATRIX,embedding_12,10,-0.16127776271153033,0.6562389544940839,-0.09090909090909088,0.8027717312071619,Baseline,2
REACTOME_DEGRADATION_OF_THE_EXTRACELLULAR_MATRIX,embedding_13,10,0.060023635866047156,0.8691703334257566,0.18787878787878787,0.603217610029209,Baseline,2
REACTOME_DEGRADATION_OF_THE_EXTRACELLULAR_MATRIX,embedding_14,10,-0.061826314536337676,0.865270725684316,0.01818181818181818,0.9602404181286243,Baseline,2
REACTOME_DEGRADATION_OF_THE_EXTRACELLULAR_MATRIX,embedding_15,10,-0.0807431591383943,0.8245213456009411,0.04242424242424241,0.907363817812816,Baseline,2
REACTOME_DEGRADATION_OF_THE_EXTRACELLULAR_MATRIX,embedding_16,10,0.17864313496228068,0.6214523244884851,0.23636363636363633,0.5108853175152002,Baseline,2
REACTOME_DEGRADATION_OF_THE_EXTRACELLULAR_MATRIX,embedding_17,10,-0.04386542251017013,0.9042288106113558,-0.2727272727272727,0.44583834154275137,Baseline,2
REACTOME_DEGRADATION_OF_THE_EXTRACELLULAR_MATRIX,embedding_18,10,-0.06304669271705422,0.8626322484104912,-0.32121212121212117,0.3654683104386702,Baseline,2
REACTOME_DEGRADATION_OF_THE_EXTRACELLULAR_MATRIX,embedding_19,10,0.16612499046965848,0.6464655033659709,0.22424242424242422,0.5334005612725947,Baseline,2
REACTOME_DEGRADATION_OF_THE_EXTRACELLULAR_MATRIX,embedding_20,10,0.23813921899056933,0.5076208919248864,0.309090909090909,0.3848412302612835,Baseline,2
REACTOME_DEGRADATION_OF_THE_EXTRACELLULAR_MATRIX,embedding_21,10,0.03497792139003257,0.9235793399446287,0.0303030303030303,0.9337729580941466,Baseline,2
REACTOME_DEGRADATION_OF_THE_EXTRACELLULAR_MATRIX,embedding_22,10,0.2745296663512937,0.4427165624815825,0.38181818181818183,0.27625533338543595,Baseline,2
REACTOME_DEGRADATION_OF_THE_EXTRACELLULAR_MATRIX,embedding_23,10,0.20176105673462347,0.5761794817594372,0.3939393939393939,0.25999776683488757,Baseline,2
REACTOME_DEGRADATION_OF_THE_EXTRACELLULAR_MATRIX,embedding_24,10,-0.459656748803799,0.18136997011611816,-0.3696969696969697,0.2930500752928223,Baseline,2
REACTOME_DEGRADATION_OF_THE_EXTRACELLULAR_MATRIX,embedding_25,10,-0.03545068691504457,0.9225490079231411,-0.13939393939393938,0.7009318849100584,Baseline,2
REACTOME_DEGRADATION_OF_THE_EXTRACELLULAR_MATRIX,embedding_26,10,-0.07685232955015858,0.832874946569819,-0.07878787878787878,0.8287173946974606,Baseline,2
REACTOME_DEGRADATION_OF_THE_EXTRACELLULAR_MATRIX,embedding_27,10,-0.03914855373002143,0.91449366683387,0.006060606060606061,0.9867429111949892,Baseline,2
REACTOME_DEGRADATION_OF_THE_EXTRACELLULAR_MATRIX,embedding_28,10,0.006500461829179051,0.9857808406036828,-0.04242424242424241,0.907363817812816,Baseline,2
REACTOME_DEGRADATION_OF_THE_EXTRACELLULAR_MATRIX,embedding_29,10,0.3549223517051923,0.3142390797654588,0.41818181818181815,0.22911284098281892,Baseline,2
REACTOME_DEGRADATION_OF_THE_EXTRACELLULAR_MATRIX,embedding_30,10,-0.12438762763829099,0.7320731017207429,-0.11515151515151514,0.7514196523258483,Baseline,2
REACTOME_DEGRADATION_OF_THE_EXTRACELLULAR_MATRIX,embedding_31,10,-0.3241016391026045,0.36092323950625627,-0.3939393939393939,0.25999776683488757,Baseline,2
REACTOME_INTEGRIN_CELL_SURFACE_INTERACTIONS,embedding_0,10,0.13215903386166705,0.7158988045423924,-0.24848484848484845,0.48877630451924314,Baseline,2
REACTOME_INTEGRIN_CELL_SURFACE_INTERACTIONS,embedding_1,10,0.11951407008815457,0.7422653425635696,0.17575757575757575,0.6271883447764844,Baseline,2
REACTOME_INTEGRIN_CELL_SURFACE_INTERACTIONS,embedding_2,10,-0.35394213893009124,0.31567247419509503,-0.34545454545454546,0.32822651147136733,Baseline,2
REACTOME_INTEGRIN_CELL_SURFACE_INTERACTIONS,embedding_3,10,-0.46067115749301923,0.18028316532721012,-0.3696969696969697,0.2930500752928223,Baseline,2
REACTOME_INTEGRIN_CELL_SURFACE_INTERACTIONS,embedding_4,10,0.2363087232779489,0.5109864149863661,0.09090909090909088,0.8027717312071619,Baseline,2
REACTOME_INTEGRIN_CELL_SURFACE_INTERACTIONS,embedding_5,10,-0.2597663446648227,0.46857756467926215,-0.05454545454545454,0.8810361811618526,Baseline,2
REACTOME_INTEGRIN_CELL_SURFACE_INTERACTIONS,embedding_6,10,-0.21488601563552237,0.551047721037457,-0.2606060606060606,0.4670890543863402,Baseline,2
REACTOME_INTEGRIN_CELL_SURFACE_INTERACTIONS,embedding_7,10,0.19122709712205266,0.5966546792254798,0.13939393939393938,0.7009318849100584,Baseline,2
REACTOME_INTEGRIN_CELL_SURFACE_INTERACTIONS,embedding_8,10,0.16031256648183365,0.6581907498904909,-0.17575757575757575,0.6271883447764844,Baseline,2
REACTOME_INTEGRIN_CELL_SURFACE_INTERACTIONS,embedding_9,10,0.072495164175125,0.8422476451416502,0.06666666666666665,0.8548130882487426,Baseline,2
REACTOME_INTEGRIN_CELL_SURFACE_INTERACTIONS,embedding_10,10,0.1653306992973499,0.648063745192019,0.2606060606060606,0.4670890543863402,Baseline,2
REACTOME_INTEGRIN_CELL_SURFACE_INTERACTIONS,embedding_11,10,0.29109392166644027,0.4145011042502462,0.32121212121212117,0.3654683104386702,Baseline,2
REACTOME_INTEGRIN_CELL_SURFACE_INTERACTIONS,embedding_12,10,-0.03677084385778043,0.9196724482680754,-0.24848484848484845,0.48877630451924314,Baseline,2
REACTOME_INTEGRIN_CELL_SURFACE_INTERACTIONS,embedding_13,10,-0.23788842494865325,0.5080814485479197,0.04242424242424241,0.907363817812816,Baseline,2
REACTOME_INTEGRIN_CELL_SURFACE_INTERACTIONS,embedding_14,10,-0.10593351964404686,0.77085341192207,0.13939393939393938,0.7009318849100584,Baseline,2
REACTOME_INTEGRIN_CELL_SURFACE_INTERACTIONS,embedding_15,10,-0.21446550237384956,0.5518461859661864,0.2121212121212121,0.5563057751029299,Baseline,2
REACTOME_INTEGRIN_CELL_SURFACE_INTERACTIONS,embedding_16,10,-0.1814484899982614,0.6158932755470843,-0.29696969696969694,0.4047016712701569,Baseline,2
REACTOME_INTEGRIN_CELL_SURFACE_INTERACTIONS,embedding_17,10,0.11993073897416523,0.7413925135685027,-0.29696969696969694,0.4047016712701569,Baseline,2
REACTOME_INTEGRIN_CELL_SURFACE_INTERACTIONS,embedding_18,10,0.06278334242803686,0.8632015133238158,-0.3696969696969697,0.2930500752928223,Baseline,2
REACTOME_INTEGRIN_CELL_SURFACE_INTERACTIONS,embedding_19,10,-0.12239760098046498,0.7362304519770617,-0.18787878787878787,0.603217610029209,Baseline,2
REACTOME_INTEGRIN_CELL_SURFACE_INTERACTIONS,embedding_20,10,-0.13002350027672513,0.7203335575116746,-0.09090909090909088,0.8027717312071619,Baseline,2
REACTOME_INTEGRIN_CELL_SURFACE_INTERACTIONS,embedding_21,10,0.03219883365938677,0.9296380304374731,-0.12727272727272726,0.7260570147627894,Baseline,2
REACTOME_INTEGRIN_CELL_SURFACE_INTERACTIONS,embedding_22,10,0.33616946418523175,0.34225013633005075,0.19999999999999998,0.5795840000000001,Baseline,2
REACTOME_INTEGRIN_CELL_SURFACE_INTERACTIONS,embedding_23,10,0.2619246187571804,0.46475596156284704,0.10303030303030303,0.7769984634438898,Baseline,2
REACTOME_INTEGRIN_CELL_SURFACE_INTERACTIONS,embedding_24,10,-0.06589562872057585,0.8564776017608549,-0.22424242424242422,0.5334005612725947,Baseline,2
REACTOME_INTEGRIN_CELL_SURFACE_INTERACTIONS,embedding_25,10,-0.39242074856684606,0.26200503602733827,-0.3696969696969697,0.2930500752928223,Baseline,2
REACTOME_INTEGRIN_CELL_SURFACE_INTERACTIONS,embedding_26,10,0.05173816159521549,0.8871252422746752,-0.32121212121212117,0.3654683104386702,Baseline,2
REACTOME_INTEGRIN_CELL_SURFACE_INTERACTIONS,embedding_27,10,0.23479464197898015,0.5137771859264771,-0.0303030303030303,0.9337729580941466,Baseline,2
REACTOME_INTEGRIN_CELL_SURFACE_INTERACTIONS,embedding_28,10,-0.07897925371388409,0.8283065284937815,0.10303030303030303,0.7769984634438898,Baseline,2
REACTOME_INTEGRIN_CELL_SURFACE_INTERACTIONS,embedding_29,10,0.17017072789650173,0.6383451298348152,0.09090909090909088,0.8027717312071619,Baseline,2
REACTOME_INTEGRIN_CELL_SURFACE_INTERACTIONS,embedding_30,10,-0.12833571076075265,0.7238438306036834,-0.01818181818181818,0.9602404181286243,Baseline,2
REACTOME_INTEGRIN_CELL_SURFACE_INTERACTIONS,embedding_31,10,0.01904950978530573,0.9583443157126619,0.12727272727272726,0.7260570147627894,Baseline,2
REACTOME_EXTRACELLULAR_MATRIX_ORGANIZATION,embedding_0,10,0.2823519527760282,0.42928474568623665,-0.24848484848484845,0.48877630451924314,Baseline,2
REACTOME_EXTRACELLULAR_MATRIX_ORGANIZATION,embedding_1,10,0.12630061728449055,0.7280825954195522,0.22424242424242422,0.5334005612725947,Baseline,2
REACTOME_EXTRACELLULAR_MATRIX_ORGANIZATION,embedding_2,10,-0.40302550806507514,0.24816627227109125,-0.34545454545454546,0.32822651147136733,Baseline,2
REACTOME_EXTRACELLULAR_MATRIX_ORGANIZATION,embedding_3,10,-0.5606553251585638,0.09181077629267477,-0.5757575757575757,0.08155281477260236,Baseline,2
REACTOME_EXTRACELLULAR_MATRIX_ORGANIZATION,embedding_4,10,0.3547465860893435,0.31449585560708426,0.2727272727272727,0.44583834154275137,Baseline,2
REACTOME_EXTRACELLULAR_MATRIX_ORGANIZATION,embedding_5,10,-0.36376921907536214,0.3014572065467802,-0.17575757575757575,0.6271883447764844,Baseline,2
REACTOME_EXTRACELLULAR_MATRIX_ORGANIZATION,embedding_6,10,-0.2688022213840663,0.4526710141376119,-0.34545454545454546,0.32822651147136733,Baseline,2
REACTOME_EXTRACELLULAR_MATRIX_ORGANIZATION,embedding_7,10,0.15741832685218046,0.6640545232304613,-0.04242424242424241,0.907363817812816,Baseline,2
REACTOME_EXTRACELLULAR_MATRIX_ORGANIZATION,embedding_8,10,0.34647825768438534,0.32669884436077323,0.06666666666666665,0.8548130882487426,Baseline,2
REACTOME_EXTRACELLULAR_MATRIX_ORGANIZATION,embedding_9,10,-0.050172617430186986,0.8905232616292846,-0.006060606060606061,0.9867429111949892,Baseline,2
REACTOME_EXTRACELLULAR_MATRIX_ORGANIZATION,embedding_10,10,0.0421754795923341,0.9079050707150493,0.33333333333333326,0.34659350708733405,Baseline,2
REACTOME_EXTRACELLULAR_MATRIX_ORGANIZATION,embedding_11,10,0.33124394196432383,0.34981108344264145,0.29696969696969694,0.4047016712701569,Baseline,2
REACTOME_EXTRACELLULAR_MATRIX_ORGANIZATION,embedding_12,10,0.04011482514477829,0.9123898928362114,-0.28484848484848485,0.42503815489214547,Baseline,2
REACTOME_EXTRACELLULAR_MATRIX_ORGANIZATION,embedding_13,10,-0.3785299731760065,0.28075849763893557,-0.10303030303030303,0.7769984634438898,Baseline,2
REACTOME_EXTRACELLULAR_MATRIX_ORGANIZATION,embedding_14,10,-0.23883303321693566,0.5063476875622221,0.24848484848484845,0.48877630451924314,Baseline,2
REACTOME_EXTRACELLULAR_MATRIX_ORGANIZATION,embedding_15,10,-0.38160786902455984,0.2765421719888282,-0.0303030303030303,0.9337729580941466,Baseline,2
REACTOME_EXTRACELLULAR_MATRIX_ORGANIZATION,embedding_16,10,-0.16664428424390282,0.6454213034538748,-0.32121212121212117,0.3654683104386702,Baseline,2
REACTOME_EXTRACELLULAR_MATRIX_ORGANIZATION,embedding_17,10,0.25092336860182346,0.48437893262006193,-0.2727272727272727,0.44583834154275137,Baseline,2
REACTOME_EXTRACELLULAR_MATRIX_ORGANIZATION,embedding_18,10,0.23835932401253399,0.5072168365509859,-0.22424242424242422,0.5334005612725947,Baseline,2
REACTOME_EXTRACELLULAR_MATRIX_ORGANIZATION,embedding_19,10,-0.17822729948316796,0.622277815155304,-0.24848484848484845,0.48877630451924314,Baseline,2
REACTOME_EXTRACELLULAR_MATRIX_ORGANIZATION,embedding_20,10,-0.2062448795654081,0.5675454897709948,-0.17575757575757575,0.6271883447764844,Baseline,2
REACTOME_EXTRACELLULAR_MATRIX_ORGANIZATION,embedding_21,10,0.16346633490011866,0.6518202249667612,-0.23636363636363633,0.5108853175152002,Baseline,2
REACTOME_EXTRACELLULAR_MATRIX_ORGANIZATION,embedding_22,10,0.5487510311782138,0.10045170130411366,0.5151515151515151,0.12755286970323426,Baseline,2
REACTOME_EXTRACELLULAR_MATRIX_ORGANIZATION,embedding_23,10,0.42971210201108334,0.21519234394299663,0.406060606060606,0.24428229408662638,Baseline,2
REACTOME_EXTRACELLULAR_MATRIX_ORGANIZATION,embedding_24,10,-0.18200500376170914,0.6147925724101764,-0.4545454545454545,0.186904810349332,Baseline,2
REACTOME_EXTRACELLULAR_MATRIX_ORGANIZATION,embedding_25,10,-0.5087191366262112,0.13320684599281407,-0.5515151515151515,0.09840117666963498,Baseline,2
REACTOME_EXTRACELLULAR_MATRIX_ORGANIZATION,embedding_26,10,0.14821881336357878,0.6828008674515648,-0.29696969696969694,0.4047016712701569,Baseline,2
REACTOME_EXTRACELLULAR_MATRIX_ORGANIZATION,embedding_27,10,0.37264729136769625,0.2889130487077886,0.09090909090909088,0.8027717312071619,Baseline,2
REACTOME_EXTRACELLULAR_MATRIX_ORGANIZATION,embedding_28,10,-0.14092017162187148,0.697786166257639,0.19999999999999998,0.5795840000000001,Baseline,2
REACTOME_EXTRACELLULAR_MATRIX_ORGANIZATION,embedding_29,10,0.304715518700524,0.3919546013107862,0.13939393939393938,0.7009318849100584,Baseline,2
REACTOME_EXTRACELLULAR_MATRIX_ORGANIZATION,embedding_30,10,-0.2876215465784491,0.42034425616495436,0.0303030303030303,0.9337729580941466,Baseline,2
REACTOME_EXTRACELLULAR_MATRIX_ORGANIZATION,embedding_31,10,0.04116688533177532,0.9100998964152842,0.16363636363636364,0.6514773427962428,Baseline,2
REACTOME_ASSEMBLY_OF_COLLAGEN_FIBRILS_AND_OTHER_MULTIMERIC_STRUCTURES,embedding_0,10,-0.055859646904784295,0.8781875878702191,-0.24848484848484845,0.48877630451924314,Baseline,2
REACTOME_ASSEMBLY_OF_COLLAGEN_FIBRILS_AND_OTHER_MULTIMERIC_STRUCTURES,embedding_1,10,-0.07326807748417863,0.8405836970570234,-0.06666666666666665,0.8548130882487426,Baseline,2
REACTOME_ASSEMBLY_OF_COLLAGEN_FIBRILS_AND_OTHER_MULTIMERIC_STRUCTURES,embedding_2,10,0.06254569995342854,0.8637152562231578,0.01818181818181818,0.9602404181286243,Baseline,2
REACTOME_ASSEMBLY_OF_COLLAGEN_FIBRILS_AND_OTHER_MULTIMERIC_STRUCTURES,embedding_3,10,-0.09998476431723488,0.7834567445787499,-0.04242424242424241,0.907363817812816,Baseline,2
REACTOME_ASSEMBLY_OF_COLLAGEN_FIBRILS_AND_OTHER_MULTIMERIC_STRUCTURES,embedding_4,10,-0.15280113932307854,0.6734429773657911,-0.309090909090909,0.3848412302612835,Baseline,2
REACTOME_ASSEMBLY_OF_COLLAGEN_FIBRILS_AND_OTHER_MULTIMERIC_STRUCTURES,embedding_5,10,0.12896711942497605,0.7225300772441285,0.28484848484848485,0.42503815489214547,Baseline,2
REACTOME_ASSEMBLY_OF_COLLAGEN_FIBRILS_AND_OTHER_MULTIMERIC_STRUCTURES,embedding_6,10,0.10464846640483615,0.7735720057732647,0.11515151515151514,0.7514196523258483,Baseline,2
REACTOME_ASSEMBLY_OF_COLLAGEN_FIBRILS_AND_OTHER_MULTIMERIC_STRUCTURES,embedding_7,10,0.424900993759775,0.22094027155965015,0.3696969696969697,0.2930500752928223,Baseline,2
REACTOME_ASSEMBLY_OF_COLLAGEN_FIBRILS_AND_OTHER_MULTIMERIC_STRUCTURES,embedding_8,10,-0.12410570594176538,0.7326616834497927,-0.4666666666666666,0.17393859716506632,Baseline,2
REACTOME_ASSEMBLY_OF_COLLAGEN_FIBRILS_AND_OTHER_MULTIMERIC_STRUCTURES,embedding_9,10,-0.08693527718178706,0.811259838235566,-0.1515151515151515,0.6760651759978538,Baseline,2
REACTOME_ASSEMBLY_OF_COLLAGEN_FIBRILS_AND_OTHER_MULTIMERIC_STRUCTURES,embedding_10,10,0.12477844498524615,0.7312573812960104,-0.006060606060606061,0.9867429111949892,Baseline,2
REACTOME_ASSEMBLY_OF_COLLAGEN_FIBRILS_AND_OTHER_MULTIMERIC_STRUCTURES,embedding_11,10,-0.09898229993282356,0.7855851682114312,-0.04242424242424241,0.907363817812816,Baseline,2
REACTOME_ASSEMBLY_OF_COLLAGEN_FIBRILS_AND_OTHER_MULTIMERIC_STRUCTURES,embedding_12,10,-0.1497168828145944,0.6797372021731833,-0.11515151515151514,0.7514196523258483,Baseline,2
REACTOME_ASSEMBLY_OF_COLLAGEN_FIBRILS_AND_OTHER_MULTIMERIC_STRUCTURES,embedding_13,10,0.11834052161744485,0.7447250859219331,0.35757575757575755,0.3103760917056799,Baseline,2
REACTOME_ASSEMBLY_OF_COLLAGEN_FIBRILS_AND_OTHER_MULTIMERIC_STRUCTURES,embedding_14,10,0.014137659240351218,0.9690800509814208,-0.04242424242424241,0.907363817812816,Baseline,2
REACTOME_ASSEMBLY_OF_COLLAGEN_FIBRILS_AND_OTHER_MULTIMERIC_STRUCTURES,embedding_15,10,0.056060078087056646,0.8777532507411423,0.4545454545454545,0.186904810349332,Baseline,2
REACTOME_ASSEMBLY_OF_COLLAGEN_FIBRILS_AND_OTHER_MULTIMERIC_STRUCTURES,embedding_16,10,0.12109864488402791,0.7389474271749974,0.11515151515151514,0.7514196523258483,Baseline,2
REACTOME_ASSEMBLY_OF_COLLAGEN_FIBRILS_AND_OTHER_MULTIMERIC_STRUCTURES,embedding_17,10,-0.09906864175188025,0.7854017974583261,-0.34545454545454546,0.32822651147136733,Baseline,2
REACTOME_ASSEMBLY_OF_COLLAGEN_FIBRILS_AND_OTHER_MULTIMERIC_STRUCTURES,embedding_18,10,-0.13629066063612125,0.7073406481192983,-0.5393939393939393,0.1075931877824148,Baseline,2
REACTOME_ASSEMBLY_OF_COLLAGEN_FIBRILS_AND_OTHER_MULTIMERIC_STRUCTURES,embedding_19,10,0.2054897655609279,0.5689960585100523,0.18787878787878787,0.603217610029209,Baseline,2
REACTOME_ASSEMBLY_OF_COLLAGEN_FIBRILS_AND_OTHER_MULTIMERIC_STRUCTURES,embedding_20,10,0.23824556247691042,0.5074256562105597,0.309090909090909,0.3848412302612835,Baseline,2
REACTOME_ASSEMBLY_OF_COLLAGEN_FIBRILS_AND_OTHER_MULTIMERIC_STRUCTURES,embedding_21,10,-0.061699562632379454,0.8655448344915165,0.05454545454545454,0.8810361811618526,Baseline,2
REACTOME_ASSEMBLY_OF_COLLAGEN_FIBRILS_AND_OTHER_MULTIMERIC_STRUCTURES,embedding_22,10,0.07158866290649527,0.8441999011490942,-0.11515151515151514,0.7514196523258483,Baseline,2
REACTOME_ASSEMBLY_OF_COLLAGEN_FIBRILS_AND_OTHER_MULTIMERIC_STRUCTURES,embedding_23,10,0.02482825041995721,0.9457216698993293,-0.1515151515151515,0.6760651759978538,Baseline,2
REACTOME_ASSEMBLY_OF_COLLAGEN_FIBRILS_AND_OTHER_MULTIMERIC_STRUCTURES,embedding_24,10,-0.33837415777845475,0.33889305847806983,-0.13939393939393938,0.7009318849100584,Baseline,2
REACTOME_ASSEMBLY_OF_COLLAGEN_FIBRILS_AND_OTHER_MULTIMERIC_STRUCTURES,embedding_25,10,0.012908221113177326,0.9717679707104879,0.006060606060606061,0.9867429111949892,Baseline,2
REACTOME_ASSEMBLY_OF_COLLAGEN_FIBRILS_AND_OTHER_MULTIMERIC_STRUCTURES,embedding_26,10,-0.20259372329930353,0.5745723783979513,-0.22424242424242422,0.5334005612725947,Baseline,2
REACTOME_ASSEMBLY_OF_COLLAGEN_FIBRILS_AND_OTHER_MULTIMERIC_STRUCTURES,embedding_27,10,-0.043925637003434964,0.9040978513379423,-0.12727272727272726,0.7260570147627894,Baseline,2
REACTOME_ASSEMBLY_OF_COLLAGEN_FIBRILS_AND_OTHER_MULTIMERIC_STRUCTURES,embedding_28,10,0.028280535345966064,0.9381857830559099,-0.09090909090909088,0.8027717312071619,Baseline,2
REACTOME_ASSEMBLY_OF_COLLAGEN_FIBRILS_AND_OTHER_MULTIMERIC_STRUCTURES,embedding_29,10,0.1881830202130953,0.6026202238969247,0.23636363636363633,0.5108853175152002,Baseline,2
REACTOME_ASSEMBLY_OF_COLLAGEN_FIBRILS_AND_OTHER_MULTIMERIC_STRUCTURES,embedding_30,10,-0.019009216293343668,0.9584323620078888,-0.11515151515151514,0.7514196523258483,Baseline,2
REACTOME_ASSEMBLY_OF_COLLAGEN_FIBRILS_AND_OTHER_MULTIMERIC_STRUCTURES,embedding_31,10,-0.2906416301712333,0.4152600197262482,-0.29696969696969694,0.4047016712701569,Baseline,2
REACTOME_MOLECULES_ASSOCIATED_WITH_ELASTIC_FIBRES,embedding_0,10,0.33631130369203865,0.3420336494760531,-0.07878787878787878,0.8287173946974606,Baseline,2
REACTOME_MOLECULES_ASSOCIATED_WITH_ELASTIC_FIBRES,embedding_1,10,0.07338728614901557,0.8403271119504432,0.22424242424242422,0.5334005612725947,Baseline,2
REACTOME_MOLECULES_ASSOCIATED_WITH_ELASTIC_FIBRES,embedding_2,10,-0.5146461740433715,0.1279915827368132,-0.4787878787878787,0.1615229280174558,Baseline,2
REACTOME_MOLECULES_ASSOCIATED_WITH_ELASTIC_FIBRES,embedding_3,10,-0.4819820234657693,0.15834259879784784,-0.41818181818181815,0.22911284098281892,Baseline,2
REACTOME_MOLECULES_ASSOCIATED_WITH_ELASTIC_FIBRES,embedding_4,10,0.32818252529550024,0.3545526934166756,0.32121212121212117,0.3654683104386702,Baseline,2
REACTOME_MOLECULES_ASSOCIATED_WITH_ELASTIC_FIBRES,embedding_5,10,-0.4855564684238126,0.15482871176947888,-0.2606060606060606,0.4670890543863402,Baseline,2
REACTOME_MOLECULES_ASSOCIATED_WITH_ELASTIC_FIBRES,embedding_6,10,-0.2473265009664362,0.4908711357219087,-0.41818181818181815,0.22911284098281892,Baseline,2
REACTOME_MOLECULES_ASSOCIATED_WITH_ELASTIC_FIBRES,embedding_7,10,0.2723355673214511,0.446518101971221,0.2121212121212121,0.5563057751029299,Baseline,2
REACTOME_MOLECULES_ASSOCIATED_WITH_ELASTIC_FIBRES,embedding_8,10,0.3410121049235425,0.3348985147491506,0.07878787878787878,0.8287173946974606,Baseline,2
REACTOME_MOLECULES_ASSOCIATED_WITH_ELASTIC_FIBRES,embedding_9,10,0.06976029631960737,0.8481398167989987,0.09090909090909088,0.8027717312071619,Baseline,2
REACTOME_MOLECULES_ASSOCIATED_WITH_ELASTIC_FIBRES,embedding_10,10,0.01238011523817336,0.9729226482422493,0.19999999999999998,0.5795840000000001,Baseline,2
REACTOME_MOLECULES_ASSOCIATED_WITH_ELASTIC_FIBRES,embedding_11,10,0.4439834713318518,0.19865286454784636,0.4424242424242424,0.20042268671194224,Baseline,2
REACTOME_MOLECULES_ASSOCIATED_WITH_ELASTIC_FIBRES,embedding_12,10,0.16706638960699852,0.6445729414387927,-0.17575757575757575,0.6271883447764844,Baseline,2
REACTOME_MOLECULES_ASSOCIATED_WITH_ELASTIC_FIBRES,embedding_13,10,-0.4561966708382964,0.18510604137239778,-0.17575757575757575,0.6271883447764844,Baseline,2
REACTOME_MOLECULES_ASSOCIATED_WITH_ELASTIC_FIBRES,embedding_14,10,-0.2871219384919258,0.42118813197188815,0.09090909090909088,0.8027717312071619,Baseline,2
REACTOME_MOLECULES_ASSOCIATED_WITH_ELASTIC_FIBRES,embedding_15,10,-0.38779587507638047,0.2681702933982605,0.006060606060606061,0.9867429111949892,Baseline,2
REACTOME_MOLECULES_ASSOCIATED_WITH_ELASTIC_FIBRES,embedding_16,10,-0.2172032171960484,0.546656008038289,-0.41818181818181815,0.22911284098281892,Baseline,2
REACTOME_MOLECULES_ASSOCIATED_WITH_ELASTIC_FIBRES,embedding_17,10,0.34192149834976515,0.33352708794498853,-0.10303030303030303,0.7769984634438898,Baseline,2
REACTOME_MOLECULES_ASSOCIATED_WITH_ELASTIC_FIBRES,embedding_18,10,0.28922174915341214,0.4176467337942166,-0.09090909090909088,0.8027717312071619,Baseline,2
REACTOME_MOLECULES_ASSOCIATED_WITH_ELASTIC_FIBRES,embedding_19,10,-0.15086633259308702,0.6773893459070495,-0.34545454545454546,0.32822651147136733,Baseline,2
REACTOME_MOLECULES_ASSOCIATED_WITH_ELASTIC_FIBRES,embedding_20,10,-0.26231890974565303,0.46405929852379857,-0.32121212121212117,0.3654683104386702,Baseline,2
REACTOME_MOLECULES_ASSOCIATED_WITH_ELASTIC_FIBRES,embedding_21,10,0.19373717271077187,0.5917518550088602,-0.1515151515151515,0.6760651759978538,Baseline,2
REACTOME_MOLECULES_ASSOCIATED_WITH_ELASTIC_FIBRES,embedding_22,10,0.34868557819336404,0.32341746319090037,0.28484848484848485,0.42503815489214547,Baseline,2
REACTOME_MOLECULES_ASSOCIATED_WITH_ELASTIC_FIBRES,embedding_23,10,0.3514622701267888,0.3193141008138728,0.09090909090909088,0.8027717312071619,Baseline,2
REACTOME_MOLECULES_ASSOCIATED_WITH_ELASTIC_FIBRES,embedding_24,10,0.0823665523729611,0.8210405635185638,-0.2727272727272727,0.44583834154275137,Baseline,2
REACTOME_MOLECULES_ASSOCIATED_WITH_ELASTIC_FIBRES,embedding_25,10,-0.536806476024884,0.10962283290744454,-0.5636363636363636,0.08972402831709125,Baseline,2
REACTOME_MOLECULES_ASSOCIATED_WITH_ELASTIC_FIBRES,embedding_26,10,0.2568810762605407,0.47370799645131434,-0.32121212121212117,0.3654683104386702,Baseline,2
REACTOME_MOLECULES_ASSOCIATED_WITH_ELASTIC_FIBRES,embedding_27,10,0.4641218034161033,0.17661515699709926,0.18787878787878787,0.603217610029209,Baseline,2
REACTOME_MOLECULES_ASSOCIATED_WITH_ELASTIC_FIBRES,embedding_28,10,-0.27572024760685215,0.4406599395645757,0.0303030303030303,0.9337729580941466,Baseline,2
REACTOME_MOLECULES_ASSOCIATED_WITH_ELASTIC_FIBRES,embedding_29,10,0.2355598538113702,0.5123659489932619,0.07878787878787878,0.8287173946974606,Baseline,2
REACTOME_MOLECULES_ASSOCIATED_WITH_ELASTIC_FIBRES,embedding_30,10,-0.29188400650843693,0.4131769648719904,-0.11515151515151514,0.7514196523258483,Baseline,2
REACTOME_MOLECULES_ASSOCIATED_WITH_ELASTIC_FIBRES,embedding_31,10,0.13626624706442567,0.7073911322588192,0.35757575757575755,0.3103760917056799,Baseline,2
REACTOME_ECM_PROTEOGLYCANS,embedding_0,10,0.21470409009668764,0.5513931031598902,-0.309090909090909,0.3848412302612835,Baseline,2
REACTOME_ECM_PROTEOGLYCANS,embedding_1,10,0.20380808623292335,0.5722316157840174,0.11515151515151514,0.7514196523258483,Baseline,2
REACTOME_ECM_PROTEOGLYCANS,embedding_2,10,-0.5630040740658615,0.09016407344897293,-0.33333333333333326,0.34659350708733405,Baseline,2
REACTOME_ECM_PROTEOGLYCANS,embedding_3,10,-0.6548202667369755,0.039900564262624914,-0.4424242424242424,0.20042268671194224,Baseline,2
REACTOME_ECM_PROTEOGLYCANS,embedding_4,10,0.404839680017958,0.24584058503105805,-0.01818181818181818,0.9602404181286243,Baseline,2
REACTOME_ECM_PROTEOGLYCANS,embedding_5,10,-0.4440876402009205,0.19853495180961678,0.0303030303030303,0.9337729580941466,Baseline,2
REACTOME_ECM_PROTEOGLYCANS,embedding_6,10,-0.349996484334298,0.3214768230642602,-0.17575757575757575,0.6271883447764844,Baseline,2
REACTOME_ECM_PROTEOGLYCANS,embedding_7,10,0.10015738504594278,0.7830903678558693,0.10303030303030303,0.7769984634438898,Baseline,2
REACTOME_ECM_PROTEOGLYCANS,embedding_8,10,0.2913864519401851,0.4140106062627451,-0.22424242424242422,0.5334005612725947,Baseline,2
REACTOME_ECM_PROTEOGLYCANS,embedding_9,10,0.14097927082074516,0.6976644398167116,-0.0303030303030303,0.9337729580941466,Baseline,2
REACTOME_ECM_PROTEOGLYCANS,embedding_10,10,0.1983028745625473,0.5828720243963943,0.2727272727272727,0.44583834154275137,Baseline,2
REACTOME_ECM_PROTEOGLYCANS,embedding_11,10,0.4974813765341827,0.14344931147833642,0.29696969696969694,0.4047016712701569,Baseline,2
REACTOME_ECM_PROTEOGLYCANS,embedding_12,10,0.01579319397114125,0.9654610039358629,-0.22424242424242422,0.5334005612725947,Baseline,2
REACTOME_ECM_PROTEOGLYCANS,embedding_13,10,-0.40740944432804305,0.2425671882644074,0.12727272727272726,0.7260570147627894,Baseline,2
REACTOME_ECM_PROTEOGLYCANS,embedding_14,10,-0.16101396260320228,0.6567722190443178,0.1515151515151515,0.6760651759978538,Baseline,2
REACTOME_ECM_PROTEOGLYCANS,embedding_15,10,-0.33911452123274743,0.33776950395303007,0.17575757575757575,0.6271883447764844,Baseline,2
REACTOME_ECM_PROTEOGLYCANS,embedding_16,10,-0.32356145339626474,0.36177076744633163,-0.23636363636363633,0.5108853175152002,Baseline,2
REACTOME_ECM_PROTEOGLYCANS,embedding_17,10,0.22663011374752084,0.5289340435528913,-0.35757575757575755,0.3103760917056799,Baseline,2
REACTOME_ECM_PROTEOGLYCANS,embedding_18,10,0.1680549258318,0.6425875931607191,-0.38181818181818183,0.27625533338543595,Baseline,2
REACTOME_ECM_PROTEOGLYCANS,embedding_19,10,-0.26461857120518695,0.4600053466264812,-0.07878787878787878,0.8287173946974606,Baseline,2
REACTOME_ECM_PROTEOGLYCANS,embedding_20,10,-0.29341341708372726,0.4106194452384851,0.0303030303030303,0.9337729580941466,Baseline,2
REACTOME_ECM_PROTEOGLYCANS,embedding_21,10,0.06960918546284187,0.8484655796536777,-0.12727272727272726,0.7260570147627894,Baseline,2
REACTOME_ECM_PROTEOGLYCANS,embedding_22,10,0.471725061859659,0.16869048312807255,0.24848484848484845,0.48877630451924314,Baseline,2
REACTOME_ECM_PROTEOGLYCANS,embedding_23,10,0.3540030867075952,0.3155832488239683,0.16363636363636364,0.6514773427962428,Baseline,2
REACTOME_ECM_PROTEOGLYCANS,embedding_24,10,0.02408056072518433,0.9473543083304624,-0.13939393939393938,0.7009318849100584,Baseline,2
REACTOME_ECM_PROTEOGLYCANS,embedding_25,10,-0.5942541977595234,0.07003632894183978,-0.32121212121212117,0.3654683104386702,Baseline,2
REACTOME_ECM_PROTEOGLYCANS,embedding_26,10,0.19020621935752047,0.5986529245160913,-0.2121212121212121,0.5563057751029299,Baseline,2
REACTOME_ECM_PROTEOGLYCANS,embedding_27,10,0.3845066117229254,0.27260293168569827,-0.12727272727272726,0.7260570147627894,Baseline,2
REACTOME_ECM_PROTEOGLYCANS,embedding_28,10,-0.13167353371627674,0.716906351170689,0.09090909090909088,0.8027717312071619,Baseline,2
REACTOME_ECM_PROTEOGLYCANS,embedding_29,10,0.19412884771375244,0.5909881472713057,0.2121212121212121,0.5563057751029299,Baseline,2
REACTOME_ECM_PROTEOGLYCANS,embedding_30,10,-0.167070028841986,0.6445656287819688,0.01818181818181818,0.9602404181286243,Baseline,2
REACTOME_ECM_PROTEOGLYCANS,embedding_31,10,0.14942839234658487,0.680326860520796,0.0303030303030303,0.9337729580941466,Baseline,2
REACTOME_ELASTIC_FIBRE_FORMATION,embedding_0,10,-0.3800978702115538,0.27860635589735416,-0.28484848484848485,0.42503815489214547,Baseline,3
REACTOME_ELASTIC_FIBRE_FORMATION,embedding_1,10,0.5065412869131042,0.13515550084914968,0.4666666666666666,0.17393859716506632,Baseline,3
REACTOME_ELASTIC_FIBRE_FORMATION,embedding_2,10,-0.5771358599956241,0.08065528430171627,-0.6727272727272726,0.0330412225454377,Baseline,3
REACTOME_ELASTIC_FIBRE_FORMATION,embedding_3,10,-0.8528480902299789,0.0017108681709678514,-0.7939393939393938,0.0060999233136969115,Baseline,3
REACTOME_ELASTIC_FIBRE_FORMATION,embedding_4,10,0.7374076729211992,0.014937396643826923,0.5878787878787878,0.07387770688865801,Baseline,3
REACTOME_ELASTIC_FIBRE_FORMATION,embedding_5,10,0.8468612121140774,0.0019915592764054983,0.8545454545454544,0.0016368033159867143,Baseline,3
REACTOME_ELASTIC_FIBRE_FORMATION,embedding_6,10,0.2561858886432524,0.47494781031894673,0.09090909090909088,0.8027717312071619,Baseline,3
REACTOME_ELASTIC_FIBRE_FORMATION,embedding_7,10,-0.7700966086749998,0.00916290162559357,-0.6,0.06668799999999996,Baseline,3
REACTOME_ELASTIC_FIBRE_FORMATION,embedding_8,10,0.7630767605944786,0.01023966060452613,0.5878787878787878,0.07387770688865801,Baseline,3
REACTOME_ELASTIC_FIBRE_FORMATION,embedding_9,10,0.20780943047481548,0.564544506314478,0.01818181818181818,0.9602404181286243,Baseline,3
REACTOME_ELASTIC_FIBRE_FORMATION,embedding_10,10,-0.8077554179462167,0.004704598931471072,-0.6727272727272726,0.0330412225454377,Baseline,3
REACTOME_ELASTIC_FIBRE_FORMATION,embedding_11,10,-0.37858519672479435,0.2806825437902931,-0.4424242424242424,0.20042268671194224,Baseline,3
REACTOME_ELASTIC_FIBRE_FORMATION,embedding_12,10,0.33236468081624654,0.3480833184561999,0.4424242424242424,0.20042268671194224,Baseline,3
REACTOME_ELASTIC_FIBRE_FORMATION,embedding_13,10,0.8228867450799244,0.0034559193739343128,0.7939393939393938,0.0060999233136969115,Baseline,3
REACTOME_ELASTIC_FIBRE_FORMATION,embedding_14,10,0.8498236719117799,0.0018488107875295641,0.8545454545454544,0.0016368033159867143,Baseline,3
REACTOME_ELASTIC_FIBRE_FORMATION,embedding_15,10,-0.8459490848228608,0.002037070382910493,-0.8545454545454544,0.0016368033159867143,Baseline,3
REACTOME_ELASTIC_FIBRE_FORMATION,embedding_16,10,-0.5891501733856265,0.07310098986731006,-0.5878787878787878,0.07387770688865801,Baseline,3
REACTOME_ELASTIC_FIBRE_FORMATION,embedding_17,10,0.8790294025766441,0.0008076396135425722,0.8666666666666665,0.0011735381801554687,Baseline,3
REACTOME_ELASTIC_FIBRE_FORMATION,embedding_18,10,0.872663044482602,0.0009836509389000065,0.8787878787878788,0.0008138621117322101,Baseline,3
REACTOME_ELASTIC_FIBRE_FORMATION,embedding_19,10,0.7643031693863188,0.01004543863960907,0.6242424242424242,0.053717767217167395,Baseline,3
REACTOME_ELASTIC_FIBRE_FORMATION,embedding_20,10,-0.22984695492255192,0.5229406308653545,-0.32121212121212117,0.3654683104386702,Baseline,3
REACTOME_ELASTIC_FIBRE_FORMATION,embedding_21,10,0.6597503310008082,0.03792450407242907,0.6,0.06668799999999996,Baseline,3
REACTOME_ELASTIC_FIBRE_FORMATION,embedding_22,10,0.43535287607399875,0.20856372771232742,0.33333333333333326,0.34659350708733405,Baseline,3
REACTOME_ELASTIC_FIBRE_FORMATION,embedding_23,10,-0.6052415099790635,0.0637264551933251,-0.3939393939393939,0.25999776683488757,Baseline,3
REACTOME_ELASTIC_FIBRE_FORMATION,embedding_24,10,0.8962352891643217,0.0004467321729913109,0.8909090909090909,0.0005421442248338665,Baseline,3
REACTOME_ELASTIC_FIBRE_FORMATION,embedding_25,10,-0.5177155599914297,0.12534123813036277,-0.406060606060606,0.24428229408662638,Baseline,3
REACTOME_ELASTIC_FIBRE_FORMATION,embedding_26,10,0.02598885640988828,0.9431877591303894,0.18787878787878787,0.603217610029209,Baseline,3
REACTOME_ELASTIC_FIBRE_FORMATION,embedding_27,10,0.8727174761067354,0.0009820373900562595,0.8909090909090909,0.0005421442248338665,Baseline,3
REACTOME_ELASTIC_FIBRE_FORMATION,embedding_28,10,0.24881356393554935,0.4881825351973603,0.22424242424242422,0.5334005612725947,Baseline,3
REACTOME_ELASTIC_FIBRE_FORMATION,embedding_29,10,0.7534505052646046,0.011856950179511546,0.5757575757575757,0.08155281477260236,Baseline,3
REACTOME_ELASTIC_FIBRE_FORMATION,embedding_30,10,-0.7788199404900606,0.007939380086323762,-0.6727272727272726,0.0330412225454377,Baseline,3
REACTOME_ELASTIC_FIBRE_FORMATION,embedding_31,10,-0.8691856083697852,0.0010907959495038038,-0.8787878787878788,0.0008138621117322101,Baseline,3
REACTOME_NON_INTEGRIN_MEMBRANE_ECM_INTERACTIONS,embedding_0,10,0.008164291951021342,0.9821418017389238,0.07878787878787878,0.8287173946974606,Baseline,3
REACTOME_NON_INTEGRIN_MEMBRANE_ECM_INTERACTIONS,embedding_1,10,0.08936424217444953,0.8060693853401978,0.18787878787878787,0.603217610029209,Baseline,3
REACTOME_NON_INTEGRIN_MEMBRANE_ECM_INTERACTIONS,embedding_2,10,-0.09377574600054168,0.7966599872651613,-0.22424242424242422,0.5334005612725947,Baseline,3
REACTOME_NON_INTEGRIN_MEMBRANE_ECM_INTERACTIONS,embedding_3,10,-0.16659262183102042,0.6455251616827089,-0.12727272727272726,0.7260570147627894,Baseline,3
REACTOME_NON_INTEGRIN_MEMBRANE_ECM_INTERACTIONS,embedding_4,10,0.1515573832645034,0.675979013189798,0.2121212121212121,0.5563057751029299,Baseline,3
REACTOME_NON_INTEGRIN_MEMBRANE_ECM_INTERACTIONS,embedding_5,10,0.17589360647714053,0.6269175307493224,0.3696969696969697,0.2930500752928223,Baseline,3
REACTOME_NON_INTEGRIN_MEMBRANE_ECM_INTERACTIONS,embedding_6,10,0.0008729879946687592,0.9980903402170298,0.06666666666666665,0.8548130882487426,Baseline,3
REACTOME_NON_INTEGRIN_MEMBRANE_ECM_INTERACTIONS,embedding_7,10,-0.14299125581530972,0.6935240795946578,-0.22424242424242422,0.5334005612725947,Baseline,3
REACTOME_NON_INTEGRIN_MEMBRANE_ECM_INTERACTIONS,embedding_8,10,0.15705682470883622,0.6647880939647807,0.2121212121212121,0.5563057751029299,Baseline,3
REACTOME_NON_INTEGRIN_MEMBRANE_ECM_INTERACTIONS,embedding_9,10,0.024202738082190096,0.9470875123887063,0.0303030303030303,0.9337729580941466,Baseline,3
REACTOME_NON_INTEGRIN_MEMBRANE_ECM_INTERACTIONS,embedding_10,10,-0.1607850504642407,0.6572350716246276,-0.18787878787878787,0.603217610029209,Baseline,3
REACTOME_NON_INTEGRIN_MEMBRANE_ECM_INTERACTIONS,embedding_11,10,-0.110825860306101,0.7605241858568285,-0.06666666666666665,0.8548130882487426,Baseline,3
REACTOME_NON_INTEGRIN_MEMBRANE_ECM_INTERACTIONS,embedding_12,10,0.08977909332963545,0.8051835662296434,0.06666666666666665,0.8548130882487426,Baseline,3
REACTOME_NON_INTEGRIN_MEMBRANE_ECM_INTERACTIONS,embedding_13,10,0.1730875650395443,0.6325119638130308,0.23636363636363633,0.5108853175152002,Baseline,3
REACTOME_NON_INTEGRIN_MEMBRANE_ECM_INTERACTIONS,embedding_14,10,0.17130260433625424,0.6360794319132017,0.18787878787878787,0.603217610029209,Baseline,3
REACTOME_NON_INTEGRIN_MEMBRANE_ECM_INTERACTIONS,embedding_15,10,-0.17457385426917826,0.6295466222763537,-0.18787878787878787,0.603217610029209,Baseline,3
REACTOME_NON_INTEGRIN_MEMBRANE_ECM_INTERACTIONS,embedding_16,10,-0.2460799023307111,0.49312985451365304,-0.05454545454545454,0.8810361811618526,Baseline,3
REACTOME_NON_INTEGRIN_MEMBRANE_ECM_INTERACTIONS,embedding_17,10,0.22966754141874693,0.5232741680203601,0.309090909090909,0.3848412302612835,Baseline,3
REACTOME_NON_INTEGRIN_MEMBRANE_ECM_INTERACTIONS,embedding_18,10,0.18525258481188578,0.6083831832612852,0.32121212121212117,0.3654683104386702,Baseline,3
REACTOME_NON_INTEGRIN_MEMBRANE_ECM_INTERACTIONS,embedding_19,10,0.15170221251254012,0.6756835528219336,0.18787878787878787,0.603217610029209,Baseline,3
REACTOME_NON_INTEGRIN_MEMBRANE_ECM_INTERACTIONS,embedding_20,10,-0.08834270883480821,0.8082514795161462,-0.10303030303030303,0.7769984634438898,Baseline,3
REACTOME_NON_INTEGRIN_MEMBRANE_ECM_INTERACTIONS,embedding_21,10,0.12046079784920238,0.7402825414603578,0.24848484848484845,0.48877630451924314,Baseline,3
REACTOME_NON_INTEGRIN_MEMBRANE_ECM_INTERACTIONS,embedding_22,10,0.03008072350594408,0.9342579255698011,0.09090909090909088,0.8027717312071619,Baseline,3
REACTOME_NON_INTEGRIN_MEMBRANE_ECM_INTERACTIONS,embedding_23,10,-0.10492430608280086,0.7729882653524685,0.11515151515151514,0.7514196523258483,Baseline,3
REACTOME_NON_INTEGRIN_MEMBRANE_ECM_INTERACTIONS,embedding_24,10,0.20542677755687958,0.5691171218313783,0.2606060606060606,0.4670890543863402,Baseline,3
REACTOME_NON_INTEGRIN_MEMBRANE_ECM_INTERACTIONS,embedding_25,10,-0.0981972108311097,0.7872529569943569,-0.16363636363636364,0.6514773427962428,Baseline,3
REACTOME_NON_INTEGRIN_MEMBRANE_ECM_INTERACTIONS,embedding_26,10,-0.003033876323656308,0.9933634566276631,0.0303030303030303,0.9337729580941466,Baseline,3
REACTOME_NON_INTEGRIN_MEMBRANE_ECM_INTERACTIONS,embedding_27,10,0.19476952635527123,0.5897397002223665,0.2606060606060606,0.4670890543863402,Baseline,3
REACTOME_NON_INTEGRIN_MEMBRANE_ECM_INTERACTIONS,embedding_28,10,-0.07624487308556405,0.8341805348230779,0.16363636363636364,0.6514773427962428,Baseline,3
REACTOME_NON_INTEGRIN_MEMBRANE_ECM_INTERACTIONS,embedding_29,10,0.15057903917444912,0.6779759354625512,0.19999999999999998,0.5795840000000001,Baseline,3
REACTOME_NON_INTEGRIN_MEMBRANE_ECM_INTERACTIONS,embedding_30,10,-0.15632615627703997,0.6662715696151087,-0.24848484848484845,0.48877630451924314,Baseline,3
REACTOME_NON_INTEGRIN_MEMBRANE_ECM_INTERACTIONS,embedding_31,10,-0.22579806001815103,0.5304887941468082,-0.32121212121212117,0.3654683104386702,Baseline,3
REACTOME_COLLAGEN_FORMATION,embedding_0,10,0.12204443334557258,0.7369688995610668,0.11515151515151514,0.7514196523258483,Baseline,3
REACTOME_COLLAGEN_FORMATION,embedding_1,10,0.037187426762214405,0.9187649064811364,0.0303030303030303,0.9337729580941466,Baseline,3
REACTOME_COLLAGEN_FORMATION,embedding_2,10,-0.5268312915145393,0.11767182746542518,-0.5757575757575757,0.08155281477260236,Baseline,3
REACTOME_COLLAGEN_FORMATION,embedding_3,10,-0.3815117224155939,0.2766733570062129,-0.2727272727272727,0.44583834154275137,Baseline,3
REACTOME_COLLAGEN_FORMATION,embedding_4,10,0.2502301789054283,0.48562721442799217,0.22424242424242422,0.5334005612725947,Baseline,3
REACTOME_COLLAGEN_FORMATION,embedding_5,10,0.3096261938327611,0.3839753325551063,0.23636363636363633,0.5108853175152002,Baseline,3
REACTOME_COLLAGEN_FORMATION,embedding_6,10,-0.006576351350637388,0.9856148535657683,-0.18787878787878787,0.603217610029209,Baseline,3
REACTOME_COLLAGEN_FORMATION,embedding_7,10,-0.24575272820989075,0.49372339759781847,-0.18787878787878787,0.603217610029209,Baseline,3
REACTOME_COLLAGEN_FORMATION,embedding_8,10,0.2702975326809854,0.45006245612760765,0.22424242424242422,0.5334005612725947,Baseline,3
REACTOME_COLLAGEN_FORMATION,embedding_9,10,-0.15342835379081665,0.6721651994431841,-0.2727272727272727,0.44583834154275137,Baseline,3
REACTOME_COLLAGEN_FORMATION,embedding_10,10,-0.3006832043260796,0.39856601109033835,-0.23636363636363633,0.5108853175152002,Baseline,3
REACTOME_COLLAGEN_FORMATION,embedding_11,10,-0.2991676852105778,0.40106461565039,-0.35757575757575755,0.3103760917056799,Baseline,3
REACTOME_COLLAGEN_FORMATION,embedding_12,10,0.3126565257095707,0.37909132296944636,0.35757575757575755,0.3103760917056799,Baseline,3
REACTOME_COLLAGEN_FORMATION,embedding_13,10,0.3112654199966009,0.3813295803817447,0.18787878787878787,0.603217610029209,Baseline,3
REACTOME_COLLAGEN_FORMATION,embedding_14,10,0.34684874066532245,0.3261468884994264,0.2727272727272727,0.44583834154275137,Baseline,3
REACTOME_COLLAGEN_FORMATION,embedding_15,10,-0.32272107171026104,0.36309126424841315,-0.2727272727272727,0.44583834154275137,Baseline,3
REACTOME_COLLAGEN_FORMATION,embedding_16,10,-0.2686551889003621,0.4529278781306256,-0.11515151515151514,0.7514196523258483,Baseline,3
REACTOME_COLLAGEN_FORMATION,embedding_17,10,0.5177509425987739,0.12531088620822903,0.5515151515151515,0.09840117666963498,Baseline,3
REACTOME_COLLAGEN_FORMATION,embedding_18,10,0.3828512485391683,0.2748487171890849,0.2606060606060606,0.4670890543863402,Baseline,3
REACTOME_COLLAGEN_FORMATION,embedding_19,10,0.24461375904965615,0.4957920347308661,0.1515151515151515,0.6760651759978538,Baseline,3
REACTOME_COLLAGEN_FORMATION,embedding_20,10,-0.28321323883544125,0.42781748575203005,-0.38181818181818183,0.27625533338543595,Baseline,3
REACTOME_COLLAGEN_FORMATION,embedding_21,10,0.15584356994813436,0.6672519362623359,0.2121212121212121,0.5563057751029299,Baseline,3
REACTOME_COLLAGEN_FORMATION,embedding_22,10,0.03530737952241853,0.9228613171710531,-0.04242424242424241,0.907363817812816,Baseline,3
REACTOME_COLLAGEN_FORMATION,embedding_23,10,-0.27729039256445676,0.4379543523996228,-0.17575757575757575,0.6271883447764844,Baseline,3
REACTOME_COLLAGEN_FORMATION,embedding_24,10,0.4471909813627801,0.1950408568942745,0.22424242424242422,0.5334005612725947,Baseline,3
REACTOME_COLLAGEN_FORMATION,embedding_25,10,-0.028409168513754884,0.9379050756778893,0.04242424242424241,0.907363817812816,Baseline,3
REACTOME_COLLAGEN_FORMATION,embedding_26,10,0.140121611355271,0.6994315659166035,0.28484848484848485,0.42503815489214547,Baseline,3
REACTOME_COLLAGEN_FORMATION,embedding_27,10,0.33182943754478916,0.34890792530251946,0.22424242424242422,0.5334005612725947,Baseline,3
REACTOME_COLLAGEN_FORMATION,embedding_28,10,-0.10110238581937754,0.7810853447058073,-0.13939393939393938,0.7009318849100584,Baseline,3
REACTOME_COLLAGEN_FORMATION,embedding_29,10,0.2738301505845541,0.4439269508632585,0.16363636363636364,0.6514773427962428,Baseline,3
REACTOME_COLLAGEN_FORMATION,embedding_30,10,-0.24402790163446397,0.4968575248598176,-0.23636363636363633,0.5108853175152002,Baseline,3
REACTOME_COLLAGEN_FORMATION,embedding_31,10,-0.4396876777799353,0.2035509353613028,-0.2606060606060606,0.4670890543863402,Baseline,3
REACTOME_COLLAGEN_DEGRADATION,embedding_0,10,0.22535296745610406,0.5313212396967335,0.01818181818181818,0.9602404181286243,Baseline,3
REACTOME_COLLAGEN_DEGRADATION,embedding_1,10,-0.14187316688077928,0.6958240433025313,-0.06666666666666665,0.8548130882487426,Baseline,3
REACTOME_COLLAGEN_DEGRADATION,embedding_2,10,-0.4701135240010018,0.17035206189446767,-0.43030303030303024,0.21449233253280775,Baseline,3
REACTOME_COLLAGEN_DEGRADATION,embedding_3,10,-0.18127928920279876,0.6162280668963492,-0.2121212121212121,0.5563057751029299,Baseline,3
REACTOME_COLLAGEN_DEGRADATION,embedding_4,10,0.047536346972269425,0.8962488996473963,0.13939393939393938,0.7009318849100584,Baseline,3
REACTOME_COLLAGEN_DEGRADATION,embedding_5,10,0.126307519287021,0.7280682083920196,0.1515151515151515,0.6760651759978538,Baseline,3
REACTOME_COLLAGEN_DEGRADATION,embedding_6,10,-0.145567322074792,0.6882335803069777,-0.16363636363636364,0.6514773427962428,Baseline,3
REACTOME_COLLAGEN_DEGRADATION,embedding_7,10,-0.0492512492563002,0.892523848465454,-0.09090909090909088,0.8027717312071619,Baseline,3
REACTOME_COLLAGEN_DEGRADATION,embedding_8,10,0.06639058410353015,0.8554090351893441,0.13939393939393938,0.7009318849100584,Baseline,3
REACTOME_COLLAGEN_DEGRADATION,embedding_9,10,-0.28579129014216337,0.42343955868009336,-0.2606060606060606,0.4670890543863402,Baseline,3
REACTOME_COLLAGEN_DEGRADATION,embedding_10,10,-0.09838456893854235,0.7868548754304925,-0.1515151515151515,0.6760651759978538,Baseline,3
REACTOME_COLLAGEN_DEGRADATION,embedding_11,10,-0.31044260421922454,0.38265650821858654,-0.309090909090909,0.3848412302612835,Baseline,3
REACTOME_COLLAGEN_DEGRADATION,embedding_12,10,0.32926151061289466,0.3528778541816725,0.309090909090909,0.3848412302612835,Baseline,3
REACTOME_COLLAGEN_DEGRADATION,embedding_13,10,0.10912849811501572,0.7641040608488076,0.10303030303030303,0.7769984634438898,Baseline,3
REACTOME_COLLAGEN_DEGRADATION,embedding_14,10,0.14814724136045576,0.6829473424389862,0.2121212121212121,0.5563057751029299,Baseline,3
REACTOME_COLLAGEN_DEGRADATION,embedding_15,10,-0.1250511132956625,0.7306884070141064,-0.2121212121212121,0.5563057751029299,Baseline,3
REACTOME_COLLAGEN_DEGRADATION,embedding_16,10,-0.18393464870416215,0.6109813842016444,-0.12727272727272726,0.7260570147627894,Baseline,3
REACTOME_COLLAGEN_DEGRADATION,embedding_17,10,0.34852349970668095,0.32365782278866895,0.3939393939393939,0.25999776683488757,Baseline,3
REACTOME_COLLAGEN_DEGRADATION,embedding_18,10,0.2196645385203666,0.5420063726333795,0.18787878787878787,0.603217610029209,Baseline,3
REACTOME_COLLAGEN_DEGRADATION,embedding_19,10,0.04221173085799415,0.9078261938494213,0.05454545454545454,0.8810361811618526,Baseline,3
REACTOME_COLLAGEN_DEGRADATION,embedding_20,10,-0.3228327233937639,0.36291568692036563,-0.32121212121212117,0.3654683104386702,Baseline,3
REACTOME_COLLAGEN_DEGRADATION,embedding_21,10,-0.03716565243062904,0.9188123406111351,0.12727272727272726,0.7260570147627894,Baseline,3
REACTOME_COLLAGEN_DEGRADATION,embedding_22,10,-0.13524930660792783,0.7094949449922521,-0.0303030303030303,0.9337729580941466,Baseline,3
REACTOME_COLLAGEN_DEGRADATION,embedding_23,10,-0.2116545476176636,0.557195189499888,-0.13939393939393938,0.7009318849100584,Baseline,3
REACTOME_COLLAGEN_DEGRADATION,embedding_24,10,0.26655022237994336,0.45661241207936853,0.1515151515151515,0.6760651759978538,Baseline,3
REACTOME_COLLAGEN_DEGRADATION,embedding_25,10,0.15431762972591379,0.6703548382972074,0.11515151515151514,0.7514196523258483,Baseline,3
REACTOME_COLLAGEN_DEGRADATION,embedding_26,10,0.23507174795484703,0.5132659487618944,0.2606060606060606,0.4670890543863402,Baseline,3
REACTOME_COLLAGEN_DEGRADATION,embedding_27,10,0.13180553190988575,0.7166323795428755,0.1515151515151515,0.6760651759978538,Baseline,3
REACTOME_COLLAGEN_DEGRADATION,embedding_28,10,-0.23333458132032742,0.5164743593710779,-0.17575757575757575,0.6271883447764844,Baseline,3
REACTOME_COLLAGEN_DEGRADATION,embedding_29,10,0.06886074636976058,0.8500793588134775,0.06666666666666665,0.8548130882487426,Baseline,3
REACTOME_COLLAGEN_DEGRADATION,embedding_30,10,-0.04650951452037139,0.8984802279044508,-0.1515151515151515,0.6760651759978538,Baseline,3
REACTOME_COLLAGEN_DEGRADATION,embedding_31,10,-0.2758088549445044,0.4405070532277907,-0.18787878787878787,0.603217610029209,Baseline,3
REACTOME_DEGRADATION_OF_THE_EXTRACELLULAR_MATRIX,embedding_0,10,-0.10334965576988395,0.7763219584935018,-0.24848484848484845,0.48877630451924314,Baseline,3
REACTOME_DEGRADATION_OF_THE_EXTRACELLULAR_MATRIX,embedding_1,10,0.07857301964463594,0.8291787241477571,0.01818181818181818,0.9602404181286243,Baseline,3
REACTOME_DEGRADATION_OF_THE_EXTRACELLULAR_MATRIX,embedding_2,10,-0.27973999117121207,0.43374861869906556,-0.34545454545454546,0.32822651147136733,Baseline,3
REACTOME_DEGRADATION_OF_THE_EXTRACELLULAR_MATRIX,embedding_3,10,-0.26622835349827756,0.45717699238150816,-0.17575757575757575,0.6271883447764844,Baseline,3
REACTOME_DEGRADATION_OF_THE_EXTRACELLULAR_MATRIX,embedding_4,10,0.20652370389593544,0.5670102276514186,0.17575757575757575,0.6271883447764844,Baseline,3
REACTOME_DEGRADATION_OF_THE_EXTRACELLULAR_MATRIX,embedding_5,10,0.21523773726817386,0.5503802251668268,0.16363636363636364,0.6514773427962428,Baseline,3
REACTOME_DEGRADATION_OF_THE_EXTRACELLULAR_MATRIX,embedding_6,10,0.017459719488077424,0.9618185043550633,-0.09090909090909088,0.8027717312071619,Baseline,3
REACTOME_DEGRADATION_OF_THE_EXTRACELLULAR_MATRIX,embedding_7,10,-0.19425735096865931,0.5907376639536821,-0.10303030303030303,0.7769984634438898,Baseline,3
REACTOME_DEGRADATION_OF_THE_EXTRACELLULAR_MATRIX,embedding_8,10,0.2231230718924376,0.5354996895943864,0.17575757575757575,0.6271883447764844,Baseline,3
REACTOME_DEGRADATION_OF_THE_EXTRACELLULAR_MATRIX,embedding_9,10,-0.08713768360422772,0.8108270604345118,-0.17575757575757575,0.6271883447764844,Baseline,3
REACTOME_DEGRADATION_OF_THE_EXTRACELLULAR_MATRIX,embedding_10,10,-0.23757193340276844,0.508662901105549,-0.05454545454545454,0.8810361811618526,Baseline,3
REACTOME_DEGRADATION_OF_THE_EXTRACELLULAR_MATRIX,embedding_11,10,-0.19136582916163256,0.5963833151108744,-0.22424242424242422,0.5334005612725947,Baseline,3
REACTOME_DEGRADATION_OF_THE_EXTRACELLULAR_MATRIX,embedding_12,10,0.16207066529223638,0.6546369661464981,0.22424242424242422,0.5334005612725947,Baseline,3
REACTOME_DEGRADATION_OF_THE_EXTRACELLULAR_MATRIX,embedding_13,10,0.24387965773219658,0.4971272880383434,0.10303030303030303,0.7769984634438898,Baseline,3
REACTOME_DEGRADATION_OF_THE_EXTRACELLULAR_MATRIX,embedding_14,10,0.2543921580090498,0.4781533375952636,0.2121212121212121,0.5563057751029299,Baseline,3
REACTOME_DEGRADATION_OF_THE_EXTRACELLULAR_MATRIX,embedding_15,10,-0.24378214620460364,0.49730476616001734,-0.2121212121212121,0.5563057751029299,Baseline,3
REACTOME_DEGRADATION_OF_THE_EXTRACELLULAR_MATRIX,embedding_16,10,-0.26486704369617037,0.45956827675508566,-0.2606060606060606,0.4670890543863402,Baseline,3
REACTOME_DEGRADATION_OF_THE_EXTRACELLULAR_MATRIX,embedding_17,10,0.35051841230115055,0.32070586227722636,0.35757575757575755,0.3103760917056799,Baseline,3
REACTOME_DEGRADATION_OF_THE_EXTRACELLULAR_MATRIX,embedding_18,10,0.27205215603164223,0.44701022334933505,0.2121212121212121,0.5563057751029299,Baseline,3
REACTOME_DEGRADATION_OF_THE_EXTRACELLULAR_MATRIX,embedding_19,10,0.19484868371867006,0.5895855189882727,0.06666666666666665,0.8548130882487426,Baseline,3
REACTOME_DEGRADATION_OF_THE_EXTRACELLULAR_MATRIX,embedding_20,10,-0.1678168617461581,0.6430655286923557,-0.18787878787878787,0.603217610029209,Baseline,3
REACTOME_DEGRADATION_OF_THE_EXTRACELLULAR_MATRIX,embedding_21,10,0.15525804343224203,0.6684420331109158,0.23636363636363633,0.5108853175152002,Baseline,3
REACTOME_DEGRADATION_OF_THE_EXTRACELLULAR_MATRIX,embedding_22,10,0.07754219392787527,0.8313926876350237,0.10303030303030303,0.7769984634438898,Baseline,3
REACTOME_DEGRADATION_OF_THE_EXTRACELLULAR_MATRIX,embedding_23,10,-0.14488767966282423,0.6896281987865283,0.05454545454545454,0.8810361811618526,Baseline,3
REACTOME_DEGRADATION_OF_THE_EXTRACELLULAR_MATRIX,embedding_24,10,0.320338138576864,0.36684862541980945,0.18787878787878787,0.603217610029209,Baseline,3
REACTOME_DEGRADATION_OF_THE_EXTRACELLULAR_MATRIX,embedding_25,10,-0.06343932273477688,0.8617836348228283,0.01818181818181818,0.9602404181286243,Baseline,3
REACTOME_DEGRADATION_OF_THE_EXTRACELLULAR_MATRIX,embedding_26,10,0.008950109786213217,0.9804232030817526,0.12727272727272726,0.7260570147627894,Baseline,3
REACTOME_DEGRADATION_OF_THE_EXTRACELLULAR_MATRIX,embedding_27,10,0.2608983163686469,0.4665714827451297,0.18787878787878787,0.603217610029209,Baseline,3
REACTOME_DEGRADATION_OF_THE_EXTRACELLULAR_MATRIX,embedding_28,10,-0.12280632410889272,0.7353760846618762,-0.10303030303030303,0.7769984634438898,Baseline,3
REACTOME_DEGRADATION_OF_THE_EXTRACELLULAR_MATRIX,embedding_29,10,0.20912962147482128,0.5620169857540747,0.10303030303030303,0.7769984634438898,Baseline,3
REACTOME_DEGRADATION_OF_THE_EXTRACELLULAR_MATRIX,embedding_30,10,-0.20178274124839132,0.5761376077137739,-0.12727272727272726,0.7260570147627894,Baseline,3
REACTOME_DEGRADATION_OF_THE_EXTRACELLULAR_MATRIX,embedding_31,10,-0.33524305724891423,0.34366581005353125,-0.2121212121212121,0.5563057751029299,Baseline,3
REACTOME_INTEGRIN_CELL_SURFACE_INTERACTIONS,embedding_0,10,0.36171500506778576,0.3044001385675228,0.2121212121212121,0.5563057751029299,Baseline,3
REACTOME_INTEGRIN_CELL_SURFACE_INTERACTIONS,embedding_1,10,-0.18274064490624628,0.6133386430988792,-0.05454545454545454,0.8810361811618526,Baseline,3
REACTOME_INTEGRIN_CELL_SURFACE_INTERACTIONS,embedding_2,10,-0.5147681458452092,0.12788560730651743,-0.4424242424242424,0.20042268671194224,Baseline,3
REACTOME_INTEGRIN_CELL_SURFACE_INTERACTIONS,embedding_3,10,-0.1809244093354988,0.6169304614431108,0.0303030303030303,0.9337729580941466,Baseline,3
REACTOME_INTEGRIN_CELL_SURFACE_INTERACTIONS,embedding_4,10,0.029979834952952464,0.9344780227407425,-0.006060606060606061,0.9867429111949892,Baseline,3
REACTOME_INTEGRIN_CELL_SURFACE_INTERACTIONS,embedding_5,10,0.14347645600171172,0.6925266985310788,0.17575757575757575,0.6271883447764844,Baseline,3
REACTOME_INTEGRIN_CELL_SURFACE_INTERACTIONS,embedding_6,10,-0.22570241375998285,0.5306676343877483,-0.28484848484848485,0.42503815489214547,Baseline,3
REACTOME_INTEGRIN_CELL_SURFACE_INTERACTIONS,embedding_7,10,-0.0386258029182237,0.9156320042738557,-0.01818181818181818,0.9602404181286243,Baseline,3
REACTOME_INTEGRIN_CELL_SURFACE_INTERACTIONS,embedding_8,10,0.05468195673323855,0.8807402465170485,-0.006060606060606061,0.9867429111949892,Baseline,3
REACTOME_INTEGRIN_CELL_SURFACE_INTERACTIONS,embedding_9,10,-0.3346596361807073,0.3445588825559215,-0.35757575757575755,0.3103760917056799,Baseline,3
REACTOME_INTEGRIN_CELL_SURFACE_INTERACTIONS,embedding_10,10,-0.09206559978738482,0.8003048629943228,0.04242424242424241,0.907363817812816,Baseline,3
REACTOME_INTEGRIN_CELL_SURFACE_INTERACTIONS,embedding_11,10,-0.3830882794714236,0.2745265283605173,-0.309090909090909,0.3848412302612835,Baseline,3
REACTOME_INTEGRIN_CELL_SURFACE_INTERACTIONS,embedding_12,10,0.4029429041749798,0.24827245756393126,0.309090909090909,0.3848412302612835,Baseline,3
REACTOME_INTEGRIN_CELL_SURFACE_INTERACTIONS,embedding_13,10,0.1077725022594521,0.7669668642507466,0.0303030303030303,0.9337729580941466,Baseline,3
REACTOME_INTEGRIN_CELL_SURFACE_INTERACTIONS,embedding_14,10,0.1504209590562128,0.6782987665360295,0.04242424242424241,0.907363817812816,Baseline,3
REACTOME_INTEGRIN_CELL_SURFACE_INTERACTIONS,embedding_15,10,-0.13060125613257775,0.7191330145643842,-0.04242424242424241,0.907363817812816,Baseline,3
REACTOME_INTEGRIN_CELL_SURFACE_INTERACTIONS,embedding_16,10,-0.2945646401552206,0.4086993022059145,-0.01818181818181818,0.9602404181286243,Baseline,3
REACTOME_INTEGRIN_CELL_SURFACE_INTERACTIONS,embedding_17,10,0.4144347811850592,0.23374368016946398,0.43030303030303024,0.21449233253280775,Baseline,3
REACTOME_INTEGRIN_CELL_SURFACE_INTERACTIONS,embedding_18,10,0.24241997452459565,0.49978682886775505,0.1515151515151515,0.6760651759978538,Baseline,3
REACTOME_INTEGRIN_CELL_SURFACE_INTERACTIONS,embedding_19,10,0.031721208441449586,0.9306796371850609,-0.04242424242424241,0.907363817812816,Baseline,3
REACTOME_INTEGRIN_CELL_SURFACE_INTERACTIONS,embedding_20,10,-0.41133942882718666,0.23760864168598655,-0.3939393939393939,0.25999776683488757,Baseline,3
REACTOME_INTEGRIN_CELL_SURFACE_INTERACTIONS,embedding_21,10,-0.07367760825274416,0.8397022784263931,0.04242424242424241,0.907363817812816,Baseline,3
REACTOME_INTEGRIN_CELL_SURFACE_INTERACTIONS,embedding_22,10,-0.23076777713381902,0.5212301562383178,-0.2121212121212121,0.5563057751029299,Baseline,3
REACTOME_INTEGRIN_CELL_SURFACE_INTERACTIONS,embedding_23,10,-0.2627712086841094,0.4632607142705855,-0.0303030303030303,0.9337729580941466,Baseline,3
REACTOME_INTEGRIN_CELL_SURFACE_INTERACTIONS,embedding_24,10,0.29443963603880274,0.4089075919072285,0.10303030303030303,0.7769984634438898,Baseline,3
REACTOME_INTEGRIN_CELL_SURFACE_INTERACTIONS,embedding_25,10,0.18265419723258913,0.613509436437873,0.11515151515151514,0.7514196523258483,Baseline,3
REACTOME_INTEGRIN_CELL_SURFACE_INTERACTIONS,embedding_26,10,0.2774820809304531,0.43762456868992816,0.406060606060606,0.24428229408662638,Baseline,3
REACTOME_INTEGRIN_CELL_SURFACE_INTERACTIONS,embedding_27,10,0.15350399769558243,0.672011146663755,0.10303030303030303,0.7769984634438898,Baseline,3
REACTOME_INTEGRIN_CELL_SURFACE_INTERACTIONS,embedding_28,10,-0.3257262335386936,0.3583803160555499,-0.17575757575757575,0.6271883447764844,Baseline,3
REACTOME_INTEGRIN_CELL_SURFACE_INTERACTIONS,embedding_29,10,0.0581771970242014,0.873167238815225,-0.0303030303030303,0.9337729580941466,Baseline,3
REACTOME_INTEGRIN_CELL_SURFACE_INTERACTIONS,embedding_30,10,-0.036932679869313784,0.9193198723551954,-0.01818181818181818,0.9602404181286243,Baseline,3
REACTOME_INTEGRIN_CELL_SURFACE_INTERACTIONS,embedding_31,10,-0.32551518078647046,0.35871016082144397,-0.1515151515151515,0.6760651759978538,Baseline,3
REACTOME_EXTRACELLULAR_MATRIX_ORGANIZATION,embedding_0,10,-0.05678402096471962,0.8761847019662954,-0.28484848484848485,0.42503815489214547,Baseline,3
REACTOME_EXTRACELLULAR_MATRIX_ORGANIZATION,embedding_1,10,0.15961502391538301,0.6596024616853886,0.2727272727272727,0.44583834154275137,Baseline,3
REACTOME_EXTRACELLULAR_MATRIX_ORGANIZATION,embedding_2,10,-0.5461606274092341,0.10239775121597591,-0.6484848484848483,0.04254012768448945,Baseline,3
REACTOME_EXTRACELLULAR_MATRIX_ORGANIZATION,embedding_3,10,-0.5230036737499164,0.12085546741315539,-0.5636363636363636,0.08972402831709125,Baseline,3
REACTOME_EXTRACELLULAR_MATRIX_ORGANIZATION,embedding_4,10,0.3894383373747717,0.2659717717107871,0.3696969696969697,0.2930500752928223,Baseline,3
REACTOME_EXTRACELLULAR_MATRIX_ORGANIZATION,embedding_5,10,0.501270401107874,0.13994386757195434,0.7333333333333332,0.01580059625057158,Baseline,3
REACTOME_EXTRACELLULAR_MATRIX_ORGANIZATION,embedding_6,10,-0.0025271661100842308,0.9944718594401293,-0.05454545454545454,0.8810361811618526,Baseline,3
REACTOME_EXTRACELLULAR_MATRIX_ORGANIZATION,embedding_7,10,-0.40591970386942405,0.244461847462949,-0.4666666666666666,0.17393859716506632,Baseline,3
REACTOME_EXTRACELLULAR_MATRIX_ORGANIZATION,embedding_8,10,0.4168087427757691,0.23080369308375678,0.3696969696969697,0.2930500752928223,Baseline,3
REACTOME_EXTRACELLULAR_MATRIX_ORGANIZATION,embedding_9,10,-0.08461630325815156,0.8162214407722244,-0.1515151515151515,0.6760651759978538,Baseline,3
REACTOME_EXTRACELLULAR_MATRIX_ORGANIZATION,embedding_10,10,-0.4588197224368274,0.18226964115089428,-0.406060606060606,0.24428229408662638,Baseline,3
REACTOME_EXTRACELLULAR_MATRIX_ORGANIZATION,embedding_11,10,-0.4103151511804833,0.2388954538383048,-0.49090909090909085,0.14965567342083677,Baseline,3
REACTOME_EXTRACELLULAR_MATRIX_ORGANIZATION,embedding_12,10,0.38113330591718253,0.27719000687792916,0.49090909090909085,0.14965567342083677,Baseline,3
REACTOME_EXTRACELLULAR_MATRIX_ORGANIZATION,embedding_13,10,0.4762879714357542,0.16403859041831084,0.5515151515151515,0.09840117666963498,Baseline,3
REACTOME_EXTRACELLULAR_MATRIX_ORGANIZATION,embedding_14,10,0.5084953937916418,0.13340623994360418,0.6727272727272726,0.0330412225454377,Baseline,3
REACTOME_EXTRACELLULAR_MATRIX_ORGANIZATION,embedding_15,10,-0.4979797636635166,0.14298519582912106,-0.6727272727272726,0.0330412225454377,Baseline,3
REACTOME_EXTRACELLULAR_MATRIX_ORGANIZATION,embedding_16,10,-0.48356308781233076,0.15678245013604392,-0.6242424242424242,0.053717767217167395,Baseline,3
REACTOME_EXTRACELLULAR_MATRIX_ORGANIZATION,embedding_17,10,0.6653704493105697,0.035753668105852385,0.7696969696969697,0.009221952722215994,Baseline,3
REACTOME_EXTRACELLULAR_MATRIX_ORGANIZATION,embedding_18,10,0.5765559117034393,0.08103216234903407,0.7454545454545454,0.013330146315440047,Baseline,3
REACTOME_EXTRACELLULAR_MATRIX_ORGANIZATION,embedding_19,10,0.4011453510967939,0.2505894368077438,0.3696969696969697,0.2930500752928223,Baseline,3
REACTOME_EXTRACELLULAR_MATRIX_ORGANIZATION,embedding_20,10,-0.3421139609705961,0.3332372122587843,-0.41818181818181815,0.22911284098281892,Baseline,3
REACTOME_EXTRACELLULAR_MATRIX_ORGANIZATION,embedding_21,10,0.2987115257515765,0.40181814106913666,0.41818181818181815,0.22911284098281892,Baseline,3
REACTOME_EXTRACELLULAR_MATRIX_ORGANIZATION,embedding_22,10,0.10158807308903706,0.7800553053122663,0.1515151515151515,0.6760651759978538,Baseline,3
REACTOME_EXTRACELLULAR_MATRIX_ORGANIZATION,embedding_23,10,-0.4361254919099205,0.20766510374072794,-0.35757575757575755,0.3103760917056799,Baseline,3
REACTOME_EXTRACELLULAR_MATRIX_ORGANIZATION,embedding_24,10,0.616419625347791,0.05770207631139608,0.7333333333333332,0.01580059625057158,Baseline,3
REACTOME_EXTRACELLULAR_MATRIX_ORGANIZATION,embedding_25,10,-0.16252015858935528,0.6537293681802349,-0.2121212121212121,0.5563057751029299,Baseline,3
REACTOME_EXTRACELLULAR_MATRIX_ORGANIZATION,embedding_26,10,0.15028536722868555,0.6785757095930931,0.32121212121212117,0.3654683104386702,Baseline,3
REACTOME_EXTRACELLULAR_MATRIX_ORGANIZATION,embedding_27,10,0.5289949711080849,0.11589558132702682,0.7333333333333332,0.01580059625057158,Baseline,3
REACTOME_EXTRACELLULAR_MATRIX_ORGANIZATION,embedding_28,10,-0.09608513298986662,0.7917435593215114,0.06666666666666665,0.8548130882487426,Baseline,3
REACTOME_EXTRACELLULAR_MATRIX_ORGANIZATION,embedding_29,10,0.4068486475320132,0.24327944388041214,0.34545454545454546,0.32822651147136733,Baseline,3
REACTOME_EXTRACELLULAR_MATRIX_ORGANIZATION,embedding_30,10,-0.4150175118731304,0.2330200603509487,-0.43030303030303024,0.21449233253280775,Baseline,3
REACTOME_EXTRACELLULAR_MATRIX_ORGANIZATION,embedding_31,10,-0.6271398063345206,0.05228966039425378,-0.7454545454545454,0.013330146315440047,Baseline,3
REACTOME_ASSEMBLY_OF_COLLAGEN_FIBRILS_AND_OTHER_MULTIMERIC_STRUCTURES,embedding_0,10,0.3213842654409634,0.3651967415178032,0.2606060606060606,0.4670890543863402,Baseline,3
REACTOME_ASSEMBLY_OF_COLLAGEN_FIBRILS_AND_OTHER_MULTIMERIC_STRUCTURES,embedding_1,10,-0.13015879378945344,0.7200523760379829,0.01818181818181818,0.9602404181286243,Baseline,3
REACTOME_ASSEMBLY_OF_COLLAGEN_FIBRILS_AND_OTHER_MULTIMERIC_STRUCTURES,embedding_2,10,-0.4772135690423834,0.1631044380542474,-0.35757575757575755,0.3103760917056799,Baseline,3
REACTOME_ASSEMBLY_OF_COLLAGEN_FIBRILS_AND_OTHER_MULTIMERIC_STRUCTURES,embedding_3,10,-0.19423845570731554,0.5907744928547378,-0.09090909090909088,0.8027717312071619,Baseline,3
REACTOME_ASSEMBLY_OF_COLLAGEN_FIBRILS_AND_OTHER_MULTIMERIC_STRUCTURES,embedding_4,10,0.0613388927815754,0.8663248758334923,0.18787878787878787,0.603217610029209,Baseline,3
REACTOME_ASSEMBLY_OF_COLLAGEN_FIBRILS_AND_OTHER_MULTIMERIC_STRUCTURES,embedding_5,10,0.1370015893802961,0.7058709895921367,0.10303030303030303,0.7769984634438898,Baseline,3
REACTOME_ASSEMBLY_OF_COLLAGEN_FIBRILS_AND_OTHER_MULTIMERIC_STRUCTURES,embedding_6,10,-0.1424772777672382,0.6945810790184526,-0.05454545454545454,0.8810361811618526,Baseline,3
REACTOME_ASSEMBLY_OF_COLLAGEN_FIBRILS_AND_OTHER_MULTIMERIC_STRUCTURES,embedding_7,10,-0.059750652420536364,0.8697610827218415,-0.12727272727272726,0.7260570147627894,Baseline,3
REACTOME_ASSEMBLY_OF_COLLAGEN_FIBRILS_AND_OTHER_MULTIMERIC_STRUCTURES,embedding_8,10,0.07928458118925402,0.8276510932150345,0.18787878787878787,0.603217610029209,Baseline,3
REACTOME_ASSEMBLY_OF_COLLAGEN_FIBRILS_AND_OTHER_MULTIMERIC_STRUCTURES,embedding_9,10,-0.2698321362021327,0.4508736070610937,-0.13939393939393938,0.7009318849100584,Baseline,3
REACTOME_ASSEMBLY_OF_COLLAGEN_FIBRILS_AND_OTHER_MULTIMERIC_STRUCTURES,embedding_10,10,-0.11056340028711634,0.7610774696780953,-0.17575757575757575,0.6271883447764844,Baseline,3
REACTOME_ASSEMBLY_OF_COLLAGEN_FIBRILS_AND_OTHER_MULTIMERIC_STRUCTURES,embedding_11,10,-0.29598830226500633,0.40633066479651125,-0.12727272727272726,0.7260570147627894,Baseline,3
REACTOME_ASSEMBLY_OF_COLLAGEN_FIBRILS_AND_OTHER_MULTIMERIC_STRUCTURES,embedding_12,10,0.32867288727655086,0.3537910408252992,0.12727272727272726,0.7260570147627894,Baseline,3
REACTOME_ASSEMBLY_OF_COLLAGEN_FIBRILS_AND_OTHER_MULTIMERIC_STRUCTURES,embedding_13,10,0.12094399542578081,0.739271075305316,0.05454545454545454,0.8810361811618526,Baseline,3
REACTOME_ASSEMBLY_OF_COLLAGEN_FIBRILS_AND_OTHER_MULTIMERIC_STRUCTURES,embedding_14,10,0.15770587956892024,0.6634711961820567,0.06666666666666665,0.8548130882487426,Baseline,3
REACTOME_ASSEMBLY_OF_COLLAGEN_FIBRILS_AND_OTHER_MULTIMERIC_STRUCTURES,embedding_15,10,-0.13341117088890334,0.7133021000138233,-0.06666666666666665,0.8548130882487426,Baseline,3
REACTOME_ASSEMBLY_OF_COLLAGEN_FIBRILS_AND_OTHER_MULTIMERIC_STRUCTURES,embedding_16,10,-0.2005523461043452,0.578515380758773,0.13939393939393938,0.7009318849100584,Baseline,3
REACTOME_ASSEMBLY_OF_COLLAGEN_FIBRILS_AND_OTHER_MULTIMERIC_STRUCTURES,embedding_17,10,0.37088295224210566,0.29138326730310493,0.33333333333333326,0.34659350708733405,Baseline,3
REACTOME_ASSEMBLY_OF_COLLAGEN_FIBRILS_AND_OTHER_MULTIMERIC_STRUCTURES,embedding_18,10,0.21570641469858182,0.5494912650883322,0.09090909090909088,0.8027717312071619,Baseline,3
REACTOME_ASSEMBLY_OF_COLLAGEN_FIBRILS_AND_OTHER_MULTIMERIC_STRUCTURES,embedding_19,10,0.053532952302763524,0.8832316822289955,0.09090909090909088,0.8027717312071619,Baseline,3
REACTOME_ASSEMBLY_OF_COLLAGEN_FIBRILS_AND_OTHER_MULTIMERIC_STRUCTURES,embedding_20,10,-0.32182146271446616,0.3645074857250389,-0.22424242424242422,0.5334005612725947,Baseline,3
REACTOME_ASSEMBLY_OF_COLLAGEN_FIBRILS_AND_OTHER_MULTIMERIC_STRUCTURES,embedding_21,10,-0.03470582233773724,0.924172391540385,0.16363636363636364,0.6514773427962428,Baseline,3
REACTOME_ASSEMBLY_OF_COLLAGEN_FIBRILS_AND_OTHER_MULTIMERIC_STRUCTURES,embedding_22,10,-0.12593910214921694,0.7288362702194625,-0.01818181818181818,0.9602404181286243,Baseline,3
REACTOME_ASSEMBLY_OF_COLLAGEN_FIBRILS_AND_OTHER_MULTIMERIC_STRUCTURES,embedding_23,10,-0.20442921119531682,0.5710357571522667,0.04242424242424241,0.907363817812816,Baseline,3
REACTOME_ASSEMBLY_OF_COLLAGEN_FIBRILS_AND_OTHER_MULTIMERIC_STRUCTURES,embedding_24,10,0.27296822759167755,0.4454204253588089,0.01818181818181818,0.9602404181286243,Baseline,3
REACTOME_ASSEMBLY_OF_COLLAGEN_FIBRILS_AND_OTHER_MULTIMERIC_STRUCTURES,embedding_25,10,0.13550272742292518,0.7089705104119519,0.0303030303030303,0.9337729580941466,Baseline,3
REACTOME_ASSEMBLY_OF_COLLAGEN_FIBRILS_AND_OTHER_MULTIMERIC_STRUCTURES,embedding_26,10,0.19992700779327113,0.5797252726411437,0.12727272727272726,0.7260570147627894,Baseline,3
REACTOME_ASSEMBLY_OF_COLLAGEN_FIBRILS_AND_OTHER_MULTIMERIC_STRUCTURES,embedding_27,10,0.14608831016874552,0.6871650909779199,0.01818181818181818,0.9602404181286243,Baseline,3
REACTOME_ASSEMBLY_OF_COLLAGEN_FIBRILS_AND_OTHER_MULTIMERIC_STRUCTURES,embedding_28,10,-0.23602196128082603,0.5115144921905175,-0.0303030303030303,0.9337729580941466,Baseline,3
REACTOME_ASSEMBLY_OF_COLLAGEN_FIBRILS_AND_OTHER_MULTIMERIC_STRUCTURES,embedding_29,10,0.08963408204587227,0.8054931817945735,0.12727272727272726,0.7260570147627894,Baseline,3
REACTOME_ASSEMBLY_OF_COLLAGEN_FIBRILS_AND_OTHER_MULTIMERIC_STRUCTURES,embedding_30,10,-0.05302478469944969,0.8843338592059723,-0.18787878787878787,0.603217610029209,Baseline,3
REACTOME_ASSEMBLY_OF_COLLAGEN_FIBRILS_AND_OTHER_MULTIMERIC_STRUCTURES,embedding_31,10,-0.2809974668352152,0.4315969134230716,-0.09090909090909088,0.8027717312071619,Baseline,3
REACTOME_MOLECULES_ASSOCIATED_WITH_ELASTIC_FIBRES,embedding_0,10,-0.38651086944309987,0.269897251810332,-0.16363636363636364,0.6514773427962428,Baseline,3
REACTOME_MOLECULES_ASSOCIATED_WITH_ELASTIC_FIBRES,embedding_1,10,0.5044897455789233,0.13700707997236397,0.49090909090909085,0.14965567342083677,Baseline,3
REACTOME_MOLECULES_ASSOCIATED_WITH_ELASTIC_FIBRES,embedding_2,10,-0.5801379225423713,0.0787224903396195,-0.6969696969696969,0.02509667588225183,Baseline,3
REACTOME_MOLECULES_ASSOCIATED_WITH_ELASTIC_FIBRES,embedding_3,10,-0.8525317770209427,0.0017249341924157216,-0.8181818181818182,0.0038149200825507135,Baseline,3
REACTOME_MOLECULES_ASSOCIATED_WITH_ELASTIC_FIBRES,embedding_4,10,0.7331648039594127,0.01583703172704483,0.5878787878787878,0.07387770688865801,Baseline,3
REACTOME_MOLECULES_ASSOCIATED_WITH_ELASTIC_FIBRES,embedding_5,10,0.8618282064256565,0.0013451386728239225,0.8666666666666665,0.0011735381801554687,Baseline,3
REACTOME_MOLECULES_ASSOCIATED_WITH_ELASTIC_FIBRES,embedding_6,10,0.2451373165488786,0.49484067264430354,0.10303030303030303,0.7769984634438898,Baseline,3
REACTOME_MOLECULES_ASSOCIATED_WITH_ELASTIC_FIBRES,embedding_7,10,-0.7769051049375381,0.008197394961797467,-0.6484848484848483,0.04254012768448945,Baseline,3
REACTOME_MOLECULES_ASSOCIATED_WITH_ELASTIC_FIBRES,embedding_8,10,0.7585368896354888,0.010981648726763427,0.5878787878787878,0.07387770688865801,Baseline,3
REACTOME_MOLECULES_ASSOCIATED_WITH_ELASTIC_FIBRES,embedding_9,10,0.20680713472216236,0.5664663203445829,0.04242424242424241,0.907363817812816,Baseline,3
REACTOME_MOLECULES_ASSOCIATED_WITH_ELASTIC_FIBRES,embedding_10,10,-0.808706625947678,0.004617838397396831,-0.7212121212121211,0.018573155089460208,Baseline,3
REACTOME_MOLECULES_ASSOCIATED_WITH_ELASTIC_FIBRES,embedding_11,10,-0.39404171117115755,0.25986283497136903,-0.4545454545454545,0.186904810349332,Baseline,3
REACTOME_MOLECULES_ASSOCIATED_WITH_ELASTIC_FIBRES,embedding_12,10,0.34832883626262817,0.3239466279038308,0.4545454545454545,0.186904810349332,Baseline,3
REACTOME_MOLECULES_ASSOCIATED_WITH_ELASTIC_FIBRES,embedding_13,10,0.8235557700869932,0.003406918956715929,0.8181818181818182,0.0038149200825507135,Baseline,3
REACTOME_MOLECULES_ASSOCIATED_WITH_ELASTIC_FIBRES,embedding_14,10,0.8515233332349521,0.00177033760565274,0.8666666666666665,0.0011735381801554687,Baseline,3
REACTOME_MOLECULES_ASSOCIATED_WITH_ELASTIC_FIBRES,embedding_15,10,-0.8496554072529656,0.0018567140601063025,-0.8666666666666665,0.0011735381801554687,Baseline,3
REACTOME_MOLECULES_ASSOCIATED_WITH_ELASTIC_FIBRES,embedding_16,10,-0.6028936292016636,0.06504215414382121,-0.5515151515151515,0.09840117666963498,Baseline,3
REACTOME_MOLECULES_ASSOCIATED_WITH_ELASTIC_FIBRES,embedding_17,10,0.8771927184030691,0.0008558409642290748,0.8666666666666665,0.0011735381801554687,Baseline,3
REACTOME_MOLECULES_ASSOCIATED_WITH_ELASTIC_FIBRES,embedding_18,10,0.8834964074360266,0.0006986971015415614,0.8787878787878788,0.0008138621117322101,Baseline,3
REACTOME_MOLECULES_ASSOCIATED_WITH_ELASTIC_FIBRES,embedding_19,10,0.7643072647518958,0.010044794452839331,0.6606060606060605,0.03758837757140939,Baseline,3
REACTOME_MOLECULES_ASSOCIATED_WITH_ELASTIC_FIBRES,embedding_20,10,-0.24684895065604984,0.49173588721355477,-0.34545454545454546,0.32822651147136733,Baseline,3
REACTOME_MOLECULES_ASSOCIATED_WITH_ELASTIC_FIBRES,embedding_21,10,0.6573386537748013,0.03888269772698224,0.5757575757575757,0.08155281477260236,Baseline,3
REACTOME_MOLECULES_ASSOCIATED_WITH_ELASTIC_FIBRES,embedding_22,10,0.42716830045257087,0.2182206685174044,0.33333333333333326,0.34659350708733405,Baseline,3
REACTOME_MOLECULES_ASSOCIATED_WITH_ELASTIC_FIBRES,embedding_23,10,-0.6366720089538771,0.047769743426491304,-0.4666666666666666,0.17393859716506632,Baseline,3
REACTOME_MOLECULES_ASSOCIATED_WITH_ELASTIC_FIBRES,embedding_24,10,0.8963911360697239,0.0004441406986134251,0.9030303030303028,0.00034361219776328223,Baseline,3
REACTOME_MOLECULES_ASSOCIATED_WITH_ELASTIC_FIBRES,embedding_25,10,-0.5161981259393161,0.12664721511212995,-0.4424242424242424,0.20042268671194224,Baseline,3
REACTOME_MOLECULES_ASSOCIATED_WITH_ELASTIC_FIBRES,embedding_26,10,0.05008876619291511,0.8907053067975108,0.17575757575757575,0.6271883447764844,Baseline,3
REACTOME_MOLECULES_ASSOCIATED_WITH_ELASTIC_FIBRES,embedding_27,10,0.8748859024122071,0.0009193110489248877,0.9030303030303028,0.00034361219776328223,Baseline,3
REACTOME_MOLECULES_ASSOCIATED_WITH_ELASTIC_FIBRES,embedding_28,10,0.259562578359026,0.4689390834513432,0.2606060606060606,0.4670890543863402,Baseline,3
REACTOME_MOLECULES_ASSOCIATED_WITH_ELASTIC_FIBRES,embedding_29,10,0.7513212153520064,0.012237492697401908,0.6,0.06668799999999996,Baseline,3
REACTOME_MOLECULES_ASSOCIATED_WITH_ELASTIC_FIBRES,embedding_30,10,-0.7837820778941201,0.007297571867534846,-0.6848484848484848,0.02888279750673276,Baseline,3
REACTOME_MOLECULES_ASSOCIATED_WITH_ELASTIC_FIBRES,embedding_31,10,-0.8732307240267857,0.0009669174929157385,-0.8787878787878788,0.0008138621117322101,Baseline,3
REACTOME_ECM_PROTEOGLYCANS,embedding_0,10,-0.07156868826457603,0.8442429275057457,-0.19999999999999998,0.5795840000000001,Baseline,3
REACTOME_ECM_PROTEOGLYCANS,embedding_1,10,0.178239031935628,0.6222545194199636,0.13939393939393938,0.7009318849100584,Baseline,3
REACTOME_ECM_PROTEOGLYCANS,embedding_2,10,-0.24928968848381,0.4873230467830265,-0.17575757575757575,0.6271883447764844,Baseline,3
REACTOME_ECM_PROTEOGLYCANS,embedding_3,10,-0.3426605583463785,0.3324146671820371,-0.17575757575757575,0.6271883447764844,Baseline,3
REACTOME_ECM_PROTEOGLYCANS,embedding_4,10,0.29052580649090903,0.4154544694909055,0.22424242424242422,0.5334005612725947,Baseline,3
REACTOME_ECM_PROTEOGLYCANS,embedding_5,10,0.3217464636586614,0.3646256780992112,0.3696969696969697,0.2930500752928223,Baseline,3
REACTOME_ECM_PROTEOGLYCANS,embedding_6,10,0.06393209219526476,0.8607187644361014,0.10303030303030303,0.7769984634438898,Baseline,3
REACTOME_ECM_PROTEOGLYCANS,embedding_7,10,-0.2874194649683109,0.42068549183647486,-0.19999999999999998,0.5795840000000001,Baseline,3
REACTOME_ECM_PROTEOGLYCANS,embedding_8,10,0.30578476670466487,0.39021041418650815,0.22424242424242422,0.5334005612725947,Baseline,3
REACTOME_ECM_PROTEOGLYCANS,embedding_9,10,0.03676814979347787,0.9196783176630268,0.0303030303030303,0.9337729580941466,Baseline,3
REACTOME_ECM_PROTEOGLYCANS,embedding_10,10,-0.32291676122228036,0.3627835615862804,-0.1515151515151515,0.6760651759978538,Baseline,3
REACTOME_ECM_PROTEOGLYCANS,embedding_11,10,-0.17888075345955595,0.6209807896134717,-0.07878787878787878,0.8287173946974606,Baseline,3
REACTOME_ECM_PROTEOGLYCANS,embedding_12,10,0.15185642463146257,0.675368994656107,0.07878787878787878,0.8287173946974606,Baseline,3
REACTOME_ECM_PROTEOGLYCANS,embedding_13,10,0.33073289752626234,0.3506003622612029,0.22424242424242422,0.5334005612725947,Baseline,3
REACTOME_ECM_PROTEOGLYCANS,embedding_14,10,0.3358464180708916,0.3427434559086785,0.24848484848484845,0.48877630451924314,Baseline,3
REACTOME_ECM_PROTEOGLYCANS,embedding_15,10,-0.33296746283247514,0.3471558439806466,-0.24848484848484845,0.48877630451924314,Baseline,3
REACTOME_ECM_PROTEOGLYCANS,embedding_16,10,-0.2997247810903802,0.4001452731299364,-0.22424242424242422,0.5334005612725947,Baseline,3
REACTOME_ECM_PROTEOGLYCANS,embedding_17,10,0.40422150529023676,0.24663168482123632,0.2727272727272727,0.44583834154275137,Baseline,3
REACTOME_ECM_PROTEOGLYCANS,embedding_18,10,0.3427591656029927,0.3322663898298256,0.35757575757575755,0.3103760917056799,Baseline,3
REACTOME_ECM_PROTEOGLYCANS,embedding_19,10,0.29233641998702115,0.412419645268158,0.1515151515151515,0.6760651759978538,Baseline,3
REACTOME_ECM_PROTEOGLYCANS,embedding_20,10,-0.13861345725527113,0.7025421234942479,-0.06666666666666665,0.8548130882487426,Baseline,3
REACTOME_ECM_PROTEOGLYCANS,embedding_21,10,0.24294076627115044,0.4988372564586089,0.28484848484848485,0.42503815489214547,Baseline,3
REACTOME_ECM_PROTEOGLYCANS,embedding_22,10,0.14284966636529603,0.6938152118732912,0.18787878787878787,0.603217610029209,Baseline,3
REACTOME_ECM_PROTEOGLYCANS,embedding_23,10,-0.21115614563297042,0.5581457018081296,0.1515151515151515,0.6760651759978538,Baseline,3
REACTOME_ECM_PROTEOGLYCANS,embedding_24,10,0.38010277684756044,0.2785996349869587,0.29696969696969694,0.4047016712701569,Baseline,3
REACTOME_ECM_PROTEOGLYCANS,embedding_25,10,-0.1860891931635906,0.6067359217831396,-0.12727272727272726,0.7260570147627894,Baseline,3
REACTOME_ECM_PROTEOGLYCANS,embedding_26,10,-0.03374117719753997,0.9262751464120121,0.006060606060606061,0.9867429111949892,Baseline,3
REACTOME_ECM_PROTEOGLYCANS,embedding_27,10,0.36079992472199607,0.3057159861397507,0.29696969696969694,0.4047016712701569,Baseline,3
REACTOME_ECM_PROTEOGLYCANS,embedding_28,10,-0.028614386569820877,0.9374572550918902,0.12727272727272726,0.7260570147627894,Baseline,3
REACTOME_ECM_PROTEOGLYCANS,embedding_29,10,0.2995175139586252,0.4004871957855971,0.17575757575757575,0.6271883447764844,Baseline,3
REACTOME_ECM_PROTEOGLYCANS,embedding_30,10,-0.2954494802920622,0.4072263673825557,-0.23636363636363633,0.5108853175152002,Baseline,3
REACTOME_ECM_PROTEOGLYCANS,embedding_31,10,-0.3853217954167182,0.2715006839302725,-0.35757575757575755,0.3103760917056799,Baseline,3
REACTOME_ELASTIC_FIBRE_FORMATION,embedding_0,10,0.531334751085957,0.11399373813949878,0.5878787878787878,0.07387770688865801,Baseline,4
REACTOME_ELASTIC_FIBRE_FORMATION,embedding_1,10,0.2617108259246646,0.465133900737954,0.4787878787878787,0.1615229280174558,Baseline,4
REACTOME_ELASTIC_FIBRE_FORMATION,embedding_2,10,-0.08378181964537709,0.8180083238424305,0.09090909090909088,0.8027717312071619,Baseline,4
REACTOME_ELASTIC_FIBRE_FORMATION,embedding_3,10,0.0566885690026314,0.8763914932193696,-0.04242424242424241,0.907363817812816,Baseline,4
REACTOME_ELASTIC_FIBRE_FORMATION,embedding_4,10,-0.0896521716103778,0.8054545571895751,0.07878787878787878,0.8287173946974606,Baseline,4
REACTOME_ELASTIC_FIBRE_FORMATION,embedding_5,10,-0.12623875804630935,0.7282115426517117,-0.23636363636363633,0.5108853175152002,Baseline,4
REACTOME_ELASTIC_FIBRE_FORMATION,embedding_6,10,-0.5708241445237255,0.08481812018009936,-0.6121212121212121,0.05997214247725524,Baseline,4
REACTOME_ELASTIC_FIBRE_FORMATION,embedding_7,10,0.3749611387549858,0.28569058904635014,0.49090909090909085,0.14965567342083677,Baseline,4
REACTOME_ELASTIC_FIBRE_FORMATION,embedding_8,10,-0.04384623484673508,0.9042705419062824,0.09090909090909088,0.8027717312071619,Baseline,4
REACTOME_ELASTIC_FIBRE_FORMATION,embedding_9,10,0.03796755622459494,0.9170655925583664,-0.09090909090909088,0.8027717312071619,Baseline,4
REACTOME_ELASTIC_FIBRE_FORMATION,embedding_10,10,0.43281730290230896,0.21152857493717192,0.6,0.06668799999999996,Baseline,4
REACTOME_ELASTIC_FIBRE_FORMATION,embedding_11,10,0.020001447288183344,0.9562643336553859,-0.09090909090909088,0.8027717312071619,Baseline,4
REACTOME_ELASTIC_FIBRE_FORMATION,embedding_12,10,0.023930767237522677,0.9476814154226089,0.04242424242424241,0.907363817812816,Baseline,4
REACTOME_ELASTIC_FIBRE_FORMATION,embedding_13,10,-0.5641981746108565,0.0893341883914371,-0.6363636363636362,0.04791172612997547,Baseline,4
REACTOME_ELASTIC_FIBRE_FORMATION,embedding_14,10,0.3660244633813901,0.2982437405010928,0.4787878787878787,0.1615229280174558,Baseline,4
REACTOME_ELASTIC_FIBRE_FORMATION,embedding_15,10,-0.11812252597737931,0.745182231752862,-0.07878787878787878,0.8287173946974606,Baseline,4
REACTOME_ELASTIC_FIBRE_FORMATION,embedding_16,10,-0.3895274546240299,0.26585276732802754,-0.49090909090909085,0.14965567342083677,Baseline,4
REACTOME_ELASTIC_FIBRE_FORMATION,embedding_17,10,-0.14929230893921824,0.6806050615511146,-0.29696969696969694,0.4047016712701569,Baseline,4
REACTOME_ELASTIC_FIBRE_FORMATION,embedding_18,10,0.04321728372678545,0.9056385655045592,-0.04242424242424241,0.907363817812816,Baseline,4
REACTOME_ELASTIC_FIBRE_FORMATION,embedding_19,10,-0.31561620235601795,0.3743507987938547,-0.4787878787878787,0.1615229280174558,Baseline,4
REACTOME_ELASTIC_FIBRE_FORMATION,embedding_20,10,-0.4061457273698218,0.24417385872206088,-0.6121212121212121,0.05997214247725524,Baseline,4
REACTOME_ELASTIC_FIBRE_FORMATION,embedding_21,10,-0.49736542737171474,0.14355741910003292,-0.6242424242424242,0.053717767217167395,Baseline,4
REACTOME_ELASTIC_FIBRE_FORMATION,embedding_22,10,-0.3783055115822558,0.2810673340478368,-0.49090909090909085,0.14965567342083677,Baseline,4
REACTOME_ELASTIC_FIBRE_FORMATION,embedding_23,10,-0.19144997496521773,0.5962187452013062,-0.2606060606060606,0.4670890543863402,Baseline,4
REACTOME_ELASTIC_FIBRE_FORMATION,embedding_24,10,0.31757640820552385,0.3712273143396159,0.4787878787878787,0.1615229280174558,Baseline,4
REACTOME_ELASTIC_FIBRE_FORMATION,embedding_25,10,-0.5271661049186043,0.11739586252223365,-0.6242424242424242,0.053717767217167395,Baseline,4
REACTOME_ELASTIC_FIBRE_FORMATION,embedding_26,10,0.24200854859329973,0.5005375325109838,0.4787878787878787,0.1615229280174558,Baseline,4
REACTOME_ELASTIC_FIBRE_FORMATION,embedding_27,10,0.488139230009185,0.1523193073546347,0.6,0.06668799999999996,Baseline,4
REACTOME_ELASTIC_FIBRE_FORMATION,embedding_28,10,-0.48303345389947877,0.1573040399145423,-0.49090909090909085,0.14965567342083677,Baseline,4
REACTOME_ELASTIC_FIBRE_FORMATION,embedding_29,10,0.025728456503366484,0.943756242006959,0.07878787878787878,0.8287173946974606,Baseline,4
REACTOME_ELASTIC_FIBRE_FORMATION,embedding_30,10,0.4447881401720346,0.19774308770883695,0.49090909090909085,0.14965567342083677,Baseline,4
REACTOME_ELASTIC_FIBRE_FORMATION,embedding_31,10,0.1650258956843224,0.648677403355473,-0.1515151515151515,0.6760651759978538,Baseline,4
REACTOME_NON_INTEGRIN_MEMBRANE_ECM_INTERACTIONS,embedding_0,10,0.17177895835794046,0.635126715793914,0.12727272727272726,0.7260570147627894,Baseline,4
REACTOME_NON_INTEGRIN_MEMBRANE_ECM_INTERACTIONS,embedding_1,10,0.5855311569760135,0.07532597167657297,0.7454545454545454,0.013330146315440047,Baseline,4
REACTOME_NON_INTEGRIN_MEMBRANE_ECM_INTERACTIONS,embedding_2,10,-0.5451144616210061,0.10319039668644628,-0.23636363636363633,0.5108853175152002,Baseline,4
REACTOME_NON_INTEGRIN_MEMBRANE_ECM_INTERACTIONS,embedding_3,10,0.48291802920671334,0.15741785024680996,0.19999999999999998,0.5795840000000001,Baseline,4
REACTOME_NON_INTEGRIN_MEMBRANE_ECM_INTERACTIONS,embedding_4,10,-0.5372543283494098,0.1092698223407407,-0.23636363636363633,0.5108853175152002,Baseline,4
REACTOME_NON_INTEGRIN_MEMBRANE_ECM_INTERACTIONS,embedding_5,10,0.38737073599084015,0.2687409795713096,0.06666666666666665,0.8548130882487426,Baseline,4
REACTOME_NON_INTEGRIN_MEMBRANE_ECM_INTERACTIONS,embedding_6,10,-0.22275613949898218,0.5361885218193372,-0.2121212121212121,0.5563057751029299,Baseline,4
REACTOME_NON_INTEGRIN_MEMBRANE_ECM_INTERACTIONS,embedding_7,10,0.5752673577826665,0.08187358768225095,0.6727272727272726,0.0330412225454377,Baseline,4
REACTOME_NON_INTEGRIN_MEMBRANE_ECM_INTERACTIONS,embedding_8,10,-0.4776528893543186,0.16266217739581446,-0.23636363636363633,0.5108853175152002,Baseline,4
REACTOME_NON_INTEGRIN_MEMBRANE_ECM_INTERACTIONS,embedding_9,10,0.42323611003638373,0.22294953550760183,0.1515151515151515,0.6760651759978538,Baseline,4
REACTOME_NON_INTEGRIN_MEMBRANE_ECM_INTERACTIONS,embedding_10,10,0.5422139607586018,0.10540825622257183,0.5757575757575757,0.08155281477260236,Baseline,4
REACTOME_NON_INTEGRIN_MEMBRANE_ECM_INTERACTIONS,embedding_11,10,0.4248400366575735,0.22101365456137917,0.1515151515151515,0.6760651759978538,Baseline,4
REACTOME_NON_INTEGRIN_MEMBRANE_ECM_INTERACTIONS,embedding_12,10,0.5287651853866209,0.11608342033137364,0.17575757575757575,0.6271883447764844,Baseline,4
REACTOME_NON_INTEGRIN_MEMBRANE_ECM_INTERACTIONS,embedding_13,10,-0.36372853714560527,0.3015153416582552,-0.4424242424242424,0.20042268671194224,Baseline,4
REACTOME_NON_INTEGRIN_MEMBRANE_ECM_INTERACTIONS,embedding_14,10,0.6011481802134152,0.0660317120233295,0.7454545454545454,0.013330146315440047,Baseline,4
REACTOME_NON_INTEGRIN_MEMBRANE_ECM_INTERACTIONS,embedding_15,10,0.3842124368319883,0.2730012972901036,0.06666666666666665,0.8548130882487426,Baseline,4
REACTOME_NON_INTEGRIN_MEMBRANE_ECM_INTERACTIONS,embedding_16,10,-0.5384971362858597,0.10829395162560047,-0.6727272727272726,0.0330412225454377,Baseline,4
REACTOME_NON_INTEGRIN_MEMBRANE_ECM_INTERACTIONS,embedding_17,10,-0.5765204854018167,0.08105522079814283,-0.4424242424242424,0.20042268671194224,Baseline,4
REACTOME_NON_INTEGRIN_MEMBRANE_ECM_INTERACTIONS,embedding_18,10,0.5019363435521332,0.13933324090060528,0.19999999999999998,0.5795840000000001,Baseline,4
REACTOME_NON_INTEGRIN_MEMBRANE_ECM_INTERACTIONS,embedding_19,10,-0.5882015502703976,0.07368001899671808,-0.7454545454545454,0.013330146315440047,Baseline,4
REACTOME_NON_INTEGRIN_MEMBRANE_ECM_INTERACTIONS,embedding_20,10,-0.10030151183559911,0.7827844971447053,-0.17575757575757575,0.6271883447764844,Baseline,4
REACTOME_NON_INTEGRIN_MEMBRANE_ECM_INTERACTIONS,embedding_21,10,-0.25984364098412127,0.4684404590441316,-0.406060606060606,0.24428229408662638,Baseline,4
REACTOME_NON_INTEGRIN_MEMBRANE_ECM_INTERACTIONS,embedding_22,10,-0.5726836372266234,0.08357767671434586,-0.6727272727272726,0.0330412225454377,Baseline,4
REACTOME_NON_INTEGRIN_MEMBRANE_ECM_INTERACTIONS,embedding_23,10,0.3390200098838109,0.3379128253357733,-0.0303030303030303,0.9337729580941466,Baseline,4
REACTOME_NON_INTEGRIN_MEMBRANE_ECM_INTERACTIONS,embedding_24,10,0.5885952841042815,0.07343932776379958,0.7454545454545454,0.013330146315440047,Baseline,4
REACTOME_NON_INTEGRIN_MEMBRANE_ECM_INTERACTIONS,embedding_25,10,-0.16643035410203375,0.6458514083865315,-0.22424242424242422,0.5334005612725947,Baseline,4
REACTOME_NON_INTEGRIN_MEMBRANE_ECM_INTERACTIONS,embedding_26,10,0.5748049736129518,0.08217689197670537,0.7454545454545454,0.013330146315440047,Baseline,4
REACTOME_NON_INTEGRIN_MEMBRANE_ECM_INTERACTIONS,embedding_27,10,0.537562423381988,0.1090273881937916,0.5757575757575757,0.08155281477260236,Baseline,4
REACTOME_NON_INTEGRIN_MEMBRANE_ECM_INTERACTIONS,embedding_28,10,-0.6178392372434016,0.056965006707810774,-0.6727272727272726,0.0330412225454377,Baseline,4
REACTOME_NON_INTEGRIN_MEMBRANE_ECM_INTERACTIONS,embedding_29,10,-0.38577315801188367,0.27089142367085334,-0.09090909090909088,0.8027717312071619,Baseline,4
REACTOME_NON_INTEGRIN_MEMBRANE_ECM_INTERACTIONS,embedding_30,10,0.5689553044633128,0.08607666188232775,0.6727272727272726,0.0330412225454377,Baseline,4
REACTOME_NON_INTEGRIN_MEMBRANE_ECM_INTERACTIONS,embedding_31,10,0.4636224154943537,0.17714323820224964,0.38181818181818183,0.27625533338543595,Baseline,4
REACTOME_COLLAGEN_FORMATION,embedding_0,10,-0.38916171913770714,0.26634134510740376,-0.32121212121212117,0.3654683104386702,Baseline,4
REACTOME_COLLAGEN_FORMATION,embedding_1,10,-0.5008834654679287,0.1402994140705381,-0.4545454545454545,0.186904810349332,Baseline,4
REACTOME_COLLAGEN_FORMATION,embedding_2,10,0.3674906104170228,0.2961644747162293,0.13939393939393938,0.7009318849100584,Baseline,4
REACTOME_COLLAGEN_FORMATION,embedding_3,10,-0.3497370829201884,0.32186035381957845,-0.1515151515151515,0.6760651759978538,Baseline,4
REACTOME_COLLAGEN_FORMATION,embedding_4,10,0.40325169593620064,0.2478756428566277,0.24848484848484845,0.48877630451924314,Baseline,4
REACTOME_COLLAGEN_FORMATION,embedding_5,10,-0.1946779983074499,0.589917995326243,0.18787878787878787,0.603217610029209,Baseline,4
REACTOME_COLLAGEN_FORMATION,embedding_6,10,0.416411422854452,0.23129428020334053,0.4666666666666666,0.17393859716506632,Baseline,4
REACTOME_COLLAGEN_FORMATION,embedding_7,10,-0.577797194980538,0.08022690010098232,-0.5030303030303029,0.13833369839449197,Baseline,4
REACTOME_COLLAGEN_FORMATION,embedding_8,10,0.3576156663553825,0.3103181817576043,0.13939393939393938,0.7009318849100584,Baseline,4
REACTOME_COLLAGEN_FORMATION,embedding_9,10,-0.2910306918171367,0.4146071604392287,-0.05454545454545454,0.8810361811618526,Baseline,4
REACTOME_COLLAGEN_FORMATION,embedding_10,10,-0.5919865284736063,0.07138738204751788,-0.43030303030303024,0.21449233253280775,Baseline,4
REACTOME_COLLAGEN_FORMATION,embedding_11,10,-0.32374726354840455,0.3614791272596457,-0.05454545454545454,0.8810361811618526,Baseline,4
REACTOME_COLLAGEN_FORMATION,embedding_12,10,-0.3465093377833097,0.32665252178855075,-0.09090909090909088,0.8027717312071619,Baseline,4
REACTOME_COLLAGEN_FORMATION,embedding_13,10,0.5135479233464738,0.1289482466157899,0.5030303030303029,0.13833369839449197,Baseline,4
REACTOME_COLLAGEN_FORMATION,embedding_14,10,-0.5744298859694643,0.08242346472596128,-0.4545454545454545,0.186904810349332,Baseline,4
REACTOME_COLLAGEN_FORMATION,embedding_15,10,-0.18648635542052774,0.6059544762664588,0.23636363636363633,0.5108853175152002,Baseline,4
REACTOME_COLLAGEN_FORMATION,embedding_16,10,0.5610171843208519,0.09155583562108334,0.5030303030303029,0.13833369839449197,Baseline,4
REACTOME_COLLAGEN_FORMATION,embedding_17,10,0.4695375026825984,0.17094832843993785,0.38181818181818183,0.27625533338543595,Baseline,4
REACTOME_COLLAGEN_FORMATION,embedding_18,10,-0.3552495839873204,0.31376131928694195,-0.1515151515151515,0.6760651759978538,Baseline,4
REACTOME_COLLAGEN_FORMATION,embedding_19,10,0.5400513806391884,0.10708128046391442,0.4545454545454545,0.186904810349332,Baseline,4
REACTOME_COLLAGEN_FORMATION,embedding_20,10,0.22011648679738632,0.5411543207941827,0.309090909090909,0.3848412302612835,Baseline,4
REACTOME_COLLAGEN_FORMATION,embedding_21,10,0.49868299174232056,0.14233188670152475,0.4787878787878787,0.1615229280174558,Baseline,4
REACTOME_COLLAGEN_FORMATION,embedding_22,10,0.57319555639187,0.08323824411921209,0.5030303030303029,0.13833369839449197,Baseline,4
REACTOME_COLLAGEN_FORMATION,embedding_23,10,-0.12616738396229565,0.72836033146255,0.309090909090909,0.3848412302612835,Baseline,4
REACTOME_COLLAGEN_FORMATION,embedding_24,10,-0.56124621888047,0.09139470786874543,-0.4545454545454545,0.186904810349332,Baseline,4
REACTOME_COLLAGEN_FORMATION,embedding_25,10,0.38747680546297725,0.26859853487539775,0.3939393939393939,0.25999776683488757,Baseline,4
REACTOME_COLLAGEN_FORMATION,embedding_26,10,-0.5209643975868502,0.12257330423610698,-0.4545454545454545,0.186904810349332,Baseline,4
REACTOME_COLLAGEN_FORMATION,embedding_27,10,-0.5664606622620988,0.0877752355291501,-0.43030303030303024,0.21449233253280775,Baseline,4
REACTOME_COLLAGEN_FORMATION,embedding_28,10,0.6390618348696347,0.04667891467628549,0.5030303030303029,0.13833369839449197,Baseline,4
REACTOME_COLLAGEN_FORMATION,embedding_29,10,0.24497318724135295,0.4951388300321725,-0.006060606060606061,0.9867429111949892,Baseline,4
REACTOME_COLLAGEN_FORMATION,embedding_30,10,-0.5944936463529394,0.06989464895261678,-0.5030303030303029,0.13833369839449197,Baseline,4
REACTOME_COLLAGEN_FORMATION,embedding_31,10,-0.4275415701571762,0.21777478305568154,-0.2727272727272727,0.44583834154275137,Baseline,4
REACTOME_COLLAGEN_DEGRADATION,embedding_0,10,-0.5114480708421523,0.13078965775400359,-0.3939393939393939,0.25999776683488757,Baseline,4
REACTOME_COLLAGEN_DEGRADATION,embedding_1,10,-0.5597776535899237,0.09243100463565776,-0.6,0.06668799999999996,Baseline,4
REACTOME_COLLAGEN_DEGRADATION,embedding_2,10,0.3878766603144168,0.26806192627200875,0.17575757575757575,0.6271883447764844,Baseline,4
REACTOME_COLLAGEN_DEGRADATION,embedding_3,10,-0.34798136167721394,0.3244624779744365,-0.18787878787878787,0.603217610029209,Baseline,4
REACTOME_COLLAGEN_DEGRADATION,embedding_4,10,0.4190981439063298,0.22798836549226315,0.29696969696969694,0.4047016712701569,Baseline,4
REACTOME_COLLAGEN_DEGRADATION,embedding_5,10,-0.15265121434733436,0.6737485200432258,0.12727272727272726,0.7260570147627894,Baseline,4
REACTOME_COLLAGEN_DEGRADATION,embedding_6,10,0.5576269574997126,0.09396213514851527,0.5272727272727272,0.11730806555020223,Baseline,4
REACTOME_COLLAGEN_DEGRADATION,embedding_7,10,-0.6640042444455966,0.036273439694842875,-0.6242424242424242,0.053717767217167395,Baseline,4
REACTOME_COLLAGEN_DEGRADATION,embedding_8,10,0.35219641711536415,0.3182337501077103,0.17575757575757575,0.6271883447764844,Baseline,4
REACTOME_COLLAGEN_DEGRADATION,embedding_9,10,-0.2740792031632443,0.44349583676163173,-0.10303030303030303,0.7769984634438898,Baseline,4
REACTOME_COLLAGEN_DEGRADATION,embedding_10,10,-0.693092667644277,0.026268210634344917,-0.5757575757575757,0.08155281477260236,Baseline,4
REACTOME_COLLAGEN_DEGRADATION,embedding_11,10,-0.3028752803697743,0.3949652556292901,-0.10303030303030303,0.7769984634438898,Baseline,4
REACTOME_COLLAGEN_DEGRADATION,embedding_12,10,-0.3536523382792446,0.31609691263944834,-0.12727272727272726,0.7260570147627894,Baseline,4
REACTOME_COLLAGEN_DEGRADATION,embedding_13,10,0.6584266814149233,0.03844841249646433,0.6,0.06668799999999996,Baseline,4
REACTOME_COLLAGEN_DEGRADATION,embedding_14,10,-0.6637731822622557,0.036361849223101934,-0.6,0.06668799999999996,Baseline,4
REACTOME_COLLAGEN_DEGRADATION,embedding_15,10,-0.14606686150723786,0.6872090699985587,0.16363636363636364,0.6514773427962428,Baseline,4
REACTOME_COLLAGEN_DEGRADATION,embedding_16,10,0.6432793933876256,0.04479465715093078,0.6242424242424242,0.053717767217167395,Baseline,4
REACTOME_COLLAGEN_DEGRADATION,embedding_17,10,0.5031314555235313,0.1382414988386724,0.5151515151515151,0.12755286970323426,Baseline,4
REACTOME_COLLAGEN_DEGRADATION,embedding_18,10,-0.3569300075047654,0.3113139025140152,-0.18787878787878787,0.603217610029209,Baseline,4
REACTOME_COLLAGEN_DEGRADATION,embedding_19,10,0.612473219242402,0.059784067242298775,0.6,0.06668799999999996,Baseline,4
REACTOME_COLLAGEN_DEGRADATION,embedding_20,10,0.37610854342814803,0.28409983131685557,0.38181818181818183,0.27625533338543595,Baseline,4
REACTOME_COLLAGEN_DEGRADATION,embedding_21,10,0.6153401016622287,0.058266764835813625,0.5757575757575757,0.08155281477260236,Baseline,4
REACTOME_COLLAGEN_DEGRADATION,embedding_22,10,0.658923896801955,0.03825104299843352,0.6242424242424242,0.053717767217167395,Baseline,4
REACTOME_COLLAGEN_DEGRADATION,embedding_23,10,-0.07239691298677749,0.8424592032982999,0.2606060606060606,0.4670890543863402,Baseline,4
REACTOME_COLLAGEN_DEGRADATION,embedding_24,10,-0.6331127921601943,0.049425652807185354,-0.6,0.06668799999999996,Baseline,4
REACTOME_COLLAGEN_DEGRADATION,embedding_25,10,0.49615331517614747,0.1446905341164566,0.4666666666666666,0.17393859716506632,Baseline,4
REACTOME_COLLAGEN_DEGRADATION,embedding_26,10,-0.5716195364081899,0.08428608567169443,-0.6,0.06668799999999996,Baseline,4
REACTOME_COLLAGEN_DEGRADATION,embedding_27,10,-0.692981543717602,0.026302330924894025,-0.5757575757575757,0.08155281477260236,Baseline,4
REACTOME_COLLAGEN_DEGRADATION,embedding_28,10,0.7785438833749828,0.00797621780359003,0.6242424242424242,0.053717767217167395,Baseline,4
REACTOME_COLLAGEN_DEGRADATION,embedding_29,10,0.21166269046602373,0.5571796653363831,0.04242424242424241,0.907363817812816,Baseline,4
REACTOME_COLLAGEN_DEGRADATION,embedding_30,10,-0.7037013169221785,0.023148604327282146,-0.6242424242424242,0.053717767217167395,Baseline,4
REACTOME_COLLAGEN_DEGRADATION,embedding_31,10,-0.43879961452122607,0.20457215117629224,-0.34545454545454546,0.32822651147136733,Baseline,4
REACTOME_DEGRADATION_OF_THE_EXTRACELLULAR_MATRIX,embedding_0,10,-0.4324163307516661,0.2119996409625925,-0.38181818181818183,0.27625533338543595,Baseline,4
REACTOME_DEGRADATION_OF_THE_EXTRACELLULAR_MATRIX,embedding_1,10,-0.5314143500318824,0.1139293838847977,-0.5393939393939393,0.1075931877824148,Baseline,4
REACTOME_DEGRADATION_OF_THE_EXTRACELLULAR_MATRIX,embedding_2,10,0.38643270264110563,0.2700024981818994,0.23636363636363633,0.5108853175152002,Baseline,4
REACTOME_DEGRADATION_OF_THE_EXTRACELLULAR_MATRIX,embedding_3,10,-0.3637772193065362,0.3014457747917439,-0.19999999999999998,0.5795840000000001,Baseline,4
REACTOME_DEGRADATION_OF_THE_EXTRACELLULAR_MATRIX,embedding_4,10,0.4222537100656468,0.2241400119908134,0.29696969696969694,0.4047016712701569,Baseline,4
REACTOME_DEGRADATION_OF_THE_EXTRACELLULAR_MATRIX,embedding_5,10,-0.18858571625160536,0.6018298230371325,0.13939393939393938,0.7009318849100584,Baseline,4
REACTOME_DEGRADATION_OF_THE_EXTRACELLULAR_MATRIX,embedding_6,10,0.4575325759481213,0.1836582514403934,0.5030303030303029,0.13833369839449197,Baseline,4
REACTOME_DEGRADATION_OF_THE_EXTRACELLULAR_MATRIX,embedding_7,10,-0.6171251873503945,0.05733496281190889,-0.5757575757575757,0.08155281477260236,Baseline,4
REACTOME_DEGRADATION_OF_THE_EXTRACELLULAR_MATRIX,embedding_8,10,0.373842254944685,0.2872464139930273,0.23636363636363633,0.5108853175152002,Baseline,4
REACTOME_DEGRADATION_OF_THE_EXTRACELLULAR_MATRIX,embedding_9,10,-0.29656734660977613,0.4053691458501736,-0.11515151515151514,0.7514196523258483,Baseline,4
REACTOME_DEGRADATION_OF_THE_EXTRACELLULAR_MATRIX,embedding_10,10,-0.6394148222374215,0.046519218419186034,-0.5151515151515151,0.12755286970323426,Baseline,4
REACTOME_DEGRADATION_OF_THE_EXTRACELLULAR_MATRIX,embedding_11,10,-0.33759637433105893,0.3400754564632951,-0.11515151515151514,0.7514196523258483,Baseline,4
REACTOME_DEGRADATION_OF_THE_EXTRACELLULAR_MATRIX,embedding_12,10,-0.3517303576384107,0.31891936906132257,-0.13939393939393938,0.7009318849100584,Baseline,4
REACTOME_DEGRADATION_OF_THE_EXTRACELLULAR_MATRIX,embedding_13,10,0.5623645234277344,0.0906105740117354,0.5757575757575757,0.08155281477260236,Baseline,4
REACTOME_DEGRADATION_OF_THE_EXTRACELLULAR_MATRIX,embedding_14,10,-0.6141944906978062,0.058869997476075096,-0.5393939393939393,0.1075931877824148,Baseline,4
REACTOME_DEGRADATION_OF_THE_EXTRACELLULAR_MATRIX,embedding_15,10,-0.1874281278807726,0.6041029096409593,0.19999999999999998,0.5795840000000001,Baseline,4
REACTOME_DEGRADATION_OF_THE_EXTRACELLULAR_MATRIX,embedding_16,10,0.6016895529594763,0.0657237412178274,0.5757575757575757,0.08155281477260236,Baseline,4
REACTOME_DEGRADATION_OF_THE_EXTRACELLULAR_MATRIX,embedding_17,10,0.4910000145534195,0.14956871977705366,0.43030303030303024,0.21449233253280775,Baseline,4
REACTOME_DEGRADATION_OF_THE_EXTRACELLULAR_MATRIX,embedding_18,10,-0.3714882873982544,0.29053447763019125,-0.19999999999999998,0.5795840000000001,Baseline,4
REACTOME_DEGRADATION_OF_THE_EXTRACELLULAR_MATRIX,embedding_19,10,0.5765012650308631,0.08106773282092061,0.5393939393939393,0.1075931877824148,Baseline,4
REACTOME_DEGRADATION_OF_THE_EXTRACELLULAR_MATRIX,embedding_20,10,0.24190064622938204,0.5007344942331288,0.34545454545454546,0.32822651147136733,Baseline,4
REACTOME_DEGRADATION_OF_THE_EXTRACELLULAR_MATRIX,embedding_21,10,0.5498054369920214,0.09966633939894846,0.5515151515151515,0.09840117666963498,Baseline,4
REACTOME_DEGRADATION_OF_THE_EXTRACELLULAR_MATRIX,embedding_22,10,0.6112556947805889,0.06043623889188213,0.5757575757575757,0.08155281477260236,Baseline,4
REACTOME_DEGRADATION_OF_THE_EXTRACELLULAR_MATRIX,embedding_23,10,-0.12002151232408317,0.7412023987006774,0.2606060606060606,0.4670890543863402,Baseline,4
REACTOME_DEGRADATION_OF_THE_EXTRACELLULAR_MATRIX,embedding_24,10,-0.5963928422134289,0.06877752594886641,-0.5393939393939393,0.1075931877824148,Baseline,4
REACTOME_DEGRADATION_OF_THE_EXTRACELLULAR_MATRIX,embedding_25,10,0.4316563272510904,0.21289415555063929,0.4424242424242424,0.20042268671194224,Baseline,4
REACTOME_DEGRADATION_OF_THE_EXTRACELLULAR_MATRIX,embedding_26,10,-0.5512224346719148,0.09861705516256825,-0.5393939393939393,0.1075931877824148,Baseline,4
REACTOME_DEGRADATION_OF_THE_EXTRACELLULAR_MATRIX,embedding_27,10,-0.6247149453937706,0.05348312010773053,-0.5151515151515151,0.12755286970323426,Baseline,4
REACTOME_DEGRADATION_OF_THE_EXTRACELLULAR_MATRIX,embedding_28,10,0.6913975043636332,0.02679201121720881,0.5757575757575757,0.08155281477260236,Baseline,4
REACTOME_DEGRADATION_OF_THE_EXTRACELLULAR_MATRIX,embedding_29,10,0.2471450193078255,0.49119968718118523,0.01818181818181818,0.9602404181286243,Baseline,4
REACTOME_DEGRADATION_OF_THE_EXTRACELLULAR_MATRIX,embedding_30,10,-0.6406648916091967,0.04595660622411383,-0.5757575757575757,0.08155281477260236,Baseline,4
REACTOME_DEGRADATION_OF_THE_EXTRACELLULAR_MATRIX,embedding_31,10,-0.45437489327934055,0.18709119637909555,-0.3939393939393939,0.25999776683488757,Baseline,4
REACTOME_INTEGRIN_CELL_SURFACE_INTERACTIONS,embedding_0,10,-0.2136205101028386,0.5534520149617067,-0.12727272727272726,0.7260570147627894,Baseline,4
REACTOME_INTEGRIN_CELL_SURFACE_INTERACTIONS,embedding_1,10,-0.5187367730244701,0.12446705277822667,-0.4787878787878787,0.1615229280174558,Baseline,4
REACTOME_INTEGRIN_CELL_SURFACE_INTERACTIONS,embedding_2,10,0.4556359451122299,0.18571572552187907,0.4666666666666666,0.17393859716506632,Baseline,4
REACTOME_INTEGRIN_CELL_SURFACE_INTERACTIONS,embedding_3,10,-0.4407855307648698,0.20229256852964184,-0.38181818181818183,0.27625533338543595,Baseline,4
REACTOME_INTEGRIN_CELL_SURFACE_INTERACTIONS,embedding_4,10,0.4700346058023339,0.17043368035473533,0.4424242424242424,0.20042268671194224,Baseline,4
REACTOME_INTEGRIN_CELL_SURFACE_INTERACTIONS,embedding_5,10,-0.32468965292280744,0.3600018014920784,-0.16363636363636364,0.6514773427962428,Baseline,4
REACTOME_INTEGRIN_CELL_SURFACE_INTERACTIONS,embedding_6,10,0.24119030394869978,0.5020319489748161,0.22424242424242422,0.5334005612725947,Baseline,4
REACTOME_INTEGRIN_CELL_SURFACE_INTERACTIONS,embedding_7,10,-0.5333471234524146,0.11237375296190766,-0.5030303030303029,0.13833369839449197,Baseline,4
REACTOME_INTEGRIN_CELL_SURFACE_INTERACTIONS,embedding_8,10,0.4480288199917516,0.1941037249676987,0.4666666666666666,0.17393859716506632,Baseline,4
REACTOME_INTEGRIN_CELL_SURFACE_INTERACTIONS,embedding_9,10,-0.4084832369682517,0.24120665246487144,-0.309090909090909,0.3848412302612835,Baseline,4
REACTOME_INTEGRIN_CELL_SURFACE_INTERACTIONS,embedding_10,10,-0.5045845895660331,0.13692113907763204,-0.43030303030303024,0.21449233253280775,Baseline,4
REACTOME_INTEGRIN_CELL_SURFACE_INTERACTIONS,embedding_11,10,-0.4182340886115166,0.22904861256535225,-0.309090909090909,0.3848412302612835,Baseline,4
REACTOME_INTEGRIN_CELL_SURFACE_INTERACTIONS,embedding_12,10,-0.43574151187208665,0.20811142812112168,-0.34545454545454546,0.32822651147136733,Baseline,4
REACTOME_INTEGRIN_CELL_SURFACE_INTERACTIONS,embedding_13,10,0.343011818145338,0.3318866275341812,0.33333333333333326,0.34659350708733405,Baseline,4
REACTOME_INTEGRIN_CELL_SURFACE_INTERACTIONS,embedding_14,10,-0.536900269040928,0.10954884318719255,-0.4787878787878787,0.1615229280174558,Baseline,4
REACTOME_INTEGRIN_CELL_SURFACE_INTERACTIONS,embedding_15,10,-0.33264730784138097,0.3476482963086283,-0.13939393939393938,0.7009318849100584,Baseline,4
REACTOME_INTEGRIN_CELL_SURFACE_INTERACTIONS,embedding_16,10,0.5156140799979427,0.1271521098234432,0.5030303030303029,0.13833369839449197,Baseline,4
REACTOME_INTEGRIN_CELL_SURFACE_INTERACTIONS,embedding_17,10,0.5063744443570232,0.13530550337451425,0.35757575757575755,0.3103760917056799,Baseline,4
REACTOME_INTEGRIN_CELL_SURFACE_INTERACTIONS,embedding_18,10,-0.4440047971704378,0.1986287216950407,-0.38181818181818183,0.27625533338543595,Baseline,4
REACTOME_INTEGRIN_CELL_SURFACE_INTERACTIONS,embedding_19,10,0.5303061909154334,0.11482735752251053,0.4787878787878787,0.1615229280174558,Baseline,4
REACTOME_INTEGRIN_CELL_SURFACE_INTERACTIONS,embedding_20,10,0.0017772713904084959,0.9961122311137676,-0.01818181818181818,0.9602404181286243,Baseline,4
REACTOME_INTEGRIN_CELL_SURFACE_INTERACTIONS,embedding_21,10,0.3095202044583302,0.3841467095998513,0.2727272727272727,0.44583834154275137,Baseline,4
REACTOME_INTEGRIN_CELL_SURFACE_INTERACTIONS,embedding_22,10,0.5290569975476536,0.11584491022453916,0.5030303030303029,0.13833369839449197,Baseline,4
REACTOME_INTEGRIN_CELL_SURFACE_INTERACTIONS,embedding_23,10,-0.28135465054618286,0.4309866269551742,-0.04242424242424241,0.907363817812816,Baseline,4
REACTOME_INTEGRIN_CELL_SURFACE_INTERACTIONS,embedding_24,10,-0.5357910565473786,0.11042586970702942,-0.4787878787878787,0.1615229280174558,Baseline,4
REACTOME_INTEGRIN_CELL_SURFACE_INTERACTIONS,embedding_25,10,0.23079466450643382,0.5211802461146673,0.2121212121212121,0.5563057751029299,Baseline,4
REACTOME_INTEGRIN_CELL_SURFACE_INTERACTIONS,embedding_26,10,-0.5265457399079425,0.11790750876207232,-0.4787878787878787,0.1615229280174558,Baseline,4
REACTOME_INTEGRIN_CELL_SURFACE_INTERACTIONS,embedding_27,10,-0.47202629705216376,0.16838097243194955,-0.43030303030303024,0.21449233253280775,Baseline,4
REACTOME_INTEGRIN_CELL_SURFACE_INTERACTIONS,embedding_28,10,0.5270080323691752,0.11752610105316749,0.5030303030303029,0.13833369839449197,Baseline,4
REACTOME_INTEGRIN_CELL_SURFACE_INTERACTIONS,embedding_29,10,0.3681275498129817,0.29526359384996914,0.24848484848484845,0.48877630451924314,Baseline,4
REACTOME_INTEGRIN_CELL_SURFACE_INTERACTIONS,embedding_30,10,-0.5161065712223769,0.12672627992138535,-0.5030303030303029,0.13833369839449197,Baseline,4
REACTOME_INTEGRIN_CELL_SURFACE_INTERACTIONS,embedding_31,10,-0.4776429589670724,0.16267216628338993,-0.4666666666666666,0.17393859716506632,Baseline,4
REACTOME_EXTRACELLULAR_MATRIX_ORGANIZATION,embedding_0,10,-0.10023910663900597,0.7829169322602799,-0.16363636363636364,0.6514773427962428,Baseline,4
REACTOME_EXTRACELLULAR_MATRIX_ORGANIZATION,embedding_1,10,-0.32836248530050866,0.35427307551003806,-0.3939393939393939,0.25999776683488757,Baseline,4
REACTOME_EXTRACELLULAR_MATRIX_ORGANIZATION,embedding_2,10,0.29218982698501694,0.4126649633881363,0.38181818181818183,0.27625533338543595,Baseline,4
REACTOME_EXTRACELLULAR_MATRIX_ORGANIZATION,embedding_3,10,-0.3058051796541006,0.39017715266887393,-0.34545454545454546,0.32822651147136733,Baseline,4
REACTOME_EXTRACELLULAR_MATRIX_ORGANIZATION,embedding_4,10,0.3191930779600415,0.368660977749396,0.406060606060606,0.24428229408662638,Baseline,4
REACTOME_EXTRACELLULAR_MATRIX_ORGANIZATION,embedding_5,10,-0.24596387823072302,0.4933403047882038,-0.0303030303030303,0.9337729580941466,Baseline,4
REACTOME_EXTRACELLULAR_MATRIX_ORGANIZATION,embedding_6,10,0.1047829845689631,0.7732873215049413,0.28484848484848485,0.42503815489214547,Baseline,4
REACTOME_EXTRACELLULAR_MATRIX_ORGANIZATION,embedding_7,10,-0.33528063161543464,0.3436083334800474,-0.4666666666666666,0.17393859716506632,Baseline,4
REACTOME_EXTRACELLULAR_MATRIX_ORGANIZATION,embedding_8,10,0.31711323048513096,0.3719641969082672,0.38181818181818183,0.27625533338543595,Baseline,4
REACTOME_EXTRACELLULAR_MATRIX_ORGANIZATION,embedding_9,10,-0.2837856358520699,0.426843658209882,-0.2606060606060606,0.4670890543863402,Baseline,4
REACTOME_EXTRACELLULAR_MATRIX_ORGANIZATION,embedding_10,10,-0.318078282481035,0.3704296844037619,-0.3696969696969697,0.2930500752928223,Baseline,4
REACTOME_EXTRACELLULAR_MATRIX_ORGANIZATION,embedding_11,10,-0.30714889538049484,0.3879906842267217,-0.2606060606060606,0.4670890543863402,Baseline,4
REACTOME_EXTRACELLULAR_MATRIX_ORGANIZATION,embedding_12,10,-0.2910174573263872,0.4146293604294763,-0.29696969696969694,0.4047016712701569,Baseline,4
REACTOME_EXTRACELLULAR_MATRIX_ORGANIZATION,embedding_13,10,0.17553396063967164,0.6276336115495836,0.3696969696969697,0.2930500752928223,Baseline,4
REACTOME_EXTRACELLULAR_MATRIX_ORGANIZATION,embedding_14,10,-0.33178784146255047,0.34897205047429086,-0.3939393939393939,0.25999776683488757,Baseline,4
REACTOME_EXTRACELLULAR_MATRIX_ORGANIZATION,embedding_15,10,-0.24103529819950942,0.5023152585889467,0.01818181818181818,0.9602404181286243,Baseline,4
REACTOME_EXTRACELLULAR_MATRIX_ORGANIZATION,embedding_16,10,0.32759500932501934,0.35546633586507465,0.4666666666666666,0.17393859716506632,Baseline,4
REACTOME_EXTRACELLULAR_MATRIX_ORGANIZATION,embedding_17,10,0.3410652436030399,0.3348182984710444,0.34545454545454546,0.32822651147136733,Baseline,4
REACTOME_EXTRACELLULAR_MATRIX_ORGANIZATION,embedding_18,10,-0.30479799091060106,0.39181993632487727,-0.34545454545454546,0.32822651147136733,Baseline,4
REACTOME_EXTRACELLULAR_MATRIX_ORGANIZATION,embedding_19,10,0.33453699359280065,0.3447467678428977,0.3939393939393939,0.25999776683488757,Baseline,4
REACTOME_EXTRACELLULAR_MATRIX_ORGANIZATION,embedding_20,10,-0.08215792770505154,0.8214877277292704,0.04242424242424241,0.907363817812816,Baseline,4
REACTOME_EXTRACELLULAR_MATRIX_ORGANIZATION,embedding_21,10,0.1939658403452893,0.5913059433460967,0.32121212121212117,0.3654683104386702,Baseline,4
REACTOME_EXTRACELLULAR_MATRIX_ORGANIZATION,embedding_22,10,0.3325956343766191,0.34772781198432196,0.4666666666666666,0.17393859716506632,Baseline,4
REACTOME_EXTRACELLULAR_MATRIX_ORGANIZATION,embedding_23,10,-0.21378590434162745,0.5531375549341221,0.06666666666666665,0.8548130882487426,Baseline,4
REACTOME_EXTRACELLULAR_MATRIX_ORGANIZATION,embedding_24,10,-0.35053869048949216,0.32067592800419553,-0.3939393939393939,0.25999776683488757,Baseline,4
REACTOME_EXTRACELLULAR_MATRIX_ORGANIZATION,embedding_25,10,0.12362529314055054,0.7336649537923556,0.23636363636363633,0.5108853175152002,Baseline,4
REACTOME_EXTRACELLULAR_MATRIX_ORGANIZATION,embedding_26,10,-0.35328781207496956,0.3166312169472511,-0.3939393939393939,0.25999776683488757,Baseline,4
REACTOME_EXTRACELLULAR_MATRIX_ORGANIZATION,embedding_27,10,-0.25324039905660267,0.4802165719950908,-0.3696969696969697,0.2930500752928223,Baseline,4
REACTOME_EXTRACELLULAR_MATRIX_ORGANIZATION,embedding_28,10,0.3018332771488166,0.39667491375273645,0.4666666666666666,0.17393859716506632,Baseline,4
REACTOME_EXTRACELLULAR_MATRIX_ORGANIZATION,embedding_29,10,0.26811166284479543,0.45387798112681077,0.18787878787878787,0.603217610029209,Baseline,4
REACTOME_EXTRACELLULAR_MATRIX_ORGANIZATION,embedding_30,10,-0.31030022020872916,0.3828863549224133,-0.4666666666666666,0.17393859716506632,Baseline,4
REACTOME_EXTRACELLULAR_MATRIX_ORGANIZATION,embedding_31,10,-0.3392159766893535,0.3376156868588611,-0.43030303030303024,0.21449233253280775,Baseline,4
REACTOME_ASSEMBLY_OF_COLLAGEN_FIBRILS_AND_OTHER_MULTIMERIC_STRUCTURES,embedding_0,10,-0.4454783910638407,0.19696461248021052,-0.22424242424242422,0.5334005612725947,Baseline,4
REACTOME_ASSEMBLY_OF_COLLAGEN_FIBRILS_AND_OTHER_MULTIMERIC_STRUCTURES,embedding_1,10,-0.4260033727733574,0.21961557784295924,-0.33333333333333326,0.34659350708733405,Baseline,4
REACTOME_ASSEMBLY_OF_COLLAGEN_FIBRILS_AND_OTHER_MULTIMERIC_STRUCTURES,embedding_2,10,0.2683928877564523,0.4533862780375608,0.11515151515151514,0.7514196523258483,Baseline,4
REACTOME_ASSEMBLY_OF_COLLAGEN_FIBRILS_AND_OTHER_MULTIMERIC_STRUCTURES,embedding_3,10,-0.25241465151710046,0.4816981746422088,-0.13939393939393938,0.7009318849100584,Baseline,4
REACTOME_ASSEMBLY_OF_COLLAGEN_FIBRILS_AND_OTHER_MULTIMERIC_STRUCTURES,embedding_4,10,0.3087999190885434,0.38531234619360216,0.23636363636363633,0.5108853175152002,Baseline,4
REACTOME_ASSEMBLY_OF_COLLAGEN_FIBRILS_AND_OTHER_MULTIMERIC_STRUCTURES,embedding_5,10,-0.09271121182693895,0.7989284429460362,0.17575757575757575,0.6271883447764844,Baseline,4
REACTOME_ASSEMBLY_OF_COLLAGEN_FIBRILS_AND_OTHER_MULTIMERIC_STRUCTURES,embedding_6,10,0.47531190464399753,0.1650271464467783,0.3696969696969697,0.2930500752928223,Baseline,4
REACTOME_ASSEMBLY_OF_COLLAGEN_FIBRILS_AND_OTHER_MULTIMERIC_STRUCTURES,embedding_7,10,-0.5292590270632315,0.115679962801559,-0.3939393939393939,0.25999776683488757,Baseline,4
REACTOME_ASSEMBLY_OF_COLLAGEN_FIBRILS_AND_OTHER_MULTIMERIC_STRUCTURES,embedding_8,10,0.2585057626470961,0.4708160404510932,0.11515151515151514,0.7514196523258483,Baseline,4
REACTOME_ASSEMBLY_OF_COLLAGEN_FIBRILS_AND_OTHER_MULTIMERIC_STRUCTURES,embedding_9,10,-0.19053033036685507,0.5980182538607833,-0.05454545454545454,0.8810361811618526,Baseline,4
REACTOME_ASSEMBLY_OF_COLLAGEN_FIBRILS_AND_OTHER_MULTIMERIC_STRUCTURES,embedding_10,10,-0.5639333897572848,0.08951778689324624,-0.309090909090909,0.3848412302612835,Baseline,4
REACTOME_ASSEMBLY_OF_COLLAGEN_FIBRILS_AND_OTHER_MULTIMERIC_STRUCTURES,embedding_11,10,-0.22207694671299538,0.5374644898034878,-0.05454545454545454,0.8810361811618526,Baseline,4
REACTOME_ASSEMBLY_OF_COLLAGEN_FIBRILS_AND_OTHER_MULTIMERIC_STRUCTURES,embedding_12,10,-0.250029714249977,0.4859884656930757,-0.09090909090909088,0.8027717312071619,Baseline,4
REACTOME_ASSEMBLY_OF_COLLAGEN_FIBRILS_AND_OTHER_MULTIMERIC_STRUCTURES,embedding_13,10,0.5491525438442582,0.10015217847544738,0.3939393939393939,0.25999776683488757,Baseline,4
REACTOME_ASSEMBLY_OF_COLLAGEN_FIBRILS_AND_OTHER_MULTIMERIC_STRUCTURES,embedding_14,10,-0.5216746552913082,0.12197328868452074,-0.33333333333333326,0.34659350708733405,Baseline,4
REACTOME_ASSEMBLY_OF_COLLAGEN_FIBRILS_AND_OTHER_MULTIMERIC_STRUCTURES,embedding_15,10,-0.07697133439155933,0.8326192159750887,0.23636363636363633,0.5108853175152002,Baseline,4
REACTOME_ASSEMBLY_OF_COLLAGEN_FIBRILS_AND_OTHER_MULTIMERIC_STRUCTURES,embedding_16,10,0.5172338324090784,0.12575492738792401,0.3939393939393939,0.25999776683488757,Baseline,4
REACTOME_ASSEMBLY_OF_COLLAGEN_FIBRILS_AND_OTHER_MULTIMERIC_STRUCTURES,embedding_17,10,0.3853426432218701,0.2714725265949286,0.3696969696969697,0.2930500752928223,Baseline,4
REACTOME_ASSEMBLY_OF_COLLAGEN_FIBRILS_AND_OTHER_MULTIMERIC_STRUCTURES,embedding_18,10,-0.2547004078341283,0.47760180268063934,-0.13939393939393938,0.7009318849100584,Baseline,4
REACTOME_ASSEMBLY_OF_COLLAGEN_FIBRILS_AND_OTHER_MULTIMERIC_STRUCTURES,embedding_19,10,0.4762359714742116,0.16409116595430617,0.33333333333333326,0.34659350708733405,Baseline,4
REACTOME_ASSEMBLY_OF_COLLAGEN_FIBRILS_AND_OTHER_MULTIMERIC_STRUCTURES,embedding_20,10,0.31293041568168023,0.37865140141217773,0.23636363636363633,0.5108853175152002,Baseline,4
REACTOME_ASSEMBLY_OF_COLLAGEN_FIBRILS_AND_OTHER_MULTIMERIC_STRUCTURES,embedding_21,10,0.541495153659919,0.10596249998073115,0.35757575757575755,0.3103760917056799,Baseline,4
REACTOME_ASSEMBLY_OF_COLLAGEN_FIBRILS_AND_OTHER_MULTIMERIC_STRUCTURES,embedding_22,10,0.5253504677275141,0.11889722784192336,0.3939393939393939,0.25999776683488757,Baseline,4
REACTOME_ASSEMBLY_OF_COLLAGEN_FIBRILS_AND_OTHER_MULTIMERIC_STRUCTURES,embedding_23,10,-0.015472711016123766,0.9661615465156999,0.2727272727272727,0.44583834154275137,Baseline,4
REACTOME_ASSEMBLY_OF_COLLAGEN_FIBRILS_AND_OTHER_MULTIMERIC_STRUCTURES,embedding_24,10,-0.5055253065686486,0.13607051997566852,-0.33333333333333326,0.34659350708733405,Baseline,4
REACTOME_ASSEMBLY_OF_COLLAGEN_FIBRILS_AND_OTHER_MULTIMERIC_STRUCTURES,embedding_25,10,0.4352968166333516,0.20862901723091667,0.28484848484848485,0.42503815489214547,Baseline,4
REACTOME_ASSEMBLY_OF_COLLAGEN_FIBRILS_AND_OTHER_MULTIMERIC_STRUCTURES,embedding_26,10,-0.45130889997404033,0.19046028843378138,-0.33333333333333326,0.34659350708733405,Baseline,4
REACTOME_ASSEMBLY_OF_COLLAGEN_FIBRILS_AND_OTHER_MULTIMERIC_STRUCTURES,embedding_27,10,-0.5356300695067158,0.11055352343579662,-0.309090909090909,0.3848412302612835,Baseline,4
REACTOME_ASSEMBLY_OF_COLLAGEN_FIBRILS_AND_OTHER_MULTIMERIC_STRUCTURES,embedding_28,10,0.6163373553639407,0.057744983248451676,0.3939393939393939,0.25999776683488757,Baseline,4
REACTOME_ASSEMBLY_OF_COLLAGEN_FIBRILS_AND_OTHER_MULTIMERIC_STRUCTURES,embedding_29,10,0.1405081966447477,0.6986348821550401,0.006060606060606061,0.9867429111949892,Baseline,4
REACTOME_ASSEMBLY_OF_COLLAGEN_FIBRILS_AND_OTHER_MULTIMERIC_STRUCTURES,embedding_30,10,-0.5626131562119706,0.09043682408009496,-0.3939393939393939,0.25999776683488757,Baseline,4
REACTOME_ASSEMBLY_OF_COLLAGEN_FIBRILS_AND_OTHER_MULTIMERIC_STRUCTURES,embedding_31,10,-0.343652922955821,0.3309239865697851,-0.2121212121212121,0.5563057751029299,Baseline,4
REACTOME_MOLECULES_ASSOCIATED_WITH_ELASTIC_FIBRES,embedding_0,10,0.6681036940491325,0.0347289790438551,0.6727272727272726,0.0330412225454377,Baseline,4
REACTOME_MOLECULES_ASSOCIATED_WITH_ELASTIC_FIBRES,embedding_1,10,0.27394918612554375,0.44372087458350884,0.5393939393939393,0.1075931877824148,Baseline,4
REACTOME_MOLECULES_ASSOCIATED_WITH_ELASTIC_FIBRES,embedding_2,10,-0.046116327623240645,0.8993348016438651,0.05454545454545454,0.8810361811618526,Baseline,4
REACTOME_MOLECULES_ASSOCIATED_WITH_ELASTIC_FIBRES,embedding_3,10,0.015009758951923087,0.9671735485243752,-0.01818181818181818,0.9602404181286243,Baseline,4
REACTOME_MOLECULES_ASSOCIATED_WITH_ELASTIC_FIBRES,embedding_4,10,-0.06367839553101087,0.861266975510736,0.05454545454545454,0.8810361811618526,Baseline,4
REACTOME_MOLECULES_ASSOCIATED_WITH_ELASTIC_FIBRES,embedding_5,10,-0.20537863829599676,0.569209652395476,-0.2727272727272727,0.44583834154275137,Baseline,4
REACTOME_MOLECULES_ASSOCIATED_WITH_ELASTIC_FIBRES,embedding_6,10,-0.7098039429757557,0.021474806069294215,-0.6969696969696969,0.02509667588225183,Baseline,4
REACTOME_MOLECULES_ASSOCIATED_WITH_ELASTIC_FIBRES,embedding_7,10,0.4307903644358315,0.21391602359558765,0.5515151515151515,0.09840117666963498,Baseline,4
REACTOME_MOLECULES_ASSOCIATED_WITH_ELASTIC_FIBRES,embedding_8,10,-0.0022417911867043464,0.9950961064242774,0.05454545454545454,0.8810361811618526,Baseline,4
REACTOME_MOLECULES_ASSOCIATED_WITH_ELASTIC_FIBRES,embedding_9,10,-0.019764425919700755,0.9567822032157965,-0.07878787878787878,0.8287173946974606,Baseline,4
REACTOME_MOLECULES_ASSOCIATED_WITH_ELASTIC_FIBRES,embedding_10,10,0.5153866972638768,0.12734901358128595,0.6606060606060605,0.03758837757140939,Baseline,4
REACTOME_MOLECULES_ASSOCIATED_WITH_ELASTIC_FIBRES,embedding_11,10,-0.02910015456946969,0.9363972901038703,-0.07878787878787878,0.8287173946974606,Baseline,4
REACTOME_MOLECULES_ASSOCIATED_WITH_ELASTIC_FIBRES,embedding_12,10,-0.01957146777088113,0.9572038095161117,0.06666666666666665,0.8548130882487426,Baseline,4
REACTOME_MOLECULES_ASSOCIATED_WITH_ELASTIC_FIBRES,embedding_13,10,-0.700745040797923,0.023990814801262594,-0.7333333333333332,0.01580059625057158,Baseline,4
REACTOME_MOLECULES_ASSOCIATED_WITH_ELASTIC_FIBRES,embedding_14,10,0.4169637678727389,0.2306124371711192,0.5393939393939393,0.1075931877824148,Baseline,4
REACTOME_MOLECULES_ASSOCIATED_WITH_ELASTIC_FIBRES,embedding_15,10,-0.20228975550946035,0.5751588608210739,-0.12727272727272726,0.7260570147627894,Baseline,4
REACTOME_MOLECULES_ASSOCIATED_WITH_ELASTIC_FIBRES,embedding_16,10,-0.4465800274365442,0.19572587829518892,-0.5515151515151515,0.09840117666963498,Baseline,4
REACTOME_MOLECULES_ASSOCIATED_WITH_ELASTIC_FIBRES,embedding_17,10,-0.1447273480294575,0.6899573203360204,-0.33333333333333326,0.34659350708733405,Baseline,4
REACTOME_MOLECULES_ASSOCIATED_WITH_ELASTIC_FIBRES,embedding_18,10,0.0018525972984823474,0.9959474573183884,-0.01818181818181818,0.9602404181286243,Baseline,4
REACTOME_MOLECULES_ASSOCIATED_WITH_ELASTIC_FIBRES,embedding_19,10,-0.3481750744679262,0.32417484537403357,-0.5393939393939393,0.1075931877824148,Baseline,4
REACTOME_MOLECULES_ASSOCIATED_WITH_ELASTIC_FIBRES,embedding_20,10,-0.5492150534637823,0.10010559817313375,-0.6848484848484848,0.02888279750673276,Baseline,4
REACTOME_MOLECULES_ASSOCIATED_WITH_ELASTIC_FIBRES,embedding_21,10,-0.6398908548469465,0.0463044334572415,-0.7212121212121211,0.018573155089460208,Baseline,4
REACTOME_MOLECULES_ASSOCIATED_WITH_ELASTIC_FIBRES,embedding_22,10,-0.4329818769011345,0.21133540637715129,-0.5515151515151515,0.09840117666963498,Baseline,4
REACTOME_MOLECULES_ASSOCIATED_WITH_ELASTIC_FIBRES,embedding_23,10,-0.2891158436824326,0.4178250107723045,-0.309090909090909,0.3848412302612835,Baseline,4
REACTOME_MOLECULES_ASSOCIATED_WITH_ELASTIC_FIBRES,embedding_24,10,0.3596984091978712,0.30730389879110726,0.5393939393939393,0.1075931877824148,Baseline,4
REACTOME_MOLECULES_ASSOCIATED_WITH_ELASTIC_FIBRES,embedding_25,10,-0.6531893978821574,0.04056919837039492,-0.709090909090909,0.021665923367532435,Baseline,4
REACTOME_MOLECULES_ASSOCIATED_WITH_ELASTIC_FIBRES,embedding_26,10,0.26231172886449683,0.4640719820979806,0.5393939393939393,0.1075931877824148,Baseline,4
REACTOME_MOLECULES_ASSOCIATED_WITH_ELASTIC_FIBRES,embedding_27,10,0.5723229997096588,0.08381733472014671,0.6606060606060605,0.03758837757140939,Baseline,4
REACTOME_MOLECULES_ASSOCIATED_WITH_ELASTIC_FIBRES,embedding_28,10,-0.5808025848442431,0.07829865570717773,-0.5515151515151515,0.09840117666963498,Baseline,4
REACTOME_MOLECULES_ASSOCIATED_WITH_ELASTIC_FIBRES,embedding_29,10,0.09510340457035285,0.7938327520034476,0.09090909090909088,0.8027717312071619,Baseline,4
REACTOME_MOLECULES_ASSOCIATED_WITH_ELASTIC_FIBRES,embedding_30,10,0.5234790126352344,0.12045721965397307,0.5515151515151515,0.09840117666963498,Baseline,4
REACTOME_MOLECULES_ASSOCIATED_WITH_ELASTIC_FIBRES,embedding_31,10,0.15590457986898823,0.6671279704849727,-0.10303030303030303,0.7769984634438898,Baseline,4
REACTOME_ECM_PROTEOGLYCANS,embedding_0,10,0.04862219223240516,0.8938900480351833,0.06666666666666665,0.8548130882487426,Baseline,4
REACTOME_ECM_PROTEOGLYCANS,embedding_1,10,0.2377986498189714,0.5082463535284415,0.5151515151515151,0.12755286970323426,Baseline,4
REACTOME_ECM_PROTEOGLYCANS,embedding_2,10,-0.23914192622677768,0.5057812757617444,-0.04242424242424241,0.907363817812816,Baseline,4
REACTOME_ECM_PROTEOGLYCANS,embedding_3,10,0.1901624745032659,0.5987386038811199,-0.0303030303030303,0.9337729580941466,Baseline,4
REACTOME_ECM_PROTEOGLYCANS,embedding_4,10,-0.20838548300162252,0.5634411107337196,0.07878787878787878,0.8287173946974606,Baseline,4
REACTOME_ECM_PROTEOGLYCANS,embedding_5,10,0.15184381687937845,0.6753947099476443,-0.01818181818181818,0.9602404181286243,Baseline,4
REACTOME_ECM_PROTEOGLYCANS,embedding_6,10,-0.08500442224615343,0.8153906193359887,-0.10303030303030303,0.7769984634438898,Baseline,4
REACTOME_ECM_PROTEOGLYCANS,embedding_7,10,0.21305153516232184,0.5545343263700782,0.4545454545454545,0.186904810349332,Baseline,4
REACTOME_ECM_PROTEOGLYCANS,embedding_8,10,-0.17952121973654067,0.6197104546011376,-0.04242424242424241,0.907363817812816,Baseline,4
REACTOME_ECM_PROTEOGLYCANS,embedding_9,10,0.17535752994273404,0.6279850001629845,-0.04242424242424241,0.907363817812816,Baseline,4
REACTOME_ECM_PROTEOGLYCANS,embedding_10,10,0.18941771784904543,0.6001979761590046,0.41818181818181815,0.22911284098281892,Baseline,4
REACTOME_ECM_PROTEOGLYCANS,embedding_11,10,0.15236893123473919,0.6743239212598995,-0.04242424242424241,0.907363817812816,Baseline,4
REACTOME_ECM_PROTEOGLYCANS,embedding_12,10,0.21696870916331723,0.5470998330567891,0.0303030303030303,0.9337729580941466,Baseline,4
REACTOME_ECM_PROTEOGLYCANS,embedding_13,10,-0.13441612000446906,0.7112199329906175,-0.2727272727272727,0.44583834154275137,Baseline,4
REACTOME_ECM_PROTEOGLYCANS,embedding_14,10,0.23338286284386417,0.5163850753270711,0.5151515151515151,0.12755286970323426,Baseline,4
REACTOME_ECM_PROTEOGLYCANS,embedding_15,10,0.1638196437774635,0.6511078035345472,0.09090909090909088,0.8027717312071619,Baseline,4
REACTOME_ECM_PROTEOGLYCANS,embedding_16,10,-0.19721651675001858,0.5849803775522413,-0.4545454545454545,0.186904810349332,Baseline,4
REACTOME_ECM_PROTEOGLYCANS,embedding_17,10,-0.21370898194547489,0.5532837969152289,-0.12727272727272726,0.7260570147627894,Baseline,4
REACTOME_ECM_PROTEOGLYCANS,embedding_18,10,0.19928686161338505,0.5809647940601705,-0.0303030303030303,0.9337729580941466,Baseline,4
REACTOME_ECM_PROTEOGLYCANS,embedding_19,10,-0.2301067812649309,0.5224577573539348,-0.5151515151515151,0.12755286970323426,Baseline,4
REACTOME_ECM_PROTEOGLYCANS,embedding_20,10,-0.05904861120686908,0.8712805995122268,-0.17575757575757575,0.6271883447764844,Baseline,4
REACTOME_ECM_PROTEOGLYCANS,embedding_21,10,-0.04183284336236606,0.9086506272130922,-0.23636363636363633,0.5108853175152002,Baseline,4
REACTOME_ECM_PROTEOGLYCANS,embedding_22,10,-0.21390177553058184,0.5529172935088756,-0.4545454545454545,0.186904810349332,Baseline,4
REACTOME_ECM_PROTEOGLYCANS,embedding_23,10,0.14490511195931005,0.6895924173773141,-0.01818181818181818,0.9602404181286243,Baseline,4
REACTOME_ECM_PROTEOGLYCANS,embedding_24,10,0.21196406011875346,0.5566052289014205,0.5151515151515151,0.12755286970323426,Baseline,4
REACTOME_ECM_PROTEOGLYCANS,embedding_25,10,-0.04279662704799088,0.9065536554614249,-0.13939393939393938,0.7009318849100584,Baseline,4
REACTOME_ECM_PROTEOGLYCANS,embedding_26,10,0.20548804747348273,0.568999360554211,0.5151515151515151,0.12755286970323426,Baseline,4
REACTOME_ECM_PROTEOGLYCANS,embedding_27,10,0.23538558280635474,0.5126872052811199,0.41818181818181815,0.22911284098281892,Baseline,4
REACTOME_ECM_PROTEOGLYCANS,embedding_28,10,-0.2434284115221304,0.4979488150443491,-0.4545454545454545,0.186904810349332,Baseline,4
REACTOME_ECM_PROTEOGLYCANS,embedding_29,10,-0.15502750808944127,0.6689107844668418,0.06666666666666665,0.8548130882487426,Baseline,4
REACTOME_ECM_PROTEOGLYCANS,embedding_30,10,0.21710287250446744,0.5468459008972121,0.4545454545454545,0.186904810349332,Baseline,4
REACTOME_ECM_PROTEOGLYCANS,embedding_31,10,0.15691237056254784,0.6650812962375361,0.01818181818181818,0.9602404181286243,Baseline,4
REACTOME_ELASTIC_FIBRE_FORMATION,embedding_0,11,-0.25650348182054206,0.44643738434390584,-0.23636363636363636,0.4840911622253965,Orthogonal,0
REACTOME_ELASTIC_FIBRE_FORMATION,embedding_1,11,-0.25413546975294043,0.4507919052873021,-0.3090909090909091,0.3550284397015071,Orthogonal,0
REACTOME_ELASTIC_FIBRE_FORMATION,embedding_2,11,0.04253757269209968,0.9011724053061433,-0.05454545454545456,0.8734465775233149,Orthogonal,0
REACTOME_ELASTIC_FIBRE_FORMATION,embedding_3,11,0.1722580605096088,0.6125252145875825,0.03636363636363637,0.9154683168905347,Orthogonal,0
REACTOME_ELASTIC_FIBRE_FORMATION,embedding_4,11,-0.23892768419927224,0.47922054776475853,-0.21818181818181823,0.519248247554982,Orthogonal,0
REACTOME_ELASTIC_FIBRE_FORMATION,embedding_5,11,0.3173281165915348,0.3416670470543738,0.39090909090909093,0.23454006709519432,Orthogonal,0
REACTOME_ELASTIC_FIBRE_FORMATION,embedding_6,11,0.2262125288938296,0.5035876820582017,0.10000000000000002,0.7698749998921366,Orthogonal,0
REACTOME_ELASTIC_FIBRE_FORMATION,embedding_7,11,0.24999619894230926,0.4584507142707085,0.3181818181818182,0.34029761418190363,Orthogonal,0
REACTOME_ELASTIC_FIBRE_FORMATION,embedding_8,11,0.29192940198821843,0.38371575350388704,0.24545454545454545,0.4669223669820163,Orthogonal,0
REACTOME_ELASTIC_FIBRE_FORMATION,embedding_9,11,-0.21256270425481735,0.5303270325366636,-0.22727272727272727,0.501535667604937,Orthogonal,0
REACTOME_ELASTIC_FIBRE_FORMATION,embedding_10,11,0.2887407483602919,0.38917049391831027,0.4090909090909091,0.2115450103420961,Orthogonal,0
REACTOME_ELASTIC_FIBRE_FORMATION,embedding_11,11,0.03739807125753353,0.9130713826125836,-0.05454545454545456,0.8734465775233149,Orthogonal,0
REACTOME_ELASTIC_FIBRE_FORMATION,embedding_12,11,0.3050992182694193,0.3615991267029343,0.23636363636363636,0.4840911622253965,Orthogonal,0
REACTOME_ELASTIC_FIBRE_FORMATION,embedding_13,11,-0.6033282105240194,0.04939591246857185,-0.6818181818181819,0.020842853610945056,Orthogonal,0
REACTOME_ELASTIC_FIBRE_FORMATION,embedding_14,11,-0.37047623902809607,0.2620413494705143,-0.3727272727272728,0.25892587368422215,Orthogonal,0
REACTOME_ELASTIC_FIBRE_FORMATION,embedding_15,11,0.25931773402227803,0.44128799912877087,0.23636363636363636,0.4840911622253965,Orthogonal,0
REACTOME_ELASTIC_FIBRE_FORMATION,embedding_16,11,-0.12121873233242303,0.7225624980494223,0.0,1.0,Orthogonal,0
REACTOME_ELASTIC_FIBRE_FORMATION,embedding_17,11,0.18090690967833317,0.594502473474588,0.05454545454545456,0.8734465775233149,Orthogonal,0
REACTOME_ELASTIC_FIBRE_FORMATION,embedding_18,11,-0.24941193177420654,0.4595365714716052,-0.16363636363636366,0.6306852146425357,Orthogonal,0
REACTOME_ELASTIC_FIBRE_FORMATION,embedding_19,11,0.21476572628668195,0.5259717788862807,0.10000000000000002,0.7698749998921366,Orthogonal,0
REACTOME_ELASTIC_FIBRE_FORMATION,embedding_20,11,0.32985428413886686,0.3218653702678241,0.3545454545454546,0.2846927409558867,Orthogonal,0
REACTOME_ELASTIC_FIBRE_FORMATION,embedding_21,11,0.07851531951555127,0.8185085419686191,0.11818181818181818,0.72928477951978,Orthogonal,0
REACTOME_ELASTIC_FIBRE_FORMATION,embedding_22,11,0.13438476464945176,0.6936274365404682,0.11818181818181818,0.72928477951978,Orthogonal,0
REACTOME_ELASTIC_FIBRE_FORMATION,embedding_23,11,-0.20009017726927628,0.5552634553079838,-0.17272727272727276,0.6115423848512369,Orthogonal,0
REACTOME_ELASTIC_FIBRE_FORMATION,embedding_24,11,-0.30089327738866695,0.36858962245124305,-0.3545454545454546,0.2846927409558867,Orthogonal,0
REACTOME_ELASTIC_FIBRE_FORMATION,embedding_25,11,0.02617396337215812,0.9391102114511783,-0.1272727272727273,0.7092146257733047,Orthogonal,0
REACTOME_ELASTIC_FIBRE_FORMATION,embedding_26,11,0.01903455554778813,0.9557022953028297,-0.009090909090909092,0.9788365001441937,Orthogonal,0
REACTOME_ELASTIC_FIBRE_FORMATION,embedding_27,11,-0.0330369119045059,0.9231810108521064,-0.10909090909090911,0.7495085962341482,Orthogonal,0
REACTOME_ELASTIC_FIBRE_FORMATION,embedding_28,11,-0.1784990145281259,0.5995000831547834,-0.1272727272727273,0.7092146257733047,Orthogonal,0
REACTOME_ELASTIC_FIBRE_FORMATION,embedding_29,11,0.016549414146611152,0.961481806672477,-0.22727272727272727,0.501535667604937,Orthogonal,0
REACTOME_ELASTIC_FIBRE_FORMATION,embedding_30,11,-0.13816944660739777,0.6853755134514121,-0.14545454545454548,0.6695786456420787,Orthogonal,0
REACTOME_ELASTIC_FIBRE_FORMATION,embedding_31,11,-0.2894144793663633,0.3880147464622871,-0.3727272727272728,0.25892587368422215,Orthogonal,0
REACTOME_NON_INTEGRIN_MEMBRANE_ECM_INTERACTIONS,embedding_0,11,-0.4771836138026523,0.13775804362735128,-0.6272727272727273,0.03884525362035334,Orthogonal,0
REACTOME_NON_INTEGRIN_MEMBRANE_ECM_INTERACTIONS,embedding_1,11,-0.5417140665487856,0.08520701267560696,-0.5727272727272729,0.06554305260101842,Orthogonal,0
REACTOME_NON_INTEGRIN_MEMBRANE_ECM_INTERACTIONS,embedding_2,11,0.0014827438194822407,0.9965478706773129,-0.05454545454545456,0.8734465775233149,Orthogonal,0
REACTOME_NON_INTEGRIN_MEMBRANE_ECM_INTERACTIONS,embedding_3,11,0.3657323052392313,0.2686762759945484,0.15454545454545454,0.65003396549758,Orthogonal,0
REACTOME_NON_INTEGRIN_MEMBRANE_ECM_INTERACTIONS,embedding_4,11,-0.5242905958577453,0.09780238232612631,-0.5181818181818182,0.10249153979096383,Orthogonal,0
REACTOME_NON_INTEGRIN_MEMBRANE_ECM_INTERACTIONS,embedding_5,11,0.5416932649679231,0.0852213719964547,0.7000000000000001,0.01647097883651441,Orthogonal,0
REACTOME_NON_INTEGRIN_MEMBRANE_ECM_INTERACTIONS,embedding_6,11,0.4518589906767322,0.16294273160232617,0.46363636363636374,0.15090149929248603,Orthogonal,0
REACTOME_NON_INTEGRIN_MEMBRANE_ECM_INTERACTIONS,embedding_7,11,0.4350563020762124,0.18112167873036894,0.41818181818181827,0.20057021703405067,Orthogonal,0
REACTOME_NON_INTEGRIN_MEMBRANE_ECM_INTERACTIONS,embedding_8,11,0.5267208961805072,0.09597663888236296,0.41818181818181827,0.20057021703405067,Orthogonal,0
REACTOME_NON_INTEGRIN_MEMBRANE_ECM_INTERACTIONS,embedding_9,11,-0.32175418478461926,0.33459857127668613,-0.39090909090909093,0.23454006709519432,Orthogonal,0
REACTOME_NON_INTEGRIN_MEMBRANE_ECM_INTERACTIONS,embedding_10,11,0.5972095844485379,0.05237822118382084,0.6818181818181819,0.020842853610945056,Orthogonal,0
REACTOME_NON_INTEGRIN_MEMBRANE_ECM_INTERACTIONS,embedding_11,11,-0.05907203485021502,0.8630263718896365,-0.07272727272727274,0.831716405381337,Orthogonal,0
REACTOME_NON_INTEGRIN_MEMBRANE_ECM_INTERACTIONS,embedding_12,11,0.5273868533021051,0.09548027577316244,0.5181818181818182,0.10249153979096383,Orthogonal,0
REACTOME_NON_INTEGRIN_MEMBRANE_ECM_INTERACTIONS,embedding_13,11,-0.6100536665357538,0.046254730030914244,-0.5909090909090909,0.05557560428877463,Orthogonal,0
REACTOME_NON_INTEGRIN_MEMBRANE_ECM_INTERACTIONS,embedding_14,11,-0.6187398735853444,0.04240516447961056,-0.6727272727272727,0.023313039833185972,Orthogonal,0
REACTOME_NON_INTEGRIN_MEMBRANE_ECM_INTERACTIONS,embedding_15,11,0.5398633612845173,0.08649083436673718,0.5363636363636364,0.08895341813596276,Orthogonal,0
REACTOME_NON_INTEGRIN_MEMBRANE_ECM_INTERACTIONS,embedding_16,11,-0.2108046471015329,0.5338133661504527,-0.18181818181818182,0.5926152128455,Orthogonal,0
REACTOME_NON_INTEGRIN_MEMBRANE_ECM_INTERACTIONS,embedding_17,11,0.40606833059038344,0.21527115742480504,0.30000000000000004,0.37008312228206786,Orthogonal,0
REACTOME_NON_INTEGRIN_MEMBRANE_ECM_INTERACTIONS,embedding_18,11,-0.4728066929096851,0.14192223660899717,-0.5,0.11730680301423815,Orthogonal,0
REACTOME_NON_INTEGRIN_MEMBRANE_ECM_INTERACTIONS,embedding_19,11,0.4281776759508483,0.1889049574099003,0.28181818181818186,0.4011448979604785,Orthogonal,0
REACTOME_NON_INTEGRIN_MEMBRANE_ECM_INTERACTIONS,embedding_20,11,0.4585023556717833,0.15607986896895895,0.4090909090909091,0.2115450103420961,Orthogonal,0
REACTOME_NON_INTEGRIN_MEMBRANE_ECM_INTERACTIONS,embedding_21,11,-0.1360406980922723,0.6900131923140594,-0.15454545454545454,0.65003396549758,Orthogonal,0
REACTOME_NON_INTEGRIN_MEMBRANE_ECM_INTERACTIONS,embedding_22,11,0.3489784021840802,0.29285607641490624,0.33636363636363636,0.31182431390038623,Orthogonal,0
REACTOME_NON_INTEGRIN_MEMBRANE_ECM_INTERACTIONS,embedding_23,11,-0.46185564960108827,0.15268525929781043,-0.3727272727272728,0.25892587368422215,Orthogonal,0
REACTOME_NON_INTEGRIN_MEMBRANE_ECM_INTERACTIONS,embedding_24,11,-0.5720480120202831,0.06593723135189883,-0.6000000000000001,0.05100326070695074,Orthogonal,0
REACTOME_NON_INTEGRIN_MEMBRANE_ECM_INTERACTIONS,embedding_25,11,-0.01862623410943917,0.956651773804845,-0.15454545454545454,0.65003396549758,Orthogonal,0
REACTOME_NON_INTEGRIN_MEMBRANE_ECM_INTERACTIONS,embedding_26,11,0.13496610066798406,0.6923579542674604,-0.02727272727272728,0.9365584481926122,Orthogonal,0
REACTOME_NON_INTEGRIN_MEMBRANE_ECM_INTERACTIONS,embedding_27,11,-0.10850161501822411,0.7508245926705366,-0.11818181818181818,0.72928477951978,Orthogonal,0
REACTOME_NON_INTEGRIN_MEMBRANE_ECM_INTERACTIONS,embedding_28,11,-0.49247447232220354,0.1238209546015691,-0.4727272727272727,0.14199852020631992,Orthogonal,0
REACTOME_NON_INTEGRIN_MEMBRANE_ECM_INTERACTIONS,embedding_29,11,0.06647649778688208,0.8460240944447579,-0.045454545454545456,0.8944269969053026,Orthogonal,0
REACTOME_NON_INTEGRIN_MEMBRANE_ECM_INTERACTIONS,embedding_30,11,-0.3735010616355347,0.2578598241302038,-0.43636363636363645,0.17966487658001123,Orthogonal,0
REACTOME_NON_INTEGRIN_MEMBRANE_ECM_INTERACTIONS,embedding_31,11,-0.5683493635449354,0.06811166889568056,-0.6727272727272727,0.023313039833185972,Orthogonal,0
REACTOME_COLLAGEN_FORMATION,embedding_0,11,-0.18255036063793273,0.5911004962736459,0.02727272727272728,0.9365584481926122,Orthogonal,0
REACTOME_COLLAGEN_FORMATION,embedding_1,11,-0.40592466976433367,0.21544921758493701,-0.3090909090909091,0.3550284397015071,Orthogonal,0
REACTOME_COLLAGEN_FORMATION,embedding_2,11,-0.31744190400502265,0.3414843522665447,-0.4909090909090909,0.12520440713849534,Orthogonal,0
REACTOME_COLLAGEN_FORMATION,embedding_3,11,0.5029169828768358,0.11484242006449293,0.3090909090909091,0.3550284397015071,Orthogonal,0
REACTOME_COLLAGEN_FORMATION,embedding_4,11,-0.3924022045035427,0.23259918434204854,-0.24545454545454545,0.4669223669820163,Orthogonal,0
REACTOME_COLLAGEN_FORMATION,embedding_5,11,0.19710953541845289,0.5612913220480015,0.07272727272727274,0.831716405381337,Orthogonal,0
REACTOME_COLLAGEN_FORMATION,embedding_6,11,-0.08258398957362453,0.8092492450368393,-0.24545454545454545,0.4669223669820163,Orthogonal,0
REACTOME_COLLAGEN_FORMATION,embedding_7,11,0.3608240375090911,0.27563964193216134,0.28181818181818186,0.4011448979604785,Orthogonal,0
REACTOME_COLLAGEN_FORMATION,embedding_8,11,0.4900331275445431,0.12598285832097095,0.22727272727272727,0.501535667604937,Orthogonal,0
REACTOME_COLLAGEN_FORMATION,embedding_9,11,0.13888221331924133,0.6838248504780009,0.3454545454545455,0.2980892209030388,Orthogonal,0
REACTOME_COLLAGEN_FORMATION,embedding_10,11,0.24491061279961568,0.4679417314278958,0.16363636363636366,0.6306852146425357,Orthogonal,0
REACTOME_COLLAGEN_FORMATION,embedding_11,11,-0.25649943422878313,0.4464448105956006,-0.27272727272727276,0.41714143714253127,Orthogonal,0
REACTOME_COLLAGEN_FORMATION,embedding_12,11,0.5225996166049983,0.09908604192604553,0.5,0.11730680301423815,Orthogonal,0
REACTOME_COLLAGEN_FORMATION,embedding_13,11,-0.2757537464274114,0.4117820803868065,-0.16363636363636366,0.6306852146425357,Orthogonal,0
REACTOME_COLLAGEN_FORMATION,embedding_14,11,-0.38384462638201844,0.24385024285044682,-0.26363636363636367,0.4334407376116145,Orthogonal,0
REACTOME_COLLAGEN_FORMATION,embedding_15,11,0.40583439747584493,0.21556114994927666,0.28181818181818186,0.4011448979604785,Orthogonal,0
REACTOME_COLLAGEN_FORMATION,embedding_16,11,0.15903375083963245,0.6404561286621744,0.4272727272727273,0.189943724965427,Orthogonal,0
REACTOME_COLLAGEN_FORMATION,embedding_17,11,0.505636715973686,0.1125749914341627,0.3090909090909091,0.3550284397015071,Orthogonal,0
REACTOME_COLLAGEN_FORMATION,embedding_18,11,-0.07093357290864324,0.8358175808013251,0.17272727272727276,0.6115423848512369,Orthogonal,0
REACTOME_COLLAGEN_FORMATION,embedding_19,11,0.4779212459616964,0.1370639603470476,0.26363636363636367,0.4334407376116145,Orthogonal,0
REACTOME_COLLAGEN_FORMATION,embedding_20,11,-0.035337248561413584,0.9178472296477772,-0.3272727272727273,0.32589494101284167,Orthogonal,0
REACTOME_COLLAGEN_FORMATION,embedding_21,11,-0.36473593581589075,0.27008172432516897,-0.28181818181818186,0.4011448979604785,Orthogonal,0
REACTOME_COLLAGEN_FORMATION,embedding_22,11,0.45290908985786116,0.1618457385050238,0.30000000000000004,0.37008312228206786,Orthogonal,0
REACTOME_COLLAGEN_FORMATION,embedding_23,11,-0.39229643835940176,0.23273635979453697,-0.22727272727272727,0.501535667604937,Orthogonal,0
REACTOME_COLLAGEN_FORMATION,embedding_24,11,-0.36844243127833465,0.26487436961718663,-0.30000000000000004,0.37008312228206786,Orthogonal,0
REACTOME_COLLAGEN_FORMATION,embedding_25,11,-0.19984691578607947,0.5557544362415324,-0.3454545454545455,0.2980892209030388,Orthogonal,0
REACTOME_COLLAGEN_FORMATION,embedding_26,11,0.42488605646941413,0.1926998505143223,0.3454545454545455,0.2980892209030388,Orthogonal,0
REACTOME_COLLAGEN_FORMATION,embedding_27,11,-0.33580130389349205,0.3126849728696583,-0.4000000000000001,0.22286835013352002,Orthogonal,0
REACTOME_COLLAGEN_FORMATION,embedding_28,11,-0.3174062110512579,0.34154165462842384,-0.22727272727272727,0.501535667604937,Orthogonal,0
REACTOME_COLLAGEN_FORMATION,embedding_29,11,-0.19009337150021802,0.5755818515799421,-0.4272727272727273,0.189943724965427,Orthogonal,0
REACTOME_COLLAGEN_FORMATION,embedding_30,11,-0.4918421819031826,0.1243785767794832,-0.3727272727272728,0.25892587368422215,Orthogonal,0
REACTOME_COLLAGEN_FORMATION,embedding_31,11,-0.3278347687081957,0.3250153631685246,-0.26363636363636367,0.4334407376116145,Orthogonal,0
REACTOME_COLLAGEN_DEGRADATION,embedding_0,11,0.08470926761951496,0.8044212748452189,0.18181818181818182,0.5926152128455,Orthogonal,0
REACTOME_COLLAGEN_DEGRADATION,embedding_1,11,-0.20347475642109866,0.5484504225832246,-0.23636363636363636,0.4840911622253965,Orthogonal,0
REACTOME_COLLAGEN_DEGRADATION,embedding_2,11,-0.4098169737912663,0.2106556788023307,-0.5909090909090909,0.05557560428877463,Orthogonal,0
REACTOME_COLLAGEN_DEGRADATION,embedding_3,11,0.357392775408777,0.28056696291987276,0.29090909090909095,0.38545696969136556,Orthogonal,0
REACTOME_COLLAGEN_DEGRADATION,embedding_4,11,-0.17808044117945016,0.600370428134443,-0.1272727272727273,0.7092146257733047,Orthogonal,0
REACTOME_COLLAGEN_DEGRADATION,embedding_5,11,-0.050810947351973,0.8820571031577572,-0.045454545454545456,0.8944269969053026,Orthogonal,0
REACTOME_COLLAGEN_DEGRADATION,embedding_6,11,-0.30673021260566224,0.3589068412447423,-0.4090909090909091,0.2115450103420961,Orthogonal,0
REACTOME_COLLAGEN_DEGRADATION,embedding_7,11,0.35842490012112116,0.2790796931215004,0.3272727272727273,0.32589494101284167,Orthogonal,0
REACTOME_COLLAGEN_DEGRADATION,embedding_8,11,0.3298350340542486,0.32189531856121023,0.18181818181818182,0.5926152128455,Orthogonal,0
REACTOME_COLLAGEN_DEGRADATION,embedding_9,11,0.3124815156635254,0.3494962244119443,0.4090909090909091,0.2115450103420961,Orthogonal,0
REACTOME_COLLAGEN_DEGRADATION,embedding_10,11,0.02040945517384908,0.9525055983968659,0.045454545454545456,0.8944269969053026,Orthogonal,0
REACTOME_COLLAGEN_DEGRADATION,embedding_11,11,-0.34270733809279297,0.30220429812044375,-0.3727272727272728,0.25892587368422215,Orthogonal,0
REACTOME_COLLAGEN_DEGRADATION,embedding_12,11,0.3124033328095944,0.3496232807193585,0.38181818181818183,0.24655957577897006,Orthogonal,0
REACTOME_COLLAGEN_DEGRADATION,embedding_13,11,-0.2334039867306392,0.48974051542234776,-0.05454545454545456,0.8734465775233149,Orthogonal,0
REACTOME_COLLAGEN_DEGRADATION,embedding_14,11,-0.14184954796000376,0.677381080049226,-0.1272727272727273,0.7092146257733047,Orthogonal,0
REACTOME_COLLAGEN_DEGRADATION,embedding_15,11,0.18861682431264948,0.5786071402848703,0.16363636363636366,0.6306852146425357,Orthogonal,0
REACTOME_COLLAGEN_DEGRADATION,embedding_16,11,0.34844660149106926,0.29364256671700517,0.5090909090909091,0.10973723224165641,Orthogonal,0
REACTOME_COLLAGEN_DEGRADATION,embedding_17,11,0.35648902458643283,0.28187286945753764,0.3272727272727273,0.32589494101284167,Orthogonal,0
REACTOME_COLLAGEN_DEGRADATION,embedding_18,11,0.17727385858183045,0.6020488879533183,0.3090909090909091,0.3550284397015071,Orthogonal,0
REACTOME_COLLAGEN_DEGRADATION,embedding_19,11,0.37359183224914905,0.2577349334265741,0.26363636363636367,0.4334407376116145,Orthogonal,0
REACTOME_COLLAGEN_DEGRADATION,embedding_20,11,-0.23294017036218542,0.4906284760336622,-0.41818181818181827,0.20057021703405067,Orthogonal,0
REACTOME_COLLAGEN_DEGRADATION,embedding_21,11,-0.2439124599027369,0.4698149641820203,-0.28181818181818186,0.4011448979604785,Orthogonal,0
REACTOME_COLLAGEN_DEGRADATION,embedding_22,11,0.3645479224102184,0.2703473935696412,0.3090909090909091,0.3550284397015071,Orthogonal,0
REACTOME_COLLAGEN_DEGRADATION,embedding_23,11,-0.28350543581186466,0.3982097587685779,-0.23636363636363636,0.4840911622253965,Orthogonal,0
REACTOME_COLLAGEN_DEGRADATION,embedding_24,11,-0.12826359484965516,0.7070368220903148,-0.16363636363636366,0.6306852146425357,Orthogonal,0
REACTOME_COLLAGEN_DEGRADATION,embedding_25,11,-0.34371365064603193,0.3006933454025455,-0.44545454545454555,0.16973260492681172,Orthogonal,0
REACTOME_COLLAGEN_DEGRADATION,embedding_26,11,0.4161187091439447,0.20303029027255728,0.41818181818181827,0.20057021703405067,Orthogonal,0
REACTOME_COLLAGEN_DEGRADATION,embedding_27,11,-0.4168604825420794,0.20214372588456997,-0.5,0.11730680301423815,Orthogonal,0
REACTOME_COLLAGEN_DEGRADATION,embedding_28,11,-0.09595762355937715,0.7789740123275477,-0.10909090909090911,0.7495085962341482,Orthogonal,0
REACTOME_COLLAGEN_DEGRADATION,embedding_29,11,-0.3714750135493232,0.2606564134816561,-0.5272727272727273,0.09556521835315422,Orthogonal,0
REACTOME_COLLAGEN_DEGRADATION,embedding_30,11,-0.3144383027391555,0.34632406568453356,-0.3090909090909091,0.3550284397015071,Orthogonal,0
REACTOME_COLLAGEN_DEGRADATION,embedding_31,11,-0.07497853121783798,0.8265743889156362,-0.1272727272727273,0.7092146257733047,Orthogonal,0
REACTOME_DEGRADATION_OF_THE_EXTRACELLULAR_MATRIX,embedding_0,11,-0.039100020680686035,0.9091291439190625,0.07272727272727274,0.831716405381337,Orthogonal,0
REACTOME_DEGRADATION_OF_THE_EXTRACELLULAR_MATRIX,embedding_1,11,-0.25386829154053264,0.4512844535632852,-0.3454545454545455,0.2980892209030388,Orthogonal,0
REACTOME_DEGRADATION_OF_THE_EXTRACELLULAR_MATRIX,embedding_2,11,-0.2916732216680619,0.38415256669470854,-0.5636363636363637,0.07095173447637536,Orthogonal,0
REACTOME_DEGRADATION_OF_THE_EXTRACELLULAR_MATRIX,embedding_3,11,0.33032589929101486,0.3211321222560077,0.30000000000000004,0.37008312228206786,Orthogonal,0
REACTOME_DEGRADATION_OF_THE_EXTRACELLULAR_MATRIX,embedding_4,11,-0.2296253676262781,0.49699517248723374,-0.23636363636363636,0.4840911622253965,Orthogonal,0
REACTOME_DEGRADATION_OF_THE_EXTRACELLULAR_MATRIX,embedding_5,11,0.08808892659547517,0.7967564147568078,0.15454545454545454,0.65003396549758,Orthogonal,0
REACTOME_DEGRADATION_OF_THE_EXTRACELLULAR_MATRIX,embedding_6,11,-0.17415809828513457,0.6085488762784511,-0.29090909090909095,0.38545696969136556,Orthogonal,0
REACTOME_DEGRADATION_OF_THE_EXTRACELLULAR_MATRIX,embedding_7,11,0.3395148908050487,0.3070250478596722,0.41818181818181827,0.20057021703405067,Orthogonal,0
REACTOME_DEGRADATION_OF_THE_EXTRACELLULAR_MATRIX,embedding_8,11,0.3568328102827294,0.2813757059767109,0.27272727272727276,0.41714143714253127,Orthogonal,0
REACTOME_DEGRADATION_OF_THE_EXTRACELLULAR_MATRIX,embedding_9,11,0.1491272850354301,0.6616596302517588,0.30000000000000004,0.37008312228206786,Orthogonal,0
REACTOME_DEGRADATION_OF_THE_EXTRACELLULAR_MATRIX,embedding_10,11,0.1225618085030318,0.7195951425764644,0.22727272727272727,0.501535667604937,Orthogonal,0
REACTOME_DEGRADATION_OF_THE_EXTRACELLULAR_MATRIX,embedding_11,11,-0.23941631042238165,0.47829486522034165,-0.36363636363636365,0.2716375409938228,Orthogonal,0
REACTOME_DEGRADATION_OF_THE_EXTRACELLULAR_MATRIX,embedding_12,11,0.37002422192600576,0.2626695012036028,0.46363636363636374,0.15090149929248603,Orthogonal,0
REACTOME_DEGRADATION_OF_THE_EXTRACELLULAR_MATRIX,embedding_13,11,-0.3732859324804349,0.2581559565217144,-0.3181818181818182,0.34029761418190363,Orthogonal,0
REACTOME_DEGRADATION_OF_THE_EXTRACELLULAR_MATRIX,embedding_14,11,-0.24981425575258412,0.45878872783686037,-0.27272727272727276,0.41714143714253127,Orthogonal,0
REACTOME_DEGRADATION_OF_THE_EXTRACELLULAR_MATRIX,embedding_15,11,0.25021781810559196,0.4580391458435966,0.26363636363636367,0.4334407376116145,Orthogonal,0
REACTOME_DEGRADATION_OF_THE_EXTRACELLULAR_MATRIX,embedding_16,11,0.206595241459536,0.5421992715550862,0.46363636363636374,0.15090149929248603,Orthogonal,0
REACTOME_DEGRADATION_OF_THE_EXTRACELLULAR_MATRIX,embedding_17,11,0.35063631301617876,0.2904116242478997,0.36363636363636365,0.2716375409938228,Orthogonal,0
REACTOME_DEGRADATION_OF_THE_EXTRACELLULAR_MATRIX,embedding_18,11,0.0352388528465627,0.9180753185945897,0.22727272727272727,0.501535667604937,Orthogonal,0
REACTOME_DEGRADATION_OF_THE_EXTRACELLULAR_MATRIX,embedding_19,11,0.35831188882544746,0.2792423249367796,0.29090909090909095,0.38545696969136556,Orthogonal,0
REACTOME_DEGRADATION_OF_THE_EXTRACELLULAR_MATRIX,embedding_20,11,-0.0720371389385141,0.833293909948216,-0.21818181818181823,0.519248247554982,Orthogonal,0
REACTOME_DEGRADATION_OF_THE_EXTRACELLULAR_MATRIX,embedding_21,11,-0.15035696520887065,0.6590151342254914,-0.22727272727272727,0.501535667604937,Orthogonal,0
REACTOME_DEGRADATION_OF_THE_EXTRACELLULAR_MATRIX,embedding_22,11,0.3278627481100578,0.3249716094333539,0.3454545454545455,0.2980892209030388,Orthogonal,0
REACTOME_DEGRADATION_OF_THE_EXTRACELLULAR_MATRIX,embedding_23,11,-0.275843089356692,0.41162438187863115,-0.3545454545454546,0.2846927409558867,Orthogonal,0
REACTOME_DEGRADATION_OF_THE_EXTRACELLULAR_MATRIX,embedding_24,11,-0.21952355101216864,0.5166174799509796,-0.29090909090909095,0.38545696969136556,Orthogonal,0
REACTOME_DEGRADATION_OF_THE_EXTRACELLULAR_MATRIX,embedding_25,11,-0.24544681306485938,0.4669368508768659,-0.45454545454545453,0.16014543725525882,Orthogonal,0
REACTOME_DEGRADATION_OF_THE_EXTRACELLULAR_MATRIX,embedding_26,11,0.3163110621387194,0.3433022892383729,0.3727272727272728,0.25892587368422215,Orthogonal,0
REACTOME_DEGRADATION_OF_THE_EXTRACELLULAR_MATRIX,embedding_27,11,-0.3193974353634943,0.33835262361071355,-0.4909090909090909,0.12520440713849534,Orthogonal,0
REACTOME_DEGRADATION_OF_THE_EXTRACELLULAR_MATRIX,embedding_28,11,-0.16173475062966725,0.6347158340473574,-0.23636363636363636,0.4840911622253965,Orthogonal,0
REACTOME_DEGRADATION_OF_THE_EXTRACELLULAR_MATRIX,embedding_29,11,-0.257661839774437,0.44431448270002877,-0.5363636363636364,0.08895341813596276,Orthogonal,0
REACTOME_DEGRADATION_OF_THE_EXTRACELLULAR_MATRIX,embedding_30,11,-0.31380630988278474,0.34734694129492943,-0.38181818181818183,0.24655957577897006,Orthogonal,0
REACTOME_DEGRADATION_OF_THE_EXTRACELLULAR_MATRIX,embedding_31,11,-0.17062348938602423,0.6159535176193899,-0.27272727272727276,0.41714143714253127,Orthogonal,0
REACTOME_INTEGRIN_CELL_SURFACE_INTERACTIONS,embedding_0,11,0.04550169641387122,0.894318012211655,0.05454545454545456,0.8734465775233149,Orthogonal,0
REACTOME_INTEGRIN_CELL_SURFACE_INTERACTIONS,embedding_1,11,-0.06165157743530061,0.8570969070055724,-0.13636363636363638,0.6893090205863619,Orthogonal,0
REACTOME_INTEGRIN_CELL_SURFACE_INTERACTIONS,embedding_2,11,-0.12055245685547747,0.724035825292371,-0.33636363636363636,0.31182431390038623,Orthogonal,0
REACTOME_INTEGRIN_CELL_SURFACE_INTERACTIONS,embedding_3,11,0.06290988715251265,0.854206879971079,0.08181818181818183,0.8109903943000458,Orthogonal,0
REACTOME_INTEGRIN_CELL_SURFACE_INTERACTIONS,embedding_4,11,-0.028042756986177766,0.934770453342024,-0.009090909090909092,0.9788365001441937,Orthogonal,0
REACTOME_INTEGRIN_CELL_SURFACE_INTERACTIONS,embedding_5,11,0.01362695781115076,0.9682804603524315,0.10000000000000002,0.7698749998921366,Orthogonal,0
REACTOME_INTEGRIN_CELL_SURFACE_INTERACTIONS,embedding_6,11,-0.033011808422432454,0.9232392342237767,-0.13636363636363638,0.6893090205863619,Orthogonal,0
REACTOME_INTEGRIN_CELL_SURFACE_INTERACTIONS,embedding_7,11,0.2386640134056166,0.479720394869714,0.3454545454545455,0.2980892209030388,Orthogonal,0
REACTOME_INTEGRIN_CELL_SURFACE_INTERACTIONS,embedding_8,11,0.12972697041207457,0.7038241099488783,0.17272727272727276,0.6115423848512369,Orthogonal,0
REACTOME_INTEGRIN_CELL_SURFACE_INTERACTIONS,embedding_9,11,0.059528538973959294,0.8619765585608414,0.10909090909090911,0.7495085962341482,Orthogonal,0
REACTOME_INTEGRIN_CELL_SURFACE_INTERACTIONS,embedding_10,11,0.03359579020768254,0.9218848732233172,0.1272727272727273,0.7092146257733047,Orthogonal,0
REACTOME_INTEGRIN_CELL_SURFACE_INTERACTIONS,embedding_11,11,-0.11007535393188321,0.7473114973418518,-0.26363636363636367,0.4334407376116145,Orthogonal,0
REACTOME_INTEGRIN_CELL_SURFACE_INTERACTIONS,embedding_12,11,0.10615377797419775,0.7560736112992037,0.09090909090909091,0.7903727377532903,Orthogonal,0
REACTOME_INTEGRIN_CELL_SURFACE_INTERACTIONS,embedding_13,11,-0.3894964243361302,0.23638501578622007,-0.3545454545454546,0.2846927409558867,Orthogonal,0
REACTOME_INTEGRIN_CELL_SURFACE_INTERACTIONS,embedding_14,11,-0.09860143129238307,0.7730201600584673,-0.10000000000000002,0.7698749998921366,Orthogonal,0
REACTOME_INTEGRIN_CELL_SURFACE_INTERACTIONS,embedding_15,11,0.04499373843826811,0.8954921919059582,0.018181818181818184,0.9576852410216187,Orthogonal,0
REACTOME_INTEGRIN_CELL_SURFACE_INTERACTIONS,embedding_16,11,0.1242731766015576,0.7158191244616662,0.29090909090909095,0.38545696969136556,Orthogonal,0
REACTOME_INTEGRIN_CELL_SURFACE_INTERACTIONS,embedding_17,11,0.07120478814998388,0.8351972272647208,0.10909090909090911,0.7495085962341482,Orthogonal,0
REACTOME_INTEGRIN_CELL_SURFACE_INTERACTIONS,embedding_18,11,0.05112313845971983,0.8813368437562499,0.13636363636363638,0.6893090205863619,Orthogonal,0
REACTOME_INTEGRIN_CELL_SURFACE_INTERACTIONS,embedding_19,11,0.12832162137314249,0.7069093479034677,0.09090909090909091,0.7903727377532903,Orthogonal,0
REACTOME_INTEGRIN_CELL_SURFACE_INTERACTIONS,embedding_20,11,0.007103002349238171,0.9834636961549119,-0.018181818181818184,0.9576852410216187,Orthogonal,0
REACTOME_INTEGRIN_CELL_SURFACE_INTERACTIONS,embedding_21,11,0.08679768209261858,0.7996830123265822,0.02727272727272728,0.9365584481926122,Orthogonal,0
REACTOME_INTEGRIN_CELL_SURFACE_INTERACTIONS,embedding_22,11,0.09256956781187017,0.7866194861715491,0.1272727272727273,0.7092146257733047,Orthogonal,0
REACTOME_INTEGRIN_CELL_SURFACE_INTERACTIONS,embedding_23,11,-0.12236978195549544,0.7200191890050296,-0.21818181818181823,0.519248247554982,Orthogonal,0
REACTOME_INTEGRIN_CELL_SURFACE_INTERACTIONS,embedding_24,11,-0.04734148819289971,0.8900668159918569,-0.08181818181818183,0.8109903943000458,Orthogonal,0
REACTOME_INTEGRIN_CELL_SURFACE_INTERACTIONS,embedding_25,11,-0.17144633106256507,0.6142268468119249,-0.3545454545454546,0.2846927409558867,Orthogonal,0
REACTOME_INTEGRIN_CELL_SURFACE_INTERACTIONS,embedding_26,11,0.08409479870008199,0.8058165341332845,0.18181818181818182,0.5926152128455,Orthogonal,0
REACTOME_INTEGRIN_CELL_SURFACE_INTERACTIONS,embedding_27,11,-0.16299090199386027,0.6320523160373791,-0.33636363636363636,0.31182431390038623,Orthogonal,0
REACTOME_INTEGRIN_CELL_SURFACE_INTERACTIONS,embedding_28,11,0.015957185864575674,0.9628593635777855,0.06363636363636364,0.8525390725425217,Orthogonal,0
REACTOME_INTEGRIN_CELL_SURFACE_INTERACTIONS,embedding_29,11,-0.1971512331438467,0.5612068161385637,-0.4909090909090909,0.12520440713849534,Orthogonal,0
REACTOME_INTEGRIN_CELL_SURFACE_INTERACTIONS,embedding_30,11,-0.023660278282203046,0.9449498786197364,-0.10000000000000002,0.7698749998921366,Orthogonal,0
REACTOME_INTEGRIN_CELL_SURFACE_INTERACTIONS,embedding_31,11,-0.024012409096770007,0.9441316735225098,-0.10000000000000002,0.7698749998921366,Orthogonal,0
REACTOME_EXTRACELLULAR_MATRIX_ORGANIZATION,embedding_0,11,-0.20161152387376016,0.5521968409338837,-0.23636363636363636,0.4840911622253965,Orthogonal,0
REACTOME_EXTRACELLULAR_MATRIX_ORGANIZATION,embedding_1,11,-0.3186711328852675,0.33951400323151254,-0.41818181818181827,0.20057021703405067,Orthogonal,0
REACTOME_EXTRACELLULAR_MATRIX_ORGANIZATION,embedding_2,11,-0.1223594944716161,0.7200419085446289,-0.18181818181818182,0.5926152128455,Orthogonal,0
REACTOME_EXTRACELLULAR_MATRIX_ORGANIZATION,embedding_3,11,0.2848818724490295,0.395823215300636,0.10000000000000002,0.7698749998921366,Orthogonal,0
REACTOME_EXTRACELLULAR_MATRIX_ORGANIZATION,embedding_4,11,-0.29503313005804804,0.3784434743858566,-0.3090909090909091,0.3550284397015071,Orthogonal,0
REACTOME_EXTRACELLULAR_MATRIX_ORGANIZATION,embedding_5,11,0.2614940816550093,0.43732509625424243,0.43636363636363645,0.17966487658001123,Orthogonal,0
REACTOME_EXTRACELLULAR_MATRIX_ORGANIZATION,embedding_6,11,0.10203754071699211,0.7652984673514713,0.07272727272727274,0.831716405381337,Orthogonal,0
REACTOME_EXTRACELLULAR_MATRIX_ORGANIZATION,embedding_7,11,0.3510950916884,0.28973719123653285,0.36363636363636365,0.2716375409938228,Orthogonal,0
REACTOME_EXTRACELLULAR_MATRIX_ORGANIZATION,embedding_8,11,0.37879176443021345,0.25063794353683405,0.29090909090909095,0.38545696969136556,Orthogonal,0
REACTOME_EXTRACELLULAR_MATRIX_ORGANIZATION,embedding_9,11,-0.07089360181218216,0.8359090142269638,-0.16363636363636366,0.6306852146425357,Orthogonal,0
REACTOME_EXTRACELLULAR_MATRIX_ORGANIZATION,embedding_10,11,0.2856424039390575,0.3945076149998943,0.45454545454545453,0.16014543725525882,Orthogonal,0
REACTOME_EXTRACELLULAR_MATRIX_ORGANIZATION,embedding_11,11,-0.11420411795837662,0.7381153909951202,-0.11818181818181818,0.72928477951978,Orthogonal,0
REACTOME_EXTRACELLULAR_MATRIX_ORGANIZATION,embedding_12,11,0.3831446187430342,0.24478419585454317,0.4000000000000001,0.22286835013352002,Orthogonal,0
REACTOME_EXTRACELLULAR_MATRIX_ORGANIZATION,embedding_13,11,-0.5378951622423485,0.0878701351821308,-0.5818181818181819,0.060419896215648305,Orthogonal,0
REACTOME_EXTRACELLULAR_MATRIX_ORGANIZATION,embedding_14,11,-0.3741142755870415,0.2570167768169511,-0.43636363636363645,0.17966487658001123,Orthogonal,0
REACTOME_EXTRACELLULAR_MATRIX_ORGANIZATION,embedding_15,11,0.3141804897402495,0.3467411435989123,0.33636363636363636,0.31182431390038623,Orthogonal,0
REACTOME_EXTRACELLULAR_MATRIX_ORGANIZATION,embedding_16,11,0.013810010406266754,0.9678545562313228,0.045454545454545456,0.8944269969053026,Orthogonal,0
REACTOME_EXTRACELLULAR_MATRIX_ORGANIZATION,embedding_17,11,0.30415332990313854,0.36316525473706773,0.20909090909090913,0.5372209352113229,Orthogonal,0
REACTOME_EXTRACELLULAR_MATRIX_ORGANIZATION,embedding_18,11,-0.16496747244791474,0.6278691801369115,-0.13636363636363638,0.6893090205863619,Orthogonal,0
REACTOME_EXTRACELLULAR_MATRIX_ORGANIZATION,embedding_19,11,0.3305677029067471,0.3207565236722718,0.18181818181818182,0.5926152128455,Orthogonal,0
REACTOME_EXTRACELLULAR_MATRIX_ORGANIZATION,embedding_20,11,0.1800754021950138,0.5962265060758171,0.20909090909090913,0.5372209352113229,Orthogonal,0
REACTOME_EXTRACELLULAR_MATRIX_ORGANIZATION,embedding_21,11,-0.05795884167298865,0.8655871905596189,-0.009090909090909092,0.9788365001441937,Orthogonal,0
REACTOME_EXTRACELLULAR_MATRIX_ORGANIZATION,embedding_22,11,0.27104975341418375,0.4201265007716059,0.23636363636363636,0.4840911622253965,Orthogonal,0
REACTOME_EXTRACELLULAR_MATRIX_ORGANIZATION,embedding_23,11,-0.3000975581846612,0.3699198615501563,-0.28181818181818186,0.4011448979604785,Orthogonal,0
REACTOME_EXTRACELLULAR_MATRIX_ORGANIZATION,embedding_24,11,-0.3228067374190443,0.3329291214923988,-0.41818181818181827,0.20057021703405067,Orthogonal,0
REACTOME_EXTRACELLULAR_MATRIX_ORGANIZATION,embedding_25,11,-0.11896280182077945,0.7275543992669402,-0.20909090909090913,0.5372209352113229,Orthogonal,0
REACTOME_EXTRACELLULAR_MATRIX_ORGANIZATION,embedding_26,11,0.17919486996337924,0.598054222651139,0.05454545454545456,0.8734465775233149,Orthogonal,0
REACTOME_EXTRACELLULAR_MATRIX_ORGANIZATION,embedding_27,11,-0.1891682661818216,0.5774765760508201,-0.20000000000000004,0.5554454421055854,Orthogonal,0
REACTOME_EXTRACELLULAR_MATRIX_ORGANIZATION,embedding_28,11,-0.23414312333433512,0.4883269341413309,-0.27272727272727276,0.41714143714253127,Orthogonal,0
REACTOME_EXTRACELLULAR_MATRIX_ORGANIZATION,embedding_29,11,-0.11248260691709504,0.7419460860732401,-0.24545454545454545,0.4669223669820163,Orthogonal,0
REACTOME_EXTRACELLULAR_MATRIX_ORGANIZATION,embedding_30,11,-0.26274431334234644,0.4350561957049359,-0.3090909090909091,0.3550284397015071,Orthogonal,0
REACTOME_EXTRACELLULAR_MATRIX_ORGANIZATION,embedding_31,11,-0.2953782076454151,0.37785956860014286,-0.43636363636363645,0.17966487658001123,Orthogonal,0
REACTOME_ASSEMBLY_OF_COLLAGEN_FIBRILS_AND_OTHER_MULTIMERIC_STRUCTURES,embedding_0,11,-0.2535858604281422,0.4518053927087634,-0.17272727272727276,0.6115423848512369,Orthogonal,0
REACTOME_ASSEMBLY_OF_COLLAGEN_FIBRILS_AND_OTHER_MULTIMERIC_STRUCTURES,embedding_1,11,-0.4264716241907106,0.19086616560967704,-0.5,0.11730680301423815,Orthogonal,0
REACTOME_ASSEMBLY_OF_COLLAGEN_FIBRILS_AND_OTHER_MULTIMERIC_STRUCTURES,embedding_2,11,-0.20930487197071354,0.5367950047720725,-0.45454545454545453,0.16014543725525882,Orthogonal,0
REACTOME_ASSEMBLY_OF_COLLAGEN_FIBRILS_AND_OTHER_MULTIMERIC_STRUCTURES,embedding_3,11,0.4612477633717913,0.15329718407293047,0.4000000000000001,0.22286835013352002,Orthogonal,0
REACTOME_ASSEMBLY_OF_COLLAGEN_FIBRILS_AND_OTHER_MULTIMERIC_STRUCTURES,embedding_4,11,-0.41344624040091515,0.20624364896713251,-0.48181818181818187,0.1334338382568288,Orthogonal,0
REACTOME_ASSEMBLY_OF_COLLAGEN_FIBRILS_AND_OTHER_MULTIMERIC_STRUCTURES,embedding_5,11,0.30889784671111,0.35534480400055646,0.36363636363636365,0.2716375409938228,Orthogonal,0
REACTOME_ASSEMBLY_OF_COLLAGEN_FIBRILS_AND_OTHER_MULTIMERIC_STRUCTURES,embedding_6,11,0.015902908131350424,0.9629856213053224,-0.09090909090909091,0.7903727377532903,Orthogonal,0
REACTOME_ASSEMBLY_OF_COLLAGEN_FIBRILS_AND_OTHER_MULTIMERIC_STRUCTURES,embedding_7,11,0.39079530356894754,0.2346883628824991,0.4000000000000001,0.22286835013352002,Orthogonal,0
REACTOME_ASSEMBLY_OF_COLLAGEN_FIBRILS_AND_OTHER_MULTIMERIC_STRUCTURES,embedding_8,11,0.5192198761799803,0.10168458447345659,0.4090909090909091,0.2115450103420961,Orthogonal,0
REACTOME_ASSEMBLY_OF_COLLAGEN_FIBRILS_AND_OTHER_MULTIMERIC_STRUCTURES,embedding_9,11,-0.005122752367401735,0.9880735246608795,0.21818181818181823,0.519248247554982,Orthogonal,0
REACTOME_ASSEMBLY_OF_COLLAGEN_FIBRILS_AND_OTHER_MULTIMERIC_STRUCTURES,embedding_10,11,0.32582813272968036,0.32816150954691387,0.44545454545454555,0.16973260492681172,Orthogonal,0
REACTOME_ASSEMBLY_OF_COLLAGEN_FIBRILS_AND_OTHER_MULTIMERIC_STRUCTURES,embedding_11,11,-0.16542751735629935,0.6268969619217035,-0.28181818181818186,0.4011448979604785,Orthogonal,0
REACTOME_ASSEMBLY_OF_COLLAGEN_FIBRILS_AND_OTHER_MULTIMERIC_STRUCTURES,embedding_12,11,0.5301751073710174,0.09342038606722397,0.6636363636363638,0.025984133918765504,Orthogonal,0
REACTOME_ASSEMBLY_OF_COLLAGEN_FIBRILS_AND_OTHER_MULTIMERIC_STRUCTURES,embedding_13,11,-0.5437767927832586,0.08379106369916428,-0.4909090909090909,0.12520440713849534,Orthogonal,0
REACTOME_ASSEMBLY_OF_COLLAGEN_FIBRILS_AND_OTHER_MULTIMERIC_STRUCTURES,embedding_14,11,-0.46817814194021135,0.14641114738576927,-0.5,0.11730680301423815,Orthogonal,0
REACTOME_ASSEMBLY_OF_COLLAGEN_FIBRILS_AND_OTHER_MULTIMERIC_STRUCTURES,embedding_15,11,0.4272471671189736,0.1899731148396954,0.4909090909090909,0.12520440713849534,Orthogonal,0
REACTOME_ASSEMBLY_OF_COLLAGEN_FIBRILS_AND_OTHER_MULTIMERIC_STRUCTURES,embedding_16,11,0.06263515408055051,0.8548377380031191,0.36363636363636365,0.2716375409938228,Orthogonal,0
REACTOME_ASSEMBLY_OF_COLLAGEN_FIBRILS_AND_OTHER_MULTIMERIC_STRUCTURES,embedding_17,11,0.46258668493830923,0.15195138927646512,0.41818181818181827,0.20057021703405067,Orthogonal,0
REACTOME_ASSEMBLY_OF_COLLAGEN_FIBRILS_AND_OTHER_MULTIMERIC_STRUCTURES,embedding_18,11,-0.170491491472305,0.6162306681701958,0.009090909090909092,0.9788365001441937,Orthogonal,0
REACTOME_ASSEMBLY_OF_COLLAGEN_FIBRILS_AND_OTHER_MULTIMERIC_STRUCTURES,embedding_19,11,0.4613233088611793,0.15322105358498186,0.36363636363636365,0.2716375409938228,Orthogonal,0
REACTOME_ASSEMBLY_OF_COLLAGEN_FIBRILS_AND_OTHER_MULTIMERIC_STRUCTURES,embedding_20,11,0.15279181490560037,0.653789202722246,0.0,1.0,Orthogonal,0
REACTOME_ASSEMBLY_OF_COLLAGEN_FIBRILS_AND_OTHER_MULTIMERIC_STRUCTURES,embedding_21,11,-0.19761588932346724,0.5602654719631831,-0.29090909090909095,0.38545696969136556,Orthogonal,0
REACTOME_ASSEMBLY_OF_COLLAGEN_FIBRILS_AND_OTHER_MULTIMERIC_STRUCTURES,embedding_22,11,0.4009829033594602,0.22162727432748183,0.4000000000000001,0.22286835013352002,Orthogonal,0
REACTOME_ASSEMBLY_OF_COLLAGEN_FIBRILS_AND_OTHER_MULTIMERIC_STRUCTURES,embedding_23,11,-0.3801581743551888,0.2487918276285969,-0.4090909090909091,0.2115450103420961,Orthogonal,0
REACTOME_ASSEMBLY_OF_COLLAGEN_FIBRILS_AND_OTHER_MULTIMERIC_STRUCTURES,embedding_24,11,-0.4232995591828027,0.19454520244292828,-0.5363636363636364,0.08895341813596276,Orthogonal,0
REACTOME_ASSEMBLY_OF_COLLAGEN_FIBRILS_AND_OTHER_MULTIMERIC_STRUCTURES,embedding_25,11,-0.13149648205486536,0.6999451032733035,-0.36363636363636365,0.2716375409938228,Orthogonal,0
REACTOME_ASSEMBLY_OF_COLLAGEN_FIBRILS_AND_OTHER_MULTIMERIC_STRUCTURES,embedding_26,11,0.3208234300750953,0.336078520871738,0.33636363636363636,0.31182431390038623,Orthogonal,0
REACTOME_ASSEMBLY_OF_COLLAGEN_FIBRILS_AND_OTHER_MULTIMERIC_STRUCTURES,embedding_27,11,-0.26635668406067625,0.42853203161551884,-0.39090909090909093,0.23454006709519432,Orthogonal,0
REACTOME_ASSEMBLY_OF_COLLAGEN_FIBRILS_AND_OTHER_MULTIMERIC_STRUCTURES,embedding_28,11,-0.31640052361636467,0.34315828671250764,-0.45454545454545453,0.16014543725525882,Orthogonal,0
REACTOME_ASSEMBLY_OF_COLLAGEN_FIBRILS_AND_OTHER_MULTIMERIC_STRUCTURES,embedding_29,11,-0.1393988897954038,0.6827014769752446,-0.4090909090909091,0.2115450103420961,Orthogonal,0
REACTOME_ASSEMBLY_OF_COLLAGEN_FIBRILS_AND_OTHER_MULTIMERIC_STRUCTURES,embedding_30,11,-0.43006524986796213,0.1867493429575093,-0.5272727272727273,0.09556521835315422,Orthogonal,0
REACTOME_ASSEMBLY_OF_COLLAGEN_FIBRILS_AND_OTHER_MULTIMERIC_STRUCTURES,embedding_31,11,-0.37858020181335345,0.25092447925595335,-0.5,0.11730680301423815,Orthogonal,0
REACTOME_MOLECULES_ASSOCIATED_WITH_ELASTIC_FIBRES,embedding_0,11,-0.2370219607782736,0.48283852261799554,-0.17272727272727276,0.6115423848512369,Orthogonal,0
REACTOME_MOLECULES_ASSOCIATED_WITH_ELASTIC_FIBRES,embedding_1,11,-0.20481033123701042,0.545771339075812,-0.21818181818181823,0.519248247554982,Orthogonal,0
REACTOME_MOLECULES_ASSOCIATED_WITH_ELASTIC_FIBRES,embedding_2,11,0.08340979959588118,0.8073725436470346,0.02727272727272728,0.9365584481926122,Orthogonal,0
REACTOME_MOLECULES_ASSOCIATED_WITH_ELASTIC_FIBRES,embedding_3,11,0.12232518351616634,0.7201176845297378,-0.10000000000000002,0.7698749998921366,Orthogonal,0
REACTOME_MOLECULES_ASSOCIATED_WITH_ELASTIC_FIBRES,embedding_4,11,-0.1914690031718702,0.572768870657802,-0.13636363636363638,0.6893090205863619,Orthogonal,0
REACTOME_MOLECULES_ASSOCIATED_WITH_ELASTIC_FIBRES,embedding_5,11,0.30153873326782815,0.36751238414081844,0.3090909090909091,0.3550284397015071,Orthogonal,0
REACTOME_MOLECULES_ASSOCIATED_WITH_ELASTIC_FIBRES,embedding_6,11,0.21596129176267753,0.5236145231508592,0.09090909090909091,0.7903727377532903,Orthogonal,0
REACTOME_MOLECULES_ASSOCIATED_WITH_ELASTIC_FIBRES,embedding_7,11,0.2070641015052704,0.5412625537249908,0.17272727272727276,0.6115423848512369,Orthogonal,0
REACTOME_MOLECULES_ASSOCIATED_WITH_ELASTIC_FIBRES,embedding_8,11,0.24763814037950604,0.4628403848538533,0.11818181818181818,0.72928477951978,Orthogonal,0
REACTOME_MOLECULES_ASSOCIATED_WITH_ELASTIC_FIBRES,embedding_9,11,-0.2274947489613852,0.5011064058673578,-0.23636363636363636,0.4840911622253965,Orthogonal,0
REACTOME_MOLECULES_ASSOCIATED_WITH_ELASTIC_FIBRES,embedding_10,11,0.2522371480980785,0.45429691498473124,0.3181818181818182,0.34029761418190363,Orthogonal,0
REACTOME_MOLECULES_ASSOCIATED_WITH_ELASTIC_FIBRES,embedding_11,11,0.08228407511380201,0.8099310419280347,0.06363636363636364,0.8525390725425217,Orthogonal,0
REACTOME_MOLECULES_ASSOCIATED_WITH_ELASTIC_FIBRES,embedding_12,11,0.25809246270674135,0.443526497072786,0.19090909090909092,0.5739131682855215,Orthogonal,0
REACTOME_MOLECULES_ASSOCIATED_WITH_ELASTIC_FIBRES,embedding_13,11,-0.6272983392758164,0.03883489252569283,-0.5818181818181819,0.060419896215648305,Orthogonal,0
REACTOME_MOLECULES_ASSOCIATED_WITH_ELASTIC_FIBRES,embedding_14,11,-0.3385192566727654,0.3085370034033777,-0.28181818181818186,0.4011448979604785,Orthogonal,0
REACTOME_MOLECULES_ASSOCIATED_WITH_ELASTIC_FIBRES,embedding_15,11,0.2104591820271231,0.5344995603961384,0.15454545454545454,0.65003396549758,Orthogonal,0
REACTOME_MOLECULES_ASSOCIATED_WITH_ELASTIC_FIBRES,embedding_16,11,-0.1359965299077647,0.6901095188656905,-0.05454545454545456,0.8734465775233149,Orthogonal,0
REACTOME_MOLECULES_ASSOCIATED_WITH_ELASTIC_FIBRES,embedding_17,11,0.1246028560455142,0.7150923622073336,-0.045454545454545456,0.8944269969053026,Orthogonal,0
REACTOME_MOLECULES_ASSOCIATED_WITH_ELASTIC_FIBRES,embedding_18,11,-0.23540645301877497,0.4859150403451794,-0.10909090909090911,0.7495085962341482,Orthogonal,0
REACTOME_MOLECULES_ASSOCIATED_WITH_ELASTIC_FIBRES,embedding_19,11,0.16176444453309655,0.6346528266711943,-0.03636363636363637,0.9154683168905347,Orthogonal,0
REACTOME_MOLECULES_ASSOCIATED_WITH_ELASTIC_FIBRES,embedding_20,11,0.343946245437141,0.3003446995111506,0.2545454545454546,0.4500365768888285,Orthogonal,0
REACTOME_MOLECULES_ASSOCIATED_WITH_ELASTIC_FIBRES,embedding_21,11,0.14897605430355393,0.6619851008181981,0.21818181818181823,0.519248247554982,Orthogonal,0
REACTOME_MOLECULES_ASSOCIATED_WITH_ELASTIC_FIBRES,embedding_22,11,0.0783200462265758,0.8189534690615385,0.0,1.0,Orthogonal,0
REACTOME_MOLECULES_ASSOCIATED_WITH_ELASTIC_FIBRES,embedding_23,11,-0.14472468145279146,0.6711559814836721,-0.05454545454545456,0.8734465775233149,Orthogonal,0
REACTOME_MOLECULES_ASSOCIATED_WITH_ELASTIC_FIBRES,embedding_24,11,-0.2620917564553941,0.4362397483131926,-0.26363636363636367,0.4334407376116145,Orthogonal,0
REACTOME_MOLECULES_ASSOCIATED_WITH_ELASTIC_FIBRES,embedding_25,11,0.06080147779420021,0.8590502700344963,-0.02727272727272728,0.9365584481926122,Orthogonal,0
REACTOME_MOLECULES_ASSOCIATED_WITH_ELASTIC_FIBRES,embedding_26,11,-0.03147125959961056,0.9268129194479987,-0.13636363636363638,0.6893090205863619,Orthogonal,0
REACTOME_MOLECULES_ASSOCIATED_WITH_ELASTIC_FIBRES,embedding_27,11,0.007113637614959728,0.9834389394074203,-0.009090909090909092,0.9788365001441937,Orthogonal,0
REACTOME_MOLECULES_ASSOCIATED_WITH_ELASTIC_FIBRES,embedding_28,11,-0.12711600482845448,0.7095592616360216,-0.05454545454545456,0.8734465775233149,Orthogonal,0
REACTOME_MOLECULES_ASSOCIATED_WITH_ELASTIC_FIBRES,embedding_29,11,0.03262739601471289,0.9241308572573217,-0.15454545454545454,0.65003396549758,Orthogonal,0
REACTOME_MOLECULES_ASSOCIATED_WITH_ELASTIC_FIBRES,embedding_30,11,-0.0817137409084771,0.811227912089192,-0.08181818181818183,0.8109903943000458,Orthogonal,0
REACTOME_MOLECULES_ASSOCIATED_WITH_ELASTIC_FIBRES,embedding_31,11,-0.2502257755378024,0.4580243712832621,-0.28181818181818186,0.4011448979604785,Orthogonal,0
REACTOME_ECM_PROTEOGLYCANS,embedding_0,11,-0.42454781901922795,0.19309238638911005,-0.41818181818181827,0.20057021703405067,Orthogonal,0
REACTOME_ECM_PROTEOGLYCANS,embedding_1,11,-0.4426810530684527,0.17272612553227917,-0.5272727272727273,0.09556521835315422,Orthogonal,0
REACTOME_ECM_PROTEOGLYCANS,embedding_2,11,0.02053811409234932,0.9522064927247754,-0.03636363636363637,0.9154683168905347,Orthogonal,0
REACTOME_ECM_PROTEOGLYCANS,embedding_3,11,0.31305133472873836,0.3485709290035333,0.06363636363636364,0.8525390725425217,Orthogonal,0
REACTOME_ECM_PROTEOGLYCANS,embedding_4,11,-0.4328242724111553,0.1836254735207007,-0.4909090909090909,0.12520440713849534,Orthogonal,0
REACTOME_ECM_PROTEOGLYCANS,embedding_5,11,0.481483569731333,0.1337431187728412,0.5818181818181819,0.060419896215648305,Orthogonal,0
REACTOME_ECM_PROTEOGLYCANS,embedding_6,11,0.28237924797672076,0.40016768822989196,0.18181818181818182,0.5926152128455,Orthogonal,0
REACTOME_ECM_PROTEOGLYCANS,embedding_7,11,0.29528258997120477,0.3780213175814319,0.27272727272727276,0.41714143714253127,Orthogonal,0
REACTOME_ECM_PROTEOGLYCANS,embedding_8,11,0.4502768907453325,0.16460414714815463,0.29090909090909095,0.38545696969136556,Orthogonal,0
REACTOME_ECM_PROTEOGLYCANS,embedding_9,11,-0.28210508259162853,0.40064505551187973,-0.3454545454545455,0.2980892209030388,Orthogonal,0
REACTOME_ECM_PROTEOGLYCANS,embedding_10,11,0.45807628530242206,0.15651452150263895,0.6000000000000001,0.05100326070695074,Orthogonal,0
REACTOME_ECM_PROTEOGLYCANS,embedding_11,11,0.008464430464084155,0.9802946801484572,0.02727272727272728,0.9365584481926122,Orthogonal,0
REACTOME_ECM_PROTEOGLYCANS,embedding_12,11,0.5204364314066277,0.10074416152495885,0.5636363636363637,0.07095173447637536,Orthogonal,0
REACTOME_ECM_PROTEOGLYCANS,embedding_13,11,-0.5504649156002491,0.0793076538085735,-0.5636363636363637,0.07095173447637536,Orthogonal,0
REACTOME_ECM_PROTEOGLYCANS,embedding_14,11,-0.554412953578404,0.07673760922575469,-0.5818181818181819,0.060419896215648305,Orthogonal,0
REACTOME_ECM_PROTEOGLYCANS,embedding_15,11,0.46442085207425876,0.15011982156669657,0.5,0.11730680301423815,Orthogonal,0
REACTOME_ECM_PROTEOGLYCANS,embedding_16,11,-0.19499215007929063,0.5655891128029993,-0.15454545454545454,0.65003396549758,Orthogonal,0
REACTOME_ECM_PROTEOGLYCANS,embedding_17,11,0.3685573492331882,0.2647138331776334,0.26363636363636367,0.4334407376116145,Orthogonal,0
REACTOME_ECM_PROTEOGLYCANS,embedding_18,11,-0.39583300596416016,0.22817508775848502,-0.30000000000000004,0.37008312228206786,Orthogonal,0
REACTOME_ECM_PROTEOGLYCANS,embedding_19,11,0.3486530828276825,0.2933370594565324,0.18181818181818182,0.5926152128455,Orthogonal,0
REACTOME_ECM_PROTEOGLYCANS,embedding_20,11,0.36338124957724904,0.271999227787092,0.33636363636363636,0.31182431390038623,Orthogonal,0
REACTOME_ECM_PROTEOGLYCANS,embedding_21,11,-0.05662160154666776,0.8686649453857643,-0.045454545454545456,0.8944269969053026,Orthogonal,0
REACTOME_ECM_PROTEOGLYCANS,embedding_22,11,0.2750528989401889,0.41302016155320803,0.2545454545454546,0.4500365768888285,Orthogonal,0
REACTOME_ECM_PROTEOGLYCANS,embedding_23,11,-0.3230113481734922,0.3326051028498548,-0.24545454545454545,0.4669223669820163,Orthogonal,0
REACTOME_ECM_PROTEOGLYCANS,embedding_24,11,-0.5004992225040121,0.11688264805118857,-0.5636363636363637,0.07095173447637536,Orthogonal,0
REACTOME_ECM_PROTEOGLYCANS,embedding_25,11,0.037194624715215244,0.9135427467040756,-0.06363636363636364,0.8525390725425217,Orthogonal,0
REACTOME_ECM_PROTEOGLYCANS,embedding_26,11,0.09745047886045265,0.7756107729660028,-0.07272727272727274,0.831716405381337,Orthogonal,0
REACTOME_ECM_PROTEOGLYCANS,embedding_27,11,-0.05823441768795054,0.8649531393415782,-0.05454545454545456,0.8734465775233149,Orthogonal,0
REACTOME_ECM_PROTEOGLYCANS,embedding_28,11,-0.40742888585652276,0.21358913553613212,-0.43636363636363645,0.17966487658001123,Orthogonal,0
REACTOME_ECM_PROTEOGLYCANS,embedding_29,11,0.09170892844095008,0.7885643247597849,-0.009090909090909092,0.9788365001441937,Orthogonal,0
REACTOME_ECM_PROTEOGLYCANS,embedding_30,11,-0.3547664124320785,0.2843713729107408,-0.41818181818181827,0.20057021703405067,Orthogonal,0
REACTOME_ECM_PROTEOGLYCANS,embedding_31,11,-0.4851450670354688,0.13038349549051453,-0.5818181818181819,0.060419896215648305,Orthogonal,0
REACTOME_ELASTIC_FIBRE_FORMATION,embedding_0,11,-0.1876005936022465,0.5806928481087283,0.23636363636363636,0.4840911622253965,Orthogonal,1
REACTOME_ELASTIC_FIBRE_FORMATION,embedding_1,11,-0.34286938843647197,0.3019607039724997,-0.29090909090909095,0.38545696969136556,Orthogonal,1
REACTOME_ELASTIC_FIBRE_FORMATION,embedding_2,11,0.10544246420932249,0.7576657217393642,-0.21818181818181823,0.519248247554982,Orthogonal,1
REACTOME_ELASTIC_FIBRE_FORMATION,embedding_3,11,0.36358631363612826,0.2717084778212718,0.38181818181818183,0.24655957577897006,Orthogonal,1
REACTOME_ELASTIC_FIBRE_FORMATION,embedding_4,11,-0.020711963735545784,0.951802336658974,-0.21818181818181823,0.519248247554982,Orthogonal,1
REACTOME_ELASTIC_FIBRE_FORMATION,embedding_5,11,-0.21458396607019817,0.5263305391112865,-0.3272727272727273,0.32589494101284167,Orthogonal,1
REACTOME_ELASTIC_FIBRE_FORMATION,embedding_6,11,0.3615378409345759,0.2746207486596633,0.3727272727272728,0.25892587368422215,Orthogonal,1
REACTOME_ELASTIC_FIBRE_FORMATION,embedding_7,11,-0.11850829440852537,0.7285612866745997,-0.14545454545454548,0.6695786456420787,Orthogonal,1
REACTOME_ELASTIC_FIBRE_FORMATION,embedding_8,11,-0.30287500835649056,0.36528732711316764,-0.10909090909090911,0.7495085962341482,Orthogonal,1
REACTOME_ELASTIC_FIBRE_FORMATION,embedding_9,11,-0.32779188934886055,0.3250824233242081,-0.33636363636363636,0.31182431390038623,Orthogonal,1
REACTOME_ELASTIC_FIBRE_FORMATION,embedding_10,11,0.35798476875661694,0.2797133736401902,0.4000000000000001,0.22286835013352002,Orthogonal,1
REACTOME_ELASTIC_FIBRE_FORMATION,embedding_11,11,-0.29151572458282954,0.38442123905027403,-0.26363636363636367,0.4334407376116145,Orthogonal,1
REACTOME_ELASTIC_FIBRE_FORMATION,embedding_12,11,0.29001858437812394,0.3869799013177953,0.3727272727272728,0.25892587368422215,Orthogonal,1
REACTOME_ELASTIC_FIBRE_FORMATION,embedding_13,11,-0.10794977321203422,0.7520574922533295,-0.14545454545454548,0.6695786456420787,Orthogonal,1
REACTOME_ELASTIC_FIBRE_FORMATION,embedding_14,11,-0.15389005102915962,0.6514365946749746,-0.018181818181818184,0.9576852410216187,Orthogonal,1
REACTOME_ELASTIC_FIBRE_FORMATION,embedding_15,11,0.3732226467211135,0.25824310829220026,0.48181818181818187,0.1334338382568288,Orthogonal,1
REACTOME_ELASTIC_FIBRE_FORMATION,embedding_16,11,-0.4777860002929785,0.137191055306951,-0.45454545454545453,0.16014543725525882,Orthogonal,1
REACTOME_ELASTIC_FIBRE_FORMATION,embedding_17,11,-0.3768308439157618,0.25330095755784254,-0.3454545454545455,0.2980892209030388,Orthogonal,1
REACTOME_ELASTIC_FIBRE_FORMATION,embedding_18,11,-0.29717383320285323,0.37482856100848144,-0.21818181818181823,0.519248247554982,Orthogonal,1
REACTOME_ELASTIC_FIBRE_FORMATION,embedding_19,11,0.3554923300068955,0.2833169955268801,0.26363636363636367,0.4334407376116145,Orthogonal,1
REACTOME_ELASTIC_FIBRE_FORMATION,embedding_20,11,-0.13647259352517754,0.6890714877368651,-0.10909090909090911,0.7495085962341482,Orthogonal,1
REACTOME_ELASTIC_FIBRE_FORMATION,embedding_21,11,-0.32369252104194246,0.33152761330173164,-0.3272727272727273,0.32589494101284167,Orthogonal,1
REACTOME_ELASTIC_FIBRE_FORMATION,embedding_22,11,-0.24231255541921864,0.4728245868118981,-0.3090909090909091,0.3550284397015071,Orthogonal,1
REACTOME_ELASTIC_FIBRE_FORMATION,embedding_23,11,0.3608680540881269,0.2755767508598475,0.33636363636363636,0.31182431390038623,Orthogonal,1
REACTOME_ELASTIC_FIBRE_FORMATION,embedding_24,11,0.3886246254175485,0.23752777863009336,0.44545454545454555,0.16973260492681172,Orthogonal,1
REACTOME_ELASTIC_FIBRE_FORMATION,embedding_25,11,0.36467289766676675,0.270170782956662,0.4000000000000001,0.22286835013352002,Orthogonal,1
REACTOME_ELASTIC_FIBRE_FORMATION,embedding_26,11,-0.5560372130334386,0.07569662192340793,-0.5090909090909091,0.10973723224165641,Orthogonal,1
REACTOME_ELASTIC_FIBRE_FORMATION,embedding_27,11,0.36062624689605743,0.2759223452081057,0.39090909090909093,0.23454006709519432,Orthogonal,1
REACTOME_ELASTIC_FIBRE_FORMATION,embedding_28,11,0.40962608819020996,0.2108892725319639,0.3727272727272728,0.25892587368422215,Orthogonal,1
REACTOME_ELASTIC_FIBRE_FORMATION,embedding_29,11,-0.2921159100482321,0.38339789571147204,-0.21818181818181823,0.519248247554982,Orthogonal,1
REACTOME_ELASTIC_FIBRE_FORMATION,embedding_30,11,0.13647256762715285,0.6890715441930487,0.10000000000000002,0.7698749998921366,Orthogonal,1
REACTOME_ELASTIC_FIBRE_FORMATION,embedding_31,11,0.11076644540100569,0.7457701155765788,-0.29090909090909095,0.38545696969136556,Orthogonal,1
REACTOME_NON_INTEGRIN_MEMBRANE_ECM_INTERACTIONS,embedding_0,11,-0.3577694739986236,0.2800236371168539,-0.27272727272727276,0.41714143714253127,Orthogonal,1
REACTOME_NON_INTEGRIN_MEMBRANE_ECM_INTERACTIONS,embedding_1,11,0.015031915741420585,0.9650117760729903,-0.018181818181818184,0.9576852410216187,Orthogonal,1
REACTOME_NON_INTEGRIN_MEMBRANE_ECM_INTERACTIONS,embedding_2,11,0.3598920898389373,0.2769730992504049,0.05454545454545456,0.8734465775233149,Orthogonal,1
REACTOME_NON_INTEGRIN_MEMBRANE_ECM_INTERACTIONS,embedding_3,11,-0.10747180958618184,0.7531257571638604,-0.018181818181818184,0.9576852410216187,Orthogonal,1
REACTOME_NON_INTEGRIN_MEMBRANE_ECM_INTERACTIONS,embedding_4,11,0.39450814006575635,0.22987765675897928,0.23636363636363636,0.4840911622253965,Orthogonal,1
REACTOME_NON_INTEGRIN_MEMBRANE_ECM_INTERACTIONS,embedding_5,11,0.16403429677451867,0.6298429009445901,0.018181818181818184,0.9576852410216187,Orthogonal,1
REACTOME_NON_INTEGRIN_MEMBRANE_ECM_INTERACTIONS,embedding_6,11,-0.14137189032037112,0.6784170493424617,-0.11818181818181818,0.72928477951978,Orthogonal,1
REACTOME_NON_INTEGRIN_MEMBRANE_ECM_INTERACTIONS,embedding_7,11,0.2765276684887873,0.4104170141208819,0.20909090909090913,0.5372209352113229,Orthogonal,1
REACTOME_NON_INTEGRIN_MEMBRANE_ECM_INTERACTIONS,embedding_8,11,-0.016338742218058103,0.9619718309871845,-0.02727272727272728,0.9365584481926122,Orthogonal,1
REACTOME_NON_INTEGRIN_MEMBRANE_ECM_INTERACTIONS,embedding_9,11,0.26916838693786904,0.42348651874870263,0.15454545454545454,0.65003396549758,Orthogonal,1
REACTOME_NON_INTEGRIN_MEMBRANE_ECM_INTERACTIONS,embedding_10,11,-0.23852944016570005,0.4799755986428475,-0.16363636363636366,0.6306852146425357,Orthogonal,1
REACTOME_NON_INTEGRIN_MEMBRANE_ECM_INTERACTIONS,embedding_11,11,-0.26575683279766726,0.42961214755756527,0.0,1.0,Orthogonal,1
REACTOME_NON_INTEGRIN_MEMBRANE_ECM_INTERACTIONS,embedding_12,11,0.01747657262341598,0.9593253740733196,0.09090909090909091,0.7903727377532903,Orthogonal,1
REACTOME_NON_INTEGRIN_MEMBRANE_ECM_INTERACTIONS,embedding_13,11,0.17860922857767,0.5992709917964113,0.1272727272727273,0.7092146257733047,Orthogonal,1
REACTOME_NON_INTEGRIN_MEMBRANE_ECM_INTERACTIONS,embedding_14,11,-0.12166467686556566,0.7215768579323211,-0.02727272727272728,0.9365584481926122,Orthogonal,1
REACTOME_NON_INTEGRIN_MEMBRANE_ECM_INTERACTIONS,embedding_15,11,0.16716715984220104,0.6232253787611906,0.14545454545454548,0.6695786456420787,Orthogonal,1
REACTOME_NON_INTEGRIN_MEMBRANE_ECM_INTERACTIONS,embedding_16,11,0.17409648783917434,0.6086776642910814,0.06363636363636364,0.8525390725425217,Orthogonal,1
REACTOME_NON_INTEGRIN_MEMBRANE_ECM_INTERACTIONS,embedding_17,11,0.13609010246559575,0.6899054510304841,0.10000000000000002,0.7698749998921366,Orthogonal,1
REACTOME_NON_INTEGRIN_MEMBRANE_ECM_INTERACTIONS,embedding_18,11,-0.26831352394202834,0.4250175118739358,-0.03636363636363637,0.9154683168905347,Orthogonal,1
REACTOME_NON_INTEGRIN_MEMBRANE_ECM_INTERACTIONS,embedding_19,11,-0.2176043863768188,0.5203821774895179,-0.15454545454545454,0.65003396549758,Orthogonal,1
REACTOME_NON_INTEGRIN_MEMBRANE_ECM_INTERACTIONS,embedding_20,11,-0.15723950424830585,0.6442791678919669,-0.13636363636363638,0.6893090205863619,Orthogonal,1
REACTOME_NON_INTEGRIN_MEMBRANE_ECM_INTERACTIONS,embedding_21,11,0.01575834009338227,0.9633219108397605,-0.17272727272727276,0.6115423848512369,Orthogonal,1
REACTOME_NON_INTEGRIN_MEMBRANE_ECM_INTERACTIONS,embedding_22,11,0.2760957774002413,0.4111785235967103,0.23636363636363636,0.4840911622253965,Orthogonal,1
REACTOME_NON_INTEGRIN_MEMBRANE_ECM_INTERACTIONS,embedding_23,11,-0.24573923581840276,0.4663892429543559,-0.23636363636363636,0.4840911622253965,Orthogonal,1
REACTOME_NON_INTEGRIN_MEMBRANE_ECM_INTERACTIONS,embedding_24,11,-0.05363137344038841,0.8755530375499877,0.018181818181818184,0.9576852410216187,Orthogonal,1
REACTOME_NON_INTEGRIN_MEMBRANE_ECM_INTERACTIONS,embedding_25,11,-0.29501915030777204,0.37846713913372987,-0.16363636363636366,0.6306852146425357,Orthogonal,1
REACTOME_NON_INTEGRIN_MEMBRANE_ECM_INTERACTIONS,embedding_26,11,-0.03621557477196155,0.9158114489980301,-0.08181818181818183,0.8109903943000458,Orthogonal,1
REACTOME_NON_INTEGRIN_MEMBRANE_ECM_INTERACTIONS,embedding_27,11,-0.2904039931145206,0.3863204111413839,-0.21818181818181823,0.519248247554982,Orthogonal,1
REACTOME_NON_INTEGRIN_MEMBRANE_ECM_INTERACTIONS,embedding_28,11,0.4272429502436141,0.18997796380065426,0.46363636363636374,0.15090149929248603,Orthogonal,1
REACTOME_NON_INTEGRIN_MEMBRANE_ECM_INTERACTIONS,embedding_29,11,0.0024899303463999864,0.9942029625599709,-0.03636363636363637,0.9154683168905347,Orthogonal,1
REACTOME_NON_INTEGRIN_MEMBRANE_ECM_INTERACTIONS,embedding_30,11,-0.45873786998391153,0.15583993349744737,-0.3272727272727273,0.32589494101284167,Orthogonal,1
REACTOME_NON_INTEGRIN_MEMBRANE_ECM_INTERACTIONS,embedding_31,11,0.37719722990945603,0.25280216598375715,0.22727272727272727,0.501535667604937,Orthogonal,1
REACTOME_COLLAGEN_FORMATION,embedding_0,11,0.0928171099726592,0.786060302346423,0.21818181818181823,0.519248247554982,Orthogonal,1
REACTOME_COLLAGEN_FORMATION,embedding_1,11,-0.25857990244451523,0.44263533606119804,-0.3454545454545455,0.2980892209030388,Orthogonal,1
REACTOME_COLLAGEN_FORMATION,embedding_2,11,-0.2756946827246929,0.41188634943136954,-0.3272727272727273,0.32589494101284167,Orthogonal,1
REACTOME_COLLAGEN_FORMATION,embedding_3,11,0.44001520676516903,0.1756337806986188,0.6090909090909091,0.04669570935409886,Orthogonal,1
REACTOME_COLLAGEN_FORMATION,embedding_4,11,-0.4982322739454887,0.11881667621322507,-0.43636363636363645,0.17966487658001123,Orthogonal,1
REACTOME_COLLAGEN_FORMATION,embedding_5,11,-0.6788664789206225,0.021623387255235896,-0.5272727272727273,0.09556521835315422,Orthogonal,1
REACTOME_COLLAGEN_FORMATION,embedding_6,11,0.46271307401729017,0.15182473389291287,0.5454545454545455,0.08265095734417506,Orthogonal,1
REACTOME_COLLAGEN_FORMATION,embedding_7,11,-0.49375479189170296,0.12269673599201619,-0.38181818181818183,0.24655957577897006,Orthogonal,1
REACTOME_COLLAGEN_FORMATION,embedding_8,11,-0.6720666567734283,0.023500270475719575,-0.46363636363636374,0.15090149929248603,Orthogonal,1
REACTOME_COLLAGEN_FORMATION,embedding_9,11,-0.5725497105090334,0.06564593893319437,-0.5363636363636364,0.08895341813596276,Orthogonal,1
REACTOME_COLLAGEN_FORMATION,embedding_10,11,0.422017856877913,0.1960437686936922,0.46363636363636374,0.15090149929248603,Orthogonal,1
REACTOME_COLLAGEN_FORMATION,embedding_11,11,-0.10348008118973634,0.7620624272988553,-0.30000000000000004,0.37008312228206786,Orthogonal,1
REACTOME_COLLAGEN_FORMATION,embedding_12,11,0.34460074380308453,0.29936483302221045,0.4909090909090909,0.12520440713849534,Orthogonal,1
REACTOME_COLLAGEN_FORMATION,embedding_13,11,-0.5063971897457352,0.11194620519543011,-0.3727272727272728,0.25892587368422215,Orthogonal,1
REACTOME_COLLAGEN_FORMATION,embedding_14,11,0.2987610798857609,0.3721596139051883,0.05454545454545456,0.8734465775233149,Orthogonal,1
REACTOME_COLLAGEN_FORMATION,embedding_15,11,0.29990239103032856,0.3702465047896211,0.6090909090909091,0.04669570935409886,Orthogonal,1
REACTOME_COLLAGEN_FORMATION,embedding_16,11,-0.5239038140016484,0.09809503088662747,-0.5090909090909091,0.10973723224165641,Orthogonal,1
REACTOME_COLLAGEN_FORMATION,embedding_17,11,-0.5471621621549362,0.08150118427490442,-0.5,0.11730680301423815,Orthogonal,1
REACTOME_COLLAGEN_FORMATION,embedding_18,11,-0.08060691703167217,0.8137459070374166,-0.20000000000000004,0.5554454421055854,Orthogonal,1
REACTOME_COLLAGEN_FORMATION,embedding_19,11,0.7043309360806238,0.015535485250421486,0.43636363636363645,0.17966487658001123,Orthogonal,1
REACTOME_COLLAGEN_FORMATION,embedding_20,11,0.045061388405549255,0.8953358034556554,-0.1272727272727273,0.7092146257733047,Orthogonal,1
REACTOME_COLLAGEN_FORMATION,embedding_21,11,-0.2990712150272822,0.37163925642563056,-0.3272727272727273,0.32589494101284167,Orthogonal,1
REACTOME_COLLAGEN_FORMATION,embedding_22,11,-0.6290936626081421,0.038113388367300056,-0.5454545454545455,0.08265095734417506,Orthogonal,1
REACTOME_COLLAGEN_FORMATION,embedding_23,11,0.6727225307267715,0.023314380018450608,0.5454545454545455,0.08265095734417506,Orthogonal,1
REACTOME_COLLAGEN_FORMATION,embedding_24,11,0.4544858371458009,0.16020718875542422,0.5909090909090909,0.05557560428877463,Orthogonal,1
REACTOME_COLLAGEN_FORMATION,embedding_25,11,0.49581591753056914,0.12090068510963353,0.46363636363636374,0.15090149929248603,Orthogonal,1
REACTOME_COLLAGEN_FORMATION,embedding_26,11,-0.44610340880249016,0.16903690419413508,-0.5272727272727273,0.09556521835315422,Orthogonal,1
REACTOME_COLLAGEN_FORMATION,embedding_27,11,0.5358111278923187,0.08934637367795338,0.5,0.11730680301423815,Orthogonal,1
REACTOME_COLLAGEN_FORMATION,embedding_28,11,0.34734719250905677,0.295272187541775,0.6090909090909091,0.04669570935409886,Orthogonal,1
REACTOME_COLLAGEN_FORMATION,embedding_29,11,-0.2154467459909135,0.5246284893606303,-0.20000000000000004,0.5554454421055854,Orthogonal,1
REACTOME_COLLAGEN_FORMATION,embedding_30,11,0.32445631939221486,0.3303216330331043,0.27272727272727276,0.41714143714253127,Orthogonal,1
REACTOME_COLLAGEN_FORMATION,embedding_31,11,-0.24631578843004565,0.46531041567759057,-0.36363636363636365,0.2716375409938228,Orthogonal,1
REACTOME_COLLAGEN_DEGRADATION,embedding_0,11,0.26694700761067697,0.42747034033554904,0.38181818181818183,0.24655957577897006,Orthogonal,1
REACTOME_COLLAGEN_DEGRADATION,embedding_1,11,0.08924303581792609,0.7941426191912201,0.06363636363636364,0.8525390725425217,Orthogonal,1
REACTOME_COLLAGEN_DEGRADATION,embedding_2,11,-0.3482726732642664,0.2939000447230875,-0.48181818181818187,0.1334338382568288,Orthogonal,1
REACTOME_COLLAGEN_DEGRADATION,embedding_3,11,0.09299680854092125,0.7856544301948354,0.33636363636363636,0.31182431390038623,Orthogonal,1
REACTOME_COLLAGEN_DEGRADATION,embedding_4,11,-0.4691490573578287,0.1454622370886882,-0.46363636363636374,0.15090149929248603,Orthogonal,1
REACTOME_COLLAGEN_DEGRADATION,embedding_5,11,-0.6176224912030867,0.042887467593316714,-0.5909090909090909,0.05557560428877463,Orthogonal,1
REACTOME_COLLAGEN_DEGRADATION,embedding_6,11,0.12402479955390956,0.7163667994230314,0.3272727272727273,0.32589494101284167,Orthogonal,1
REACTOME_COLLAGEN_DEGRADATION,embedding_7,11,-0.385792921895696,0.241261655286692,-0.43636363636363645,0.17966487658001123,Orthogonal,1
REACTOME_COLLAGEN_DEGRADATION,embedding_8,11,-0.4716734550341528,0.14301316408146256,-0.48181818181818187,0.1334338382568288,Orthogonal,1
REACTOME_COLLAGEN_DEGRADATION,embedding_9,11,-0.29382264069285513,0.38049534683427144,-0.36363636363636365,0.2716375409938228,Orthogonal,1
REACTOME_COLLAGEN_DEGRADATION,embedding_10,11,0.08821419891229243,0.7964726102259037,0.22727272727272727,0.501535667604937,Orthogonal,1
REACTOME_COLLAGEN_DEGRADATION,embedding_11,11,0.12989040989977546,0.7034655615213401,0.10909090909090911,0.7495085962341482,Orthogonal,1
REACTOME_COLLAGEN_DEGRADATION,embedding_12,11,0.0064274687803040804,0.9850362276578893,0.18181818181818182,0.5926152128455,Orthogonal,1
REACTOME_COLLAGEN_DEGRADATION,embedding_13,11,-0.39082545877742975,0.23464905715443518,-0.4272727272727273,0.189943724965427,Orthogonal,1
REACTOME_COLLAGEN_DEGRADATION,embedding_14,11,0.2814012909470308,0.401871758756091,0.23636363636363636,0.4840911622253965,Orthogonal,1
REACTOME_COLLAGEN_DEGRADATION,embedding_15,11,-0.002595064761035993,0.9939581931607391,0.3090909090909091,0.3550284397015071,Orthogonal,1
REACTOME_COLLAGEN_DEGRADATION,embedding_16,11,-0.2142059609180323,0.5270769784348674,-0.28181818181818186,0.4011448979604785,Orthogonal,1
REACTOME_COLLAGEN_DEGRADATION,embedding_17,11,-0.22780303245936936,0.5005106289904855,-0.30000000000000004,0.37008312228206786,Orthogonal,1
REACTOME_COLLAGEN_DEGRADATION,embedding_18,11,0.16520371274027015,0.6273698643831175,0.17272727272727276,0.6115423848512369,Orthogonal,1
REACTOME_COLLAGEN_DEGRADATION,embedding_19,11,0.5920590547348598,0.054982342771405214,0.4272727272727273,0.189943724965427,Orthogonal,1
REACTOME_COLLAGEN_DEGRADATION,embedding_20,11,0.32962720844239723,0.32221873807712303,0.21818181818181823,0.519248247554982,Orthogonal,1
REACTOME_COLLAGEN_DEGRADATION,embedding_21,11,0.05193988997869392,0.8794528905577689,0.009090909090909092,0.9788365001441937,Orthogonal,1
REACTOME_COLLAGEN_DEGRADATION,embedding_22,11,-0.47316901224888824,0.14157455410104383,-0.4727272727272727,0.14199852020631992,Orthogonal,1
REACTOME_COLLAGEN_DEGRADATION,embedding_23,11,0.4446662669781598,0.17058014987156514,0.41818181818181827,0.20057021703405067,Orthogonal,1
REACTOME_COLLAGEN_DEGRADATION,embedding_24,11,0.1151280704617529,0.7360616144025819,0.3454545454545455,0.2980892209030388,Orthogonal,1
REACTOME_COLLAGEN_DEGRADATION,embedding_25,11,0.19134594920429596,0.5730202808133089,0.22727272727272727,0.501535667604937,Orthogonal,1
REACTOME_COLLAGEN_DEGRADATION,embedding_26,11,-0.14576571864441518,0.6689065215185206,-0.19090909090909092,0.5739131682855215,Orthogonal,1
REACTOME_COLLAGEN_DEGRADATION,embedding_27,11,0.27008330744850034,0.4218509102056007,0.29090909090909095,0.38545696969136556,Orthogonal,1
REACTOME_COLLAGEN_DEGRADATION,embedding_28,11,0.2305653481561163,0.49518610056457146,0.5363636363636364,0.08895341813596276,Orthogonal,1
REACTOME_COLLAGEN_DEGRADATION,embedding_29,11,0.1342911652762375,0.693831898690808,0.17272727272727276,0.6115423848512369,Orthogonal,1
REACTOME_COLLAGEN_DEGRADATION,embedding_30,11,0.0773125931281582,0.8212496939291193,0.14545454545454548,0.6695786456420787,Orthogonal,1
REACTOME_COLLAGEN_DEGRADATION,embedding_31,11,-0.3853873191705597,0.2417992417185447,-0.4909090909090909,0.12520440713849534,Orthogonal,1
REACTOME_DEGRADATION_OF_THE_EXTRACELLULAR_MATRIX,embedding_0,11,0.13773791747444417,0.6863148588240808,0.17272727272727276,0.6115423848512369,Orthogonal,1
REACTOME_DEGRADATION_OF_THE_EXTRACELLULAR_MATRIX,embedding_1,11,-0.035703206841853685,0.9169989586935857,-0.24545454545454545,0.4669223669820163,Orthogonal,1
REACTOME_DEGRADATION_OF_THE_EXTRACELLULAR_MATRIX,embedding_2,11,-0.23043215511425413,0.49544226589728685,-0.30000000000000004,0.37008312228206786,Orthogonal,1
REACTOME_DEGRADATION_OF_THE_EXTRACELLULAR_MATRIX,embedding_3,11,0.18270522484230997,0.5907803039559096,0.48181818181818187,0.1334338382568288,Orthogonal,1
REACTOME_DEGRADATION_OF_THE_EXTRACELLULAR_MATRIX,embedding_4,11,-0.3700013083224755,0.2627013661149352,-0.33636363636363636,0.31182431390038623,Orthogonal,1
REACTOME_DEGRADATION_OF_THE_EXTRACELLULAR_MATRIX,embedding_5,11,-0.5500384433436486,0.07958865879973241,-0.48181818181818187,0.1334338382568288,Orthogonal,1
REACTOME_DEGRADATION_OF_THE_EXTRACELLULAR_MATRIX,embedding_6,11,0.20347394538396688,0.5484520510949886,0.4000000000000001,0.22286835013352002,Orthogonal,1
REACTOME_DEGRADATION_OF_THE_EXTRACELLULAR_MATRIX,embedding_7,11,-0.33103409341426643,0.32003273586899766,-0.29090909090909095,0.38545696969136556,Orthogonal,1
REACTOME_DEGRADATION_OF_THE_EXTRACELLULAR_MATRIX,embedding_8,11,-0.4693708778412907,0.14524598743424658,-0.4090909090909091,0.2115450103420961,Orthogonal,1
REACTOME_DEGRADATION_OF_THE_EXTRACELLULAR_MATRIX,embedding_9,11,-0.3220268414166909,0.3341656871302117,-0.4090909090909091,0.2115450103420961,Orthogonal,1
REACTOME_DEGRADATION_OF_THE_EXTRACELLULAR_MATRIX,embedding_10,11,0.16571073397631975,0.6262987016356301,0.3181818181818182,0.34029761418190363,Orthogonal,1
REACTOME_DEGRADATION_OF_THE_EXTRACELLULAR_MATRIX,embedding_11,11,-0.0026938833861587,0.9937281283354655,-0.19090909090909092,0.5739131682855215,Orthogonal,1
REACTOME_DEGRADATION_OF_THE_EXTRACELLULAR_MATRIX,embedding_12,11,0.10321689388030195,0.7626525799291337,0.4090909090909091,0.2115450103420961,Orthogonal,1
REACTOME_DEGRADATION_OF_THE_EXTRACELLULAR_MATRIX,embedding_13,11,-0.3347575567577233,0.31428584541814636,-0.30000000000000004,0.37008312228206786,Orthogonal,1
REACTOME_DEGRADATION_OF_THE_EXTRACELLULAR_MATRIX,embedding_14,11,0.18113688672074732,0.5940259740655243,0.03636363636363637,0.9154683168905347,Orthogonal,1
REACTOME_DEGRADATION_OF_THE_EXTRACELLULAR_MATRIX,embedding_15,11,0.1197412438050626,0.7258307859808074,0.5363636363636364,0.08895341813596276,Orthogonal,1
REACTOME_DEGRADATION_OF_THE_EXTRACELLULAR_MATRIX,embedding_16,11,-0.2943881257970899,0.37953610857488773,-0.38181818181818183,0.24655957577897006,Orthogonal,1
REACTOME_DEGRADATION_OF_THE_EXTRACELLULAR_MATRIX,embedding_17,11,-0.29225884040358946,0.3831543952357661,-0.38181818181818183,0.24655957577897006,Orthogonal,1
REACTOME_DEGRADATION_OF_THE_EXTRACELLULAR_MATRIX,embedding_18,11,0.027980313169444757,0.9349154367599679,-0.10000000000000002,0.7698749998921366,Orthogonal,1
REACTOME_DEGRADATION_OF_THE_EXTRACELLULAR_MATRIX,embedding_19,11,0.5625279371001793,0.07163103951051038,0.3727272727272728,0.25892587368422215,Orthogonal,1
REACTOME_DEGRADATION_OF_THE_EXTRACELLULAR_MATRIX,embedding_20,11,0.20012714827465625,0.5551888510211458,-0.06363636363636364,0.8525390725425217,Orthogonal,1
REACTOME_DEGRADATION_OF_THE_EXTRACELLULAR_MATRIX,embedding_21,11,-0.05951770288941534,0.8620014757700384,-0.2545454545454546,0.4500365768888285,Orthogonal,1
REACTOME_DEGRADATION_OF_THE_EXTRACELLULAR_MATRIX,embedding_22,11,-0.4360886341176124,0.17997072445471726,-0.4090909090909091,0.2115450103420961,Orthogonal,1
REACTOME_DEGRADATION_OF_THE_EXTRACELLULAR_MATRIX,embedding_23,11,0.44966260397872804,0.16525203902908056,0.39090909090909093,0.23454006709519432,Orthogonal,1
REACTOME_DEGRADATION_OF_THE_EXTRACELLULAR_MATRIX,embedding_24,11,0.2081914370119301,0.5390130159692155,0.48181818181818187,0.1334338382568288,Orthogonal,1
REACTOME_DEGRADATION_OF_THE_EXTRACELLULAR_MATRIX,embedding_25,11,0.24413807054684789,0.4693912633509759,0.3181818181818182,0.34029761418190363,Orthogonal,1
REACTOME_DEGRADATION_OF_THE_EXTRACELLULAR_MATRIX,embedding_26,11,-0.2675470005924192,0.4263925500764981,-0.43636363636363645,0.17966487658001123,Orthogonal,1
REACTOME_DEGRADATION_OF_THE_EXTRACELLULAR_MATRIX,embedding_27,11,0.3067914094003546,0.3588060255959897,0.3454545454545455,0.2980892209030388,Orthogonal,1
REACTOME_DEGRADATION_OF_THE_EXTRACELLULAR_MATRIX,embedding_28,11,0.3166004545152422,0.34283658062453054,0.690909090909091,0.018565033381595004,Orthogonal,1
REACTOME_DEGRADATION_OF_THE_EXTRACELLULAR_MATRIX,embedding_29,11,0.014571112296989961,0.9660838005116609,-0.10000000000000002,0.7698749998921366,Orthogonal,1
REACTOME_DEGRADATION_OF_THE_EXTRACELLULAR_MATRIX,embedding_30,11,0.08563822861019173,0.802312879439014,0.10000000000000002,0.7698749998921366,Orthogonal,1
REACTOME_DEGRADATION_OF_THE_EXTRACELLULAR_MATRIX,embedding_31,11,-0.2548385507087614,0.44949695772670306,-0.3272727272727273,0.32589494101284167,Orthogonal,1
REACTOME_INTEGRIN_CELL_SURFACE_INTERACTIONS,embedding_0,11,-0.01988368988199387,0.9537279519642287,-0.018181818181818184,0.9576852410216187,Orthogonal,1
REACTOME_INTEGRIN_CELL_SURFACE_INTERACTIONS,embedding_1,11,-0.3887552551470186,0.2373563442238289,-0.45454545454545453,0.16014543725525882,Orthogonal,1
REACTOME_INTEGRIN_CELL_SURFACE_INTERACTIONS,embedding_2,11,-0.16994701956689903,0.6173743482702999,-0.39090909090909093,0.23454006709519432,Orthogonal,1
REACTOME_INTEGRIN_CELL_SURFACE_INTERACTIONS,embedding_3,11,0.5146323938630768,0.10528226306802632,0.6000000000000001,0.05100326070695074,Orthogonal,1
REACTOME_INTEGRIN_CELL_SURFACE_INTERACTIONS,embedding_4,11,-0.3243445862633798,0.33049790544797836,-0.44545454545454555,0.16973260492681172,Orthogonal,1
REACTOME_INTEGRIN_CELL_SURFACE_INTERACTIONS,embedding_5,11,-0.492296105387354,0.12397809558180499,-0.48181818181818187,0.1334338382568288,Orthogonal,1
REACTOME_INTEGRIN_CELL_SURFACE_INTERACTIONS,embedding_6,11,0.5342932808934314,0.09043178951737645,0.6272727272727273,0.03884525362035334,Orthogonal,1
REACTOME_INTEGRIN_CELL_SURFACE_INTERACTIONS,embedding_7,11,-0.468921345708909,0.14568444016243737,-0.48181818181818187,0.1334338382568288,Orthogonal,1
REACTOME_INTEGRIN_CELL_SURFACE_INTERACTIONS,embedding_8,11,-0.5997613253165669,0.05111988751221932,-0.5272727272727273,0.09556521835315422,Orthogonal,1
REACTOME_INTEGRIN_CELL_SURFACE_INTERACTIONS,embedding_9,11,-0.5881072115804562,0.05703932948797139,-0.6272727272727273,0.03884525362035334,Orthogonal,1
REACTOME_INTEGRIN_CELL_SURFACE_INTERACTIONS,embedding_10,11,0.5332634310349789,0.09117316594898103,0.6363636363636364,0.03528698122006228,Orthogonal,1
REACTOME_INTEGRIN_CELL_SURFACE_INTERACTIONS,embedding_11,11,-0.16140928160731943,0.6354065879802483,-0.38181818181818183,0.24655957577897006,Orthogonal,1
REACTOME_INTEGRIN_CELL_SURFACE_INTERACTIONS,embedding_12,11,0.4606039352917879,0.15394695513881004,0.6090909090909091,0.04669570935409886,Orthogonal,1
REACTOME_INTEGRIN_CELL_SURFACE_INTERACTIONS,embedding_13,11,-0.4824633269415947,0.13283881540526868,-0.48181818181818187,0.1334338382568288,Orthogonal,1
REACTOME_INTEGRIN_CELL_SURFACE_INTERACTIONS,embedding_14,11,0.3118713753422923,0.3504884130208392,0.3181818181818182,0.34029761418190363,Orthogonal,1
REACTOME_INTEGRIN_CELL_SURFACE_INTERACTIONS,embedding_15,11,0.3877613405874777,0.2386625312393541,0.6000000000000001,0.05100326070695074,Orthogonal,1
REACTOME_INTEGRIN_CELL_SURFACE_INTERACTIONS,embedding_16,11,-0.5771527312068521,0.06301383825903162,-0.6272727272727273,0.03884525362035334,Orthogonal,1
REACTOME_INTEGRIN_CELL_SURFACE_INTERACTIONS,embedding_17,11,-0.564252776970854,0.07057584093766298,-0.6181818181818182,0.042645569805326695,Orthogonal,1
REACTOME_INTEGRIN_CELL_SURFACE_INTERACTIONS,embedding_18,11,-0.1835120439075399,0.589113212662837,-0.4000000000000001,0.22286835013352002,Orthogonal,1
REACTOME_INTEGRIN_CELL_SURFACE_INTERACTIONS,embedding_19,11,0.5232571907659144,0.09858556101317849,0.48181818181818187,0.1334338382568288,Orthogonal,1
REACTOME_INTEGRIN_CELL_SURFACE_INTERACTIONS,embedding_20,11,-0.17460400496295964,0.607617068337121,-0.3272727272727273,0.32589494101284167,Orthogonal,1
REACTOME_INTEGRIN_CELL_SURFACE_INTERACTIONS,embedding_21,11,-0.4546406402324762,0.160046874844386,-0.5363636363636364,0.08895341813596276,Orthogonal,1
REACTOME_INTEGRIN_CELL_SURFACE_INTERACTIONS,embedding_22,11,-0.5385746481381636,0.08739232461374948,-0.5909090909090909,0.05557560428877463,Orthogonal,1
REACTOME_INTEGRIN_CELL_SURFACE_INTERACTIONS,embedding_23,11,0.6149794040083805,0.04404339835432951,0.6000000000000001,0.05100326070695074,Orthogonal,1
REACTOME_INTEGRIN_CELL_SURFACE_INTERACTIONS,embedding_24,11,0.5379502604784546,0.08783132624824888,0.6272727272727273,0.03884525362035334,Orthogonal,1
REACTOME_INTEGRIN_CELL_SURFACE_INTERACTIONS,embedding_25,11,0.5637176114062733,0.07090211221264558,0.6363636363636364,0.03528698122006228,Orthogonal,1
REACTOME_INTEGRIN_CELL_SURFACE_INTERACTIONS,embedding_26,11,-0.48948691870078553,0.12646982427466677,-0.5545454545454546,0.07665233333978251,Orthogonal,1
REACTOME_INTEGRIN_CELL_SURFACE_INTERACTIONS,embedding_27,11,0.584298834953778,0.059070646802709396,0.6454545454545455,0.03196279932801745,Orthogonal,1
REACTOME_INTEGRIN_CELL_SURFACE_INTERACTIONS,embedding_28,11,0.2799796422813099,0.4043553158382109,0.4272727272727273,0.189943724965427,Orthogonal,1
REACTOME_INTEGRIN_CELL_SURFACE_INTERACTIONS,embedding_29,11,-0.41067876138086223,0.20960299076963138,-0.4000000000000001,0.22286835013352002,Orthogonal,1
REACTOME_INTEGRIN_CELL_SURFACE_INTERACTIONS,embedding_30,11,0.42499488279478176,0.19257365632568532,0.44545454545454555,0.16973260492681172,Orthogonal,1
REACTOME_INTEGRIN_CELL_SURFACE_INTERACTIONS,embedding_31,11,-0.07658467997366356,0.8229095657676524,-0.19090909090909092,0.5739131682855215,Orthogonal,1
REACTOME_EXTRACELLULAR_MATRIX_ORGANIZATION,embedding_0,11,-0.1269503125874044,0.7099236753918926,0.10000000000000002,0.7698749998921366,Orthogonal,1
REACTOME_EXTRACELLULAR_MATRIX_ORGANIZATION,embedding_1,11,-0.29608821624867476,0.37665959851485964,-0.33636363636363636,0.31182431390038623,Orthogonal,1
REACTOME_EXTRACELLULAR_MATRIX_ORGANIZATION,embedding_2,11,0.009768912285650265,0.9772584581427175,-0.1272727272727273,0.7092146257733047,Orthogonal,1
REACTOME_EXTRACELLULAR_MATRIX_ORGANIZATION,embedding_3,11,0.37299539224141376,0.2585562018590702,0.5454545454545455,0.08265095734417506,Orthogonal,1
REACTOME_EXTRACELLULAR_MATRIX_ORGANIZATION,embedding_4,11,-0.14968620431315408,0.6604572108718548,-0.18181818181818182,0.5926152128455,Orthogonal,1
REACTOME_EXTRACELLULAR_MATRIX_ORGANIZATION,embedding_5,11,-0.38320070823095137,0.24470928520602078,-0.2545454545454546,0.4500365768888285,Orthogonal,1
REACTOME_EXTRACELLULAR_MATRIX_ORGANIZATION,embedding_6,11,0.3841612486872855,0.24342847998568368,0.44545454545454555,0.16973260492681172,Orthogonal,1
REACTOME_EXTRACELLULAR_MATRIX_ORGANIZATION,embedding_7,11,-0.23502679302406546,0.486639313448527,-0.09090909090909091,0.7903727377532903,Orthogonal,1
REACTOME_EXTRACELLULAR_MATRIX_ORGANIZATION,embedding_8,11,-0.4676640065892694,0.14691519922502022,-0.18181818181818182,0.5926152128455,Orthogonal,1
REACTOME_EXTRACELLULAR_MATRIX_ORGANIZATION,embedding_9,11,-0.38394605379646407,0.2437150886664719,-0.3181818181818182,0.34029761418190363,Orthogonal,1
REACTOME_EXTRACELLULAR_MATRIX_ORGANIZATION,embedding_10,11,0.34190639831044833,0.3034098469315353,0.3545454545454546,0.2846927409558867,Orthogonal,1
REACTOME_EXTRACELLULAR_MATRIX_ORGANIZATION,embedding_11,11,-0.2613193303994879,0.4376426769422202,-0.30000000000000004,0.37008312228206786,Orthogonal,1
REACTOME_EXTRACELLULAR_MATRIX_ORGANIZATION,embedding_12,11,0.32771050779591965,0.32520971840067425,0.5090909090909091,0.10973723224165641,Orthogonal,1
REACTOME_EXTRACELLULAR_MATRIX_ORGANIZATION,embedding_13,11,-0.23787443873397268,0.4812186067361067,-0.06363636363636364,0.8525390725425217,Orthogonal,1
REACTOME_EXTRACELLULAR_MATRIX_ORGANIZATION,embedding_14,11,0.05020789627736322,0.8834486352875072,-0.1272727272727273,0.7092146257733047,Orthogonal,1
REACTOME_EXTRACELLULAR_MATRIX_ORGANIZATION,embedding_15,11,0.37136578830284944,0.260807666199343,0.5181818181818182,0.10249153979096383,Orthogonal,1
REACTOME_EXTRACELLULAR_MATRIX_ORGANIZATION,embedding_16,11,-0.4704566056167745,0.1441904407105499,-0.44545454545454555,0.16973260492681172,Orthogonal,1
REACTOME_EXTRACELLULAR_MATRIX_ORGANIZATION,embedding_17,11,-0.41225468630112355,0.20768607330816907,-0.3090909090909091,0.3550284397015071,Orthogonal,1
REACTOME_EXTRACELLULAR_MATRIX_ORGANIZATION,embedding_18,11,-0.24995744144928522,0.4585227082176343,-0.24545454545454545,0.4669223669820163,Orthogonal,1
REACTOME_EXTRACELLULAR_MATRIX_ORGANIZATION,embedding_19,11,0.4448871901550209,0.17034235486852142,0.16363636363636366,0.6306852146425357,Orthogonal,1
REACTOME_EXTRACELLULAR_MATRIX_ORGANIZATION,embedding_20,11,-0.11211109419924353,0.742773466715735,-0.20000000000000004,0.5554454421055854,Orthogonal,1
REACTOME_EXTRACELLULAR_MATRIX_ORGANIZATION,embedding_21,11,-0.3200526226199208,0.3373067594665232,-0.4000000000000001,0.22286835013352002,Orthogonal,1
REACTOME_EXTRACELLULAR_MATRIX_ORGANIZATION,embedding_22,11,-0.35284271551973617,0.28717601892145106,-0.26363636363636367,0.4334407376116145,Orthogonal,1
REACTOME_EXTRACELLULAR_MATRIX_ORGANIZATION,embedding_23,11,0.44291624661441803,0.17247102576890036,0.30000000000000004,0.37008312228206786,Orthogonal,1
REACTOME_EXTRACELLULAR_MATRIX_ORGANIZATION,embedding_24,11,0.4069168500530626,0.2142212368803297,0.5636363636363637,0.07095173447637536,Orthogonal,1
REACTOME_EXTRACELLULAR_MATRIX_ORGANIZATION,embedding_25,11,0.36464847065962075,0.2702052972308812,0.3545454545454546,0.2846927409558867,Orthogonal,1
REACTOME_EXTRACELLULAR_MATRIX_ORGANIZATION,embedding_26,11,-0.5214152534449693,0.09999164910190705,-0.5363636363636364,0.08895341813596276,Orthogonal,1
REACTOME_EXTRACELLULAR_MATRIX_ORGANIZATION,embedding_27,11,0.3877883428940817,0.23862699032877538,0.36363636363636365,0.2716375409938228,Orthogonal,1
REACTOME_EXTRACELLULAR_MATRIX_ORGANIZATION,embedding_28,11,0.4595083040718017,0.15505664116202142,0.5272727272727273,0.09556521835315422,Orthogonal,1
REACTOME_EXTRACELLULAR_MATRIX_ORGANIZATION,embedding_29,11,-0.2705044409227207,0.4210990718421173,-0.24545454545454545,0.4669223669820163,Orthogonal,1
REACTOME_EXTRACELLULAR_MATRIX_ORGANIZATION,embedding_30,11,0.14249231260037626,0.6759878093798606,0.15454545454545454,0.65003396549758,Orthogonal,1
REACTOME_EXTRACELLULAR_MATRIX_ORGANIZATION,embedding_31,11,0.027677812400074265,0.9356178147051759,-0.20909090909090913,0.5372209352113229,Orthogonal,1
REACTOME_ASSEMBLY_OF_COLLAGEN_FIBRILS_AND_OTHER_MULTIMERIC_STRUCTURES,embedding_0,11,0.25828294709901317,0.4431781440637706,0.5090909090909091,0.10973723224165641,Orthogonal,1
REACTOME_ASSEMBLY_OF_COLLAGEN_FIBRILS_AND_OTHER_MULTIMERIC_STRUCTURES,embedding_1,11,0.02621210611669352,0.9390216202124557,0.22727272727272727,0.501535667604937,Orthogonal,1
REACTOME_ASSEMBLY_OF_COLLAGEN_FIBRILS_AND_OTHER_MULTIMERIC_STRUCTURES,embedding_2,11,-0.3860555725266652,0.24091390656409722,-0.6000000000000001,0.05100326070695074,Orthogonal,1
REACTOME_ASSEMBLY_OF_COLLAGEN_FIBRILS_AND_OTHER_MULTIMERIC_STRUCTURES,embedding_3,11,0.1677423343168408,0.6220131368892963,0.17272727272727276,0.6115423848512369,Orthogonal,1
REACTOME_ASSEMBLY_OF_COLLAGEN_FIBRILS_AND_OTHER_MULTIMERIC_STRUCTURES,embedding_4,11,-0.5186867081583189,0.10209853364261455,-0.5454545454545455,0.08265095734417506,Orthogonal,1
REACTOME_ASSEMBLY_OF_COLLAGEN_FIBRILS_AND_OTHER_MULTIMERIC_STRUCTURES,embedding_5,11,-0.6558378391429175,0.028442021748425025,-0.6545454545454547,0.028864598957001886,Orthogonal,1
REACTOME_ASSEMBLY_OF_COLLAGEN_FIBRILS_AND_OTHER_MULTIMERIC_STRUCTURES,embedding_6,11,0.19500290164009548,0.5655672569209569,0.21818181818181823,0.519248247554982,Orthogonal,1
REACTOME_ASSEMBLY_OF_COLLAGEN_FIBRILS_AND_OTHER_MULTIMERIC_STRUCTURES,embedding_7,11,-0.4580738079841759,0.156517050919692,-0.5272727272727273,0.09556521835315422,Orthogonal,1
REACTOME_ASSEMBLY_OF_COLLAGEN_FIBRILS_AND_OTHER_MULTIMERIC_STRUCTURES,embedding_8,11,-0.5490460289081714,0.08024513133520789,-0.44545454545454555,0.16973260492681172,Orthogonal,1
REACTOME_ASSEMBLY_OF_COLLAGEN_FIBRILS_AND_OTHER_MULTIMERIC_STRUCTURES,embedding_9,11,-0.36863613671239437,0.26460380159152497,-0.3272727272727273,0.32589494101284167,Orthogonal,1
REACTOME_ASSEMBLY_OF_COLLAGEN_FIBRILS_AND_OTHER_MULTIMERIC_STRUCTURES,embedding_10,11,0.15814749745286116,0.6423435141688649,0.16363636363636366,0.6306852146425357,Orthogonal,1
REACTOME_ASSEMBLY_OF_COLLAGEN_FIBRILS_AND_OTHER_MULTIMERIC_STRUCTURES,embedding_11,11,0.11861184554338183,0.7283318520159012,0.26363636363636367,0.4334407376116145,Orthogonal,1
REACTOME_ASSEMBLY_OF_COLLAGEN_FIBRILS_AND_OTHER_MULTIMERIC_STRUCTURES,embedding_12,11,0.08240214780717704,0.8096626125658922,-0.018181818181818184,0.9576852410216187,Orthogonal,1
REACTOME_ASSEMBLY_OF_COLLAGEN_FIBRILS_AND_OTHER_MULTIMERIC_STRUCTURES,embedding_13,11,-0.4814355602485609,0.13378753100288088,-0.5181818181818182,0.10249153979096383,Orthogonal,1
REACTOME_ASSEMBLY_OF_COLLAGEN_FIBRILS_AND_OTHER_MULTIMERIC_STRUCTURES,embedding_14,11,0.3831294669515591,0.2448044341856802,0.3727272727272728,0.25892587368422215,Orthogonal,1
REACTOME_ASSEMBLY_OF_COLLAGEN_FIBRILS_AND_OTHER_MULTIMERIC_STRUCTURES,embedding_15,11,0.040824855589252654,0.9051357717858542,0.15454545454545454,0.65003396549758,Orthogonal,1
REACTOME_ASSEMBLY_OF_COLLAGEN_FIBRILS_AND_OTHER_MULTIMERIC_STRUCTURES,embedding_16,11,-0.24912555171389109,0.4600692388749627,-0.17272727272727276,0.6115423848512369,Orthogonal,1
REACTOME_ASSEMBLY_OF_COLLAGEN_FIBRILS_AND_OTHER_MULTIMERIC_STRUCTURES,embedding_17,11,-0.30379130886982453,0.3637655818203473,-0.2545454545454546,0.4500365768888285,Orthogonal,1
REACTOME_ASSEMBLY_OF_COLLAGEN_FIBRILS_AND_OTHER_MULTIMERIC_STRUCTURES,embedding_18,11,0.14630898535024203,0.6677336056244403,0.33636363636363636,0.31182431390038623,Orthogonal,1
REACTOME_ASSEMBLY_OF_COLLAGEN_FIBRILS_AND_OTHER_MULTIMERIC_STRUCTURES,embedding_19,11,0.6062342948936525,0.04802117341011339,0.4909090909090909,0.12520440713849534,Orthogonal,1
REACTOME_ASSEMBLY_OF_COLLAGEN_FIBRILS_AND_OTHER_MULTIMERIC_STRUCTURES,embedding_20,11,0.27265352289540057,0.4172724549698208,0.3727272727272728,0.25892587368422215,Orthogonal,1
REACTOME_ASSEMBLY_OF_COLLAGEN_FIBRILS_AND_OTHER_MULTIMERIC_STRUCTURES,embedding_21,11,-0.022756321578147144,0.9470505137664271,0.20000000000000004,0.5554454421055854,Orthogonal,1
REACTOME_ASSEMBLY_OF_COLLAGEN_FIBRILS_AND_OTHER_MULTIMERIC_STRUCTURES,embedding_22,11,-0.5374769260551222,0.08816509309720826,-0.4909090909090909,0.12520440713849534,Orthogonal,1
REACTOME_ASSEMBLY_OF_COLLAGEN_FIBRILS_AND_OTHER_MULTIMERIC_STRUCTURES,embedding_23,11,0.5054271224428365,0.11274869099920325,0.4000000000000001,0.22286835013352002,Orthogonal,1
REACTOME_ASSEMBLY_OF_COLLAGEN_FIBRILS_AND_OTHER_MULTIMERIC_STRUCTURES,embedding_24,11,0.18478883270534757,0.5864786998696162,0.19090909090909092,0.5739131682855215,Orthogonal,1
REACTOME_ASSEMBLY_OF_COLLAGEN_FIBRILS_AND_OTHER_MULTIMERIC_STRUCTURES,embedding_25,11,0.25820753191062973,0.44331604607547637,0.16363636363636366,0.6306852146425357,Orthogonal,1
REACTOME_ASSEMBLY_OF_COLLAGEN_FIBRILS_AND_OTHER_MULTIMERIC_STRUCTURES,embedding_26,11,-0.15144352510847672,0.656681337751904,-0.009090909090909092,0.9788365001441937,Orthogonal,1
REACTOME_ASSEMBLY_OF_COLLAGEN_FIBRILS_AND_OTHER_MULTIMERIC_STRUCTURES,embedding_27,11,0.32576362613907767,0.32826291571509825,0.23636363636363636,0.4840911622253965,Orthogonal,1
REACTOME_ASSEMBLY_OF_COLLAGEN_FIBRILS_AND_OTHER_MULTIMERIC_STRUCTURES,embedding_28,11,0.20062158446459238,0.5541915087060539,0.39090909090909093,0.23454006709519432,Orthogonal,1
REACTOME_ASSEMBLY_OF_COLLAGEN_FIBRILS_AND_OTHER_MULTIMERIC_STRUCTURES,embedding_29,11,0.05790906105177499,0.865701734477864,0.33636363636363636,0.31182431390038623,Orthogonal,1
REACTOME_ASSEMBLY_OF_COLLAGEN_FIBRILS_AND_OTHER_MULTIMERIC_STRUCTURES,embedding_30,11,0.16023818957696453,0.6378941909601629,0.11818181818181818,0.72928477951978,Orthogonal,1
REACTOME_ASSEMBLY_OF_COLLAGEN_FIBRILS_AND_OTHER_MULTIMERIC_STRUCTURES,embedding_31,11,-0.3871873641894146,0.23941873428858954,-0.6272727272727273,0.03884525362035334,Orthogonal,1
REACTOME_MOLECULES_ASSOCIATED_WITH_ELASTIC_FIBRES,embedding_0,11,-0.1422315001816837,0.6765530423946035,0.17272727272727276,0.6115423848512369,Orthogonal,1
REACTOME_MOLECULES_ASSOCIATED_WITH_ELASTIC_FIBRES,embedding_1,11,-0.17721445865221644,0.6021725650532948,-0.09090909090909091,0.7903727377532903,Orthogonal,1
REACTOME_MOLECULES_ASSOCIATED_WITH_ELASTIC_FIBRES,embedding_2,11,0.1201863107828896,0.7248458381356102,-0.05454545454545456,0.8734465775233149,Orthogonal,1
REACTOME_MOLECULES_ASSOCIATED_WITH_ELASTIC_FIBRES,embedding_3,11,0.1647545342639359,0.6283193647360047,0.10909090909090911,0.7495085962341482,Orthogonal,1
REACTOME_MOLECULES_ASSOCIATED_WITH_ELASTIC_FIBRES,embedding_4,11,0.0795054969174879,0.8162531803558426,0.018181818181818184,0.9576852410216187,Orthogonal,1
REACTOME_MOLECULES_ASSOCIATED_WITH_ELASTIC_FIBRES,embedding_5,11,-0.07657546552279092,0.8229305818148118,-0.07272727272727274,0.831716405381337,Orthogonal,1
REACTOME_MOLECULES_ASSOCIATED_WITH_ELASTIC_FIBRES,embedding_6,11,0.15481228886992515,0.6494632048315028,0.09090909090909091,0.7903727377532903,Orthogonal,1
REACTOME_MOLECULES_ASSOCIATED_WITH_ELASTIC_FIBRES,embedding_7,11,-0.002876122687589619,0.9933038485932915,0.07272727272727274,0.831716405381337,Orthogonal,1
REACTOME_MOLECULES_ASSOCIATED_WITH_ELASTIC_FIBRES,embedding_8,11,-0.11897971524350807,0.7275169377741081,0.18181818181818182,0.5926152128455,Orthogonal,1
REACTOME_MOLECULES_ASSOCIATED_WITH_ELASTIC_FIBRES,embedding_9,11,-0.13139628448800267,0.700164578933044,-0.03636363636363637,0.9154683168905347,Orthogonal,1
REACTOME_MOLECULES_ASSOCIATED_WITH_ELASTIC_FIBRES,embedding_10,11,0.16895654163440332,0.6194568330774086,0.13636363636363638,0.6893090205863619,Orthogonal,1
REACTOME_MOLECULES_ASSOCIATED_WITH_ELASTIC_FIBRES,embedding_11,11,-0.17939352004136688,0.5976417030254833,-0.06363636363636364,0.8525390725425217,Orthogonal,1
REACTOME_MOLECULES_ASSOCIATED_WITH_ELASTIC_FIBRES,embedding_12,11,0.09810814062294254,0.7741302267447971,0.16363636363636366,0.6306852146425357,Orthogonal,1
REACTOME_MOLECULES_ASSOCIATED_WITH_ELASTIC_FIBRES,embedding_13,11,0.0005170997205915934,0.9987960839178273,0.08181818181818183,0.8109903943000458,Orthogonal,1
REACTOME_MOLECULES_ASSOCIATED_WITH_ELASTIC_FIBRES,embedding_14,11,-0.2237322882135765,0.5084023619712205,-0.1272727272727273,0.7092146257733047,Orthogonal,1
REACTOME_MOLECULES_ASSOCIATED_WITH_ELASTIC_FIBRES,embedding_15,11,0.21305700742062939,0.5293485148162524,0.22727272727272727,0.501535667604937,Orthogonal,1
REACTOME_MOLECULES_ASSOCIATED_WITH_ELASTIC_FIBRES,embedding_16,11,-0.2777672294746443,0.4082352515959503,-0.18181818181818182,0.5926152128455,Orthogonal,1
REACTOME_MOLECULES_ASSOCIATED_WITH_ELASTIC_FIBRES,embedding_17,11,-0.1783521576287136,0.5998053911252822,-0.045454545454545456,0.8944269969053026,Orthogonal,1
REACTOME_MOLECULES_ASSOCIATED_WITH_ELASTIC_FIBRES,embedding_18,11,-0.19471201865814447,0.5661586842755579,-0.07272727272727274,0.831716405381337,Orthogonal,1
REACTOME_MOLECULES_ASSOCIATED_WITH_ELASTIC_FIBRES,embedding_19,11,0.21154983807156458,0.5323344466252059,0.009090909090909092,0.9788365001441937,Orthogonal,1
REACTOME_MOLECULES_ASSOCIATED_WITH_ELASTIC_FIBRES,embedding_20,11,-0.017720795243486104,0.9587573887945844,0.02727272727272728,0.9365584481926122,Orthogonal,1
REACTOME_MOLECULES_ASSOCIATED_WITH_ELASTIC_FIBRES,embedding_21,11,-0.14111360276551446,0.6789774454262143,-0.15454545454545454,0.65003396549758,Orthogonal,1
REACTOME_MOLECULES_ASSOCIATED_WITH_ELASTIC_FIBRES,embedding_22,11,-0.08570208614218691,0.8021679899235266,-0.03636363636363637,0.9154683168905347,Orthogonal,1
REACTOME_MOLECULES_ASSOCIATED_WITH_ELASTIC_FIBRES,embedding_23,11,0.1696405196946263,0.6180184965607082,0.05454545454545456,0.8734465775233149,Orthogonal,1
REACTOME_MOLECULES_ASSOCIATED_WITH_ELASTIC_FIBRES,embedding_24,11,0.19137945849995966,0.5729518140911468,0.17272727272727276,0.6115423848512369,Orthogonal,1
REACTOME_MOLECULES_ASSOCIATED_WITH_ELASTIC_FIBRES,embedding_25,11,0.1767078981985424,0.6032276608869324,0.13636363636363638,0.6893090205863619,Orthogonal,1
REACTOME_MOLECULES_ASSOCIATED_WITH_ELASTIC_FIBRES,embedding_26,11,-0.37307139631548003,0.2584514653235583,-0.27272727272727276,0.41714143714253127,Orthogonal,1
REACTOME_MOLECULES_ASSOCIATED_WITH_ELASTIC_FIBRES,embedding_27,11,0.1795103344927421,0.5973991740791904,0.1272727272727273,0.7092146257733047,Orthogonal,1
REACTOME_MOLECULES_ASSOCIATED_WITH_ELASTIC_FIBRES,embedding_28,11,0.3104453907069169,0.3528130097876336,0.15454545454545454,0.65003396549758,Orthogonal,1
REACTOME_MOLECULES_ASSOCIATED_WITH_ELASTIC_FIBRES,embedding_29,11,-0.12448684393232942,0.7153480810759694,-0.07272727272727274,0.831716405381337,Orthogonal,1
REACTOME_MOLECULES_ASSOCIATED_WITH_ELASTIC_FIBRES,embedding_30,11,-0.014056185507676237,0.9672817983788695,-0.11818181818181818,0.72928477951978,Orthogonal,1
REACTOME_MOLECULES_ASSOCIATED_WITH_ELASTIC_FIBRES,embedding_31,11,0.10355658291829184,0.7618909065459117,-0.17272727272727276,0.6115423848512369,Orthogonal,1
REACTOME_ECM_PROTEOGLYCANS,embedding_0,11,0.1036252568593409,0.7617369442784276,0.3545454545454546,0.2846927409558867,Orthogonal,1
REACTOME_ECM_PROTEOGLYCANS,embedding_1,11,0.25271691192183976,0.453409902735724,0.19090909090909092,0.5739131682855215,Orthogonal,1
REACTOME_ECM_PROTEOGLYCANS,embedding_2,11,-0.09309837214972655,0.7854250569984588,-0.3090909090909091,0.3550284397015071,Orthogonal,1
REACTOME_ECM_PROTEOGLYCANS,embedding_3,11,-0.1974792406657773,0.5605422423786479,-0.10000000000000002,0.7698749998921366,Orthogonal,1
REACTOME_ECM_PROTEOGLYCANS,embedding_4,11,-0.05002309183799208,0.8838751283675186,-0.1272727272727273,0.7092146257733047,Orthogonal,1
REACTOME_ECM_PROTEOGLYCANS,embedding_5,11,-0.220558054666954,0.5145929891499718,-0.3454545454545455,0.2980892209030388,Orthogonal,1
REACTOME_ECM_PROTEOGLYCANS,embedding_6,11,-0.2044067478082334,0.5465803406610225,-0.10000000000000002,0.7698749998921366,Orthogonal,1
REACTOME_ECM_PROTEOGLYCANS,embedding_7,11,-0.05461680687179574,0.8732821800633652,-0.07272727272727274,0.831716405381337,Orthogonal,1
REACTOME_ECM_PROTEOGLYCANS,embedding_8,11,-0.13520539136644166,0.6918356135341159,-0.02727272727272728,0.9365584481926122,Orthogonal,1
REACTOME_ECM_PROTEOGLYCANS,embedding_9,11,0.1092546865203389,0.7491429589486306,0.0,1.0,Orthogonal,1
REACTOME_ECM_PROTEOGLYCANS,embedding_10,11,-0.23224676244525772,0.4919573063762569,-0.07272727272727274,0.831716405381337,Orthogonal,1
REACTOME_ECM_PROTEOGLYCANS,embedding_11,11,0.11577865512698429,0.7346164130641629,0.23636363636363636,0.4840911622253965,Orthogonal,1
REACTOME_ECM_PROTEOGLYCANS,embedding_12,11,-0.22907171569609147,0.4980620743154523,-0.09090909090909091,0.7903727377532903,Orthogonal,1
REACTOME_ECM_PROTEOGLYCANS,embedding_13,11,-0.08875562766960818,0.7952462578004228,-0.10000000000000002,0.7698749998921366,Orthogonal,1
REACTOME_ECM_PROTEOGLYCANS,embedding_14,11,0.038382847928703,0.9107901171696694,0.05454545454545456,0.8734465775233149,Orthogonal,1
REACTOME_ECM_PROTEOGLYCANS,embedding_15,11,-0.11449636417803756,0.7374656145549496,0.09090909090909091,0.7903727377532903,Orthogonal,1
REACTOME_ECM_PROTEOGLYCANS,embedding_16,11,0.11479873475691721,0.7367934900554114,0.009090909090909092,0.9788365001441937,Orthogonal,1
REACTOME_ECM_PROTEOGLYCANS,embedding_17,11,0.10078220982968417,0.7681172864039884,0.009090909090909092,0.9788365001441937,Orthogonal,1
REACTOME_ECM_PROTEOGLYCANS,embedding_18,11,0.123011239166876,0.7186029558184202,0.30000000000000004,0.37008312228206786,Orthogonal,1
REACTOME_ECM_PROTEOGLYCANS,embedding_19,11,0.20812357487343996,0.5391483222172772,0.20909090909090913,0.5372209352113229,Orthogonal,1
REACTOME_ECM_PROTEOGLYCANS,embedding_20,11,0.34567680219998964,0.2977576507785595,0.3181818181818182,0.34029761418190363,Orthogonal,1
REACTOME_ECM_PROTEOGLYCANS,embedding_21,11,0.25031110734248246,0.457865949574894,0.14545454545454548,0.6695786456420787,Orthogonal,1
REACTOME_ECM_PROTEOGLYCANS,embedding_22,11,-0.06229978348050926,0.8556079388268197,-0.045454545454545456,0.8944269969053026,Orthogonal,1
REACTOME_ECM_PROTEOGLYCANS,embedding_23,11,0.010009725664335216,0.9766979860566098,-0.02727272727272728,0.9365584481926122,Orthogonal,1
REACTOME_ECM_PROTEOGLYCANS,embedding_24,11,-0.15078215508632486,0.6581015525189634,-0.018181818181818184,0.9576852410216187,Orthogonal,1
REACTOME_ECM_PROTEOGLYCANS,embedding_25,11,-0.17227488082764691,0.6124899721961704,-0.07272727272727274,0.831716405381337,Orthogonal,1
REACTOME_ECM_PROTEOGLYCANS,embedding_26,11,0.034832748451485485,0.9190167587583291,-0.02727272727272728,0.9365584481926122,Orthogonal,1
REACTOME_ECM_PROTEOGLYCANS,embedding_27,11,-0.0859686518160762,0.8015632263042887,-0.06363636363636364,0.8525390725425217,Orthogonal,1
REACTOME_ECM_PROTEOGLYCANS,embedding_28,11,0.23824322358659,0.4805185799833227,0.4272727272727273,0.189943724965427,Orthogonal,1
REACTOME_ECM_PROTEOGLYCANS,embedding_29,11,0.28620653218338027,0.39353316735510274,0.30000000000000004,0.37008312228206786,Orthogonal,1
REACTOME_ECM_PROTEOGLYCANS,embedding_30,11,-0.305349474061361,0.3611853554320321,-0.30000000000000004,0.37008312228206786,Orthogonal,1
REACTOME_ECM_PROTEOGLYCANS,embedding_31,11,-0.1347031837921478,0.6929320065852385,-0.39090909090909093,0.23454006709519432,Orthogonal,1
REACTOME_ELASTIC_FIBRE_FORMATION,embedding_0,10,-0.30041416379755803,0.3990090257327754,-0.18787878787878787,0.603217610029209,Orthogonal,2
REACTOME_ELASTIC_FIBRE_FORMATION,embedding_1,10,-0.2959377648208792,0.40641463506966535,-0.12727272727272726,0.7260570147627894,Orthogonal,2
REACTOME_ELASTIC_FIBRE_FORMATION,embedding_2,10,0.32793231926522237,0.3549416426086954,0.09090909090909088,0.8027717312071619,Orthogonal,2
REACTOME_ELASTIC_FIBRE_FORMATION,embedding_3,10,0.022339943725205633,0.951155754815257,-0.05454545454545454,0.8810361811618526,Orthogonal,2
REACTOME_ELASTIC_FIBRE_FORMATION,embedding_4,10,-0.11394070105589808,0.7539654116885299,-0.0303030303030303,0.9337729580941466,Orthogonal,2
REACTOME_ELASTIC_FIBRE_FORMATION,embedding_5,10,0.2607900107283422,0.4667632574856224,0.32121212121212117,0.3654683104386702,Orthogonal,2
REACTOME_ELASTIC_FIBRE_FORMATION,embedding_6,10,0.31706552033189955,0.3720401413896256,0.09090909090909088,0.8027717312071619,Orthogonal,2
REACTOME_ELASTIC_FIBRE_FORMATION,embedding_7,10,0.07765411856731763,0.8311522487139705,-0.1515151515151515,0.6760651759978538,Orthogonal,2
REACTOME_ELASTIC_FIBRE_FORMATION,embedding_8,10,-0.17548418436782645,0.627732741759639,-0.01818181818181818,0.9602404181286243,Orthogonal,2
REACTOME_ELASTIC_FIBRE_FORMATION,embedding_9,10,-0.28746775510295797,0.4206039371648983,-0.09090909090909088,0.8027717312071619,Orthogonal,2
REACTOME_ELASTIC_FIBRE_FORMATION,embedding_10,10,-0.11940599659312502,0.7424917758421995,-0.1515151515151515,0.6760651759978538,Orthogonal,2
REACTOME_ELASTIC_FIBRE_FORMATION,embedding_11,10,0.256647248723062,0.4741248514409938,-0.05454545454545454,0.8810361811618526,Orthogonal,2
REACTOME_ELASTIC_FIBRE_FORMATION,embedding_12,10,0.23074049810324673,0.521280795389156,0.16363636363636364,0.6514773427962428,Orthogonal,2
REACTOME_ELASTIC_FIBRE_FORMATION,embedding_13,10,-0.2227101198107647,0.5362749384328203,-0.18787878787878787,0.603217610029209,Orthogonal,2
REACTOME_ELASTIC_FIBRE_FORMATION,embedding_14,10,-0.45138383398117876,0.19037752566574187,-0.35757575757575755,0.3103760917056799,Orthogonal,2
REACTOME_ELASTIC_FIBRE_FORMATION,embedding_15,10,0.25798774160430665,0.4717372772236468,0.04242424242424241,0.907363817812816,Orthogonal,2
REACTOME_ELASTIC_FIBRE_FORMATION,embedding_16,10,0.02445701785465513,0.9465322625925394,0.12727272727272726,0.7260570147627894,Orthogonal,2
REACTOME_ELASTIC_FIBRE_FORMATION,embedding_17,10,0.09759316704436968,0.7885366763445406,0.12727272727272726,0.7260570147627894,Orthogonal,2
REACTOME_ELASTIC_FIBRE_FORMATION,embedding_18,10,0.43361459007196784,0.21059370629217886,0.01818181818181818,0.9602404181286243,Orthogonal,2
REACTOME_ELASTIC_FIBRE_FORMATION,embedding_19,10,-0.281317350192006,0.431050339913703,-0.2727272727272727,0.44583834154275137,Orthogonal,2
REACTOME_ELASTIC_FIBRE_FORMATION,embedding_20,10,-0.24057078139012436,0.503164676481956,-0.2121212121212121,0.5563057751029299,Orthogonal,2
REACTOME_ELASTIC_FIBRE_FORMATION,embedding_21,10,0.4193039791684108,0.22773620498970484,0.3696969696969697,0.2930500752928223,Orthogonal,2
REACTOME_ELASTIC_FIBRE_FORMATION,embedding_22,10,-0.13479579963674573,0.7104337163556063,-0.04242424242424241,0.907363817812816,Orthogonal,2
REACTOME_ELASTIC_FIBRE_FORMATION,embedding_23,10,-0.1483364215820968,0.6825601981978837,-0.04242424242424241,0.907363817812816,Orthogonal,2
REACTOME_ELASTIC_FIBRE_FORMATION,embedding_24,10,0.37381999146115846,0.2872774178457612,0.01818181818181818,0.9602404181286243,Orthogonal,2
REACTOME_ELASTIC_FIBRE_FORMATION,embedding_25,10,-0.009654139945036076,0.9788835370490137,-0.006060606060606061,0.9867429111949892,Orthogonal,2
REACTOME_ELASTIC_FIBRE_FORMATION,embedding_26,10,-0.16005241042970983,0.6587171496533788,-0.2121212121212121,0.5563057751029299,Orthogonal,2
REACTOME_ELASTIC_FIBRE_FORMATION,embedding_27,10,-0.05497499042071415,0.8801049989276772,-0.11515151515151514,0.7514196523258483,Orthogonal,2
REACTOME_ELASTIC_FIBRE_FORMATION,embedding_28,10,-0.06486849761576335,0.858695758887003,-0.12727272727272726,0.7260570147627894,Orthogonal,2
REACTOME_ELASTIC_FIBRE_FORMATION,embedding_29,10,0.3068497711731225,0.3884768973444768,0.3696969696969697,0.2930500752928223,Orthogonal,2
REACTOME_ELASTIC_FIBRE_FORMATION,embedding_30,10,-0.43455796289346804,0.2094906239561181,-0.09090909090909088,0.8027717312071619,Orthogonal,2
REACTOME_ELASTIC_FIBRE_FORMATION,embedding_31,10,0.10023615294861225,0.7829232006500615,0.05454545454545454,0.8810361811618526,Orthogonal,2
REACTOME_NON_INTEGRIN_MEMBRANE_ECM_INTERACTIONS,embedding_0,10,-0.8231671194082043,0.0034353231646858944,-0.6727272727272726,0.0330412225454377,Orthogonal,2
REACTOME_NON_INTEGRIN_MEMBRANE_ECM_INTERACTIONS,embedding_1,10,-0.5516557680365031,0.09829757885916349,-0.12727272727272726,0.7260570147627894,Orthogonal,2
REACTOME_NON_INTEGRIN_MEMBRANE_ECM_INTERACTIONS,embedding_2,10,0.7118494069806329,0.020933010484669876,0.32121212121212117,0.3654683104386702,Orthogonal,2
REACTOME_NON_INTEGRIN_MEMBRANE_ECM_INTERACTIONS,embedding_3,10,-0.3818086611265613,0.27626831484412284,-0.5757575757575757,0.08155281477260236,Orthogonal,2
REACTOME_NON_INTEGRIN_MEMBRANE_ECM_INTERACTIONS,embedding_4,10,0.5124884788062489,0.12987528348354802,0.35757575757575755,0.3103760917056799,Orthogonal,2
REACTOME_NON_INTEGRIN_MEMBRANE_ECM_INTERACTIONS,embedding_5,10,-0.008764478318205107,0.9808291763517013,-0.28484848484848485,0.42503815489214547,Orthogonal,2
REACTOME_NON_INTEGRIN_MEMBRANE_ECM_INTERACTIONS,embedding_6,10,0.7106891731427483,0.021239156429356598,0.3696969696969697,0.2930500752928223,Orthogonal,2
REACTOME_NON_INTEGRIN_MEMBRANE_ECM_INTERACTIONS,embedding_7,10,-0.32633325829750487,0.3574324730051594,-0.6242424242424242,0.053717767217167395,Orthogonal,2
REACTOME_NON_INTEGRIN_MEMBRANE_ECM_INTERACTIONS,embedding_8,10,-0.04417120364119381,0.9035637950575934,0.35757575757575755,0.3103760917056799,Orthogonal,2
REACTOME_NON_INTEGRIN_MEMBRANE_ECM_INTERACTIONS,embedding_9,10,-0.21305335687173113,0.5545308597738003,0.309090909090909,0.3848412302612835,Orthogonal,2
REACTOME_NON_INTEGRIN_MEMBRANE_ECM_INTERACTIONS,embedding_10,10,-0.6252568530854016,0.05321485447301376,-0.7939393939393938,0.0060999233136969115,Orthogonal,2
REACTOME_NON_INTEGRIN_MEMBRANE_ECM_INTERACTIONS,embedding_11,10,0.3554135898204797,0.31352201349522346,-0.24848484848484845,0.48877630451924314,Orthogonal,2
REACTOME_NON_INTEGRIN_MEMBRANE_ECM_INTERACTIONS,embedding_12,10,0.759641598627601,0.010797728485152485,0.6969696969696969,0.02509667588225183,Orthogonal,2
REACTOME_NON_INTEGRIN_MEMBRANE_ECM_INTERACTIONS,embedding_13,10,-0.8017818025658284,0.005276299580915638,-0.6727272727272726,0.0330412225454377,Orthogonal,2
REACTOME_NON_INTEGRIN_MEMBRANE_ECM_INTERACTIONS,embedding_14,10,-0.08504106621254544,0.8153121864926147,-0.07878787878787878,0.8287173946974606,Orthogonal,2
REACTOME_NON_INTEGRIN_MEMBRANE_ECM_INTERACTIONS,embedding_15,10,0.5229688533519021,0.12088467276267448,0.006060606060606061,0.9867429111949892,Orthogonal,2
REACTOME_NON_INTEGRIN_MEMBRANE_ECM_INTERACTIONS,embedding_16,10,-0.2129120905504891,0.5547997056252898,-0.41818181818181815,0.22911284098281892,Orthogonal,2
REACTOME_NON_INTEGRIN_MEMBRANE_ECM_INTERACTIONS,embedding_17,10,-0.3936578912048691,0.260369200703931,-0.4787878787878787,0.1615229280174558,Orthogonal,2
REACTOME_NON_INTEGRIN_MEMBRANE_ECM_INTERACTIONS,embedding_18,10,0.8176297224974132,0.0038587293284922347,0.5515151515151515,0.09840117666963498,Orthogonal,2
REACTOME_NON_INTEGRIN_MEMBRANE_ECM_INTERACTIONS,embedding_19,10,-0.8087860804134981,0.004610643434355014,-0.8060606060606059,0.004862061101964606,Orthogonal,2
REACTOME_NON_INTEGRIN_MEMBRANE_ECM_INTERACTIONS,embedding_20,10,-0.8213684240632826,0.003568997731336178,-0.8181818181818182,0.0038149200825507135,Orthogonal,2
REACTOME_NON_INTEGRIN_MEMBRANE_ECM_INTERACTIONS,embedding_21,10,0.8094956410567584,0.004546744347289003,0.9151515151515152,0.0002044724061488323,Orthogonal,2
REACTOME_NON_INTEGRIN_MEMBRANE_ECM_INTERACTIONS,embedding_22,10,-0.6879834369816262,0.02786855896586394,-0.5636363636363636,0.08972402831709125,Orthogonal,2
REACTOME_NON_INTEGRIN_MEMBRANE_ECM_INTERACTIONS,embedding_23,10,-0.025626653963209525,0.9439784948641338,0.34545454545454546,0.32822651147136733,Orthogonal,2
REACTOME_NON_INTEGRIN_MEMBRANE_ECM_INTERACTIONS,embedding_24,10,0.4863884840041299,0.15401761819273943,-0.2121212121212121,0.5563057751029299,Orthogonal,2
REACTOME_NON_INTEGRIN_MEMBRANE_ECM_INTERACTIONS,embedding_25,10,0.33994787273372007,0.3365071194147529,0.5878787878787878,0.07387770688865801,Orthogonal,2
REACTOME_NON_INTEGRIN_MEMBRANE_ECM_INTERACTIONS,embedding_26,10,-0.5600268301069313,0.09225464678539148,-0.7818181818181817,0.007547007781067878,Orthogonal,2
REACTOME_NON_INTEGRIN_MEMBRANE_ECM_INTERACTIONS,embedding_27,10,-0.36352077811446964,0.3018123253073291,-0.5636363636363636,0.08972402831709125,Orthogonal,2
REACTOME_NON_INTEGRIN_MEMBRANE_ECM_INTERACTIONS,embedding_28,10,0.14342581896568563,0.6926307685417115,0.41818181818181815,0.22911284098281892,Orthogonal,2
REACTOME_NON_INTEGRIN_MEMBRANE_ECM_INTERACTIONS,embedding_29,10,0.8106515237904425,0.004444011468607827,0.8181818181818182,0.0038149200825507135,Orthogonal,2
REACTOME_NON_INTEGRIN_MEMBRANE_ECM_INTERACTIONS,embedding_30,10,-0.5624976083280028,0.0905175448972641,0.24848484848484845,0.48877630451924314,Orthogonal,2
REACTOME_NON_INTEGRIN_MEMBRANE_ECM_INTERACTIONS,embedding_31,10,0.07806752189229585,0.830264276266951,-0.33333333333333326,0.34659350708733405,Orthogonal,2
REACTOME_COLLAGEN_FORMATION,embedding_0,10,0.19979533594379678,0.5799801492803789,0.05454545454545454,0.8810361811618526,Orthogonal,2
REACTOME_COLLAGEN_FORMATION,embedding_1,10,0.04209431215243437,0.9080816805074348,0.006060606060606061,0.9867429111949892,Orthogonal,2
REACTOME_COLLAGEN_FORMATION,embedding_2,10,-0.13258130674908664,0.7150227928010584,-0.07878787878787878,0.8287173946974606,Orthogonal,2
REACTOME_COLLAGEN_FORMATION,embedding_3,10,0.2787914531151598,0.43537495581363184,0.18787878787878787,0.603217610029209,Orthogonal,2
REACTOME_COLLAGEN_FORMATION,embedding_4,10,-0.5085395606039977,0.13336686505003253,-0.5272727272727272,0.11730806555020223,Orthogonal,2
REACTOME_COLLAGEN_FORMATION,embedding_5,10,0.26220430635814634,0.4642617406032151,0.35757575757575755,0.3103760917056799,Orthogonal,2
REACTOME_COLLAGEN_FORMATION,embedding_6,10,-0.12637158921118188,0.7279346601117545,-0.04242424242424241,0.907363817812816,Orthogonal,2
REACTOME_COLLAGEN_FORMATION,embedding_7,10,0.26034858651434384,0.46754523958346406,0.24848484848484845,0.48877630451924314,Orthogonal,2
REACTOME_COLLAGEN_FORMATION,embedding_8,10,-0.14589684097875777,0.687557715398916,-0.09090909090909088,0.8027717312071619,Orthogonal,2
REACTOME_COLLAGEN_FORMATION,embedding_9,10,-0.14935411057068518,0.6804787135767513,-0.23636363636363633,0.5108853175152002,Orthogonal,2
REACTOME_COLLAGEN_FORMATION,embedding_10,10,0.2670523646473327,0.4557322444638223,0.22424242424242422,0.5334005612725947,Orthogonal,2
REACTOME_COLLAGEN_FORMATION,embedding_11,10,0.04635601500078511,0.89881384095271,-0.11515151515151514,0.7514196523258483,Orthogonal,2
REACTOME_COLLAGEN_FORMATION,embedding_12,10,-0.2448884035386107,0.4952928781316524,-0.13939393939393938,0.7009318849100584,Orthogonal,2
REACTOME_COLLAGEN_FORMATION,embedding_13,10,0.2899006110154218,0.4165048146768958,0.05454545454545454,0.8810361811618526,Orthogonal,2
REACTOME_COLLAGEN_FORMATION,embedding_14,10,-0.4171105102444702,0.23043148243376224,-0.29696969696969694,0.4047016712701569,Orthogonal,2
REACTOME_COLLAGEN_FORMATION,embedding_15,10,-0.06774041891617003,0.8524959365677911,0.04242424242424241,0.907363817812816,Orthogonal,2
REACTOME_COLLAGEN_FORMATION,embedding_16,10,0.15557750068443718,0.6677926458735555,0.23636363636363633,0.5108853175152002,Orthogonal,2
REACTOME_COLLAGEN_FORMATION,embedding_17,10,0.36314703830354095,0.3023469626466428,0.34545454545454546,0.32822651147136733,Orthogonal,2
REACTOME_COLLAGEN_FORMATION,embedding_18,10,-0.05545707739089113,0.8790600498716095,-0.13939393939393938,0.7009318849100584,Orthogonal,2
REACTOME_COLLAGEN_FORMATION,embedding_19,10,0.21035141451223016,0.559681746426339,0.04242424242424241,0.907363817812816,Orthogonal,2
REACTOME_COLLAGEN_FORMATION,embedding_20,10,0.23179999386591787,0.5193154973843607,0.05454545454545454,0.8810361811618526,Orthogonal,2
REACTOME_COLLAGEN_FORMATION,embedding_21,10,-0.054425292638032606,0.881296701305268,-0.24848484848484845,0.48877630451924314,Orthogonal,2
REACTOME_COLLAGEN_FORMATION,embedding_22,10,0.281363427230538,0.43097163608115985,0.19999999999999998,0.5795840000000001,Orthogonal,2
REACTOME_COLLAGEN_FORMATION,embedding_23,10,-0.12613245396205436,0.7284331506908991,-0.22424242424242422,0.5334005612725947,Orthogonal,2
REACTOME_COLLAGEN_FORMATION,embedding_24,10,0.1006932952553101,0.7819531767620663,0.0303030303030303,0.9337729580941466,Orthogonal,2
REACTOME_COLLAGEN_FORMATION,embedding_25,10,-0.21863050762152347,0.5439578217854444,-0.19999999999999998,0.5795840000000001,Orthogonal,2
REACTOME_COLLAGEN_FORMATION,embedding_26,10,0.1744367296337349,0.6298200051851356,0.1515151515151515,0.6760651759978538,Orthogonal,2
REACTOME_COLLAGEN_FORMATION,embedding_27,10,0.13166109059127806,0.7169321792606633,0.09090909090909088,0.8027717312071619,Orthogonal,2
REACTOME_COLLAGEN_FORMATION,embedding_28,10,-0.15523530581076078,0.6684882613132479,-0.23636363636363633,0.5108853175152002,Orthogonal,2
REACTOME_COLLAGEN_FORMATION,embedding_29,10,-0.20718816276213925,0.5657354376447288,-0.1515151515151515,0.6760651759978538,Orthogonal,2
REACTOME_COLLAGEN_FORMATION,embedding_30,10,-0.1017907614057893,0.7796255375308618,-0.3696969696969697,0.2930500752928223,Orthogonal,2
REACTOME_COLLAGEN_FORMATION,embedding_31,10,0.047307414874712024,0.8967463176215604,0.13939393939393938,0.7009318849100584,Orthogonal,2
REACTOME_COLLAGEN_DEGRADATION,embedding_0,10,0.38417254283790514,0.2730553453351146,0.4787878787878787,0.1615229280174558,Orthogonal,2
REACTOME_COLLAGEN_DEGRADATION,embedding_1,10,0.1545265900566643,0.6699296643274191,0.28484848484848485,0.42503815489214547,Orthogonal,2
REACTOME_COLLAGEN_DEGRADATION,embedding_2,10,-0.3041564226480392,0.39286811299839475,-0.406060606060606,0.24428229408662638,Orthogonal,2
REACTOME_COLLAGEN_DEGRADATION,embedding_3,10,0.35295860155782993,0.31711416286284505,0.4545454545454545,0.186904810349332,Orthogonal,2
REACTOME_COLLAGEN_DEGRADATION,embedding_4,10,-0.358214523406763,0.3094498884784188,-0.35757575757575755,0.3103760917056799,Orthogonal,2
REACTOME_COLLAGEN_DEGRADATION,embedding_5,10,0.19994025760265952,0.5796996273630076,0.22424242424242422,0.5334005612725947,Orthogonal,2
REACTOME_COLLAGEN_DEGRADATION,embedding_6,10,-0.28725750428069546,0.4209590727845569,-0.33333333333333326,0.34659350708733405,Orthogonal,2
REACTOME_COLLAGEN_DEGRADATION,embedding_7,10,0.2713478033927079,0.44823434090775527,0.4787878787878787,0.1615229280174558,Orthogonal,2
REACTOME_COLLAGEN_DEGRADATION,embedding_8,10,-0.0987600982106066,0.7860571187227168,-0.2606060606060606,0.4670890543863402,Orthogonal,2
REACTOME_COLLAGEN_DEGRADATION,embedding_9,10,-0.021589847751407775,0.9527942157782427,-0.16363636363636364,0.6514773427962428,Orthogonal,2
REACTOME_COLLAGEN_DEGRADATION,embedding_10,10,0.3762304169905638,0.28393114759009563,0.5151515151515151,0.12755286970323426,Orthogonal,2
REACTOME_COLLAGEN_DEGRADATION,embedding_11,10,-0.011210159021227878,0.9754808585592067,-0.04242424242424241,0.907363817812816,Orthogonal,2
REACTOME_COLLAGEN_DEGRADATION,embedding_12,10,-0.3946114074286186,0.2591122488901655,-0.5878787878787878,0.07387770688865801,Orthogonal,2
REACTOME_COLLAGEN_DEGRADATION,embedding_13,10,0.4629857576897491,0.17781783263992637,0.4787878787878787,0.1615229280174558,Orthogonal,2
REACTOME_COLLAGEN_DEGRADATION,embedding_14,10,-0.240107134743798,0.5040131062241753,-0.10303030303030303,0.7769984634438898,Orthogonal,2
REACTOME_COLLAGEN_DEGRADATION,embedding_15,10,-0.21686234135556648,0.5473011894420012,-0.28484848484848485,0.42503815489214547,Orthogonal,2
REACTOME_COLLAGEN_DEGRADATION,embedding_16,10,0.28278889775630045,0.42854008865853754,0.3939393939393939,0.25999776683488757,Orthogonal,2
REACTOME_COLLAGEN_DEGRADATION,embedding_17,10,0.35379241165078906,0.31589172564715856,0.2727272727272727,0.44583834154275137,Orthogonal,2
REACTOME_COLLAGEN_DEGRADATION,embedding_18,10,-0.2637826773473818,0.46147706728150095,-0.5272727272727272,0.11730806555020223,Orthogonal,2
REACTOME_COLLAGEN_DEGRADATION,embedding_19,10,0.35413278192315173,0.3153934236044481,0.4787878787878787,0.1615229280174558,Orthogonal,2
REACTOME_COLLAGEN_DEGRADATION,embedding_20,10,0.44610180451311227,0.19626305572632868,0.49090909090909085,0.14965567342083677,Orthogonal,2
REACTOME_COLLAGEN_DEGRADATION,embedding_21,10,-0.11227626397341603,0.7574684036148744,-0.23636363636363633,0.5108853175152002,Orthogonal,2
REACTOME_COLLAGEN_DEGRADATION,embedding_22,10,0.4046130385814567,0.24613046120879284,0.5393939393939393,0.1075931877824148,Orthogonal,2
REACTOME_COLLAGEN_DEGRADATION,embedding_23,10,-0.07581102093469017,0.83511322404122,-0.19999999999999998,0.5795840000000001,Orthogonal,2
REACTOME_COLLAGEN_DEGRADATION,embedding_24,10,-0.06522596978852296,0.8579236724794032,-0.09090909090909088,0.8027717312071619,Orthogonal,2
REACTOME_COLLAGEN_DEGRADATION,embedding_25,10,-0.3000324001238921,0.39963806091264376,-0.4666666666666666,0.17393859716506632,Orthogonal,2
REACTOME_COLLAGEN_DEGRADATION,embedding_26,10,0.21418011371480924,0.5523883362123776,0.309090909090909,0.3848412302612835,Orthogonal,2
REACTOME_COLLAGEN_DEGRADATION,embedding_27,10,0.20615207278800252,0.5677236947626367,0.32121212121212117,0.3654683104386702,Orthogonal,2
REACTOME_COLLAGEN_DEGRADATION,embedding_28,10,-0.19595336150389123,0.5874353981699967,-0.3939393939393939,0.25999776683488757,Orthogonal,2
REACTOME_COLLAGEN_DEGRADATION,embedding_29,10,-0.46316320986128234,0.17762965378602774,-0.5757575757575757,0.08155281477260236,Orthogonal,2
REACTOME_COLLAGEN_DEGRADATION,embedding_30,10,0.12071376824324179,0.7397529596673444,0.04242424242424241,0.907363817812816,Orthogonal,2
REACTOME_COLLAGEN_DEGRADATION,embedding_31,10,0.00445531650424703,0.9902541886013427,0.06666666666666665,0.8548130882487426,Orthogonal,2
REACTOME_DEGRADATION_OF_THE_EXTRACELLULAR_MATRIX,embedding_0,10,0.15932792340446916,0.6601837874821663,0.16363636363636364,0.6514773427962428,Orthogonal,2
REACTOME_DEGRADATION_OF_THE_EXTRACELLULAR_MATRIX,embedding_1,10,-0.01264772349896125,0.9723375301536463,0.10303030303030303,0.7769984634438898,Orthogonal,2
REACTOME_DEGRADATION_OF_THE_EXTRACELLULAR_MATRIX,embedding_2,10,-0.08157694414362386,0.8227332462502306,-0.07878787878787878,0.8287173946974606,Orthogonal,2
REACTOME_DEGRADATION_OF_THE_EXTRACELLULAR_MATRIX,embedding_3,10,0.2717057713774195,0.4476120269531094,0.3696969696969697,0.2930500752928223,Orthogonal,2
REACTOME_DEGRADATION_OF_THE_EXTRACELLULAR_MATRIX,embedding_4,10,-0.20689445176995863,0.5662987980827655,-0.0303030303030303,0.9337729580941466,Orthogonal,2
REACTOME_DEGRADATION_OF_THE_EXTRACELLULAR_MATRIX,embedding_5,10,0.2880068955498742,0.41969391417368335,0.35757575757575755,0.3103760917056799,Orthogonal,2
REACTOME_DEGRADATION_OF_THE_EXTRACELLULAR_MATRIX,embedding_6,10,-0.10261157164607104,0.7778856929042492,-0.06666666666666665,0.8548130882487426,Orthogonal,2
REACTOME_DEGRADATION_OF_THE_EXTRACELLULAR_MATRIX,embedding_7,10,0.26207233561659515,0.4644949099432539,0.3939393939393939,0.25999776683488757,Orthogonal,2
REACTOME_DEGRADATION_OF_THE_EXTRACELLULAR_MATRIX,embedding_8,10,-0.1332133387957431,0.7137121922296794,-0.23636363636363633,0.5108853175152002,Orthogonal,2
REACTOME_DEGRADATION_OF_THE_EXTRACELLULAR_MATRIX,embedding_9,10,-0.09223324865173453,0.7999473943295823,-0.2121212121212121,0.5563057751029299,Orthogonal,2
REACTOME_DEGRADATION_OF_THE_EXTRACELLULAR_MATRIX,embedding_10,10,0.2692324406414807,0.4519198033879629,0.309090909090909,0.3848412302612835,Orthogonal,2
REACTOME_DEGRADATION_OF_THE_EXTRACELLULAR_MATRIX,embedding_11,10,0.047846101701809605,0.8955759241139044,-0.07878787878787878,0.8287173946974606,Orthogonal,2
REACTOME_DEGRADATION_OF_THE_EXTRACELLULAR_MATRIX,embedding_12,10,-0.22055803050590633,0.5403224005359332,-0.309090909090909,0.3848412302612835,Orthogonal,2
REACTOME_DEGRADATION_OF_THE_EXTRACELLULAR_MATRIX,embedding_13,10,0.25426617082686737,0.4783788396252974,0.16363636363636364,0.6514773427962428,Orthogonal,2
REACTOME_DEGRADATION_OF_THE_EXTRACELLULAR_MATRIX,embedding_14,10,-0.25181459588210586,0.482776070833198,-0.09090909090909088,0.8027717312071619,Orthogonal,2
REACTOME_DEGRADATION_OF_THE_EXTRACELLULAR_MATRIX,embedding_15,10,-0.09341194187594733,0.7974350776977546,-0.22424242424242422,0.5334005612725947,Orthogonal,2
REACTOME_DEGRADATION_OF_THE_EXTRACELLULAR_MATRIX,embedding_16,10,0.3216023273842011,0.36485287866794386,0.43030303030303024,0.21449233253280775,Orthogonal,2
REACTOME_DEGRADATION_OF_THE_EXTRACELLULAR_MATRIX,embedding_17,10,0.28037164220836547,0.4326671637106409,0.28484848484848485,0.42503815489214547,Orthogonal,2
REACTOME_DEGRADATION_OF_THE_EXTRACELLULAR_MATRIX,embedding_18,10,-0.07932255433036194,0.8275695843579746,-0.24848484848484845,0.48877630451924314,Orthogonal,2
REACTOME_DEGRADATION_OF_THE_EXTRACELLULAR_MATRIX,embedding_19,10,0.16841846372942987,0.6418579852390793,0.12727272727272726,0.7260570147627894,Orthogonal,2
REACTOME_DEGRADATION_OF_THE_EXTRACELLULAR_MATRIX,embedding_20,10,0.2728703969214459,0.44559008304677183,0.16363636363636364,0.6514773427962428,Orthogonal,2
REACTOME_DEGRADATION_OF_THE_EXTRACELLULAR_MATRIX,embedding_21,10,0.09467024711195288,0.7947549203008566,0.19999999999999998,0.5795840000000001,Orthogonal,2
REACTOME_DEGRADATION_OF_THE_EXTRACELLULAR_MATRIX,embedding_22,10,0.28396915659222305,0.42653165000429927,0.3696969696969697,0.2930500752928223,Orthogonal,2
REACTOME_DEGRADATION_OF_THE_EXTRACELLULAR_MATRIX,embedding_23,10,-0.10393674086337969,0.775078652843447,-0.17575757575757575,0.6271883447764844,Orthogonal,2
REACTOME_DEGRADATION_OF_THE_EXTRACELLULAR_MATRIX,embedding_24,10,-0.026532142712381367,0.9420017774273555,-0.2121212121212121,0.5563057751029299,Orthogonal,2
REACTOME_DEGRADATION_OF_THE_EXTRACELLULAR_MATRIX,embedding_25,10,-0.2682658008254058,0.4536084513995754,-0.406060606060606,0.24428229408662638,Orthogonal,2
REACTOME_DEGRADATION_OF_THE_EXTRACELLULAR_MATRIX,embedding_26,10,0.09749149025634382,0.7887528059385864,0.09090909090909088,0.8027717312071619,Orthogonal,2
REACTOME_DEGRADATION_OF_THE_EXTRACELLULAR_MATRIX,embedding_27,10,0.1393215133404912,0.7010812644818085,0.19999999999999998,0.5795840000000001,Orthogonal,2
REACTOME_DEGRADATION_OF_THE_EXTRACELLULAR_MATRIX,embedding_28,10,-0.2089892789822178,0.5622854656294964,-0.43030303030303024,0.21449233253280775,Orthogonal,2
REACTOME_DEGRADATION_OF_THE_EXTRACELLULAR_MATRIX,embedding_29,10,-0.3281365966835467,0.35462407407748603,-0.309090909090909,0.3848412302612835,Orthogonal,2
REACTOME_DEGRADATION_OF_THE_EXTRACELLULAR_MATRIX,embedding_30,10,0.004520458765897536,0.9901116985142167,0.07878787878787878,0.8287173946974606,Orthogonal,2
REACTOME_DEGRADATION_OF_THE_EXTRACELLULAR_MATRIX,embedding_31,10,0.07248967465376625,0.8422594651460419,0.13939393939393938,0.7009318849100584,Orthogonal,2
REACTOME_INTEGRIN_CELL_SURFACE_INTERACTIONS,embedding_0,10,-0.1777783603265048,0.6231694468479501,-0.05454545454545454,0.8810361811618526,Orthogonal,2
REACTOME_INTEGRIN_CELL_SURFACE_INTERACTIONS,embedding_1,10,-0.13021389205944184,0.7199378735677318,0.19999999999999998,0.5795840000000001,Orthogonal,2
REACTOME_INTEGRIN_CELL_SURFACE_INTERACTIONS,embedding_2,10,0.15754815997888552,0.6637911246952928,-0.16363636363636364,0.6514773427962428,Orthogonal,2
REACTOME_INTEGRIN_CELL_SURFACE_INTERACTIONS,embedding_3,10,-0.0388697978883738,0.9151006657313417,-0.13939393939393938,0.7009318849100584,Orthogonal,2
REACTOME_INTEGRIN_CELL_SURFACE_INTERACTIONS,embedding_4,10,-0.02109071975516768,0.9538845671809613,-0.11515151515151514,0.7514196523258483,Orthogonal,2
REACTOME_INTEGRIN_CELL_SURFACE_INTERACTIONS,embedding_5,10,0.09397646986794841,0.7962324103704239,0.11515151515151514,0.7514196523258483,Orthogonal,2
REACTOME_INTEGRIN_CELL_SURFACE_INTERACTIONS,embedding_6,10,0.15432505730033766,0.6703397238815654,-0.1515151515151515,0.6760651759978538,Orthogonal,2
REACTOME_INTEGRIN_CELL_SURFACE_INTERACTIONS,embedding_7,10,-0.001987703488753656,0.9956519157975078,-0.12727272727272726,0.7260570147627894,Orthogonal,2
REACTOME_INTEGRIN_CELL_SURFACE_INTERACTIONS,embedding_8,10,-0.02060817441202896,0.9549387590917087,0.10303030303030303,0.7769984634438898,Orthogonal,2
REACTOME_INTEGRIN_CELL_SURFACE_INTERACTIONS,embedding_9,10,-0.10823773649141935,0.7659843653158298,0.0303030303030303,0.9337729580941466,Orthogonal,2
REACTOME_INTEGRIN_CELL_SURFACE_INTERACTIONS,embedding_10,10,-0.14929486269598774,0.6805998404793423,-0.2121212121212121,0.5563057751029299,Orthogonal,2
REACTOME_INTEGRIN_CELL_SURFACE_INTERACTIONS,embedding_11,10,0.11228772747317795,0.7574442637355525,-0.19999999999999998,0.5795840000000001,Orthogonal,2
REACTOME_INTEGRIN_CELL_SURFACE_INTERACTIONS,embedding_12,10,0.17642080067980337,0.6258683560120617,0.09090909090909088,0.8027717312071619,Orthogonal,2
REACTOME_INTEGRIN_CELL_SURFACE_INTERACTIONS,embedding_13,10,-0.11945478815066811,0.7423895466096173,-0.05454545454545454,0.8810361811618526,Orthogonal,2
REACTOME_INTEGRIN_CELL_SURFACE_INTERACTIONS,embedding_14,10,-0.37676613817863724,0.28319030342927537,-0.49090909090909085,0.14965567342083677,Orthogonal,2
REACTOME_INTEGRIN_CELL_SURFACE_INTERACTIONS,embedding_15,10,0.06752198293101712,0.8529672384883755,-0.2727272727272727,0.44583834154275137,Orthogonal,2
REACTOME_INTEGRIN_CELL_SURFACE_INTERACTIONS,embedding_16,10,-0.008848944373799392,0.9806444498432331,0.006060606060606061,0.9867429111949892,Orthogonal,2
REACTOME_INTEGRIN_CELL_SURFACE_INTERACTIONS,embedding_17,10,-0.037838577473907876,0.9173465193131536,-0.10303030303030303,0.7769984634438898,Orthogonal,2
REACTOME_INTEGRIN_CELL_SURFACE_INTERACTIONS,embedding_18,10,0.27705157834681604,0.43836537158856737,-0.09090909090909088,0.8027717312071619,Orthogonal,2
REACTOME_INTEGRIN_CELL_SURFACE_INTERACTIONS,embedding_19,10,-0.25093271555341745,0.4843621103090644,-0.28484848484848485,0.42503815489214547,Orthogonal,2
REACTOME_INTEGRIN_CELL_SURFACE_INTERACTIONS,embedding_20,10,-0.17749578323399862,0.6237308954245655,-0.22424242424242422,0.5334005612725947,Orthogonal,2
REACTOME_INTEGRIN_CELL_SURFACE_INTERACTIONS,embedding_21,10,0.5101702691928093,0.1319180896772727,0.5151515151515151,0.12755286970323426,Orthogonal,2
REACTOME_INTEGRIN_CELL_SURFACE_INTERACTIONS,embedding_22,10,-0.09008997641726782,0.8045198777314575,0.09090909090909088,0.8027717312071619,Orthogonal,2
REACTOME_INTEGRIN_CELL_SURFACE_INTERACTIONS,embedding_23,10,-0.014782360291117819,0.9676706520307956,0.05454545454545454,0.8810361811618526,Orthogonal,2
REACTOME_INTEGRIN_CELL_SURFACE_INTERACTIONS,embedding_24,10,0.15595644006900916,0.6670226016843824,-0.34545454545454546,0.32822651147136733,Orthogonal,2
REACTOME_INTEGRIN_CELL_SURFACE_INTERACTIONS,embedding_25,10,0.045797481951947994,0.9000278665807964,0.07878787878787878,0.8287173946974606,Orthogonal,2
REACTOME_INTEGRIN_CELL_SURFACE_INTERACTIONS,embedding_26,10,-0.20668769983908175,0.5666954930372057,-0.33333333333333326,0.34659350708733405,Orthogonal,2
REACTOME_INTEGRIN_CELL_SURFACE_INTERACTIONS,embedding_27,10,-0.1317389345905674,0.7167706033741544,-0.2606060606060606,0.4670890543863402,Orthogonal,2
REACTOME_INTEGRIN_CELL_SURFACE_INTERACTIONS,embedding_28,10,0.04392355398726026,0.9041023816125864,-0.006060606060606061,0.9867429111949892,Orthogonal,2
REACTOME_INTEGRIN_CELL_SURFACE_INTERACTIONS,embedding_29,10,0.19433238475639497,0.5905914233336649,0.2727272727272727,0.44583834154275137,Orthogonal,2
REACTOME_INTEGRIN_CELL_SURFACE_INTERACTIONS,embedding_30,10,-0.23089634671657072,0.5209915146036519,0.16363636363636364,0.6514773427962428,Orthogonal,2
REACTOME_INTEGRIN_CELL_SURFACE_INTERACTIONS,embedding_31,10,-0.04823490428060623,0.8947312935448601,-0.07878787878787878,0.8287173946974606,Orthogonal,2
REACTOME_EXTRACELLULAR_MATRIX_ORGANIZATION,embedding_0,10,-0.3029763095494221,0.39479968207543165,-0.17575757575757575,0.6271883447764844,Orthogonal,2
REACTOME_EXTRACELLULAR_MATRIX_ORGANIZATION,embedding_1,10,-0.2959681763865493,0.40636410387374794,0.0303030303030303,0.9337729580941466,Orthogonal,2
REACTOME_EXTRACELLULAR_MATRIX_ORGANIZATION,embedding_2,10,0.3019918139185832,0.39641456649914936,0.05454545454545454,0.8810361811618526,Orthogonal,2
REACTOME_EXTRACELLULAR_MATRIX_ORGANIZATION,embedding_3,10,0.005393660714776233,0.9882017104212582,-0.10303030303030303,0.7769984634438898,Orthogonal,2
REACTOME_EXTRACELLULAR_MATRIX_ORGANIZATION,embedding_4,10,0.07041059880545134,0.8467381398316746,0.16363636363636364,0.6514773427962428,Orthogonal,2
REACTOME_EXTRACELLULAR_MATRIX_ORGANIZATION,embedding_5,10,0.21431129506746596,0.5521391062890387,0.13939393939393938,0.7009318849100584,Orthogonal,2
REACTOME_EXTRACELLULAR_MATRIX_ORGANIZATION,embedding_6,10,0.3025385989329359,0.39551727387757296,0.06666666666666665,0.8548130882487426,Orthogonal,2
REACTOME_EXTRACELLULAR_MATRIX_ORGANIZATION,embedding_7,10,0.012476308648408624,0.9727123226489204,-0.12727272727272726,0.7260570147627894,Orthogonal,2
REACTOME_EXTRACELLULAR_MATRIX_ORGANIZATION,embedding_8,10,-0.12097178957429042,0.7392129053982998,0.10303030303030303,0.7769984634438898,Orthogonal,2
REACTOME_EXTRACELLULAR_MATRIX_ORGANIZATION,embedding_9,10,-0.18040632062535042,0.6179563887170227,0.07878787878787878,0.8287173946974606,Orthogonal,2
REACTOME_EXTRACELLULAR_MATRIX_ORGANIZATION,embedding_10,10,-0.12934504229435015,0.7217440562892282,-0.18787878787878787,0.603217610029209,Orthogonal,2
REACTOME_EXTRACELLULAR_MATRIX_ORGANIZATION,embedding_11,10,0.2491701361285032,0.4875387984720617,-0.12727272727272726,0.7260570147627894,Orthogonal,2
REACTOME_EXTRACELLULAR_MATRIX_ORGANIZATION,embedding_12,10,0.2416573199729276,0.5011787748864207,0.17575757575757575,0.6271883447764844,Orthogonal,2
REACTOME_EXTRACELLULAR_MATRIX_ORGANIZATION,embedding_13,10,-0.2199989513575081,0.5413758573609679,-0.17575757575757575,0.6271883447764844,Orthogonal,2
REACTOME_EXTRACELLULAR_MATRIX_ORGANIZATION,embedding_14,10,-0.2570128326254409,0.47347317921606885,-0.22424242424242422,0.5334005612725947,Orthogonal,2
REACTOME_EXTRACELLULAR_MATRIX_ORGANIZATION,embedding_15,10,0.2046823560445507,0.570548647104616,-0.19999999999999998,0.5795840000000001,Orthogonal,2
REACTOME_EXTRACELLULAR_MATRIX_ORGANIZATION,embedding_16,10,0.10709839371081033,0.7683910020575684,0.07878787878787878,0.8287173946974606,Orthogonal,2
REACTOME_EXTRACELLULAR_MATRIX_ORGANIZATION,embedding_17,10,0.03161849372857399,0.9309036502230894,-0.07878787878787878,0.8287173946974606,Orthogonal,2
REACTOME_EXTRACELLULAR_MATRIX_ORGANIZATION,embedding_18,10,0.3694722296975673,0.29336650370230133,0.0303030303030303,0.9337729580941466,Orthogonal,2
REACTOME_EXTRACELLULAR_MATRIX_ORGANIZATION,embedding_19,10,-0.307552519922468,0.38733507943519757,-0.33333333333333326,0.34659350708733405,Orthogonal,2
REACTOME_EXTRACELLULAR_MATRIX_ORGANIZATION,embedding_20,10,-0.2065189557931323,0.5670193410204756,-0.24848484848484845,0.48877630451924314,Orthogonal,2
REACTOME_EXTRACELLULAR_MATRIX_ORGANIZATION,embedding_21,10,0.46505810301692263,0.17562758080187812,0.6363636363636362,0.04791172612997547,Orthogonal,2
REACTOME_EXTRACELLULAR_MATRIX_ORGANIZATION,embedding_22,10,-0.15469287164205311,0.6695913895715775,-0.006060606060606061,0.9867429111949892,Orthogonal,2
REACTOME_EXTRACELLULAR_MATRIX_ORGANIZATION,embedding_23,10,-0.07318632754456333,0.8407596637009989,0.12727272727272726,0.7260570147627894,Orthogonal,2
REACTOME_EXTRACELLULAR_MATRIX_ORGANIZATION,embedding_24,10,0.28270210931319967,0.4286879488622556,-0.28484848484848485,0.42503815489214547,Orthogonal,2
REACTOME_EXTRACELLULAR_MATRIX_ORGANIZATION,embedding_25,10,-0.013416348736105393,0.970657019210025,0.01818181818181818,0.9602404181286243,Orthogonal,2
REACTOME_EXTRACELLULAR_MATRIX_ORGANIZATION,embedding_26,10,-0.24454489299882065,0.49591722990437315,-0.38181818181818183,0.27625533338543595,Orthogonal,2
REACTOME_EXTRACELLULAR_MATRIX_ORGANIZATION,embedding_27,10,-0.09417509860121193,0.7958093445367862,-0.23636363636363633,0.5108853175152002,Orthogonal,2
REACTOME_EXTRACELLULAR_MATRIX_ORGANIZATION,embedding_28,10,-0.08320328486337766,0.8192475862820372,-0.07878787878787878,0.8287173946974606,Orthogonal,2
REACTOME_EXTRACELLULAR_MATRIX_ORGANIZATION,embedding_29,10,0.18431861083103424,0.610224029798284,0.23636363636363633,0.5108853175152002,Orthogonal,2
REACTOME_EXTRACELLULAR_MATRIX_ORGANIZATION,embedding_30,10,-0.29373412711188857,0.41008409913767174,0.2727272727272727,0.44583834154275137,Orthogonal,2
REACTOME_EXTRACELLULAR_MATRIX_ORGANIZATION,embedding_31,10,0.08345520928732714,0.8187079018893526,-0.10303030303030303,0.7769984634438898,Orthogonal,2
REACTOME_ASSEMBLY_OF_COLLAGEN_FIBRILS_AND_OTHER_MULTIMERIC_STRUCTURES,embedding_0,10,0.2015207625477869,0.5766435803622477,0.28484848484848485,0.42503815489214547,Orthogonal,2
REACTOME_ASSEMBLY_OF_COLLAGEN_FIBRILS_AND_OTHER_MULTIMERIC_STRUCTURES,embedding_1,10,0.11086536362687813,0.760440918590556,0.3939393939393939,0.25999776683488757,Orthogonal,2
REACTOME_ASSEMBLY_OF_COLLAGEN_FIBRILS_AND_OTHER_MULTIMERIC_STRUCTURES,embedding_2,10,-0.18825089896012154,0.6024869672010945,-0.406060606060606,0.24428229408662638,Orthogonal,2
REACTOME_ASSEMBLY_OF_COLLAGEN_FIBRILS_AND_OTHER_MULTIMERIC_STRUCTURES,embedding_3,10,0.2022973193333535,0.5751442642670194,0.16363636363636364,0.6514773427962428,Orthogonal,2
REACTOME_ASSEMBLY_OF_COLLAGEN_FIBRILS_AND_OTHER_MULTIMERIC_STRUCTURES,embedding_4,10,-0.45537246281679933,0.1860026208564457,-0.49090909090909085,0.14965567342083677,Orthogonal,2
REACTOME_ASSEMBLY_OF_COLLAGEN_FIBRILS_AND_OTHER_MULTIMERIC_STRUCTURES,embedding_5,10,0.18932182280321816,0.600385978521013,0.2606060606060606,0.4670890543863402,Orthogonal,2
REACTOME_ASSEMBLY_OF_COLLAGEN_FIBRILS_AND_OTHER_MULTIMERIC_STRUCTURES,embedding_6,10,-0.1865638062339417,0.6058021280707981,-0.3939393939393939,0.25999776683488757,Orthogonal,2
REACTOME_ASSEMBLY_OF_COLLAGEN_FIBRILS_AND_OTHER_MULTIMERIC_STRUCTURES,embedding_7,10,0.21532259092732986,0.5502192378150048,0.2606060606060606,0.4670890543863402,Orthogonal,2
REACTOME_ASSEMBLY_OF_COLLAGEN_FIBRILS_AND_OTHER_MULTIMERIC_STRUCTURES,embedding_8,10,-0.04751618076629183,0.8962927149735982,-0.09090909090909088,0.8027717312071619,Orthogonal,2
REACTOME_ASSEMBLY_OF_COLLAGEN_FIBRILS_AND_OTHER_MULTIMERIC_STRUCTURES,embedding_9,10,-0.05654626912834873,0.8766997903146962,-0.16363636363636364,0.6514773427962428,Orthogonal,2
REACTOME_ASSEMBLY_OF_COLLAGEN_FIBRILS_AND_OTHER_MULTIMERIC_STRUCTURES,embedding_10,10,0.20230254434633074,0.5751341811968372,0.1515151515151515,0.6760651759978538,Orthogonal,2
REACTOME_ASSEMBLY_OF_COLLAGEN_FIBRILS_AND_OTHER_MULTIMERIC_STRUCTURES,embedding_11,10,-0.05124068916665708,0.8882048309253107,-0.32121212121212117,0.3654683104386702,Orthogonal,2
REACTOME_ASSEMBLY_OF_COLLAGEN_FIBRILS_AND_OTHER_MULTIMERIC_STRUCTURES,embedding_12,10,-0.2182072557440554,0.5447573963632103,-0.309090909090909,0.3848412302612835,Orthogonal,2
REACTOME_ASSEMBLY_OF_COLLAGEN_FIBRILS_AND_OTHER_MULTIMERIC_STRUCTURES,embedding_13,10,0.29324404150290484,0.4109023094079989,0.28484848484848485,0.42503815489214547,Orthogonal,2
REACTOME_ASSEMBLY_OF_COLLAGEN_FIBRILS_AND_OTHER_MULTIMERIC_STRUCTURES,embedding_14,10,-0.48492456930751937,0.15544644256458695,-0.5878787878787878,0.07387770688865801,Orthogonal,2
REACTOME_ASSEMBLY_OF_COLLAGEN_FIBRILS_AND_OTHER_MULTIMERIC_STRUCTURES,embedding_15,10,-0.164018316298773,0.6507073065913929,-0.3939393939393939,0.25999776683488757,Orthogonal,2
REACTOME_ASSEMBLY_OF_COLLAGEN_FIBRILS_AND_OTHER_MULTIMERIC_STRUCTURES,embedding_16,10,0.12135896042103361,0.7384027259858543,0.19999999999999998,0.5795840000000001,Orthogonal,2
REACTOME_ASSEMBLY_OF_COLLAGEN_FIBRILS_AND_OTHER_MULTIMERIC_STRUCTURES,embedding_17,10,0.235078811487687,0.5132529199021973,0.16363636363636364,0.6514773427962428,Orthogonal,2
REACTOME_ASSEMBLY_OF_COLLAGEN_FIBRILS_AND_OTHER_MULTIMERIC_STRUCTURES,embedding_18,10,-0.06655875837516108,0.8550460093251102,-0.38181818181818183,0.27625533338543595,Orthogonal,2
REACTOME_ASSEMBLY_OF_COLLAGEN_FIBRILS_AND_OTHER_MULTIMERIC_STRUCTURES,embedding_19,10,0.17258556038594908,0.633514597419363,0.10303030303030303,0.7769984634438898,Orthogonal,2
REACTOME_ASSEMBLY_OF_COLLAGEN_FIBRILS_AND_OTHER_MULTIMERIC_STRUCTURES,embedding_20,10,0.18799078373918482,0.6029976718869339,0.11515151515151514,0.7514196523258483,Orthogonal,2
REACTOME_ASSEMBLY_OF_COLLAGEN_FIBRILS_AND_OTHER_MULTIMERIC_STRUCTURES,embedding_21,10,0.15267247953941562,0.6737051795936723,0.10303030303030303,0.7769984634438898,Orthogonal,2
REACTOME_ASSEMBLY_OF_COLLAGEN_FIBRILS_AND_OTHER_MULTIMERIC_STRUCTURES,embedding_22,10,0.2781850806211198,0.43641609300294765,0.4545454545454545,0.186904810349332,Orthogonal,2
REACTOME_ASSEMBLY_OF_COLLAGEN_FIBRILS_AND_OTHER_MULTIMERIC_STRUCTURES,embedding_23,10,-0.048158398068866834,0.894897487318143,-0.13939393939393938,0.7009318849100584,Orthogonal,2
REACTOME_ASSEMBLY_OF_COLLAGEN_FIBRILS_AND_OTHER_MULTIMERIC_STRUCTURES,embedding_24,10,0.0009855684994682819,0.9978440710015658,-0.35757575757575755,0.3103760917056799,Orthogonal,2
REACTOME_ASSEMBLY_OF_COLLAGEN_FIBRILS_AND_OTHER_MULTIMERIC_STRUCTURES,embedding_25,10,-0.1507068279785547,0.6777149997615144,-0.17575757575757575,0.6271883447764844,Orthogonal,2
REACTOME_ASSEMBLY_OF_COLLAGEN_FIBRILS_AND_OTHER_MULTIMERIC_STRUCTURES,embedding_26,10,0.09401963569161909,0.7961404660019719,0.05454545454545454,0.8810361811618526,Orthogonal,2
REACTOME_ASSEMBLY_OF_COLLAGEN_FIBRILS_AND_OTHER_MULTIMERIC_STRUCTURES,embedding_27,10,0.04285508809767799,0.9064264742616428,0.006060606060606061,0.9867429111949892,Orthogonal,2
REACTOME_ASSEMBLY_OF_COLLAGEN_FIBRILS_AND_OTHER_MULTIMERIC_STRUCTURES,embedding_28,10,-0.053987375199865295,0.8822462261832282,-0.19999999999999998,0.5795840000000001,Orthogonal,2
REACTOME_ASSEMBLY_OF_COLLAGEN_FIBRILS_AND_OTHER_MULTIMERIC_STRUCTURES,embedding_29,10,-0.20915488839242002,0.5619686545475134,-0.12727272727272726,0.7260570147627894,Orthogonal,2
REACTOME_ASSEMBLY_OF_COLLAGEN_FIBRILS_AND_OTHER_MULTIMERIC_STRUCTURES,embedding_30,10,-0.04536297080863088,0.9009724478506056,-0.04242424242424241,0.907363817812816,Orthogonal,2
REACTOME_ASSEMBLY_OF_COLLAGEN_FIBRILS_AND_OTHER_MULTIMERIC_STRUCTURES,embedding_31,10,-0.056723604022176105,0.8763155910569306,0.06666666666666665,0.8548130882487426,Orthogonal,2
REACTOME_MOLECULES_ASSOCIATED_WITH_ELASTIC_FIBRES,embedding_0,10,-0.3575072092025313,0.3104755726306207,-0.2606060606060606,0.4670890543863402,Orthogonal,2
REACTOME_MOLECULES_ASSOCIATED_WITH_ELASTIC_FIBRES,embedding_1,10,-0.3080281091323027,0.38656327476212526,0.0303030303030303,0.9337729580941466,Orthogonal,2
REACTOME_MOLECULES_ASSOCIATED_WITH_ELASTIC_FIBRES,embedding_2,10,0.36828933332372626,0.2950350020910546,0.006060606060606061,0.9867429111949892,Orthogonal,2
REACTOME_MOLECULES_ASSOCIATED_WITH_ELASTIC_FIBRES,embedding_3,10,-0.053179783904439684,0.8839976586705691,-0.24848484848484845,0.48877630451924314,Orthogonal,2
REACTOME_MOLECULES_ASSOCIATED_WITH_ELASTIC_FIBRES,embedding_4,10,-0.01278918320774473,0.9720282371836171,-0.07878787878787878,0.8287173946974606,Orthogonal,2
REACTOME_MOLECULES_ASSOCIATED_WITH_ELASTIC_FIBRES,embedding_5,10,0.19388538394102128,0.5914628227220895,0.16363636363636364,0.6514773427962428,Orthogonal,2
REACTOME_MOLECULES_ASSOCIATED_WITH_ELASTIC_FIBRES,embedding_6,10,0.36084176769826526,0.305655752196191,0.06666666666666665,0.8548130882487426,Orthogonal,2
REACTOME_MOLECULES_ASSOCIATED_WITH_ELASTIC_FIBRES,embedding_7,10,0.012131173029594043,0.9734669639713897,-0.309090909090909,0.3848412302612835,Orthogonal,2
REACTOME_MOLECULES_ASSOCIATED_WITH_ELASTIC_FIBRES,embedding_8,10,-0.1393628652537523,0.7009959745531306,0.12727272727272726,0.7260570147627894,Orthogonal,2
REACTOME_MOLECULES_ASSOCIATED_WITH_ELASTIC_FIBRES,embedding_9,10,-0.2761081122272266,0.43999088315355583,0.07878787878787878,0.8287173946974606,Orthogonal,2
REACTOME_MOLECULES_ASSOCIATED_WITH_ELASTIC_FIBRES,embedding_10,10,-0.2186926981987798,0.543840375432723,-0.309090909090909,0.3848412302612835,Orthogonal,2
REACTOME_MOLECULES_ASSOCIATED_WITH_ELASTIC_FIBRES,embedding_11,10,0.2657510261161119,0.45801483293790496,-0.1515151515151515,0.6760651759978538,Orthogonal,2
REACTOME_MOLECULES_ASSOCIATED_WITH_ELASTIC_FIBRES,embedding_12,10,0.3149405659356323,0.37543038231388537,0.32121212121212117,0.3654683104386702,Orthogonal,2
REACTOME_MOLECULES_ASSOCIATED_WITH_ELASTIC_FIBRES,embedding_13,10,-0.2991674344128729,0.4010650297546625,-0.2606060606060606,0.4670890543863402,Orthogonal,2
REACTOME_MOLECULES_ASSOCIATED_WITH_ELASTIC_FIBRES,embedding_14,10,-0.4597556187599752,0.1812638741827364,-0.5030303030303029,0.13833369839449197,Orthogonal,2
REACTOME_MOLECULES_ASSOCIATED_WITH_ELASTIC_FIBRES,embedding_15,10,0.27950373145839147,0.43415344083936847,-0.10303030303030303,0.7769984634438898,Orthogonal,2
REACTOME_MOLECULES_ASSOCIATED_WITH_ELASTIC_FIBRES,embedding_16,10,-0.046662268661839576,0.8981482490641706,-0.01818181818181818,0.9602404181286243,Orthogonal,2
REACTOME_MOLECULES_ASSOCIATED_WITH_ELASTIC_FIBRES,embedding_17,10,-0.0009758404435016143,0.9978653510625914,-0.07878787878787878,0.8287173946974606,Orthogonal,2
REACTOME_MOLECULES_ASSOCIATED_WITH_ELASTIC_FIBRES,embedding_18,10,0.49876116016243627,0.14225937995024146,0.1515151515151515,0.6760651759978538,Orthogonal,2
REACTOME_MOLECULES_ASSOCIATED_WITH_ELASTIC_FIBRES,embedding_19,10,-0.37058359072479113,0.29180351679927086,-0.4545454545454545,0.186904810349332,Orthogonal,2
REACTOME_MOLECULES_ASSOCIATED_WITH_ELASTIC_FIBRES,embedding_20,10,-0.322993005784652,0.3626637097014467,-0.38181818181818183,0.27625533338543595,Orthogonal,2
REACTOME_MOLECULES_ASSOCIATED_WITH_ELASTIC_FIBRES,embedding_21,10,0.53003753962494,0.11504571833251206,0.5515151515151515,0.09840117666963498,Orthogonal,2
REACTOME_MOLECULES_ASSOCIATED_WITH_ELASTIC_FIBRES,embedding_22,10,-0.21527108279172275,0.5503169586578734,-0.10303030303030303,0.7769984634438898,Orthogonal,2
REACTOME_MOLECULES_ASSOCIATED_WITH_ELASTIC_FIBRES,embedding_23,10,-0.122354979522749,0.7363195600096033,0.11515151515151514,0.7514196523258483,Orthogonal,2
REACTOME_MOLECULES_ASSOCIATED_WITH_ELASTIC_FIBRES,embedding_24,10,0.3952111011987074,0.25832343500333915,-0.01818181818181818,0.9602404181286243,Orthogonal,2
REACTOME_MOLECULES_ASSOCIATED_WITH_ELASTIC_FIBRES,embedding_25,10,0.06250126746655413,0.8638113168658217,0.17575757575757575,0.6271883447764844,Orthogonal,2
REACTOME_MOLECULES_ASSOCIATED_WITH_ELASTIC_FIBRES,embedding_26,10,-0.2317824606370944,0.5193479955666068,-0.43030303030303024,0.21449233253280775,Orthogonal,2
REACTOME_MOLECULES_ASSOCIATED_WITH_ELASTIC_FIBRES,embedding_27,10,-0.10429496703814774,0.7743202414386036,-0.29696969696969694,0.4047016712701569,Orthogonal,2
REACTOME_MOLECULES_ASSOCIATED_WITH_ELASTIC_FIBRES,embedding_28,10,0.0008609624539819335,0.998116646027963,0.01818181818181818,0.9602404181286243,Orthogonal,2
REACTOME_MOLECULES_ASSOCIATED_WITH_ELASTIC_FIBRES,embedding_29,10,0.41727571017658127,0.23022786308021714,0.4787878787878787,0.1615229280174558,Orthogonal,2
REACTOME_MOLECULES_ASSOCIATED_WITH_ELASTIC_FIBRES,embedding_30,10,-0.4665540273946798,0.17405655203901674,-0.04242424242424241,0.907363817812816,Orthogonal,2
REACTOME_MOLECULES_ASSOCIATED_WITH_ELASTIC_FIBRES,embedding_31,10,0.059224834476585456,0.8708991413200871,-0.10303030303030303,0.7769984634438898,Orthogonal,2
REACTOME_ECM_PROTEOGLYCANS,embedding_0,10,-0.3659374423883907,0.29836739585997274,0.0303030303030303,0.9337729580941466,Orthogonal,2
REACTOME_ECM_PROTEOGLYCANS,embedding_1,10,-0.2409155169188498,0.5025342333594713,0.23636363636363633,0.5108853175152002,Orthogonal,2
REACTOME_ECM_PROTEOGLYCANS,embedding_2,10,0.3165320514841208,0.3728898328372706,-0.2121212121212121,0.5563057751029299,Orthogonal,2
REACTOME_ECM_PROTEOGLYCANS,embedding_3,10,-0.15077002932003655,0.677585958492274,-0.0303030303030303,0.9337729580941466,Orthogonal,2
REACTOME_ECM_PROTEOGLYCANS,embedding_4,10,0.1382638599452346,0.7032637353295464,-0.01818181818181818,0.9602404181286243,Orthogonal,2
REACTOME_ECM_PROTEOGLYCANS,embedding_5,10,0.0833695056671897,0.8188914925462776,0.17575757575757575,0.6271883447764844,Orthogonal,2
REACTOME_ECM_PROTEOGLYCANS,embedding_6,10,0.3008578879242991,0.3982784954901618,-0.19999999999999998,0.5795840000000001,Orthogonal,2
REACTOME_ECM_PROTEOGLYCANS,embedding_7,10,-0.0743166562912568,0.8383271986830818,-0.07878787878787878,0.8287173946974606,Orthogonal,2
REACTOME_ECM_PROTEOGLYCANS,embedding_8,10,-0.012663971375214744,0.9723020050000559,-0.05454545454545454,0.8810361811618526,Orthogonal,2
REACTOME_ECM_PROTEOGLYCANS,embedding_9,10,-0.13038676237877672,0.7195786556650523,-0.0303030303030303,0.9337729580941466,Orthogonal,2
REACTOME_ECM_PROTEOGLYCANS,embedding_10,10,-0.29112055625839484,0.41445643355803596,-0.16363636363636364,0.6514773427962428,Orthogonal,2
REACTOME_ECM_PROTEOGLYCANS,embedding_11,10,0.15177169973894458,0.6755418088542817,-0.2121212121212121,0.5563057751029299,Orthogonal,2
REACTOME_ECM_PROTEOGLYCANS,embedding_12,10,0.35156365516985866,0.31916479163893086,-0.0303030303030303,0.9337729580941466,Orthogonal,2
REACTOME_ECM_PROTEOGLYCANS,embedding_13,10,-0.3107313022429539,0.3821906777601687,0.0303030303030303,0.9337729580941466,Orthogonal,2
REACTOME_ECM_PROTEOGLYCANS,embedding_14,10,-0.37879313041010154,0.28039665391061813,-0.5151515151515151,0.12755286970323426,Orthogonal,2
REACTOME_ECM_PROTEOGLYCANS,embedding_15,10,0.16942707281989625,0.63983518756008,-0.33333333333333326,0.34659350708733405,Orthogonal,2
REACTOME_ECM_PROTEOGLYCANS,embedding_16,10,-0.05625173544709759,0.8773379540766434,0.10303030303030303,0.7769984634438898,Orthogonal,2
REACTOME_ECM_PROTEOGLYCANS,embedding_17,10,-0.16251618983471908,0.6537373799366841,-0.04242424242424241,0.907363817812816,Orthogonal,2
REACTOME_ECM_PROTEOGLYCANS,embedding_18,10,0.4387687709578222,0.20460767251024653,-0.16363636363636364,0.6514773427962428,Orthogonal,2
REACTOME_ECM_PROTEOGLYCANS,embedding_19,10,-0.4181850239327442,0.22910890155336794,-0.17575757575757575,0.6271883447764844,Orthogonal,2
REACTOME_ECM_PROTEOGLYCANS,embedding_20,10,-0.3524597960771311,0.31784663464875007,-0.13939393939393938,0.7009318849100584,Orthogonal,2
REACTOME_ECM_PROTEOGLYCANS,embedding_21,10,0.6965096682768326,0.025233772112295865,0.6,0.06668799999999996,Orthogonal,2
REACTOME_ECM_PROTEOGLYCANS,embedding_22,10,-0.23913175357076333,0.5057999249484795,0.18787878787878787,0.603217610029209,Orthogonal,2
REACTOME_ECM_PROTEOGLYCANS,embedding_23,10,-0.007005727787773204,0.9846757225979458,0.006060606060606061,0.9867429111949892,Orthogonal,2
REACTOME_ECM_PROTEOGLYCANS,embedding_24,10,0.22117990638978788,0.5391515797788513,-0.2727272727272727,0.44583834154275137,Orthogonal,2
REACTOME_ECM_PROTEOGLYCANS,embedding_25,10,0.13449573301177198,0.711055055056873,-0.006060606060606061,0.9867429111949892,Orthogonal,2
REACTOME_ECM_PROTEOGLYCANS,embedding_26,10,-0.3349709366533642,0.3440822122137863,-0.2606060606060606,0.4670890543863402,Orthogonal,2
REACTOME_ECM_PROTEOGLYCANS,embedding_27,10,-0.20833020662943913,0.5635469534627001,-0.12727272727272726,0.7260570147627894,Orthogonal,2
REACTOME_ECM_PROTEOGLYCANS,embedding_28,10,0.0935672858820102,0.7971040952984207,-0.10303030303030303,0.7769984634438898,Orthogonal,2
REACTOME_ECM_PROTEOGLYCANS,embedding_29,10,0.3698035949175663,0.2929000134832797,0.28484848484848485,0.42503815489214547,Orthogonal,2
REACTOME_ECM_PROTEOGLYCANS,embedding_30,10,-0.3261900431370614,0.3576559837958248,0.16363636363636364,0.6514773427962428,Orthogonal,2
REACTOME_ECM_PROTEOGLYCANS,embedding_31,10,-0.04314427268596699,0.9057973854356254,-0.01818181818181818,0.9602404181286243,Orthogonal,2
REACTOME_ELASTIC_FIBRE_FORMATION,embedding_0,10,0.7591038146561614,0.010886990041529472,0.6606060606060605,0.03758837757140939,Orthogonal,3
REACTOME_ELASTIC_FIBRE_FORMATION,embedding_1,10,0.009523947434142845,0.9791682546118068,0.41818181818181815,0.22911284098281892,Orthogonal,3
REACTOME_ELASTIC_FIBRE_FORMATION,embedding_2,10,0.7217331508105813,0.018447518933387003,0.5878787878787878,0.07387770688865801,Orthogonal,3
REACTOME_ELASTIC_FIBRE_FORMATION,embedding_3,10,0.8338496401947791,0.002714302482543742,0.7939393939393938,0.0060999233136969115,Orthogonal,3
REACTOME_ELASTIC_FIBRE_FORMATION,embedding_4,10,0.5612202372273213,0.0914129770629525,0.5878787878787878,0.07387770688865801,Orthogonal,3
REACTOME_ELASTIC_FIBRE_FORMATION,embedding_5,10,0.7975445266266183,0.005710733643846349,0.6727272727272726,0.0330412225454377,Orthogonal,3
REACTOME_ELASTIC_FIBRE_FORMATION,embedding_6,10,-0.8191653118504281,0.003737764113091837,-0.7212121212121211,0.018573155089460208,Orthogonal,3
REACTOME_ELASTIC_FIBRE_FORMATION,embedding_7,10,-0.8728371612392177,0.0009784962720493814,-0.8909090909090909,0.0005421442248338665,Orthogonal,3
REACTOME_ELASTIC_FIBRE_FORMATION,embedding_8,10,-0.7451992238050844,0.01337919364936202,-0.6969696969696969,0.02509667588225183,Orthogonal,3
REACTOME_ELASTIC_FIBRE_FORMATION,embedding_9,10,-0.7416997331199549,0.014064226550928465,-0.6969696969696969,0.02509667588225183,Orthogonal,3
REACTOME_ELASTIC_FIBRE_FORMATION,embedding_10,10,-0.4489506185801556,0.19307572952283258,-0.49090909090909085,0.14965567342083677,Orthogonal,3
REACTOME_ELASTIC_FIBRE_FORMATION,embedding_11,10,0.719010654699147,0.01911054456912378,0.6,0.06668799999999996,Orthogonal,3
REACTOME_ELASTIC_FIBRE_FORMATION,embedding_12,10,-0.6678662410641345,0.03481720073099991,-0.5878787878787878,0.07387770688865801,Orthogonal,3
REACTOME_ELASTIC_FIBRE_FORMATION,embedding_13,10,-0.378852083430442,0.28031562756851724,-0.29696969696969694,0.4047016712701569,Orthogonal,3
REACTOME_ELASTIC_FIBRE_FORMATION,embedding_14,10,-0.8033158777960806,0.005124999420722674,-0.7696969696969697,0.009221952722215994,Orthogonal,3
REACTOME_ELASTIC_FIBRE_FORMATION,embedding_15,10,0.8186493215518227,0.003778103068356846,0.8666666666666665,0.0011735381801554687,Orthogonal,3
REACTOME_ELASTIC_FIBRE_FORMATION,embedding_16,10,-0.7402276888488887,0.014359566324144172,-0.5757575757575757,0.08155281477260236,Orthogonal,3
REACTOME_ELASTIC_FIBRE_FORMATION,embedding_17,10,0.403294356940309,0.24782084889827571,0.309090909090909,0.3848412302612835,Orthogonal,3
REACTOME_ELASTIC_FIBRE_FORMATION,embedding_18,10,-0.8531217892836723,0.001698764341561274,-0.8545454545454544,0.0016368033159867143,Orthogonal,3
REACTOME_ELASTIC_FIBRE_FORMATION,embedding_19,10,-0.8361468628219667,0.0025748136985118113,-0.8909090909090909,0.0005421442248338665,Orthogonal,3
REACTOME_ELASTIC_FIBRE_FORMATION,embedding_20,10,0.7238301995496182,0.017947810710503775,0.6,0.06668799999999996,Orthogonal,3
REACTOME_ELASTIC_FIBRE_FORMATION,embedding_21,10,-0.7694374736392128,0.009260439617320074,-0.7696969696969697,0.009221952722215994,Orthogonal,3
REACTOME_ELASTIC_FIBRE_FORMATION,embedding_22,10,-0.8112158307512878,0.004394464816782095,-0.8545454545454544,0.0016368033159867143,Orthogonal,3
REACTOME_ELASTIC_FIBRE_FORMATION,embedding_23,10,-0.33270221902787817,0.3475638084977219,-0.18787878787878787,0.603217610029209,Orthogonal,3
REACTOME_ELASTIC_FIBRE_FORMATION,embedding_24,10,0.8006217818050014,0.005392803583782641,0.7333333333333332,0.01580059625057158,Orthogonal,3
REACTOME_ELASTIC_FIBRE_FORMATION,embedding_25,10,0.9000087339999718,0.0003870252207823786,0.8787878787878788,0.0008138621117322101,Orthogonal,3
REACTOME_ELASTIC_FIBRE_FORMATION,embedding_26,10,-0.6172723663429763,0.057258578520159996,-0.5878787878787878,0.07387770688865801,Orthogonal,3
REACTOME_ELASTIC_FIBRE_FORMATION,embedding_27,10,0.9022336495511974,0.000354692130650374,0.9030303030303028,0.00034361219776328223,Orthogonal,3
REACTOME_ELASTIC_FIBRE_FORMATION,embedding_28,10,0.7985699448431779,0.005603347954820823,0.7696969696969697,0.009221952722215994,Orthogonal,3
REACTOME_ELASTIC_FIBRE_FORMATION,embedding_29,10,-0.8073716684594868,0.004739928549677888,-0.7939393939393938,0.0060999233136969115,Orthogonal,3
REACTOME_ELASTIC_FIBRE_FORMATION,embedding_30,10,-0.8842046718235663,0.000682466384973557,-0.8666666666666665,0.0011735381801554687,Orthogonal,3
REACTOME_ELASTIC_FIBRE_FORMATION,embedding_31,10,0.12072945794880793,0.7397201172366729,0.04242424242424241,0.907363817812816,Orthogonal,3
REACTOME_NON_INTEGRIN_MEMBRANE_ECM_INTERACTIONS,embedding_0,10,0.14685425543361863,0.685595126979647,0.2727272727272727,0.44583834154275137,Orthogonal,3
REACTOME_NON_INTEGRIN_MEMBRANE_ECM_INTERACTIONS,embedding_1,10,-0.061593042968619234,0.8657751998175318,0.1515151515151515,0.6760651759978538,Orthogonal,3
REACTOME_NON_INTEGRIN_MEMBRANE_ECM_INTERACTIONS,embedding_2,10,0.1434106980927856,0.6926618460887219,0.2121212121212121,0.5563057751029299,Orthogonal,3
REACTOME_NON_INTEGRIN_MEMBRANE_ECM_INTERACTIONS,embedding_3,10,0.17650609888504667,0.625698659893831,0.23636363636363633,0.5108853175152002,Orthogonal,3
REACTOME_NON_INTEGRIN_MEMBRANE_ECM_INTERACTIONS,embedding_4,10,0.06950228796073907,0.8486960404029924,0.06666666666666665,0.8548130882487426,Orthogonal,3
REACTOME_NON_INTEGRIN_MEMBRANE_ECM_INTERACTIONS,embedding_5,10,0.1553638586090362,0.6682269118752975,0.24848484848484845,0.48877630451924314,Orthogonal,3
REACTOME_NON_INTEGRIN_MEMBRANE_ECM_INTERACTIONS,embedding_6,10,-0.16683058829888417,0.6450468176348745,-0.19999999999999998,0.5795840000000001,Orthogonal,3
REACTOME_NON_INTEGRIN_MEMBRANE_ECM_INTERACTIONS,embedding_7,10,-0.17583689793387605,0.6270304229397667,-0.2606060606060606,0.4670890543863402,Orthogonal,3
REACTOME_NON_INTEGRIN_MEMBRANE_ECM_INTERACTIONS,embedding_8,10,-0.1956913304381565,0.58794514770183,-0.24848484848484845,0.48877630451924314,Orthogonal,3
REACTOME_NON_INTEGRIN_MEMBRANE_ECM_INTERACTIONS,embedding_9,10,-0.11577838155704324,0.7501025001827233,-0.22424242424242422,0.5334005612725947,Orthogonal,3
REACTOME_NON_INTEGRIN_MEMBRANE_ECM_INTERACTIONS,embedding_10,10,-0.09485474063776603,0.7943621157253336,-0.13939393939393938,0.7009318849100584,Orthogonal,3
REACTOME_NON_INTEGRIN_MEMBRANE_ECM_INTERACTIONS,embedding_11,10,0.1349348292227409,0.7101458841204165,0.24848484848484845,0.48877630451924314,Orthogonal,3
REACTOME_NON_INTEGRIN_MEMBRANE_ECM_INTERACTIONS,embedding_12,10,-0.12189217004273659,0.7372873307891414,-0.23636363636363633,0.5108853175152002,Orthogonal,3
REACTOME_NON_INTEGRIN_MEMBRANE_ECM_INTERACTIONS,embedding_13,10,-0.0841343671693805,0.8172533198980083,-0.12727272727272726,0.7260570147627894,Orthogonal,3
REACTOME_NON_INTEGRIN_MEMBRANE_ECM_INTERACTIONS,embedding_14,10,-0.15377212599716428,0.6714651778782084,-0.19999999999999998,0.5795840000000001,Orthogonal,3
REACTOME_NON_INTEGRIN_MEMBRANE_ECM_INTERACTIONS,embedding_15,10,0.17497338853702618,0.6287503090213448,0.29696969696969694,0.4047016712701569,Orthogonal,3
REACTOME_NON_INTEGRIN_MEMBRANE_ECM_INTERACTIONS,embedding_16,10,-0.13838996022150196,0.7030034242240113,-0.19999999999999998,0.5795840000000001,Orthogonal,3
REACTOME_NON_INTEGRIN_MEMBRANE_ECM_INTERACTIONS,embedding_17,10,0.04326636363284697,0.9055318043405556,0.0303030303030303,0.9337729580941466,Orthogonal,3
REACTOME_NON_INTEGRIN_MEMBRANE_ECM_INTERACTIONS,embedding_18,10,-0.19315692909149992,0.5928839073844306,-0.24848484848484845,0.48877630451924314,Orthogonal,3
REACTOME_NON_INTEGRIN_MEMBRANE_ECM_INTERACTIONS,embedding_19,10,-0.19803181615903862,0.5833978171364913,-0.4787878787878787,0.1615229280174558,Orthogonal,3
REACTOME_NON_INTEGRIN_MEMBRANE_ECM_INTERACTIONS,embedding_20,10,0.13804068911568812,0.703724498985639,0.24848484848484845,0.48877630451924314,Orthogonal,3
REACTOME_NON_INTEGRIN_MEMBRANE_ECM_INTERACTIONS,embedding_21,10,-0.13474531721481392,0.7105382380133667,-0.19999999999999998,0.5795840000000001,Orthogonal,3
REACTOME_NON_INTEGRIN_MEMBRANE_ECM_INTERACTIONS,embedding_22,10,-0.1567631547749371,0.6653842062636328,-0.18787878787878787,0.603217610029209,Orthogonal,3
REACTOME_NON_INTEGRIN_MEMBRANE_ECM_INTERACTIONS,embedding_23,10,-0.05867494853974889,0.872089519945392,0.01818181818181818,0.9602404181286243,Orthogonal,3
REACTOME_NON_INTEGRIN_MEMBRANE_ECM_INTERACTIONS,embedding_24,10,0.15182592630474578,0.6754312008210213,0.2727272727272727,0.44583834154275137,Orthogonal,3
REACTOME_NON_INTEGRIN_MEMBRANE_ECM_INTERACTIONS,embedding_25,10,0.21602873684117194,0.5488802312493389,0.32121212121212117,0.3654683104386702,Orthogonal,3
REACTOME_NON_INTEGRIN_MEMBRANE_ECM_INTERACTIONS,embedding_26,10,-0.12937659792353434,0.7216784360698447,-0.23636363636363633,0.5108853175152002,Orthogonal,3
REACTOME_NON_INTEGRIN_MEMBRANE_ECM_INTERACTIONS,embedding_27,10,0.2689279323500354,0.4524514506384606,0.35757575757575755,0.3103760917056799,Orthogonal,3
REACTOME_NON_INTEGRIN_MEMBRANE_ECM_INTERACTIONS,embedding_28,10,0.1460008839515182,0.6873443577814169,0.19999999999999998,0.5795840000000001,Orthogonal,3
REACTOME_NON_INTEGRIN_MEMBRANE_ECM_INTERACTIONS,embedding_29,10,-0.16744083552305356,0.6438206760195755,-0.23636363636363633,0.5108853175152002,Orthogonal,3
REACTOME_NON_INTEGRIN_MEMBRANE_ECM_INTERACTIONS,embedding_30,10,-0.21851636770638921,0.544173400181588,-0.2606060606060606,0.4670890543863402,Orthogonal,3
REACTOME_NON_INTEGRIN_MEMBRANE_ECM_INTERACTIONS,embedding_31,10,0.0048552921686095575,0.9893792987544735,0.05454545454545454,0.8810361811618526,Orthogonal,3
REACTOME_COLLAGEN_FORMATION,embedding_0,10,0.2109005578480803,0.5586333821760737,0.18787878787878787,0.603217610029209,Orthogonal,3
REACTOME_COLLAGEN_FORMATION,embedding_1,10,-0.0709427160216789,0.8455914898128102,0.05454545454545454,0.8810361811618526,Orthogonal,3
REACTOME_COLLAGEN_FORMATION,embedding_2,10,0.20109838394473722,0.5774596931918096,0.22424242424242422,0.5334005612725947,Orthogonal,3
REACTOME_COLLAGEN_FORMATION,embedding_3,10,0.3454417294501614,0.328245659928348,0.18787878787878787,0.603217610029209,Orthogonal,3
REACTOME_COLLAGEN_FORMATION,embedding_4,10,0.5457485385405455,0.10270951599210468,0.6121212121212121,0.05997214247725524,Orthogonal,3
REACTOME_COLLAGEN_FORMATION,embedding_5,10,0.28713800127340183,0.42116098839410254,0.23636363636363633,0.5108853175152002,Orthogonal,3
REACTOME_COLLAGEN_FORMATION,embedding_6,10,-0.3001985078813764,0.3993643053524075,-0.10303030303030303,0.7769984634438898,Orthogonal,3
REACTOME_COLLAGEN_FORMATION,embedding_7,10,-0.34388411940617325,0.3305771908027392,-0.22424242424242422,0.5334005612725947,Orthogonal,3
REACTOME_COLLAGEN_FORMATION,embedding_8,10,-0.38433193689751105,0.2728394345088544,-0.41818181818181815,0.22911284098281892,Orthogonal,3
REACTOME_COLLAGEN_FORMATION,embedding_9,10,-0.2268778147183688,0.528471554687187,-0.18787878787878787,0.603217610029209,Orthogonal,3
REACTOME_COLLAGEN_FORMATION,embedding_10,10,-0.1180708149419939,0.7452906824390674,-0.05454545454545454,0.8810361811618526,Orthogonal,3
REACTOME_COLLAGEN_FORMATION,embedding_11,10,0.2110471104736212,0.558353728741252,0.2121212121212121,0.5563057751029299,Orthogonal,3
REACTOME_COLLAGEN_FORMATION,embedding_12,10,-0.1645783749929088,0.6495787373728413,-0.1515151515151515,0.6760651759978538,Orthogonal,3
REACTOME_COLLAGEN_FORMATION,embedding_13,10,-0.04591892005607391,0.8997638931464429,0.10303030303030303,0.7769984634438898,Orthogonal,3
REACTOME_COLLAGEN_FORMATION,embedding_14,10,-0.2760585055134512,0.44007642751213716,-0.22424242424242422,0.5334005612725947,Orthogonal,3
REACTOME_COLLAGEN_FORMATION,embedding_15,10,0.4786916374267754,0.1616193439644189,0.5757575757575757,0.08155281477260236,Orthogonal,3
REACTOME_COLLAGEN_FORMATION,embedding_16,10,-0.22806635125365085,0.5262546966131693,-0.16363636363636364,0.6514773427962428,Orthogonal,3
REACTOME_COLLAGEN_FORMATION,embedding_17,10,0.037705760779546654,0.9176358140467882,-0.006060606060606061,0.9867429111949892,Orthogonal,3
REACTOME_COLLAGEN_FORMATION,embedding_18,10,-0.39186526870945143,0.2627413654707136,-0.2727272727272727,0.44583834154275137,Orthogonal,3
REACTOME_COLLAGEN_FORMATION,embedding_19,10,-0.3877232577399903,0.2682677243824256,-0.19999999999999998,0.5795840000000001,Orthogonal,3
REACTOME_COLLAGEN_FORMATION,embedding_20,10,0.22144790588233088,0.5386473236447441,0.2121212121212121,0.5563057751029299,Orthogonal,3
REACTOME_COLLAGEN_FORMATION,embedding_21,10,-0.2415683823076572,0.5013412045249958,-0.22424242424242422,0.5334005612725947,Orthogonal,3
REACTOME_COLLAGEN_FORMATION,embedding_22,10,-0.26281199318004167,0.46318873473533984,-0.2727272727272727,0.44583834154275137,Orthogonal,3
REACTOME_COLLAGEN_FORMATION,embedding_23,10,0.013817726576816194,0.9697794935421022,0.12727272727272726,0.7260570147627894,Orthogonal,3
REACTOME_COLLAGEN_FORMATION,embedding_24,10,0.30338908678634224,0.39412354230461444,0.2121212121212121,0.5563057751029299,Orthogonal,3
REACTOME_COLLAGEN_FORMATION,embedding_25,10,0.4198487873484863,0.22706954683220068,0.2606060606060606,0.4670890543863402,Orthogonal,3
REACTOME_COLLAGEN_FORMATION,embedding_26,10,-0.14151850571707308,0.696554066386722,-0.1515151515151515,0.6760651759978538,Orthogonal,3
REACTOME_COLLAGEN_FORMATION,embedding_27,10,0.49063160691836527,0.14992123135744415,0.5030303030303029,0.13833369839449197,Orthogonal,3
REACTOME_COLLAGEN_FORMATION,embedding_28,10,0.30482624749525444,0.39177380262857237,0.22424242424242422,0.5334005612725947,Orthogonal,3
REACTOME_COLLAGEN_FORMATION,embedding_29,10,-0.2774523002370444,0.43767579638903725,-0.18787878787878787,0.603217610029209,Orthogonal,3
REACTOME_COLLAGEN_FORMATION,embedding_30,10,-0.4253730007082578,0.22037251864609353,-0.28484848484848485,0.42503815489214547,Orthogonal,3
REACTOME_COLLAGEN_FORMATION,embedding_31,10,-0.15075509008419813,0.6776164599793584,-0.2727272727272727,0.44583834154275137,Orthogonal,3
REACTOME_COLLAGEN_DEGRADATION,embedding_0,10,0.016526980603447674,0.9638571031186809,0.10303030303030303,0.7769984634438898,Orthogonal,3
REACTOME_COLLAGEN_DEGRADATION,embedding_1,10,0.0261056620835579,0.9429327664319744,0.01818181818181818,0.9602404181286243,Orthogonal,3
REACTOME_COLLAGEN_DEGRADATION,embedding_2,10,0.00216333685654662,0.995267722773528,0.13939393939393938,0.7009318849100584,Orthogonal,3
REACTOME_COLLAGEN_DEGRADATION,embedding_3,10,0.14403447133199482,0.6913801639836835,0.10303030303030303,0.7769984634438898,Orthogonal,3
REACTOME_COLLAGEN_DEGRADATION,embedding_4,10,0.49643863603334715,0.1444233194008759,0.5151515151515151,0.12755286970323426,Orthogonal,3
REACTOME_COLLAGEN_DEGRADATION,embedding_5,10,0.08637355675083906,0.812461128606776,0.1515151515151515,0.6760651759978538,Orthogonal,3
REACTOME_COLLAGEN_DEGRADATION,embedding_6,10,-0.10128339185690349,0.7807014334781872,0.006060606060606061,0.9867429111949892,Orthogonal,3
REACTOME_COLLAGEN_DEGRADATION,embedding_7,10,-0.15227948419154308,0.6745062803635851,-0.1515151515151515,0.6760651759978538,Orthogonal,3
REACTOME_COLLAGEN_DEGRADATION,embedding_8,10,-0.2742978543929825,0.4431175052302586,-0.29696969696969694,0.4047016712701569,Orthogonal,3
REACTOME_COLLAGEN_DEGRADATION,embedding_9,10,-0.03931493103215808,0.9141313944030343,-0.10303030303030303,0.7769984634438898,Orthogonal,3
REACTOME_COLLAGEN_DEGRADATION,embedding_10,10,0.05939087988092956,0.8705397363742082,0.0303030303030303,0.9337729580941466,Orthogonal,3
REACTOME_COLLAGEN_DEGRADATION,embedding_11,10,0.01796080622985747,0.9607234082647729,0.12727272727272726,0.7260570147627894,Orthogonal,3
REACTOME_COLLAGEN_DEGRADATION,embedding_12,10,0.02747049332603379,0.9399536222037088,-0.05454545454545454,0.8810361811618526,Orthogonal,3
REACTOME_COLLAGEN_DEGRADATION,embedding_13,10,0.12397840226541798,0.73292750271608,0.16363636363636364,0.6514773427962428,Orthogonal,3
REACTOME_COLLAGEN_DEGRADATION,embedding_14,10,-0.07892244386814776,0.8284284906445307,-0.1515151515151515,0.6760651759978538,Orthogonal,3
REACTOME_COLLAGEN_DEGRADATION,embedding_15,10,0.34321371495316744,0.3315833170602036,0.43030303030303024,0.21449233253280775,Orthogonal,3
REACTOME_COLLAGEN_DEGRADATION,embedding_16,10,-0.031731893180103596,0.9306563348277951,-0.06666666666666665,0.8548130882487426,Orthogonal,3
REACTOME_COLLAGEN_DEGRADATION,embedding_17,10,-0.11473229285012942,0.7523008320050868,0.006060606060606061,0.9867429111949892,Orthogonal,3
REACTOME_COLLAGEN_DEGRADATION,embedding_18,10,-0.24430302171005888,0.4963570468953952,-0.17575757575757575,0.6271883447764844,Orthogonal,3
REACTOME_COLLAGEN_DEGRADATION,embedding_19,10,-0.2358003108080633,0.5119228210410889,-0.05454545454545454,0.8810361811618526,Orthogonal,3
REACTOME_COLLAGEN_DEGRADATION,embedding_20,10,0.025574076977107542,0.9440932810397625,0.12727272727272726,0.7260570147627894,Orthogonal,3
REACTOME_COLLAGEN_DEGRADATION,embedding_21,10,-0.05048797672317513,0.8898386423697934,-0.1515151515151515,0.6760651759978538,Orthogonal,3
REACTOME_COLLAGEN_DEGRADATION,embedding_22,10,-0.07124794577327484,0.8449338732680312,-0.2121212121212121,0.5563057751029299,Orthogonal,3
REACTOME_COLLAGEN_DEGRADATION,embedding_23,10,0.17234366076713564,0.6339979256860326,0.11515151515151514,0.7514196523258483,Orthogonal,3
REACTOME_COLLAGEN_DEGRADATION,embedding_24,10,0.10455456673367397,0.7737707424855595,0.12727272727272726,0.7260570147627894,Orthogonal,3
REACTOME_COLLAGEN_DEGRADATION,embedding_25,10,0.2300891680101813,0.522490484879809,0.18787878787878787,0.603217610029209,Orthogonal,3
REACTOME_COLLAGEN_DEGRADATION,embedding_26,10,0.05835292430609648,0.8727867370517538,-0.05454545454545454,0.8810361811618526,Orthogonal,3
REACTOME_COLLAGEN_DEGRADATION,embedding_27,10,0.32233258717636926,0.3637025039590192,0.35757575757575755,0.3103760917056799,Orthogonal,3
REACTOME_COLLAGEN_DEGRADATION,embedding_28,10,0.10855179987199286,0.7653212843237384,0.1515151515151515,0.6760651759978538,Orthogonal,3
REACTOME_COLLAGEN_DEGRADATION,embedding_29,10,-0.07656515830091819,0.8334921095935375,-0.10303030303030303,0.7769984634438898,Orthogonal,3
REACTOME_COLLAGEN_DEGRADATION,embedding_30,10,-0.25566667759249523,0.47587470908966345,-0.22424242424242422,0.5334005612725947,Orthogonal,3
REACTOME_COLLAGEN_DEGRADATION,embedding_31,10,-0.26324134223062523,0.46243128915876053,-0.23636363636363633,0.5108853175152002,Orthogonal,3
REACTOME_DEGRADATION_OF_THE_EXTRACELLULAR_MATRIX,embedding_0,10,0.1991404802741279,0.5812483726504338,0.2606060606060606,0.4670890543863402,Orthogonal,3
REACTOME_DEGRADATION_OF_THE_EXTRACELLULAR_MATRIX,embedding_1,10,-0.17493731148557812,0.6288222001900781,0.01818181818181818,0.9602404181286243,Orthogonal,3
REACTOME_DEGRADATION_OF_THE_EXTRACELLULAR_MATRIX,embedding_2,10,0.17667589305247056,0.6253609107758735,0.17575757575757575,0.6271883447764844,Orthogonal,3
REACTOME_DEGRADATION_OF_THE_EXTRACELLULAR_MATRIX,embedding_3,10,0.2566724752500743,0.47407987122780904,0.10303030303030303,0.7769984634438898,Orthogonal,3
REACTOME_DEGRADATION_OF_THE_EXTRACELLULAR_MATRIX,embedding_4,10,0.2685362089282374,0.45313578275865957,0.33333333333333326,0.34659350708733405,Orthogonal,3
REACTOME_DEGRADATION_OF_THE_EXTRACELLULAR_MATRIX,embedding_5,10,0.22532410515096996,0.5313752383847277,0.12727272727272726,0.7260570147627894,Orthogonal,3
REACTOME_DEGRADATION_OF_THE_EXTRACELLULAR_MATRIX,embedding_6,10,-0.18343584029685267,0.6119657657041765,0.06666666666666665,0.8548130882487426,Orthogonal,3
REACTOME_DEGRADATION_OF_THE_EXTRACELLULAR_MATRIX,embedding_7,10,-0.25133959417221,0.4836300696053306,-0.18787878787878787,0.603217610029209,Orthogonal,3
REACTOME_DEGRADATION_OF_THE_EXTRACELLULAR_MATRIX,embedding_8,10,-0.2518196947098632,0.48276690727073124,-0.32121212121212117,0.3654683104386702,Orthogonal,3
REACTOME_DEGRADATION_OF_THE_EXTRACELLULAR_MATRIX,embedding_9,10,-0.205420769303982,0.5691286702421836,-0.16363636363636364,0.6514773427962428,Orthogonal,3
REACTOME_DEGRADATION_OF_THE_EXTRACELLULAR_MATRIX,embedding_10,10,-0.14813312021719405,0.6829762430530151,-0.06666666666666665,0.8548130882487426,Orthogonal,3
REACTOME_DEGRADATION_OF_THE_EXTRACELLULAR_MATRIX,embedding_11,10,0.20428289138813738,0.5713173827778109,0.23636363636363633,0.5108853175152002,Orthogonal,3
REACTOME_DEGRADATION_OF_THE_EXTRACELLULAR_MATRIX,embedding_12,10,-0.15250246386244218,0.674051711599901,-0.16363636363636364,0.6514773427962428,Orthogonal,3
REACTOME_DEGRADATION_OF_THE_EXTRACELLULAR_MATRIX,embedding_13,10,-0.07321439950361341,0.8406992381275071,0.09090909090909088,0.8027717312071619,Orthogonal,3
REACTOME_DEGRADATION_OF_THE_EXTRACELLULAR_MATRIX,embedding_14,10,-0.229991044413016,0.5226728255932818,-0.18787878787878787,0.603217610029209,Orthogonal,3
REACTOME_DEGRADATION_OF_THE_EXTRACELLULAR_MATRIX,embedding_15,10,0.2572036750455511,0.4731331489250994,0.3696969696969697,0.2930500752928223,Orthogonal,3
REACTOME_DEGRADATION_OF_THE_EXTRACELLULAR_MATRIX,embedding_16,10,-0.18738759873455285,0.6041825499844857,-0.10303030303030303,0.7769984634438898,Orthogonal,3
REACTOME_DEGRADATION_OF_THE_EXTRACELLULAR_MATRIX,embedding_17,10,0.11331249079509341,0.7552870784815449,0.11515151515151514,0.7514196523258483,Orthogonal,3
REACTOME_DEGRADATION_OF_THE_EXTRACELLULAR_MATRIX,embedding_18,10,-0.28628618655842747,0.4226015501312642,-0.23636363636363633,0.5108853175152002,Orthogonal,3
REACTOME_DEGRADATION_OF_THE_EXTRACELLULAR_MATRIX,embedding_19,10,-0.217444427345522,0.5461996472271615,-0.11515151515151514,0.7514196523258483,Orthogonal,3
REACTOME_DEGRADATION_OF_THE_EXTRACELLULAR_MATRIX,embedding_20,10,0.21905736268528744,0.5431519124032717,0.23636363636363633,0.5108853175152002,Orthogonal,3
REACTOME_DEGRADATION_OF_THE_EXTRACELLULAR_MATRIX,embedding_21,10,-0.22456993424023503,0.5327870081463902,-0.18787878787878787,0.603217610029209,Orthogonal,3
REACTOME_DEGRADATION_OF_THE_EXTRACELLULAR_MATRIX,embedding_22,10,-0.22426224467939215,0.5333634218163497,-0.2121212121212121,0.5563057751029299,Orthogonal,3
REACTOME_DEGRADATION_OF_THE_EXTRACELLULAR_MATRIX,embedding_23,10,-0.036991790229836674,0.9191910976856137,0.0303030303030303,0.9337729580941466,Orthogonal,3
REACTOME_DEGRADATION_OF_THE_EXTRACELLULAR_MATRIX,embedding_24,10,0.24856303349384481,0.48863504828549553,0.1515151515151515,0.6760651759978538,Orthogonal,3
REACTOME_DEGRADATION_OF_THE_EXTRACELLULAR_MATRIX,embedding_25,10,0.29046196537793956,0.415561667024145,0.2121212121212121,0.5563057751029299,Orthogonal,3
REACTOME_DEGRADATION_OF_THE_EXTRACELLULAR_MATRIX,embedding_26,10,-0.14513375986285115,0.6891231476026711,-0.16363636363636364,0.6514773427962428,Orthogonal,3
REACTOME_DEGRADATION_OF_THE_EXTRACELLULAR_MATRIX,embedding_27,10,0.41619657728705384,0.23155980437039678,0.41818181818181815,0.22911284098281892,Orthogonal,3
REACTOME_DEGRADATION_OF_THE_EXTRACELLULAR_MATRIX,embedding_28,10,0.2634377290035611,0.46208501295963506,0.18787878787878787,0.603217610029209,Orthogonal,3
REACTOME_DEGRADATION_OF_THE_EXTRACELLULAR_MATRIX,embedding_29,10,-0.22272902748857773,0.5362394325722958,-0.10303030303030303,0.7769984634438898,Orthogonal,3
REACTOME_DEGRADATION_OF_THE_EXTRACELLULAR_MATRIX,embedding_30,10,-0.29259455490020836,0.4119878334181102,-0.28484848484848485,0.42503815489214547,Orthogonal,3
REACTOME_DEGRADATION_OF_THE_EXTRACELLULAR_MATRIX,embedding_31,10,-0.02818597929529293,0.9383921301802878,-0.13939393939393938,0.7009318849100584,Orthogonal,3
REACTOME_INTEGRIN_CELL_SURFACE_INTERACTIONS,embedding_0,10,-0.002327113162493564,0.9949094675246579,0.07878787878787878,0.8287173946974606,Orthogonal,3
REACTOME_INTEGRIN_CELL_SURFACE_INTERACTIONS,embedding_1,10,0.04383912406740421,0.9042860072107991,0.2121212121212121,0.5563057751029299,Orthogonal,3
REACTOME_INTEGRIN_CELL_SURFACE_INTERACTIONS,embedding_2,10,-0.018328718944242754,0.959919393875236,-0.006060606060606061,0.9867429111949892,Orthogonal,3
REACTOME_INTEGRIN_CELL_SURFACE_INTERACTIONS,embedding_3,10,0.14191687307951817,0.6957340954287689,0.0303030303030303,0.9337729580941466,Orthogonal,3
REACTOME_INTEGRIN_CELL_SURFACE_INTERACTIONS,embedding_4,10,0.5126825312917893,0.12970517640046325,0.34545454545454546,0.32822651147136733,Orthogonal,3
REACTOME_INTEGRIN_CELL_SURFACE_INTERACTIONS,embedding_5,10,0.07341540040693778,0.8402666007054409,0.01818181818181818,0.9602404181286243,Orthogonal,3
REACTOME_INTEGRIN_CELL_SURFACE_INTERACTIONS,embedding_6,10,-0.10912524922444776,0.7641109169055744,0.0303030303030303,0.9337729580941466,Orthogonal,3
REACTOME_INTEGRIN_CELL_SURFACE_INTERACTIONS,embedding_7,10,-0.15990215094280416,0.659021246213241,-0.10303030303030303,0.7769984634438898,Orthogonal,3
REACTOME_INTEGRIN_CELL_SURFACE_INTERACTIONS,embedding_8,10,-0.36742500657129723,0.29625734732893527,-0.2606060606060606,0.4670890543863402,Orthogonal,3
REACTOME_INTEGRIN_CELL_SURFACE_INTERACTIONS,embedding_9,10,0.009742349602017933,0.9786906328663414,-0.01818181818181818,0.9602404181286243,Orthogonal,3
REACTOME_INTEGRIN_CELL_SURFACE_INTERACTIONS,embedding_10,10,0.09692139373185497,0.7899648734811294,0.07878787878787878,0.8287173946974606,Orthogonal,3
REACTOME_INTEGRIN_CELL_SURFACE_INTERACTIONS,embedding_11,10,-0.014570181135996415,0.9681344940733612,0.04242424242424241,0.907363817812816,Orthogonal,3
REACTOME_INTEGRIN_CELL_SURFACE_INTERACTIONS,embedding_12,10,0.06020592057599847,0.8687758929908675,-0.01818181818181818,0.9602404181286243,Orthogonal,3
REACTOME_INTEGRIN_CELL_SURFACE_INTERACTIONS,embedding_13,10,0.1509250042036961,0.677269570651156,0.16363636363636364,0.6514773427962428,Orthogonal,3
REACTOME_INTEGRIN_CELL_SURFACE_INTERACTIONS,embedding_14,10,-0.06222836072617573,0.8644013617373338,-0.01818181818181818,0.9602404181286243,Orthogonal,3
REACTOME_INTEGRIN_CELL_SURFACE_INTERACTIONS,embedding_15,10,0.3958607024962785,0.25747047335131007,0.4666666666666666,0.17393859716506632,Orthogonal,3
REACTOME_INTEGRIN_CELL_SURFACE_INTERACTIONS,embedding_16,10,-0.008491127542038809,0.9814269976398928,0.0303030303030303,0.9337729580941466,Orthogonal,3
REACTOME_INTEGRIN_CELL_SURFACE_INTERACTIONS,embedding_17,10,-0.1967357027986038,0.5859144207148501,-0.22424242424242422,0.5334005612725947,Orthogonal,3
REACTOME_INTEGRIN_CELL_SURFACE_INTERACTIONS,embedding_18,10,-0.2999421640208917,0.3997868131458058,-0.11515151515151514,0.7514196523258483,Orthogonal,3
REACTOME_INTEGRIN_CELL_SURFACE_INTERACTIONS,embedding_19,10,-0.31608355322450776,0.37360492669580914,-0.19999999999999998,0.5795840000000001,Orthogonal,3
REACTOME_INTEGRIN_CELL_SURFACE_INTERACTIONS,embedding_20,10,-0.0056056577890130545,0.9877380089048187,0.04242424242424241,0.907363817812816,Orthogonal,3
REACTOME_INTEGRIN_CELL_SURFACE_INTERACTIONS,embedding_21,10,-0.012368300030003035,0.9729484821393479,-0.01818181818181818,0.9602404181286243,Orthogonal,3
REACTOME_INTEGRIN_CELL_SURFACE_INTERACTIONS,embedding_22,10,-0.05920267493186931,0.8709471072212087,-0.04242424242424241,0.907363817812816,Orthogonal,3
REACTOME_INTEGRIN_CELL_SURFACE_INTERACTIONS,embedding_23,10,0.2213777430877964,0.5387793206580214,0.29696969696969694,0.4047016712701569,Orthogonal,3
REACTOME_INTEGRIN_CELL_SURFACE_INTERACTIONS,embedding_24,10,0.08473522042747503,0.8159668648545211,0.05454545454545454,0.8810361811618526,Orthogonal,3
REACTOME_INTEGRIN_CELL_SURFACE_INTERACTIONS,embedding_25,10,0.287607211101839,0.42036845882422474,0.1515151515151515,0.6760651759978538,Orthogonal,3
REACTOME_INTEGRIN_CELL_SURFACE_INTERACTIONS,embedding_26,10,0.08067148183669332,0.8246750956964575,-0.01818181818181818,0.9602404181286243,Orthogonal,3
REACTOME_INTEGRIN_CELL_SURFACE_INTERACTIONS,embedding_27,10,0.41173023976700684,0.2371186915861633,0.35757575757575755,0.3103760917056799,Orthogonal,3
REACTOME_INTEGRIN_CELL_SURFACE_INTERACTIONS,embedding_28,10,0.07991128778798973,0.826306065676929,0.01818181818181818,0.9602404181286243,Orthogonal,3
REACTOME_INTEGRIN_CELL_SURFACE_INTERACTIONS,embedding_29,10,-0.07318692154148167,0.8407583851004519,-0.0303030303030303,0.9337729580941466,Orthogonal,3
REACTOME_INTEGRIN_CELL_SURFACE_INTERACTIONS,embedding_30,10,-0.3212666937079153,0.3653822078331776,-0.12727272727272726,0.7260570147627894,Orthogonal,3
REACTOME_INTEGRIN_CELL_SURFACE_INTERACTIONS,embedding_31,10,-0.34229951772965617,0.33295786054339493,-0.29696969696969694,0.4047016712701569,Orthogonal,3
REACTOME_EXTRACELLULAR_MATRIX_ORGANIZATION,embedding_0,10,0.3905839465814,0.2644441878520754,0.49090909090909085,0.14965567342083677,Orthogonal,3
REACTOME_EXTRACELLULAR_MATRIX_ORGANIZATION,embedding_1,10,0.0062321445511477475,0.9863677132755038,0.4424242424242424,0.20042268671194224,Orthogonal,3
REACTOME_EXTRACELLULAR_MATRIX_ORGANIZATION,embedding_2,10,0.35624162460290637,0.31231526615761585,0.3696969696969697,0.2930500752928223,Orthogonal,3
REACTOME_EXTRACELLULAR_MATRIX_ORGANIZATION,embedding_3,10,0.4990424240630418,0.1419986744787348,0.5515151515151515,0.09840117666963498,Orthogonal,3
REACTOME_EXTRACELLULAR_MATRIX_ORGANIZATION,embedding_4,10,0.5392958228378085,0.10766971675075268,0.5030303030303029,0.13833369839449197,Orthogonal,3
REACTOME_EXTRACELLULAR_MATRIX_ORGANIZATION,embedding_5,10,0.44317621659792494,0.19956800899789903,0.43030303030303024,0.21449233253280775,Orthogonal,3
REACTOME_EXTRACELLULAR_MATRIX_ORGANIZATION,embedding_6,10,-0.4564428646496269,0.18483872469424095,-0.49090909090909085,0.14965567342083677,Orthogonal,3
REACTOME_EXTRACELLULAR_MATRIX_ORGANIZATION,embedding_7,10,-0.5277183308375138,0.11694158211940174,-0.7333333333333332,0.01580059625057158,Orthogonal,3
REACTOME_EXTRACELLULAR_MATRIX_ORGANIZATION,embedding_8,10,-0.5738513518551372,0.08280471162462523,-0.6484848484848483,0.04254012768448945,Orthogonal,3
REACTOME_EXTRACELLULAR_MATRIX_ORGANIZATION,embedding_9,10,-0.3784747699920217,0.2808344345923217,-0.4666666666666666,0.17393859716506632,Orthogonal,3
REACTOME_EXTRACELLULAR_MATRIX_ORGANIZATION,embedding_10,10,-0.17887648641653991,0.6209892561237089,-0.28484848484848485,0.42503815489214547,Orthogonal,3
REACTOME_EXTRACELLULAR_MATRIX_ORGANIZATION,embedding_11,10,0.3656123100933163,0.2988296447217629,0.41818181818181815,0.22911284098281892,Orthogonal,3
REACTOME_EXTRACELLULAR_MATRIX_ORGANIZATION,embedding_12,10,-0.3048788207125879,0.39168797487439266,-0.3939393939393939,0.25999776683488757,Orthogonal,3
REACTOME_EXTRACELLULAR_MATRIX_ORGANIZATION,embedding_13,10,-0.10304164080653744,0.7769744436072397,-0.11515151515151514,0.7514196523258483,Orthogonal,3
REACTOME_EXTRACELLULAR_MATRIX_ORGANIZATION,embedding_14,10,-0.44539852013987047,0.1970546005292378,-0.5393939393939393,0.1075931877824148,Orthogonal,3
REACTOME_EXTRACELLULAR_MATRIX_ORGANIZATION,embedding_15,10,0.6082316966349652,0.06207626863489928,0.7696969696969697,0.009221952722215994,Orthogonal,3
REACTOME_EXTRACELLULAR_MATRIX_ORGANIZATION,embedding_16,10,-0.37874129416859087,0.2804679092667135,-0.34545454545454546,0.32822651147136733,Orthogonal,3
REACTOME_EXTRACELLULAR_MATRIX_ORGANIZATION,embedding_17,10,0.11375201561414655,0.7543623192735507,0.12727272727272726,0.7260570147627894,Orthogonal,3
REACTOME_EXTRACELLULAR_MATRIX_ORGANIZATION,embedding_18,10,-0.5998910942875443,0.06675047002173753,-0.7212121212121211,0.018573155089460208,Orthogonal,3
REACTOME_EXTRACELLULAR_MATRIX_ORGANIZATION,embedding_19,10,-0.5753460692075892,0.08182202833670771,-0.7333333333333332,0.01580059625057158,Orthogonal,3
REACTOME_EXTRACELLULAR_MATRIX_ORGANIZATION,embedding_20,10,0.3756396367725427,0.2847493432921844,0.41818181818181815,0.22911284098281892,Orthogonal,3
REACTOME_EXTRACELLULAR_MATRIX_ORGANIZATION,embedding_21,10,-0.4082713444386011,0.2414747885444084,-0.5393939393939393,0.1075931877824148,Orthogonal,3
REACTOME_EXTRACELLULAR_MATRIX_ORGANIZATION,embedding_22,10,-0.44957564077450074,0.1923805168355842,-0.6727272727272726,0.0330412225454377,Orthogonal,3
REACTOME_EXTRACELLULAR_MATRIX_ORGANIZATION,embedding_23,10,-0.04501685292348674,0.9017249516808681,-0.006060606060606061,0.9867429111949892,Orthogonal,3
REACTOME_EXTRACELLULAR_MATRIX_ORGANIZATION,embedding_24,10,0.4557313336185234,0.18561192506207957,0.5030303030303029,0.13833369839449197,Orthogonal,3
REACTOME_EXTRACELLULAR_MATRIX_ORGANIZATION,embedding_25,10,0.6053594441667107,0.06366083211583706,0.7454545454545454,0.013330146315440047,Orthogonal,3
REACTOME_EXTRACELLULAR_MATRIX_ORGANIZATION,embedding_26,10,-0.2695126149000909,0.45143089040992557,-0.3939393939393939,0.25999776683488757,Orthogonal,3
REACTOME_EXTRACELLULAR_MATRIX_ORGANIZATION,embedding_27,10,0.7081940385919845,0.021907976467933854,0.8060606060606059,0.004862061101964606,Orthogonal,3
REACTOME_EXTRACELLULAR_MATRIX_ORGANIZATION,embedding_28,10,0.4573891430322978,0.18381337609076429,0.5393939393939393,0.1075931877824148,Orthogonal,3
REACTOME_EXTRACELLULAR_MATRIX_ORGANIZATION,embedding_29,10,-0.44935226665572486,0.1926288075346782,-0.5515151515151515,0.09840117666963498,Orthogonal,3
REACTOME_EXTRACELLULAR_MATRIX_ORGANIZATION,embedding_30,10,-0.6198486843664871,0.05593236637916878,-0.7575757575757575,0.011143446799694208,Orthogonal,3
REACTOME_EXTRACELLULAR_MATRIX_ORGANIZATION,embedding_31,10,-0.11442507096834288,0.752946757335498,-0.07878787878787878,0.8287173946974606,Orthogonal,3
REACTOME_ASSEMBLY_OF_COLLAGEN_FIBRILS_AND_OTHER_MULTIMERIC_STRUCTURES,embedding_0,10,0.015852715122768896,0.965330899187119,0.10303030303030303,0.7769984634438898,Orthogonal,3
REACTOME_ASSEMBLY_OF_COLLAGEN_FIBRILS_AND_OTHER_MULTIMERIC_STRUCTURES,embedding_1,10,-0.019368955508071176,0.9576463014730034,-0.1515151515151515,0.6760651759978538,Orthogonal,3
REACTOME_ASSEMBLY_OF_COLLAGEN_FIBRILS_AND_OTHER_MULTIMERIC_STRUCTURES,embedding_2,10,0.009500499417445008,0.9792195332263715,0.18787878787878787,0.603217610029209,Orthogonal,3
REACTOME_ASSEMBLY_OF_COLLAGEN_FIBRILS_AND_OTHER_MULTIMERIC_STRUCTURES,embedding_3,10,0.1549199285043458,0.6691295630877647,0.05454545454545454,0.8810361811618526,Orthogonal,3
REACTOME_ASSEMBLY_OF_COLLAGEN_FIBRILS_AND_OTHER_MULTIMERIC_STRUCTURES,embedding_4,10,0.4717681893048055,0.16864615006086214,0.3939393939393939,0.25999776683488757,Orthogonal,3
REACTOME_ASSEMBLY_OF_COLLAGEN_FIBRILS_AND_OTHER_MULTIMERIC_STRUCTURES,embedding_5,10,0.09205692488354578,0.8003233609346825,0.18787878787878787,0.603217610029209,Orthogonal,3
REACTOME_ASSEMBLY_OF_COLLAGEN_FIBRILS_AND_OTHER_MULTIMERIC_STRUCTURES,embedding_6,10,-0.1222634530814559,0.7365109225110766,0.006060606060606061,0.9867429111949892,Orthogonal,3
REACTOME_ASSEMBLY_OF_COLLAGEN_FIBRILS_AND_OTHER_MULTIMERIC_STRUCTURES,embedding_7,10,-0.15656884897866252,0.6657787149334506,-0.01818181818181818,0.9602404181286243,Orthogonal,3
REACTOME_ASSEMBLY_OF_COLLAGEN_FIBRILS_AND_OTHER_MULTIMERIC_STRUCTURES,embedding_8,10,-0.3030050258711542,0.3947526259064764,-0.18787878787878787,0.603217610029209,Orthogonal,3
REACTOME_ASSEMBLY_OF_COLLAGEN_FIBRILS_AND_OTHER_MULTIMERIC_STRUCTURES,embedding_9,10,-0.018215972132890987,0.9601657805696551,-0.09090909090909088,0.8027717312071619,Orthogonal,3
REACTOME_ASSEMBLY_OF_COLLAGEN_FIBRILS_AND_OTHER_MULTIMERIC_STRUCTURES,embedding_10,10,0.03413675047272384,0.925412816616316,-0.006060606060606061,0.9867429111949892,Orthogonal,3
REACTOME_ASSEMBLY_OF_COLLAGEN_FIBRILS_AND_OTHER_MULTIMERIC_STRUCTURES,embedding_11,10,0.013109134949084826,0.9713286947847062,0.16363636363636364,0.6514773427962428,Orthogonal,3
REACTOME_ASSEMBLY_OF_COLLAGEN_FIBRILS_AND_OTHER_MULTIMERIC_STRUCTURES,embedding_12,10,0.023208497739151845,0.9492587480658464,-0.10303030303030303,0.7769984634438898,Orthogonal,3
REACTOME_ASSEMBLY_OF_COLLAGEN_FIBRILS_AND_OTHER_MULTIMERIC_STRUCTURES,embedding_13,10,0.08747572302719579,0.8101043801942135,0.05454545454545454,0.8810361811618526,Orthogonal,3
REACTOME_ASSEMBLY_OF_COLLAGEN_FIBRILS_AND_OTHER_MULTIMERIC_STRUCTURES,embedding_14,10,-0.07798027313555916,0.8304516684480487,-0.07878787878787878,0.8287173946974606,Orthogonal,3
REACTOME_ASSEMBLY_OF_COLLAGEN_FIBRILS_AND_OTHER_MULTIMERIC_STRUCTURES,embedding_15,10,0.3655708024158846,0.2988886846508174,0.35757575757575755,0.3103760917056799,Orthogonal,3
REACTOME_ASSEMBLY_OF_COLLAGEN_FIBRILS_AND_OTHER_MULTIMERIC_STRUCTURES,embedding_16,10,-0.034842305230763336,0.9238749169788502,-0.12727272727272726,0.7260570147627894,Orthogonal,3
REACTOME_ASSEMBLY_OF_COLLAGEN_FIBRILS_AND_OTHER_MULTIMERIC_STRUCTURES,embedding_17,10,-0.13916360752180396,0.7014069790258899,-0.006060606060606061,0.9867429111949892,Orthogonal,3
REACTOME_ASSEMBLY_OF_COLLAGEN_FIBRILS_AND_OTHER_MULTIMERIC_STRUCTURES,embedding_18,10,-0.2520901505798885,0.4822809547359469,-0.04242424242424241,0.907363817812816,Orthogonal,3
REACTOME_ASSEMBLY_OF_COLLAGEN_FIBRILS_AND_OTHER_MULTIMERIC_STRUCTURES,embedding_19,10,-0.27547209018680163,0.44108824852121115,-0.06666666666666665,0.8548130882487426,Orthogonal,3
REACTOME_ASSEMBLY_OF_COLLAGEN_FIBRILS_AND_OTHER_MULTIMERIC_STRUCTURES,embedding_20,10,0.023266378821127594,0.9491323381963277,0.16363636363636364,0.6514773427962428,Orthogonal,3
REACTOME_ASSEMBLY_OF_COLLAGEN_FIBRILS_AND_OTHER_MULTIMERIC_STRUCTURES,embedding_21,10,-0.03639978225126064,0.9204808905310877,-0.07878787878787878,0.8287173946974606,Orthogonal,3
REACTOME_ASSEMBLY_OF_COLLAGEN_FIBRILS_AND_OTHER_MULTIMERIC_STRUCTURES,embedding_22,10,-0.0673659230387652,0.8533039821526754,-0.06666666666666665,0.8548130882487426,Orthogonal,3
REACTOME_ASSEMBLY_OF_COLLAGEN_FIBRILS_AND_OTHER_MULTIMERIC_STRUCTURES,embedding_23,10,0.15264403256408263,0.6737631573841619,0.09090909090909088,0.8027717312071619,Orthogonal,3
REACTOME_ASSEMBLY_OF_COLLAGEN_FIBRILS_AND_OTHER_MULTIMERIC_STRUCTURES,embedding_24,10,0.10485679573532461,0.7731311233664062,0.12727272727272726,0.7260570147627894,Orthogonal,3
REACTOME_ASSEMBLY_OF_COLLAGEN_FIBRILS_AND_OTHER_MULTIMERIC_STRUCTURES,embedding_25,10,0.26390246493358316,0.4612660340197595,0.09090909090909088,0.8027717312071619,Orthogonal,3
REACTOME_ASSEMBLY_OF_COLLAGEN_FIBRILS_AND_OTHER_MULTIMERIC_STRUCTURES,embedding_26,10,0.03020177881876416,0.9339938381500845,-0.10303030303030303,0.7769984634438898,Orthogonal,3
REACTOME_ASSEMBLY_OF_COLLAGEN_FIBRILS_AND_OTHER_MULTIMERIC_STRUCTURES,embedding_27,10,0.34833591462278535,0.3239361240167989,0.2727272727272727,0.44583834154275137,Orthogonal,3
REACTOME_ASSEMBLY_OF_COLLAGEN_FIBRILS_AND_OTHER_MULTIMERIC_STRUCTURES,embedding_28,10,0.10062952828746466,0.7820884695775834,0.07878787878787878,0.8287173946974606,Orthogonal,3
REACTOME_ASSEMBLY_OF_COLLAGEN_FIBRILS_AND_OTHER_MULTIMERIC_STRUCTURES,embedding_29,10,-0.08674974970466878,0.8116565665558511,-0.05454545454545454,0.8810361811618526,Orthogonal,3
REACTOME_ASSEMBLY_OF_COLLAGEN_FIBRILS_AND_OTHER_MULTIMERIC_STRUCTURES,embedding_30,10,-0.2833176774220862,0.4276397259469289,-0.07878787878787878,0.8287173946974606,Orthogonal,3
REACTOME_ASSEMBLY_OF_COLLAGEN_FIBRILS_AND_OTHER_MULTIMERIC_STRUCTURES,embedding_31,10,-0.2669006078513846,0.4559981672738898,-0.13939393939393938,0.7009318849100584,Orthogonal,3
REACTOME_MOLECULES_ASSOCIATED_WITH_ELASTIC_FIBRES,embedding_0,10,0.7636180101348254,0.010153621970334575,0.6242424242424242,0.053717767217167395,Orthogonal,3
REACTOME_MOLECULES_ASSOCIATED_WITH_ELASTIC_FIBRES,embedding_1,10,0.05305606552540106,0.8842660082887103,0.43030303030303024,0.21449233253280775,Orthogonal,3
REACTOME_MOLECULES_ASSOCIATED_WITH_ELASTIC_FIBRES,embedding_2,10,0.7206310188887155,0.018713974646869264,0.5878787878787878,0.07387770688865801,Orthogonal,3
REACTOME_MOLECULES_ASSOCIATED_WITH_ELASTIC_FIBRES,embedding_3,10,0.8335668384493804,0.002731842631706804,0.8181818181818182,0.0038149200825507135,Orthogonal,3
REACTOME_MOLECULES_ASSOCIATED_WITH_ELASTIC_FIBRES,embedding_4,10,0.5504287505324591,0.09920390869745846,0.6242424242424242,0.053717767217167395,Orthogonal,3
REACTOME_MOLECULES_ASSOCIATED_WITH_ELASTIC_FIBRES,embedding_5,10,0.797664845506356,0.005698058123374254,0.6848484848484848,0.02888279750673276,Orthogonal,3
REACTOME_MOLECULES_ASSOCIATED_WITH_ELASTIC_FIBRES,embedding_6,10,-0.8288811262457909,0.00303449322775301,-0.8181818181818182,0.0038149200825507135,Orthogonal,3
REACTOME_MOLECULES_ASSOCIATED_WITH_ELASTIC_FIBRES,embedding_7,10,-0.878370272786805,0.000824703499497144,-0.9030303030303028,0.00034361219776328223,Orthogonal,3
REACTOME_MOLECULES_ASSOCIATED_WITH_ELASTIC_FIBRES,embedding_8,10,-0.7581173222363208,0.011052074696830285,-0.709090909090909,0.021665923367532435,Orthogonal,3
REACTOME_MOLECULES_ASSOCIATED_WITH_ELASTIC_FIBRES,embedding_9,10,-0.7445682000782727,0.013500954638037695,-0.6969696969696969,0.02509667588225183,Orthogonal,3
REACTOME_MOLECULES_ASSOCIATED_WITH_ELASTIC_FIBRES,embedding_10,10,-0.4297841939466589,0.21510687398534314,-0.5030303030303029,0.13833369839449197,Orthogonal,3
REACTOME_MOLECULES_ASSOCIATED_WITH_ELASTIC_FIBRES,embedding_11,10,0.7188580361611258,0.019148193840279534,0.5757575757575757,0.08155281477260236,Orthogonal,3
REACTOME_MOLECULES_ASSOCIATED_WITH_ELASTIC_FIBRES,embedding_12,10,-0.6701613121181405,0.03397083896835813,-0.5878787878787878,0.07387770688865801,Orthogonal,3
REACTOME_MOLECULES_ASSOCIATED_WITH_ELASTIC_FIBRES,embedding_13,10,-0.3669361492994121,0.296949891008566,-0.33333333333333326,0.34659350708733405,Orthogonal,3
REACTOME_MOLECULES_ASSOCIATED_WITH_ELASTIC_FIBRES,embedding_14,10,-0.8057724096790434,0.004889206458337345,-0.7696969696969697,0.009221952722215994,Orthogonal,3
REACTOME_MOLECULES_ASSOCIATED_WITH_ELASTIC_FIBRES,embedding_15,10,0.8293516786360269,0.0030030605186362235,0.8909090909090909,0.0005421442248338665,Orthogonal,3
REACTOME_MOLECULES_ASSOCIATED_WITH_ELASTIC_FIBRES,embedding_16,10,-0.743539554381218,0.013701097566835851,-0.6,0.06668799999999996,Orthogonal,3
REACTOME_MOLECULES_ASSOCIATED_WITH_ELASTIC_FIBRES,embedding_17,10,0.3925832660132412,0.26178982224411645,0.28484848484848485,0.42503815489214547,Orthogonal,3
REACTOME_MOLECULES_ASSOCIATED_WITH_ELASTIC_FIBRES,embedding_18,10,-0.8630082701690409,0.0013017102521312401,-0.8424242424242423,0.0022200312259168407,Orthogonal,3
REACTOME_MOLECULES_ASSOCIATED_WITH_ELASTIC_FIBRES,embedding_19,10,-0.8516897533157263,0.0017627859136319195,-0.9272727272727272,0.00011203450639397582,Orthogonal,3
REACTOME_MOLECULES_ASSOCIATED_WITH_ELASTIC_FIBRES,embedding_20,10,0.7203603639824171,0.01877981472076879,0.5757575757575757,0.08155281477260236,Orthogonal,3
REACTOME_MOLECULES_ASSOCIATED_WITH_ELASTIC_FIBRES,embedding_21,10,-0.7717073209376527,0.008927604266073494,-0.7696969696969697,0.009221952722215994,Orthogonal,3
REACTOME_MOLECULES_ASSOCIATED_WITH_ELASTIC_FIBRES,embedding_22,10,-0.818508154986344,0.0037891933055280553,-0.8666666666666665,0.0011735381801554687,Orthogonal,3
REACTOME_MOLECULES_ASSOCIATED_WITH_ELASTIC_FIBRES,embedding_23,10,-0.31923167563454896,0.3685998148158177,-0.18787878787878787,0.603217610029209,Orthogonal,3
REACTOME_MOLECULES_ASSOCIATED_WITH_ELASTIC_FIBRES,embedding_24,10,0.7995452960927133,0.0055025479202091285,0.7333333333333332,0.01580059625057158,Orthogonal,3
REACTOME_MOLECULES_ASSOCIATED_WITH_ELASTIC_FIBRES,embedding_25,10,0.9021841417009413,0.00035538923024646323,0.8787878787878788,0.0008138621117322101,Orthogonal,3
REACTOME_MOLECULES_ASSOCIATED_WITH_ELASTIC_FIBRES,embedding_26,10,-0.6080568862960751,0.06217195912030185,-0.5878787878787878,0.07387770688865801,Orthogonal,3
REACTOME_MOLECULES_ASSOCIATED_WITH_ELASTIC_FIBRES,embedding_27,10,0.8921617354450773,0.0005184798369202456,0.8909090909090909,0.0005421442248338665,Orthogonal,3
REACTOME_MOLECULES_ASSOCIATED_WITH_ELASTIC_FIBRES,embedding_28,10,0.7954944358072065,0.005929808674773981,0.7696969696969697,0.009221952722215994,Orthogonal,3
REACTOME_MOLECULES_ASSOCIATED_WITH_ELASTIC_FIBRES,embedding_29,10,-0.8099162788158671,0.004509164388844998,-0.8181818181818182,0.0038149200825507135,Orthogonal,3
REACTOME_MOLECULES_ASSOCIATED_WITH_ELASTIC_FIBRES,embedding_30,10,-0.8919868045042482,0.0005217382373579288,-0.8545454545454544,0.0016368033159867143,Orthogonal,3
REACTOME_MOLECULES_ASSOCIATED_WITH_ELASTIC_FIBRES,embedding_31,10,0.11399654829074356,0.7538479446780814,0.04242424242424241,0.907363817812816,Orthogonal,3
REACTOME_ECM_PROTEOGLYCANS,embedding_0,10,0.2853705917946097,0.42415253683929655,0.32121212121212117,0.3654683104386702,Orthogonal,3
REACTOME_ECM_PROTEOGLYCANS,embedding_1,10,-0.11725937681612798,0.7469929932095973,0.11515151515151514,0.7514196523258483,Orthogonal,3
REACTOME_ECM_PROTEOGLYCANS,embedding_2,10,0.2695997839997309,0.45127882626108584,0.22424242424242422,0.5334005612725947,Orthogonal,3
REACTOME_ECM_PROTEOGLYCANS,embedding_3,10,0.33873361632772864,0.3383473158777951,0.22424242424242422,0.5334005612725947,Orthogonal,3
REACTOME_ECM_PROTEOGLYCANS,embedding_4,10,0.22618571423025752,0.5297642049031249,0.05454545454545454,0.8810361811618526,Orthogonal,3
REACTOME_ECM_PROTEOGLYCANS,embedding_5,10,0.30882770309712415,0.3852673514554835,0.23636363636363633,0.5108853175152002,Orthogonal,3
REACTOME_ECM_PROTEOGLYCANS,embedding_6,10,-0.3027090038588899,0.39523783386319555,-0.10303030303030303,0.7769984634438898,Orthogonal,3
REACTOME_ECM_PROTEOGLYCANS,embedding_7,10,-0.33885096176559515,0.33816925537040243,-0.29696969696969694,0.4047016712701569,Orthogonal,3
REACTOME_ECM_PROTEOGLYCANS,embedding_8,10,-0.3359439728469091,0.3425944430907405,-0.24848484848484845,0.48877630451924314,Orthogonal,3
REACTOME_ECM_PROTEOGLYCANS,embedding_9,10,-0.26142321828808546,0.4656425433055392,-0.23636363636363633,0.5108853175152002,Orthogonal,3
REACTOME_ECM_PROTEOGLYCANS,embedding_10,10,-0.1986470058205753,0.5822047409355918,-0.12727272727272726,0.7260570147627894,Orthogonal,3
REACTOME_ECM_PROTEOGLYCANS,embedding_11,10,0.27336405717067214,0.4447342786496487,0.28484848484848485,0.42503815489214547,Orthogonal,3
REACTOME_ECM_PROTEOGLYCANS,embedding_12,10,-0.238314896410403,0.5072983831752913,-0.23636363636363633,0.5108853175152002,Orthogonal,3
REACTOME_ECM_PROTEOGLYCANS,embedding_13,10,-0.15682847342781644,0.6652516031665929,-0.07878787878787878,0.8287173946974606,Orthogonal,3
REACTOME_ECM_PROTEOGLYCANS,embedding_14,10,-0.3090670574298701,0.3848798357853491,-0.23636363636363633,0.5108853175152002,Orthogonal,3
REACTOME_ECM_PROTEOGLYCANS,embedding_15,10,0.33460238313400525,0.3446465862664598,0.2606060606060606,0.4670890543863402,Orthogonal,3
REACTOME_ECM_PROTEOGLYCANS,embedding_16,10,-0.2754015793217258,0.4412099819139276,-0.17575757575757575,0.6271883447764844,Orthogonal,3
REACTOME_ECM_PROTEOGLYCANS,embedding_17,10,0.13355942792523412,0.7129948167870741,0.13939393939393938,0.7009318849100584,Orthogonal,3
REACTOME_ECM_PROTEOGLYCANS,embedding_18,10,-0.36194986539479695,0.304062903349208,-0.28484848484848485,0.42503815489214547,Orthogonal,3
REACTOME_ECM_PROTEOGLYCANS,embedding_19,10,-0.3470036461040466,0.3259162494078521,-0.3939393939393939,0.25999776683488757,Orthogonal,3
REACTOME_ECM_PROTEOGLYCANS,embedding_20,10,0.2857028833072915,0.4235893396407186,0.28484848484848485,0.42503815489214547,Orthogonal,3
REACTOME_ECM_PROTEOGLYCANS,embedding_21,10,-0.28551602705099227,0.42390599727996064,-0.23636363636363633,0.5108853175152002,Orthogonal,3
REACTOME_ECM_PROTEOGLYCANS,embedding_22,10,-0.30723270453456286,0.38785450922020137,-0.24848484848484845,0.48877630451924314,Orthogonal,3
REACTOME_ECM_PROTEOGLYCANS,embedding_23,10,-0.11158618255125463,0.7589219266798322,-0.04242424242424241,0.907363817812816,Orthogonal,3
REACTOME_ECM_PROTEOGLYCANS,embedding_24,10,0.3154323095742172,0.37464448497353353,0.2727272727272727,0.44583834154275137,Orthogonal,3
REACTOME_ECM_PROTEOGLYCANS,embedding_25,10,0.39271164130723757,0.26161989005566766,0.35757575757575755,0.3103760917056799,Orthogonal,3
REACTOME_ECM_PROTEOGLYCANS,embedding_26,10,-0.24719512639352834,0.49110896470940185,-0.23636363636363633,0.5108853175152002,Orthogonal,3
REACTOME_ECM_PROTEOGLYCANS,embedding_27,10,0.4692917627439888,0.17120308342738982,0.3696969696969697,0.2930500752928223,Orthogonal,3
REACTOME_ECM_PROTEOGLYCANS,embedding_28,10,0.31442130003498425,0.376261145772166,0.23636363636363633,0.5108853175152002,Orthogonal,3
REACTOME_ECM_PROTEOGLYCANS,embedding_29,10,-0.3157042034104182,0.37421029678261153,-0.22424242424242422,0.5334005612725947,Orthogonal,3
REACTOME_ECM_PROTEOGLYCANS,embedding_30,10,-0.38971592676616323,0.26560118376926256,-0.34545454545454546,0.32822651147136733,Orthogonal,3
REACTOME_ECM_PROTEOGLYCANS,embedding_31,10,0.013722711972280657,0.9699872197777424,0.09090909090909088,0.8027717312071619,Orthogonal,3
REACTOME_ELASTIC_FIBRE_FORMATION,embedding_0,10,0.35321349804914665,0.3167402006554846,0.4787878787878787,0.1615229280174558,Orthogonal,4
REACTOME_ELASTIC_FIBRE_FORMATION,embedding_1,10,-0.5363720872851491,0.10996591516584422,-0.6121212121212121,0.05997214247725524,Orthogonal,4
REACTOME_ELASTIC_FIBRE_FORMATION,embedding_2,10,0.1163189766233195,0.7489670853331919,0.22424242424242422,0.5334005612725947,Orthogonal,4
REACTOME_ELASTIC_FIBRE_FORMATION,embedding_3,10,-0.26122512324562447,0.46599302350327265,-0.406060606060606,0.24428229408662638,Orthogonal,4
REACTOME_ELASTIC_FIBRE_FORMATION,embedding_4,10,0.30822380801433796,0.3862459045186347,0.4666666666666666,0.17393859716506632,Orthogonal,4
REACTOME_ELASTIC_FIBRE_FORMATION,embedding_5,10,0.5467278491965272,0.10196960130293684,0.6,0.06668799999999996,Orthogonal,4
REACTOME_ELASTIC_FIBRE_FORMATION,embedding_6,10,0.04152338601646516,0.9093240436093075,0.09090909090909088,0.8027717312071619,Orthogonal,4
REACTOME_ELASTIC_FIBRE_FORMATION,embedding_7,10,-0.29798771831630083,0.40301518012875037,-0.4787878787878787,0.1615229280174558,Orthogonal,4
REACTOME_ELASTIC_FIBRE_FORMATION,embedding_8,10,0.4886482034125329,0.15182771598198846,0.6,0.06668799999999996,Orthogonal,4
REACTOME_ELASTIC_FIBRE_FORMATION,embedding_9,10,-0.5384522050227605,0.10832913636700389,-0.5636363636363636,0.08972402831709125,Orthogonal,4
REACTOME_ELASTIC_FIBRE_FORMATION,embedding_10,10,0.12096487228175176,0.7392273823724742,0.04242424242424241,0.907363817812816,Orthogonal,4
REACTOME_ELASTIC_FIBRE_FORMATION,embedding_11,10,-0.5349565048506844,0.11108862754387952,-0.6,0.06668799999999996,Orthogonal,4
REACTOME_ELASTIC_FIBRE_FORMATION,embedding_12,10,0.4422329635085388,0.20064042906983787,0.6,0.06668799999999996,Orthogonal,4
REACTOME_ELASTIC_FIBRE_FORMATION,embedding_13,10,-0.1365588426428444,0.7067861497138377,-0.13939393939393938,0.7009318849100584,Orthogonal,4
REACTOME_ELASTIC_FIBRE_FORMATION,embedding_14,10,-0.4294530251393585,0.21549965827190765,-0.6121212121212121,0.05997214247725524,Orthogonal,4
REACTOME_ELASTIC_FIBRE_FORMATION,embedding_15,10,-0.23762048432900487,0.5085736861561073,-0.32121212121212117,0.3654683104386702,Orthogonal,4
REACTOME_ELASTIC_FIBRE_FORMATION,embedding_16,10,-0.44050505951646546,0.20261361617630044,-0.5878787878787878,0.07387770688865801,Orthogonal,4
REACTOME_ELASTIC_FIBRE_FORMATION,embedding_17,10,-0.44670246073491293,0.1955884897583415,-0.5151515151515151,0.12755286970323426,Orthogonal,4
REACTOME_ELASTIC_FIBRE_FORMATION,embedding_18,10,0.5303445404135355,0.11479620807165258,0.6484848484848483,0.04254012768448945,Orthogonal,4
REACTOME_ELASTIC_FIBRE_FORMATION,embedding_19,10,0.40650404706423837,0.24371769341282967,0.5757575757575757,0.08155281477260236,Orthogonal,4
REACTOME_ELASTIC_FIBRE_FORMATION,embedding_20,10,-0.22068373373210598,0.5400856542540124,-0.17575757575757575,0.6271883447764844,Orthogonal,4
REACTOME_ELASTIC_FIBRE_FORMATION,embedding_21,10,0.5437103061425184,0.10426036034323138,0.5636363636363636,0.08972402831709125,Orthogonal,4
REACTOME_ELASTIC_FIBRE_FORMATION,embedding_22,10,-0.23943526010972205,0.50524364089248,-0.5515151515151515,0.09840117666963498,Orthogonal,4
REACTOME_ELASTIC_FIBRE_FORMATION,embedding_23,10,0.21601540350130155,0.5489055022764298,0.5636363636363636,0.08972402831709125,Orthogonal,4
REACTOME_ELASTIC_FIBRE_FORMATION,embedding_24,10,0.26366095611699414,0.461691551152784,0.406060606060606,0.24428229408662638,Orthogonal,4
REACTOME_ELASTIC_FIBRE_FORMATION,embedding_25,10,0.1043973904291821,0.7741034293671999,0.04242424242424241,0.907363817812816,Orthogonal,4
REACTOME_ELASTIC_FIBRE_FORMATION,embedding_26,10,0.20562365258136256,0.5687387594646435,0.11515151515151514,0.7514196523258483,Orthogonal,4
REACTOME_ELASTIC_FIBRE_FORMATION,embedding_27,10,0.31551919375398,0.3745057123435438,0.4787878787878787,0.1615229280174558,Orthogonal,4
REACTOME_ELASTIC_FIBRE_FORMATION,embedding_28,10,0.12566300399859634,0.729412011461197,0.1515151515151515,0.6760651759978538,Orthogonal,4
REACTOME_ELASTIC_FIBRE_FORMATION,embedding_29,10,-0.015721711743169074,0.9656172548614712,0.04242424242424241,0.907363817812816,Orthogonal,4
REACTOME_ELASTIC_FIBRE_FORMATION,embedding_30,10,-0.43549345522527916,0.2084000543539029,-0.49090909090909085,0.14965567342083677,Orthogonal,4
REACTOME_ELASTIC_FIBRE_FORMATION,embedding_31,10,0.5542933600173631,0.09636718361831546,0.6,0.06668799999999996,Orthogonal,4
REACTOME_NON_INTEGRIN_MEMBRANE_ECM_INTERACTIONS,embedding_0,10,0.5850448186455116,0.07562828059191262,0.7454545454545454,0.013330146315440047,Orthogonal,4
REACTOME_NON_INTEGRIN_MEMBRANE_ECM_INTERACTIONS,embedding_1,10,-0.4850152137613825,0.1553577391988893,-0.4666666666666666,0.17393859716506632,Orthogonal,4
REACTOME_NON_INTEGRIN_MEMBRANE_ECM_INTERACTIONS,embedding_2,10,0.5909741611976824,0.07199597800789548,0.5030303030303029,0.13833369839449197,Orthogonal,4
REACTOME_NON_INTEGRIN_MEMBRANE_ECM_INTERACTIONS,embedding_3,10,-0.6020250737658194,0.06553334634187806,-0.7333333333333332,0.01580059625057158,Orthogonal,4
REACTOME_NON_INTEGRIN_MEMBRANE_ECM_INTERACTIONS,embedding_4,10,0.5519582769550668,0.09807494329692994,0.709090909090909,0.021665923367532435,Orthogonal,4
REACTOME_NON_INTEGRIN_MEMBRANE_ECM_INTERACTIONS,embedding_5,10,0.49858829736655186,0.14241975268712892,0.5757575757575757,0.08155281477260236,Orthogonal,4
REACTOME_NON_INTEGRIN_MEMBRANE_ECM_INTERACTIONS,embedding_6,10,-0.35760727793235103,0.31033035337277115,-0.1515151515151515,0.6760651759978538,Orthogonal,4
REACTOME_NON_INTEGRIN_MEMBRANE_ECM_INTERACTIONS,embedding_7,10,-0.58228615249766,0.07735796211665416,-0.7454545454545454,0.013330146315440047,Orthogonal,4
REACTOME_NON_INTEGRIN_MEMBRANE_ECM_INTERACTIONS,embedding_8,10,0.5838378490403765,0.07638193140960248,0.5757575757575757,0.08155281477260236,Orthogonal,4
REACTOME_NON_INTEGRIN_MEMBRANE_ECM_INTERACTIONS,embedding_9,10,-0.48833875194042825,0.15212648458315003,-0.5030303030303029,0.13833369839449197,Orthogonal,4
REACTOME_NON_INTEGRIN_MEMBRANE_ECM_INTERACTIONS,embedding_10,10,0.5525821455054534,0.09761681075537437,0.38181818181818183,0.27625533338543595,Orthogonal,4
REACTOME_NON_INTEGRIN_MEMBRANE_ECM_INTERACTIONS,embedding_11,10,-0.43276473675260174,0.2115902958124189,-0.49090909090909085,0.14965567342083677,Orthogonal,4
REACTOME_NON_INTEGRIN_MEMBRANE_ECM_INTERACTIONS,embedding_12,10,0.5283470635703622,0.11642570312473047,0.5757575757575757,0.08155281477260236,Orthogonal,4
REACTOME_NON_INTEGRIN_MEMBRANE_ECM_INTERACTIONS,embedding_13,10,0.33614452019532365,0.34228821507322327,0.07878787878787878,0.8287173946974606,Orthogonal,4
REACTOME_NON_INTEGRIN_MEMBRANE_ECM_INTERACTIONS,embedding_14,10,0.04817475800925008,0.8948619484532869,-0.17575757575757575,0.6271883447764844,Orthogonal,4
REACTOME_NON_INTEGRIN_MEMBRANE_ECM_INTERACTIONS,embedding_15,10,0.20234532134808117,0.5750516339552861,-0.01818181818181818,0.9602404181286243,Orthogonal,4
REACTOME_NON_INTEGRIN_MEMBRANE_ECM_INTERACTIONS,embedding_16,10,0.22934130940554487,0.5238808699316619,-0.1515151515151515,0.6760651759978538,Orthogonal,4
REACTOME_NON_INTEGRIN_MEMBRANE_ECM_INTERACTIONS,embedding_17,10,-0.5369412819150762,0.10951649956889768,-0.6242424242424242,0.053717767217167395,Orthogonal,4
REACTOME_NON_INTEGRIN_MEMBRANE_ECM_INTERACTIONS,embedding_18,10,0.5115149110467379,0.1307307954304764,0.5030303030303029,0.13833369839449197,Orthogonal,4
REACTOME_NON_INTEGRIN_MEMBRANE_ECM_INTERACTIONS,embedding_19,10,0.5476731588953874,0.10125858448625016,0.5636363636363636,0.08972402831709125,Orthogonal,4
REACTOME_NON_INTEGRIN_MEMBRANE_ECM_INTERACTIONS,embedding_20,10,-0.47094957152086603,0.16948884021130362,-0.28484848484848485,0.42503815489214547,Orthogonal,4
REACTOME_NON_INTEGRIN_MEMBRANE_ECM_INTERACTIONS,embedding_21,10,0.5147762899452717,0.12787853322381681,0.5030303030303029,0.13833369839449197,Orthogonal,4
REACTOME_NON_INTEGRIN_MEMBRANE_ECM_INTERACTIONS,embedding_22,10,-0.5700363958892479,0.08534716540474872,-0.6,0.06668799999999996,Orthogonal,4
REACTOME_NON_INTEGRIN_MEMBRANE_ECM_INTERACTIONS,embedding_23,10,0.5668682115794788,0.08749628370380878,0.6363636363636362,0.04791172612997547,Orthogonal,4
REACTOME_NON_INTEGRIN_MEMBRANE_ECM_INTERACTIONS,embedding_24,10,-0.1539992358537174,0.67100283994625,0.13939393939393938,0.7009318849100584,Orthogonal,4
REACTOME_NON_INTEGRIN_MEMBRANE_ECM_INTERACTIONS,embedding_25,10,0.44140638534601306,0.20158294435609855,0.22424242424242422,0.5334005612725947,Orthogonal,4
REACTOME_NON_INTEGRIN_MEMBRANE_ECM_INTERACTIONS,embedding_26,10,0.5080518801387075,0.13380203099001112,0.4545454545454545,0.186904810349332,Orthogonal,4
REACTOME_NON_INTEGRIN_MEMBRANE_ECM_INTERACTIONS,embedding_27,10,0.599572109059439,0.06693366515725808,0.7454545454545454,0.013330146315440047,Orthogonal,4
REACTOME_NON_INTEGRIN_MEMBRANE_ECM_INTERACTIONS,embedding_28,10,-0.16626592869737966,0.6461820486600567,0.0303030303030303,0.9337729580941466,Orthogonal,4
REACTOME_NON_INTEGRIN_MEMBRANE_ECM_INTERACTIONS,embedding_29,10,-0.5105258661817598,0.13160345999252754,-0.19999999999999998,0.5795840000000001,Orthogonal,4
REACTOME_NON_INTEGRIN_MEMBRANE_ECM_INTERACTIONS,embedding_30,10,-0.6058020830862135,0.06341492650648435,-0.6727272727272726,0.0330412225454377,Orthogonal,4
REACTOME_NON_INTEGRIN_MEMBRANE_ECM_INTERACTIONS,embedding_31,10,0.439789636291621,0.20343387913482294,0.49090909090909085,0.14965567342083677,Orthogonal,4
REACTOME_COLLAGEN_FORMATION,embedding_0,10,-0.5622172749595441,0.09071357497550367,-0.4545454545454545,0.186904810349332,Orthogonal,4
REACTOME_COLLAGEN_FORMATION,embedding_1,10,0.5945819482624796,0.06984244856358252,0.5515151515151515,0.09840117666963498,Orthogonal,4
REACTOME_COLLAGEN_FORMATION,embedding_2,10,-0.523260655236465,0.12064006192545002,-0.4666666666666666,0.17393859716506632,Orthogonal,4
REACTOME_COLLAGEN_FORMATION,embedding_3,10,0.5839261710889144,0.07632661739874214,0.3939393939393939,0.25999776683488757,Orthogonal,4
REACTOME_COLLAGEN_FORMATION,embedding_4,10,-0.5160336194011852,0.12678930152145118,-0.43030303030303024,0.21449233253280775,Orthogonal,4
REACTOME_COLLAGEN_FORMATION,embedding_5,10,-0.5050367446414303,0.13651188321592372,-0.43030303030303024,0.21449233253280775,Orthogonal,4
REACTOME_COLLAGEN_FORMATION,embedding_6,10,0.23484642855440396,0.5136816280032287,0.05454545454545454,0.8810361811618526,Orthogonal,4
REACTOME_COLLAGEN_FORMATION,embedding_7,10,0.5828909171598948,0.07697660513788143,0.4545454545454545,0.186904810349332,Orthogonal,4
REACTOME_COLLAGEN_FORMATION,embedding_8,10,-0.6157895870786938,0.0580312023176081,-0.43030303030303024,0.21449233253280775,Orthogonal,4
REACTOME_COLLAGEN_FORMATION,embedding_9,10,0.591044343639444,0.07195367852071803,0.5878787878787878,0.07387770688865801,Orthogonal,4
REACTOME_COLLAGEN_FORMATION,embedding_10,10,-0.47187991992669426,0.1685313284005405,-0.3939393939393939,0.25999776683488757,Orthogonal,4
REACTOME_COLLAGEN_FORMATION,embedding_11,10,0.5561665046971612,0.09501102561564552,0.6,0.06668799999999996,Orthogonal,4
REACTOME_COLLAGEN_FORMATION,embedding_12,10,-0.5996525356271383,0.06688744473268247,-0.43030303030303024,0.21449233253280775,Orthogonal,4
REACTOME_COLLAGEN_FORMATION,embedding_13,10,-0.1684524595683052,0.641789770865743,0.12727272727272726,0.7260570147627894,Orthogonal,4
REACTOME_COLLAGEN_FORMATION,embedding_14,10,0.08636685426899388,0.8124754646073147,0.309090909090909,0.3848412302612835,Orthogonal,4
REACTOME_COLLAGEN_FORMATION,embedding_15,10,-0.07199971919542394,0.8433145483116866,0.19999999999999998,0.5795840000000001,Orthogonal,4
REACTOME_COLLAGEN_FORMATION,embedding_16,10,-0.12158268505627762,0.737934673699281,0.32121212121212117,0.3654683104386702,Orthogonal,4
REACTOME_COLLAGEN_FORMATION,embedding_17,10,0.6485063256900655,0.04253098694060656,0.6363636363636362,0.04791172612997547,Orthogonal,4
REACTOME_COLLAGEN_FORMATION,embedding_18,10,-0.5993925180831551,0.06703694985975012,-0.4666666666666666,0.17393859716506632,Orthogonal,4
REACTOME_COLLAGEN_FORMATION,embedding_19,10,-0.5680233989159005,0.08670869430975753,-0.5030303030303029,0.13833369839449197,Orthogonal,4
REACTOME_COLLAGEN_FORMATION,embedding_20,10,0.46032268319706116,0.1806560740423816,0.5151515151515151,0.12755286970323426,Orthogonal,4
REACTOME_COLLAGEN_FORMATION,embedding_21,10,-0.5903474276570039,0.07237443264594298,-0.5878787878787878,0.07387770688865801,Orthogonal,4
REACTOME_COLLAGEN_FORMATION,embedding_22,10,0.51297263397777,0.1294511281584773,0.43030303030303024,0.21449233253280775,Orthogonal,4
REACTOME_COLLAGEN_FORMATION,embedding_23,10,-0.4912404257713304,0.14933895346427226,-0.4545454545454545,0.186904810349332,Orthogonal,4
REACTOME_COLLAGEN_FORMATION,embedding_24,10,0.0058248747202061125,0.9872585188632386,-0.34545454545454546,0.32822651147136733,Orthogonal,4
REACTOME_COLLAGEN_FORMATION,embedding_25,10,-0.47365228296141526,0.16671618004432584,-0.3939393939393939,0.25999776683488757,Orthogonal,4
REACTOME_COLLAGEN_FORMATION,embedding_26,10,-0.48625312223112205,0.15414940067978466,-0.4787878787878787,0.1615229280174558,Orthogonal,4
REACTOME_COLLAGEN_FORMATION,embedding_27,10,-0.5651837949445959,0.08865289123433871,-0.4545454545454545,0.186904810349332,Orthogonal,4
REACTOME_COLLAGEN_FORMATION,embedding_28,10,-0.060365585651107466,0.868430419920431,-0.2121212121212121,0.5563057751029299,Orthogonal,4
REACTOME_COLLAGEN_FORMATION,embedding_29,10,0.3556759622515355,0.31313937725039276,0.1515151515151515,0.6760651759978538,Orthogonal,4
REACTOME_COLLAGEN_FORMATION,embedding_30,10,0.605270419060156,0.06371036497430124,0.5030303030303029,0.13833369839449197,Orthogonal,4
REACTOME_COLLAGEN_FORMATION,embedding_31,10,-0.5424479693501868,0.10522821697330359,-0.6,0.06668799999999996,Orthogonal,4
REACTOME_COLLAGEN_DEGRADATION,embedding_0,10,-0.643146884566562,0.04485306902125974,-0.6,0.06668799999999996,Orthogonal,4
REACTOME_COLLAGEN_DEGRADATION,embedding_1,10,0.7439119934002201,0.01362839450157532,0.6606060606060605,0.03758837757140939,Orthogonal,4
REACTOME_COLLAGEN_DEGRADATION,embedding_2,10,-0.5520607484853514,0.0979996006631411,-0.6121212121212121,0.05997214247725524,Orthogonal,4
REACTOME_COLLAGEN_DEGRADATION,embedding_3,10,0.6476237961952085,0.04290768013807186,0.5636363636363636,0.08972402831709125,Orthogonal,4
REACTOME_COLLAGEN_DEGRADATION,embedding_4,10,-0.576481034984081,0.08108090346551143,-0.5636363636363636,0.08972402831709125,Orthogonal,4
REACTOME_COLLAGEN_DEGRADATION,embedding_5,10,-0.628307396752884,0.05172136063983729,-0.5757575757575757,0.08155281477260236,Orthogonal,4
REACTOME_COLLAGEN_DEGRADATION,embedding_6,10,0.1913809755036908,0.5963536911183596,0.10303030303030303,0.7769984634438898,Orthogonal,4
REACTOME_COLLAGEN_DEGRADATION,embedding_7,10,0.6498356198759401,0.0419677989238127,0.6,0.06668799999999996,Orthogonal,4
REACTOME_COLLAGEN_DEGRADATION,embedding_8,10,-0.7468632882055543,0.01306178571973759,-0.5757575757575757,0.08155281477260236,Orthogonal,4
REACTOME_COLLAGEN_DEGRADATION,embedding_9,10,0.7378575221345149,0.014844153114912348,0.6848484848484848,0.02888279750673276,Orthogonal,4
REACTOME_COLLAGEN_DEGRADATION,embedding_10,10,-0.4923817925427419,0.14825105002481662,-0.5030303030303029,0.13833369839449197,Orthogonal,4
REACTOME_COLLAGEN_DEGRADATION,embedding_11,10,0.7141489886432532,0.020335258025283343,0.6969696969696969,0.02509667588225183,Orthogonal,4
REACTOME_COLLAGEN_DEGRADATION,embedding_12,10,-0.7024398240460746,0.023505459110848975,-0.5757575757575757,0.08155281477260236,Orthogonal,4
REACTOME_COLLAGEN_DEGRADATION,embedding_13,10,-0.112396249950258,0.7572157460674962,0.06666666666666665,0.8548130882487426,Orthogonal,4
REACTOME_COLLAGEN_DEGRADATION,embedding_14,10,0.2233889608200381,0.5350007659531906,0.38181818181818183,0.27625533338543595,Orthogonal,4
REACTOME_COLLAGEN_DEGRADATION,embedding_15,10,0.024762739447701673,0.9458647109941298,0.16363636363636364,0.6514773427962428,Orthogonal,4
REACTOME_COLLAGEN_DEGRADATION,embedding_16,10,-0.011567165132040917,0.974700211549044,0.3696969696969697,0.2930500752928223,Orthogonal,4
REACTOME_COLLAGEN_DEGRADATION,embedding_17,10,0.7891669513390498,0.0066436761897515845,0.7575757575757575,0.011143446799694208,Orthogonal,4
REACTOME_COLLAGEN_DEGRADATION,embedding_18,10,-0.738741702474057,0.014662067087413263,-0.6121212121212121,0.05997214247725524,Orthogonal,4
REACTOME_COLLAGEN_DEGRADATION,embedding_19,10,-0.6543075960564723,0.04010994674653834,-0.6121212121212121,0.05997214247725524,Orthogonal,4
REACTOME_COLLAGEN_DEGRADATION,embedding_20,10,0.48144825112759587,0.15887141391408763,0.5757575757575757,0.08155281477260236,Orthogonal,4
REACTOME_COLLAGEN_DEGRADATION,embedding_21,10,-0.7389165225147609,0.014626250491307833,-0.6848484848484848,0.02888279750673276,Orthogonal,4
REACTOME_COLLAGEN_DEGRADATION,embedding_22,10,0.5618811763349951,0.09094895784636448,0.5515151515151515,0.09840117666963498,Orthogonal,4
REACTOME_COLLAGEN_DEGRADATION,embedding_23,10,-0.5349768197090247,0.11107246495348369,-0.5878787878787878,0.07387770688865801,Orthogonal,4
REACTOME_COLLAGEN_DEGRADATION,embedding_24,10,-0.0980917541778351,0.7874770412772736,-0.35757575757575755,0.3103760917056799,Orthogonal,4
REACTOME_COLLAGEN_DEGRADATION,embedding_25,10,-0.4645536549942312,0.17615924658972099,-0.4545454545454545,0.186904810349332,Orthogonal,4
REACTOME_COLLAGEN_DEGRADATION,embedding_26,10,-0.5131942514310982,0.12925726098000656,-0.6,0.06668799999999996,Orthogonal,4
REACTOME_COLLAGEN_DEGRADATION,embedding_27,10,-0.6399338400234377,0.046285071316488235,-0.6,0.06668799999999996,Orthogonal,4
REACTOME_COLLAGEN_DEGRADATION,embedding_28,10,-0.13180314763505616,0.7166373280166418,-0.22424242424242422,0.5334005612725947,Orthogonal,4
REACTOME_COLLAGEN_DEGRADATION,embedding_29,10,0.3556574982958654,0.3131662965213533,0.18787878787878787,0.603217610029209,Orthogonal,4
REACTOME_COLLAGEN_DEGRADATION,embedding_30,10,0.7199854858943998,0.018871273151391532,0.6242424242424242,0.053717767217167395,Orthogonal,4
REACTOME_COLLAGEN_DEGRADATION,embedding_31,10,-0.7102037784247153,0.021368147099175117,-0.6969696969696969,0.02509667588225183,Orthogonal,4
REACTOME_DEGRADATION_OF_THE_EXTRACELLULAR_MATRIX,embedding_0,10,-0.5980224274358338,0.06782833517636608,-0.5393939393939393,0.1075931877824148,Orthogonal,4
REACTOME_DEGRADATION_OF_THE_EXTRACELLULAR_MATRIX,embedding_1,10,0.6501297037036033,0.041843883304844766,0.6242424242424242,0.053717767217167395,Orthogonal,4
REACTOME_DEGRADATION_OF_THE_EXTRACELLULAR_MATRIX,embedding_2,10,-0.545795903658656,0.10267365153564512,-0.5030303030303029,0.13833369839449197,Orthogonal,4
REACTOME_DEGRADATION_OF_THE_EXTRACELLULAR_MATRIX,embedding_3,10,0.6232581165231035,0.05420874915748806,0.5272727272727272,0.11730806555020223,Orthogonal,4
REACTOME_DEGRADATION_OF_THE_EXTRACELLULAR_MATRIX,embedding_4,10,-0.5468394263113376,0.10188551434519684,-0.5272727272727272,0.11730806555020223,Orthogonal,4
REACTOME_DEGRADATION_OF_THE_EXTRACELLULAR_MATRIX,embedding_5,10,-0.5489810783516428,0.10028001997217001,-0.5151515151515151,0.12755286970323426,Orthogonal,4
REACTOME_DEGRADATION_OF_THE_EXTRACELLULAR_MATRIX,embedding_6,10,0.239429836720935,0.5052535789315267,0.11515151515151514,0.7514196523258483,Orthogonal,4
REACTOME_DEGRADATION_OF_THE_EXTRACELLULAR_MATRIX,embedding_7,10,0.6196967238918211,0.05601002162703976,0.5393939393939393,0.1075931877824148,Orthogonal,4
REACTOME_DEGRADATION_OF_THE_EXTRACELLULAR_MATRIX,embedding_8,10,-0.6637559354225746,0.036368454083772615,-0.5151515151515151,0.12755286970323426,Orthogonal,4
REACTOME_DEGRADATION_OF_THE_EXTRACELLULAR_MATRIX,embedding_9,10,0.642638275205167,0.04507774499120695,0.6606060606060605,0.03758837757140939,Orthogonal,4
REACTOME_DEGRADATION_OF_THE_EXTRACELLULAR_MATRIX,embedding_10,10,-0.49005403022509486,0.15047490100551905,-0.4666666666666666,0.17393859716506632,Orthogonal,4
REACTOME_DEGRADATION_OF_THE_EXTRACELLULAR_MATRIX,embedding_11,10,0.6110773045520301,0.060532185897529955,0.6606060606060605,0.03758837757140939,Orthogonal,4
REACTOME_DEGRADATION_OF_THE_EXTRACELLULAR_MATRIX,embedding_12,10,-0.6423480527854234,0.04520628632805085,-0.5151515151515151,0.12755286970323426,Orthogonal,4
REACTOME_DEGRADATION_OF_THE_EXTRACELLULAR_MATRIX,embedding_13,10,-0.1579543082450784,0.6629673668636904,0.09090909090909088,0.8027717312071619,Orthogonal,4
REACTOME_DEGRADATION_OF_THE_EXTRACELLULAR_MATRIX,embedding_14,10,0.11330922173730734,0.755293957621811,0.34545454545454546,0.32822651147136733,Orthogonal,4
REACTOME_DEGRADATION_OF_THE_EXTRACELLULAR_MATRIX,embedding_15,10,-0.05567307335526833,0.8785919216244893,0.1515151515151515,0.6760651759978538,Orthogonal,4
REACTOME_DEGRADATION_OF_THE_EXTRACELLULAR_MATRIX,embedding_16,10,-0.08393108348547865,0.8176886489307915,0.35757575757575755,0.3103760917056799,Orthogonal,4
REACTOME_DEGRADATION_OF_THE_EXTRACELLULAR_MATRIX,embedding_17,10,0.7073467216877486,0.022138362175477638,0.709090909090909,0.021665923367532435,Orthogonal,4
REACTOME_DEGRADATION_OF_THE_EXTRACELLULAR_MATRIX,embedding_18,10,-0.6475395931706671,0.04294373733861825,-0.5515151515151515,0.09840117666963498,Orthogonal,4
REACTOME_DEGRADATION_OF_THE_EXTRACELLULAR_MATRIX,embedding_19,10,-0.600782403360958,0.06624032536329091,-0.49090909090909085,0.14965567342083677,Orthogonal,4
REACTOME_DEGRADATION_OF_THE_EXTRACELLULAR_MATRIX,embedding_20,10,0.4753037726663563,0.16503539743402107,0.4787878787878787,0.1615229280174558,Orthogonal,4
REACTOME_DEGRADATION_OF_THE_EXTRACELLULAR_MATRIX,embedding_21,10,-0.6419277153546097,0.045392890875714194,-0.6606060606060605,0.03758837757140939,Orthogonal,4
REACTOME_DEGRADATION_OF_THE_EXTRACELLULAR_MATRIX,embedding_22,10,0.5386774043039058,0.10815285979468442,0.4424242424242424,0.20042268671194224,Orthogonal,4
REACTOME_DEGRADATION_OF_THE_EXTRACELLULAR_MATRIX,embedding_23,10,-0.5157908930310694,0.1269991276083082,-0.4545454545454545,0.186904810349332,Orthogonal,4
REACTOME_DEGRADATION_OF_THE_EXTRACELLULAR_MATRIX,embedding_24,10,-0.021285601978481127,0.9534588362173434,-0.3696969696969697,0.2930500752928223,Orthogonal,4
REACTOME_DEGRADATION_OF_THE_EXTRACELLULAR_MATRIX,embedding_25,10,-0.4887293855163909,0.15174939537336385,-0.41818181818181815,0.22911284098281892,Orthogonal,4
REACTOME_DEGRADATION_OF_THE_EXTRACELLULAR_MATRIX,embedding_26,10,-0.50987452588421,0.13218011414421738,-0.5393939393939393,0.1075931877824148,Orthogonal,4
REACTOME_DEGRADATION_OF_THE_EXTRACELLULAR_MATRIX,embedding_27,10,-0.5994765056080015,0.0669886347667057,-0.5393939393939393,0.1075931877824148,Orthogonal,4
REACTOME_DEGRADATION_OF_THE_EXTRACELLULAR_MATRIX,embedding_28,10,-0.09320164899133883,0.7978831827703227,-0.29696969696969694,0.4047016712701569,Orthogonal,4
REACTOME_DEGRADATION_OF_THE_EXTRACELLULAR_MATRIX,embedding_29,10,0.36359495328578467,0.3017062769102065,0.19999999999999998,0.5795840000000001,Orthogonal,4
REACTOME_DEGRADATION_OF_THE_EXTRACELLULAR_MATRIX,embedding_30,10,0.652771349560398,0.04074179798268463,0.5757575757575757,0.08155281477260236,Orthogonal,4
REACTOME_DEGRADATION_OF_THE_EXTRACELLULAR_MATRIX,embedding_31,10,-0.5986013792364598,0.06749318301147476,-0.6606060606060605,0.03758837757140939,Orthogonal,4
REACTOME_INTEGRIN_CELL_SURFACE_INTERACTIONS,embedding_0,10,-0.5397512786578864,0.10731475985381657,-0.4787878787878787,0.1615229280174558,Orthogonal,4
REACTOME_INTEGRIN_CELL_SURFACE_INTERACTIONS,embedding_1,10,0.4373566186828243,0.20623781899737972,0.41818181818181815,0.22911284098281892,Orthogonal,4
REACTOME_INTEGRIN_CELL_SURFACE_INTERACTIONS,embedding_2,10,-0.5226932109743662,0.12111602078196242,-0.32121212121212117,0.3654683104386702,Orthogonal,4
REACTOME_INTEGRIN_CELL_SURFACE_INTERACTIONS,embedding_3,10,0.5441794120988542,0.1039021266286028,0.3696969696969697,0.2930500752928223,Orthogonal,4
REACTOME_INTEGRIN_CELL_SURFACE_INTERACTIONS,embedding_4,10,-0.5317622214183063,0.1136484034170808,-0.5515151515151515,0.09840117666963498,Orthogonal,4
REACTOME_INTEGRIN_CELL_SURFACE_INTERACTIONS,embedding_5,10,-0.45494746173610817,0.18646593691261656,-0.43030303030303024,0.21449233253280775,Orthogonal,4
REACTOME_INTEGRIN_CELL_SURFACE_INTERACTIONS,embedding_6,10,0.37115307841155903,0.2910043374490435,0.309090909090909,0.3848412302612835,Orthogonal,4
REACTOME_INTEGRIN_CELL_SURFACE_INTERACTIONS,embedding_7,10,0.5478624759254573,0.10111656773272287,0.4787878787878787,0.1615229280174558,Orthogonal,4
REACTOME_INTEGRIN_CELL_SURFACE_INTERACTIONS,embedding_8,10,-0.5047429909397617,0.13677768078886848,-0.43030303030303024,0.21449233253280775,Orthogonal,4
REACTOME_INTEGRIN_CELL_SURFACE_INTERACTIONS,embedding_9,10,0.42729176611171826,0.21807312610449642,0.43030303030303024,0.21449233253280775,Orthogonal,4
REACTOME_INTEGRIN_CELL_SURFACE_INTERACTIONS,embedding_10,10,-0.5167377205877821,0.12618185273445762,-0.4545454545454545,0.186904810349332,Orthogonal,4
REACTOME_INTEGRIN_CELL_SURFACE_INTERACTIONS,embedding_11,10,0.3482308324091556,0.32409207826641245,0.33333333333333326,0.34659350708733405,Orthogonal,4
REACTOME_INTEGRIN_CELL_SURFACE_INTERACTIONS,embedding_12,10,-0.5205810665958233,0.12289789751202505,-0.43030303030303024,0.21449233253280775,Orthogonal,4
REACTOME_INTEGRIN_CELL_SURFACE_INTERACTIONS,embedding_13,10,-0.3270230591515921,0.3563569081461686,-0.22424242424242422,0.5334005612725947,Orthogonal,4
REACTOME_INTEGRIN_CELL_SURFACE_INTERACTIONS,embedding_14,10,-0.10509557940511488,0.7726258630319112,-0.01818181818181818,0.9602404181286243,Orthogonal,4
REACTOME_INTEGRIN_CELL_SURFACE_INTERACTIONS,embedding_15,10,-0.24378221750017662,0.4973046363870198,-0.12727272727272726,0.7260570147627894,Orthogonal,4
REACTOME_INTEGRIN_CELL_SURFACE_INTERACTIONS,embedding_16,10,-0.2734035730165979,0.444665806726863,0.006060606060606061,0.9867429111949892,Orthogonal,4
REACTOME_INTEGRIN_CELL_SURFACE_INTERACTIONS,embedding_17,10,0.4341473341979255,0.20997036010941303,0.406060606060606,0.24428229408662638,Orthogonal,4
REACTOME_INTEGRIN_CELL_SURFACE_INTERACTIONS,embedding_18,10,-0.4653283825937102,0.17534311067143843,-0.38181818181818183,0.27625533338543595,Orthogonal,4
REACTOME_INTEGRIN_CELL_SURFACE_INTERACTIONS,embedding_19,10,-0.5245434363904029,0.11956839244933384,-0.406060606060606,0.24428229408662638,Orthogonal,4
REACTOME_INTEGRIN_CELL_SURFACE_INTERACTIONS,embedding_20,10,0.5118852389782106,0.1304049651696475,0.5030303030303029,0.13833369839449197,Orthogonal,4
REACTOME_INTEGRIN_CELL_SURFACE_INTERACTIONS,embedding_21,10,-0.43553972026744164,0.2083462051579695,-0.43030303030303024,0.21449233253280775,Orthogonal,4
REACTOME_INTEGRIN_CELL_SURFACE_INTERACTIONS,embedding_22,10,0.5318391333672302,0.11358633924114375,0.4545454545454545,0.186904810349332,Orthogonal,4
REACTOME_INTEGRIN_CELL_SURFACE_INTERACTIONS,embedding_23,10,-0.5202572379522835,0.12317252172035453,-0.38181818181818183,0.27625533338543595,Orthogonal,4
REACTOME_INTEGRIN_CELL_SURFACE_INTERACTIONS,embedding_24,10,0.2121447891423614,0.5562608543993193,0.006060606060606061,0.9867429111949892,Orthogonal,4
REACTOME_INTEGRIN_CELL_SURFACE_INTERACTIONS,embedding_25,10,-0.5073701941694382,0.1344117743541588,-0.4424242424242424,0.20042268671194224,Orthogonal,4
REACTOME_INTEGRIN_CELL_SURFACE_INTERACTIONS,embedding_26,10,-0.5175075255048192,0.12551978653963328,-0.5030303030303029,0.13833369839449197,Orthogonal,4
REACTOME_INTEGRIN_CELL_SURFACE_INTERACTIONS,embedding_27,10,-0.5404937480885226,0.10673770254059506,-0.4787878787878787,0.1615229280174558,Orthogonal,4
REACTOME_INTEGRIN_CELL_SURFACE_INTERACTIONS,embedding_28,10,0.2033357038247285,0.573141733571179,0.2121212121212121,0.5563057751029299,Orthogonal,4
REACTOME_INTEGRIN_CELL_SURFACE_INTERACTIONS,embedding_29,10,0.44855145074216896,0.19352049210508665,0.38181818181818183,0.27625533338543595,Orthogonal,4
REACTOME_INTEGRIN_CELL_SURFACE_INTERACTIONS,embedding_30,10,0.5250117147667397,0.11917866369590321,0.5030303030303029,0.13833369839449197,Orthogonal,4
REACTOME_INTEGRIN_CELL_SURFACE_INTERACTIONS,embedding_31,10,-0.33298652089721886,0.34712654063125803,-0.33333333333333326,0.34659350708733405,Orthogonal,4
REACTOME_EXTRACELLULAR_MATRIX_ORGANIZATION,embedding_0,10,-0.33849052670266455,0.33871633382223165,-0.3939393939393939,0.25999776683488757,Orthogonal,4
REACTOME_EXTRACELLULAR_MATRIX_ORGANIZATION,embedding_1,10,0.23813640089827753,0.5076260660806022,0.4424242424242424,0.20042268671194224,Orthogonal,4
REACTOME_EXTRACELLULAR_MATRIX_ORGANIZATION,embedding_2,10,-0.3802313413384537,0.2784235639071526,-0.3696969696969697,0.2930500752928223,Orthogonal,4
REACTOME_EXTRACELLULAR_MATRIX_ORGANIZATION,embedding_3,10,0.37407040554655274,0.2869287980077867,0.33333333333333326,0.34659350708733405,Orthogonal,4
REACTOME_EXTRACELLULAR_MATRIX_ORGANIZATION,embedding_4,10,-0.3424689936878693,0.3327028234709054,-0.41818181818181815,0.22911284098281892,Orthogonal,4
REACTOME_EXTRACELLULAR_MATRIX_ORGANIZATION,embedding_5,10,-0.22275295822871294,0.5361944954869912,-0.3696969696969697,0.2930500752928223,Orthogonal,4
REACTOME_EXTRACELLULAR_MATRIX_ORGANIZATION,embedding_6,10,0.28170333530697167,0.43039124719113037,0.2606060606060606,0.4670890543863402,Orthogonal,4
REACTOME_EXTRACELLULAR_MATRIX_ORGANIZATION,embedding_7,10,0.3700939444732023,0.2924915908553327,0.3939393939393939,0.25999776683488757,Orthogonal,4
REACTOME_EXTRACELLULAR_MATRIX_ORGANIZATION,embedding_8,10,-0.28721256220691366,0.42103500284737994,-0.3696969696969697,0.2930500752928223,Orthogonal,4
REACTOME_EXTRACELLULAR_MATRIX_ORGANIZATION,embedding_9,10,0.2352623790823496,0.5129143731605993,0.4666666666666666,0.17393859716506632,Orthogonal,4
REACTOME_EXTRACELLULAR_MATRIX_ORGANIZATION,embedding_10,10,-0.36483675689748823,0.29993380539970826,-0.43030303030303024,0.21449233253280775,Orthogonal,4
REACTOME_EXTRACELLULAR_MATRIX_ORGANIZATION,embedding_11,10,0.17894742214314152,0.6208485132594538,0.3939393939393939,0.25999776683488757,Orthogonal,4
REACTOME_EXTRACELLULAR_MATRIX_ORGANIZATION,embedding_12,10,-0.3175041796663868,0.3713421772072827,-0.3696969696969697,0.2930500752928223,Orthogonal,4
REACTOME_EXTRACELLULAR_MATRIX_ORGANIZATION,embedding_13,10,-0.257161938477384,0.47320750319925753,-0.09090909090909088,0.8027717312071619,Orthogonal,4
REACTOME_EXTRACELLULAR_MATRIX_ORGANIZATION,embedding_14,10,-0.1620379441278033,0.6547030512700205,0.04242424242424241,0.907363817812816,Orthogonal,4
REACTOME_EXTRACELLULAR_MATRIX_ORGANIZATION,embedding_15,10,-0.23149057724231004,0.5198891301148014,-0.04242424242424241,0.907363817812816,Orthogonal,4
REACTOME_EXTRACELLULAR_MATRIX_ORGANIZATION,embedding_16,10,-0.28480820781507094,0.4251065101212647,0.09090909090909088,0.8027717312071619,Orthogonal,4
REACTOME_EXTRACELLULAR_MATRIX_ORGANIZATION,embedding_17,10,0.2797928109349765,0.4336581378306519,0.41818181818181815,0.22911284098281892,Orthogonal,4
REACTOME_EXTRACELLULAR_MATRIX_ORGANIZATION,embedding_18,10,-0.25785249651309533,0.4719779243793041,-0.34545454545454546,0.32822651147136733,Orthogonal,4
REACTOME_EXTRACELLULAR_MATRIX_ORGANIZATION,embedding_19,10,-0.3281833191533528,0.3545514596938478,-0.41818181818181815,0.22911284098281892,Orthogonal,4
REACTOME_EXTRACELLULAR_MATRIX_ORGANIZATION,embedding_20,10,0.3502647619086195,0.3210804190806381,0.5272727272727272,0.11730806555020223,Orthogonal,4
REACTOME_EXTRACELLULAR_MATRIX_ORGANIZATION,embedding_21,10,-0.23405866820754584,0.5151360206502962,-0.4666666666666666,0.17393859716506632,Orthogonal,4
REACTOME_EXTRACELLULAR_MATRIX_ORGANIZATION,embedding_22,10,0.3505539412160979,0.32065341613278886,0.3696969696969697,0.2930500752928223,Orthogonal,4
REACTOME_EXTRACELLULAR_MATRIX_ORGANIZATION,embedding_23,10,-0.34325135547391433,0.3315267853422409,-0.34545454545454546,0.32822651147136733,Orthogonal,4
REACTOME_EXTRACELLULAR_MATRIX_ORGANIZATION,embedding_24,10,0.19762660341527397,0.5841841680054096,-0.10303030303030303,0.7769984634438898,Orthogonal,4
REACTOME_EXTRACELLULAR_MATRIX_ORGANIZATION,embedding_25,10,-0.39319672144795587,0.2609783312673141,-0.4787878787878787,0.1615229280174558,Orthogonal,4
REACTOME_EXTRACELLULAR_MATRIX_ORGANIZATION,embedding_26,10,-0.36048944192375165,0.30616312933991197,-0.4666666666666666,0.17393859716506632,Orthogonal,4
REACTOME_EXTRACELLULAR_MATRIX_ORGANIZATION,embedding_27,10,-0.3466493927974955,0.32644382242561,-0.3939393939393939,0.25999776683488757,Orthogonal,4
REACTOME_EXTRACELLULAR_MATRIX_ORGANIZATION,embedding_28,10,0.12376556401014951,0.7333719814501538,0.006060606060606061,0.9867429111949892,Orthogonal,4
REACTOME_EXTRACELLULAR_MATRIX_ORGANIZATION,embedding_29,10,0.3106619079311054,0.3823026240515944,0.34545454545454546,0.32822651147136733,Orthogonal,4
REACTOME_EXTRACELLULAR_MATRIX_ORGANIZATION,embedding_30,10,0.3104531397963259,0.38263950359783827,0.4666666666666666,0.17393859716506632,Orthogonal,4
REACTOME_EXTRACELLULAR_MATRIX_ORGANIZATION,embedding_31,10,-0.15879067656114398,0.6612720533027615,-0.3939393939393939,0.25999776683488757,Orthogonal,4
REACTOME_ASSEMBLY_OF_COLLAGEN_FIBRILS_AND_OTHER_MULTIMERIC_STRUCTURES,embedding_0,10,-0.5067640683286111,0.13495536504385464,-0.33333333333333326,0.34659350708733405,Orthogonal,4
REACTOME_ASSEMBLY_OF_COLLAGEN_FIBRILS_AND_OTHER_MULTIMERIC_STRUCTURES,embedding_1,10,0.6067749219243433,0.06287666400854228,0.4424242424242424,0.20042268671194224,Orthogonal,4
REACTOME_ASSEMBLY_OF_COLLAGEN_FIBRILS_AND_OTHER_MULTIMERIC_STRUCTURES,embedding_2,10,-0.4451184411484982,0.19737034604374437,-0.43030303030303024,0.21449233253280775,Orthogonal,4
REACTOME_ASSEMBLY_OF_COLLAGEN_FIBRILS_AND_OTHER_MULTIMERIC_STRUCTURES,embedding_3,10,0.5239245613130251,0.12008467355244884,0.28484848484848485,0.42503815489214547,Orthogonal,4
REACTOME_ASSEMBLY_OF_COLLAGEN_FIBRILS_AND_OTHER_MULTIMERIC_STRUCTURES,embedding_4,10,-0.4541608190905157,0.18732528709393215,-0.32121212121212117,0.3654683104386702,Orthogonal,4
REACTOME_ASSEMBLY_OF_COLLAGEN_FIBRILS_AND_OTHER_MULTIMERIC_STRUCTURES,embedding_5,10,-0.4766187699283775,0.16370436698451388,-0.309090909090909,0.3848412302612835,Orthogonal,4
REACTOME_ASSEMBLY_OF_COLLAGEN_FIBRILS_AND_OTHER_MULTIMERIC_STRUCTURES,embedding_6,10,0.133420119522021,0.713283551679879,0.05454545454545454,0.8810361811618526,Orthogonal,4
REACTOME_ASSEMBLY_OF_COLLAGEN_FIBRILS_AND_OTHER_MULTIMERIC_STRUCTURES,embedding_7,10,0.5261547434520053,0.11823069693122501,0.33333333333333326,0.34659350708733405,Orthogonal,4
REACTOME_ASSEMBLY_OF_COLLAGEN_FIBRILS_AND_OTHER_MULTIMERIC_STRUCTURES,embedding_8,10,-0.5963366598718992,0.06881040441464148,-0.309090909090909,0.3848412302612835,Orthogonal,4
REACTOME_ASSEMBLY_OF_COLLAGEN_FIBRILS_AND_OTHER_MULTIMERIC_STRUCTURES,embedding_9,10,0.6049297739663508,0.06390013065447611,0.4787878787878787,0.1615229280174558,Orthogonal,4
REACTOME_ASSEMBLY_OF_COLLAGEN_FIBRILS_AND_OTHER_MULTIMERIC_STRUCTURES,embedding_10,10,-0.3884677068485696,0.2672698128158754,-0.38181818181818183,0.27625533338543595,Orthogonal,4
REACTOME_ASSEMBLY_OF_COLLAGEN_FIBRILS_AND_OTHER_MULTIMERIC_STRUCTURES,embedding_11,10,0.5925678605054205,0.07103942677844768,0.5030303030303029,0.13833369839449197,Orthogonal,4
REACTOME_ASSEMBLY_OF_COLLAGEN_FIBRILS_AND_OTHER_MULTIMERIC_STRUCTURES,embedding_12,10,-0.5651090474005365,0.08870444246693862,-0.309090909090909,0.3848412302612835,Orthogonal,4
REACTOME_ASSEMBLY_OF_COLLAGEN_FIBRILS_AND_OTHER_MULTIMERIC_STRUCTURES,embedding_13,10,-0.06487500587805015,0.8586817010482657,0.12727272727272726,0.7260570147627894,Orthogonal,4
REACTOME_ASSEMBLY_OF_COLLAGEN_FIBRILS_AND_OTHER_MULTIMERIC_STRUCTURES,embedding_14,10,0.1852332308546952,0.6084213095368279,0.23636363636363633,0.5108853175152002,Orthogonal,4
REACTOME_ASSEMBLY_OF_COLLAGEN_FIBRILS_AND_OTHER_MULTIMERIC_STRUCTURES,embedding_15,10,0.030255973260765772,0.933875612499967,0.16363636363636364,0.6514773427962428,Orthogonal,4
REACTOME_ASSEMBLY_OF_COLLAGEN_FIBRILS_AND_OTHER_MULTIMERIC_STRUCTURES,embedding_16,10,-0.026716473913257655,0.9415994098028173,0.24848484848484845,0.48877630451924314,Orthogonal,4
REACTOME_ASSEMBLY_OF_COLLAGEN_FIBRILS_AND_OTHER_MULTIMERIC_STRUCTURES,embedding_17,10,0.6696745546102325,0.03414916387328882,0.5272727272727272,0.11730806555020223,Orthogonal,4
REACTOME_ASSEMBLY_OF_COLLAGEN_FIBRILS_AND_OTHER_MULTIMERIC_STRUCTURES,embedding_18,10,-0.5977423551483276,0.06799085708827951,-0.34545454545454546,0.32822651147136733,Orthogonal,4
REACTOME_ASSEMBLY_OF_COLLAGEN_FIBRILS_AND_OTHER_MULTIMERIC_STRUCTURES,embedding_19,10,-0.527125919963424,0.11742896301086929,-0.43030303030303024,0.21449233253280775,Orthogonal,4
REACTOME_ASSEMBLY_OF_COLLAGEN_FIBRILS_AND_OTHER_MULTIMERIC_STRUCTURES,embedding_20,10,0.38266246098280765,0.27510547739326047,0.5151515151515151,0.12755286970323426,Orthogonal,4
REACTOME_ASSEMBLY_OF_COLLAGEN_FIBRILS_AND_OTHER_MULTIMERIC_STRUCTURES,embedding_21,10,-0.6001898795409892,0.06657917361662401,-0.4787878787878787,0.1615229280174558,Orthogonal,4
REACTOME_ASSEMBLY_OF_COLLAGEN_FIBRILS_AND_OTHER_MULTIMERIC_STRUCTURES,embedding_22,10,0.4388641873465547,0.20449779672913926,0.35757575757575755,0.3103760917056799,Orthogonal,4
REACTOME_ASSEMBLY_OF_COLLAGEN_FIBRILS_AND_OTHER_MULTIMERIC_STRUCTURES,embedding_23,10,-0.41216984222459674,0.2365682530491171,-0.3696969696969697,0.2930500752928223,Orthogonal,4
REACTOME_ASSEMBLY_OF_COLLAGEN_FIBRILS_AND_OTHER_MULTIMERIC_STRUCTURES,embedding_24,10,-0.09785845352337319,0.78797283047995,-0.2727272727272727,0.44583834154275137,Orthogonal,4
REACTOME_ASSEMBLY_OF_COLLAGEN_FIBRILS_AND_OTHER_MULTIMERIC_STRUCTURES,embedding_25,10,-0.3881091560530661,0.2677501851010169,-0.406060606060606,0.24428229408662638,Orthogonal,4
REACTOME_ASSEMBLY_OF_COLLAGEN_FIBRILS_AND_OTHER_MULTIMERIC_STRUCTURES,embedding_26,10,-0.41093071708696405,0.2381216424290691,-0.4545454545454545,0.186904810349332,Orthogonal,4
REACTOME_ASSEMBLY_OF_COLLAGEN_FIBRILS_AND_OTHER_MULTIMERIC_STRUCTURES,embedding_27,10,-0.5044955120522053,0.13700185385814712,-0.33333333333333326,0.34659350708733405,Orthogonal,4
REACTOME_ASSEMBLY_OF_COLLAGEN_FIBRILS_AND_OTHER_MULTIMERIC_STRUCTURES,embedding_28,10,-0.16526935312835306,0.6481872375195946,-0.18787878787878787,0.603217610029209,Orthogonal,4
REACTOME_ASSEMBLY_OF_COLLAGEN_FIBRILS_AND_OTHER_MULTIMERIC_STRUCTURES,embedding_29,10,0.25469434959451975,0.47761263968943407,0.13939393939393938,0.7009318849100584,Orthogonal,4
REACTOME_ASSEMBLY_OF_COLLAGEN_FIBRILS_AND_OTHER_MULTIMERIC_STRUCTURES,embedding_30,10,0.5663471313709604,0.08785304446688927,0.3939393939393939,0.25999776683488757,Orthogonal,4
REACTOME_ASSEMBLY_OF_COLLAGEN_FIBRILS_AND_OTHER_MULTIMERIC_STRUCTURES,embedding_31,10,-0.5835656975533832,0.07655253677219857,-0.5030303030303029,0.13833369839449197,Orthogonal,4
REACTOME_MOLECULES_ASSOCIATED_WITH_ELASTIC_FIBRES,embedding_0,10,0.3974851774764436,0.25534427600112547,0.5393939393939393,0.1075931877824148,Orthogonal,4
REACTOME_MOLECULES_ASSOCIATED_WITH_ELASTIC_FIBRES,embedding_1,10,-0.6653479349761167,0.035762192580643726,-0.6969696969696969,0.02509667588225183,Orthogonal,4
REACTOME_MOLECULES_ASSOCIATED_WITH_ELASTIC_FIBRES,embedding_2,10,0.12982051349047688,0.7207554830172682,0.2606060606060606,0.4670890543863402,Orthogonal,4
REACTOME_MOLECULES_ASSOCIATED_WITH_ELASTIC_FIBRES,embedding_3,10,-0.3088777562893261,0.38518629940944454,-0.4787878787878787,0.1615229280174558,Orthogonal,4
REACTOME_MOLECULES_ASSOCIATED_WITH_ELASTIC_FIBRES,embedding_4,10,0.3341888257096852,0.34528043587322804,0.5272727272727272,0.11730806555020223,Orthogonal,4
REACTOME_MOLECULES_ASSOCIATED_WITH_ELASTIC_FIBRES,embedding_5,10,0.6106278261909858,0.06077438180104535,0.6606060606060605,0.03758837757140939,Orthogonal,4
REACTOME_MOLECULES_ASSOCIATED_WITH_ELASTIC_FIBRES,embedding_6,10,0.11078153286570394,0.760617624303648,0.07878787878787878,0.8287173946974606,Orthogonal,4
REACTOME_MOLECULES_ASSOCIATED_WITH_ELASTIC_FIBRES,embedding_7,10,-0.34590201457998426,0.3275583077898556,-0.5393939393939393,0.1075931877824148,Orthogonal,4
REACTOME_MOLECULES_ASSOCIATED_WITH_ELASTIC_FIBRES,embedding_8,10,0.5849511724494804,0.07568658144895038,0.6606060606060605,0.03758837757140939,Orthogonal,4
REACTOME_MOLECULES_ASSOCIATED_WITH_ELASTIC_FIBRES,embedding_9,10,-0.6681434723192914,0.03471421491592691,-0.6606060606060605,0.03758837757140939,Orthogonal,4
REACTOME_MOLECULES_ASSOCIATED_WITH_ELASTIC_FIBRES,embedding_10,10,0.11535210698375506,0.7509981119666411,0.07878787878787878,0.8287173946974606,Orthogonal,4
REACTOME_MOLECULES_ASSOCIATED_WITH_ELASTIC_FIBRES,embedding_11,10,-0.6861146529637644,0.02847017720186389,-0.6969696969696969,0.02509667588225183,Orthogonal,4
REACTOME_MOLECULES_ASSOCIATED_WITH_ELASTIC_FIBRES,embedding_12,10,0.5206286214626978,0.12285760047955677,0.6606060606060605,0.03758837757140939,Orthogonal,4
REACTOME_MOLECULES_ASSOCIATED_WITH_ELASTIC_FIBRES,embedding_13,10,-0.22561095577921425,0.5308386661792466,-0.17575757575757575,0.6271883447764844,Orthogonal,4
REACTOME_MOLECULES_ASSOCIATED_WITH_ELASTIC_FIBRES,embedding_14,10,-0.5562119413992017,0.09497828132360588,-0.6848484848484848,0.02888279750673276,Orthogonal,4
REACTOME_MOLECULES_ASSOCIATED_WITH_ELASTIC_FIBRES,embedding_15,10,-0.3416754355581567,0.33389788181651636,-0.35757575757575755,0.3103760917056799,Orthogonal,4
REACTOME_MOLECULES_ASSOCIATED_WITH_ELASTIC_FIBRES,embedding_16,10,-0.5269153530337058,0.11760250298415828,-0.6727272727272726,0.0330412225454377,Orthogonal,4
REACTOME_MOLECULES_ASSOCIATED_WITH_ELASTIC_FIBRES,embedding_17,10,-0.6014945525602066,0.06583456252402445,-0.6121212121212121,0.05997214247725524,Orthogonal,4
REACTOME_MOLECULES_ASSOCIATED_WITH_ELASTIC_FIBRES,embedding_18,10,0.6439448193579904,0.04450209726285316,0.7212121212121211,0.018573155089460208,Orthogonal,4
REACTOME_MOLECULES_ASSOCIATED_WITH_ELASTIC_FIBRES,embedding_19,10,0.4639535488829832,0.17679297444790715,0.6121212121212121,0.05997214247725524,Orthogonal,4
REACTOME_MOLECULES_ASSOCIATED_WITH_ELASTIC_FIBRES,embedding_20,10,-0.2164986977354605,0.5479897949106585,-0.18787878787878787,0.603217610029209,Orthogonal,4
REACTOME_MOLECULES_ASSOCIATED_WITH_ELASTIC_FIBRES,embedding_21,10,0.6680740547192763,0.03473998276129667,0.6606060606060605,0.03758837757140939,Orthogonal,4
REACTOME_MOLECULES_ASSOCIATED_WITH_ELASTIC_FIBRES,embedding_22,10,-0.2525570305715559,0.4814425687216542,-0.5878787878787878,0.07387770688865801,Orthogonal,4
REACTOME_MOLECULES_ASSOCIATED_WITH_ELASTIC_FIBRES,embedding_23,10,0.22043217060557027,0.540559483371307,0.6,0.06668799999999996,Orthogonal,4
REACTOME_MOLECULES_ASSOCIATED_WITH_ELASTIC_FIBRES,embedding_24,10,0.38451988420469274,0.2725849658396168,0.4787878787878787,0.1615229280174558,Orthogonal,4
REACTOME_MOLECULES_ASSOCIATED_WITH_ELASTIC_FIBRES,embedding_25,10,0.10013722305425675,0.7831331584459975,0.06666666666666665,0.8548130882487426,Orthogonal,4
REACTOME_MOLECULES_ASSOCIATED_WITH_ELASTIC_FIBRES,embedding_26,10,0.21292769817367685,0.5547700000479774,0.1515151515151515,0.6760651759978538,Orthogonal,4
REACTOME_MOLECULES_ASSOCIATED_WITH_ELASTIC_FIBRES,embedding_27,10,0.3552469641943385,0.31376514268191463,0.5393939393939393,0.1075931877824148,Orthogonal,4
REACTOME_MOLECULES_ASSOCIATED_WITH_ELASTIC_FIBRES,embedding_28,10,0.2663004146802241,0.4570505649196849,0.23636363636363633,0.5108853175152002,Orthogonal,4
REACTOME_MOLECULES_ASSOCIATED_WITH_ELASTIC_FIBRES,embedding_29,10,0.02950751403442417,0.9355084849393651,0.01818181818181818,0.9602404181286243,Orthogonal,4
REACTOME_MOLECULES_ASSOCIATED_WITH_ELASTIC_FIBRES,embedding_30,10,-0.509803665824333,0.13224294277317977,-0.5515151515151515,0.09840117666963498,Orthogonal,4
REACTOME_MOLECULES_ASSOCIATED_WITH_ELASTIC_FIBRES,embedding_31,10,0.7064228622087976,0.022391456390417574,0.6969696969696969,0.02509667588225183,Orthogonal,4
REACTOME_ECM_PROTEOGLYCANS,embedding_0,10,0.22372978933317916,0.5343614966222725,0.5151515151515151,0.12755286970323426,Orthogonal,4
REACTOME_ECM_PROTEOGLYCANS,embedding_1,10,-0.17975190764035584,0.6192531174921466,-0.2606060606060606,0.4670890543863402,Orthogonal,4
REACTOME_ECM_PROTEOGLYCANS,embedding_2,10,0.17395779821314655,0.6307751594384168,0.04242424242424241,0.907363817812816,Orthogonal,4
REACTOME_ECM_PROTEOGLYCANS,embedding_3,10,-0.18911772044597053,0.6007861921644675,-0.4666666666666666,0.17393859716506632,Orthogonal,4
REACTOME_ECM_PROTEOGLYCANS,embedding_4,10,0.21039784133745632,0.5595930839686067,0.5393939393939393,0.1075931877824148,Orthogonal,4
REACTOME_ECM_PROTEOGLYCANS,embedding_5,10,0.2592018762017999,0.46957933680209846,0.41818181818181815,0.22911284098281892,Orthogonal,4
REACTOME_ECM_PROTEOGLYCANS,embedding_6,10,-0.13093880600428948,0.7184318613317735,0.04242424242424241,0.907363817812816,Orthogonal,4
REACTOME_ECM_PROTEOGLYCANS,embedding_7,10,-0.18835728606590402,0.6022781338285133,-0.5151515151515151,0.12755286970323426,Orthogonal,4
REACTOME_ECM_PROTEOGLYCANS,embedding_8,10,0.23050813231414616,0.5217122271272684,0.41818181818181815,0.22911284098281892,Orthogonal,4
REACTOME_ECM_PROTEOGLYCANS,embedding_9,10,-0.17862061035826954,0.6214970292012446,-0.24848484848484845,0.48877630451924314,Orthogonal,4
REACTOME_ECM_PROTEOGLYCANS,embedding_10,10,0.1823124850550898,0.6141847157318965,-0.01818181818181818,0.9602404181286243,Orthogonal,4
REACTOME_ECM_PROTEOGLYCANS,embedding_11,10,-0.15127843355264856,0.6765481995671756,-0.2606060606060606,0.4670890543863402,Orthogonal,4
REACTOME_ECM_PROTEOGLYCANS,embedding_12,10,0.18877561545914986,0.6014572235232691,0.41818181818181815,0.22911284098281892,Orthogonal,4
REACTOME_ECM_PROTEOGLYCANS,embedding_13,10,0.12494420546343353,0.7309114764581301,0.006060606060606061,0.9867429111949892,Orthogonal,4
REACTOME_ECM_PROTEOGLYCANS,embedding_14,10,-0.03369372624297371,0.9263785917606777,-0.17575757575757575,0.6271883447764844,Orthogonal,4
REACTOME_ECM_PROTEOGLYCANS,embedding_15,10,0.04642105225934276,0.8986724884191031,-0.10303030303030303,0.7769984634438898,Orthogonal,4
REACTOME_ECM_PROTEOGLYCANS,embedding_16,10,-0.028944251828674467,0.9367374663179177,-0.13939393939393938,0.7009318849100584,Orthogonal,4
REACTOME_ECM_PROTEOGLYCANS,embedding_17,10,-0.13616303833617133,0.7076045660338862,-0.29696969696969694,0.4047016712701569,Orthogonal,4
REACTOME_ECM_PROTEOGLYCANS,embedding_18,10,0.19555181667193874,0.5882166212965096,0.33333333333333326,0.34659350708733405,Orthogonal,4
REACTOME_ECM_PROTEOGLYCANS,embedding_19,10,0.20397714203131362,0.571906036817996,0.33333333333333326,0.34659350708733405,Orthogonal,4
REACTOME_ECM_PROTEOGLYCANS,embedding_20,10,-0.162853370950499,0.6530568233956395,0.10303030303030303,0.7769984634438898,Orthogonal,4
REACTOME_ECM_PROTEOGLYCANS,embedding_21,10,0.2013254387136819,0.5770209278497114,0.24848484848484845,0.48877630451924314,Orthogonal,4
REACTOME_ECM_PROTEOGLYCANS,embedding_22,10,-0.21061627323248175,0.5591760121510496,-0.41818181818181815,0.22911284098281892,Orthogonal,4
REACTOME_ECM_PROTEOGLYCANS,embedding_23,10,0.2148300501271806,0.5511539614328844,0.3939393939393939,0.25999776683488757,Orthogonal,4
REACTOME_ECM_PROTEOGLYCANS,embedding_24,10,-0.046184844443878395,0.8991858767417926,0.11515151515151514,0.7514196523258483,Orthogonal,4
REACTOME_ECM_PROTEOGLYCANS,embedding_25,10,0.09269748743547422,0.7989576976468382,-0.13939393939393938,0.7009318849100584,Orthogonal,4
REACTOME_ECM_PROTEOGLYCANS,embedding_26,10,0.16596307385439346,0.6467912003148091,0.0303030303030303,0.9337729580941466,Orthogonal,4
REACTOME_ECM_PROTEOGLYCANS,embedding_27,10,0.22207121995726292,0.5374752535644359,0.5151515151515151,0.12755286970323426,Orthogonal,4
REACTOME_ECM_PROTEOGLYCANS,embedding_28,10,-0.14686666001498014,0.6855697101062499,-0.04242424242424241,0.907363817812816,Orthogonal,4
REACTOME_ECM_PROTEOGLYCANS,embedding_29,10,-0.19722779990726721,0.5849584651964596,0.0303030303030303,0.9337729580941466,Orthogonal,4
REACTOME_ECM_PROTEOGLYCANS,embedding_30,10,-0.24077069408133414,0.5027990409012854,-0.4545454545454545,0.186904810349332,Orthogonal,4
REACTOME_ECM_PROTEOGLYCANS,embedding_31,10,0.1698715212055636,0.6389445089129945,0.2606060606060606,0.4670890543863402,Orthogonal,4
REACTOME_ELASTIC_FIBRE_FORMATION,embedding_0,11,0.30069630866804115,0.36891867583588106,0.30000000000000004,0.37008312228206786,Orthogonal + Recon,0
REACTOME_ELASTIC_FIBRE_FORMATION,embedding_1,11,0.21878954909111323,0.518055951441401,0.16363636363636366,0.6306852146425357,Orthogonal + Recon,0
REACTOME_ELASTIC_FIBRE_FORMATION,embedding_2,11,0.14364881443674443,0.6734832485809569,0.045454545454545456,0.8944269969053026,Orthogonal + Recon,0
REACTOME_ELASTIC_FIBRE_FORMATION,embedding_3,11,0.22108253042174425,0.5135679032892144,0.20909090909090913,0.5372209352113229,Orthogonal + Recon,0
REACTOME_ELASTIC_FIBRE_FORMATION,embedding_4,11,-0.3021928379338275,0.3664223571755368,-0.33636363636363636,0.31182431390038623,Orthogonal + Recon,0
REACTOME_ELASTIC_FIBRE_FORMATION,embedding_5,11,0.20525360631429945,0.5448833366389856,0.08181818181818183,0.8109903943000458,Orthogonal + Recon,0
REACTOME_ELASTIC_FIBRE_FORMATION,embedding_6,11,-0.16741587958723508,0.6227010720485101,-0.14545454545454548,0.6695786456420787,Orthogonal + Recon,0
REACTOME_ELASTIC_FIBRE_FORMATION,embedding_7,11,-0.25277486317315123,0.45330281384639254,-0.22727272727272727,0.501535667604937,Orthogonal + Recon,0
REACTOME_ELASTIC_FIBRE_FORMATION,embedding_8,11,0.35111266848308914,0.28971136950016513,0.3545454545454546,0.2846927409558867,Orthogonal + Recon,0
REACTOME_ELASTIC_FIBRE_FORMATION,embedding_9,11,-0.4066124735131118,0.2145975096990637,-0.46363636363636374,0.15090149929248603,Orthogonal + Recon,0
REACTOME_ELASTIC_FIBRE_FORMATION,embedding_10,11,-0.3156796059573992,0.3443196200317696,-0.3545454545454546,0.2846927409558867,Orthogonal + Recon,0
REACTOME_ELASTIC_FIBRE_FORMATION,embedding_11,11,0.13555489364084683,0.6910729117014951,0.10000000000000002,0.7698749998921366,Orthogonal + Recon,0
REACTOME_ELASTIC_FIBRE_FORMATION,embedding_12,11,0.32473321574641256,0.3298850112716721,0.3181818181818182,0.34029761418190363,Orthogonal + Recon,0
REACTOME_ELASTIC_FIBRE_FORMATION,embedding_13,11,0.2547276448375747,0.4497011109930432,0.27272727272727276,0.41714143714253127,Orthogonal + Recon,0
REACTOME_ELASTIC_FIBRE_FORMATION,embedding_14,11,-0.29746713453011037,0.3743346461836519,-0.29090909090909095,0.38545696969136556,Orthogonal + Recon,0
REACTOME_ELASTIC_FIBRE_FORMATION,embedding_15,11,0.28684357791256465,0.39243420696656206,0.3090909090909091,0.3550284397015071,Orthogonal + Recon,0
REACTOME_ELASTIC_FIBRE_FORMATION,embedding_16,11,-0.10246146629551978,0.7643471265386923,-0.06363636363636364,0.8525390725425217,Orthogonal + Recon,0
REACTOME_ELASTIC_FIBRE_FORMATION,embedding_17,11,0.17067008915401835,0.6158556847632066,0.08181818181818183,0.8109903943000458,Orthogonal + Recon,0
REACTOME_ELASTIC_FIBRE_FORMATION,embedding_18,11,0.39797925871720197,0.22543265905422777,0.39090909090909093,0.23454006709519432,Orthogonal + Recon,0
REACTOME_ELASTIC_FIBRE_FORMATION,embedding_19,11,0.1807929804883995,0.5947385814628431,0.03636363636363637,0.9154683168905347,Orthogonal + Recon,0
REACTOME_ELASTIC_FIBRE_FORMATION,embedding_20,11,0.26725374815638986,0.426919167836749,0.18181818181818182,0.5926152128455,Orthogonal + Recon,0
REACTOME_ELASTIC_FIBRE_FORMATION,embedding_21,11,-0.30502541210210504,0.3617212039126898,-0.29090909090909095,0.38545696969136556,Orthogonal + Recon,0
REACTOME_ELASTIC_FIBRE_FORMATION,embedding_22,11,-0.24904486064798326,0.46021937563457643,-0.4727272727272727,0.14199852020631992,Orthogonal + Recon,0
REACTOME_ELASTIC_FIBRE_FORMATION,embedding_23,11,0.232187817850052,0.4920703394998245,0.15454545454545454,0.65003396549758,Orthogonal + Recon,0
REACTOME_ELASTIC_FIBRE_FORMATION,embedding_24,11,-0.03322108115009912,0.9227538711336737,-0.08181818181818183,0.8109903943000458,Orthogonal + Recon,0
REACTOME_ELASTIC_FIBRE_FORMATION,embedding_25,11,-0.2457911527367987,0.4662920509308243,-0.3272727272727273,0.32589494101284167,Orthogonal + Recon,0
REACTOME_ELASTIC_FIBRE_FORMATION,embedding_26,11,0.31840196364184103,0.33994494547827575,0.3090909090909091,0.3550284397015071,Orthogonal + Recon,0
REACTOME_ELASTIC_FIBRE_FORMATION,embedding_27,11,-0.1862082030750122,0.5835552698934031,-0.1272727272727273,0.7092146257733047,Orthogonal + Recon,0
REACTOME_ELASTIC_FIBRE_FORMATION,embedding_28,11,-0.3106545519043471,0.35247154140910153,-0.3090909090909091,0.3550284397015071,Orthogonal + Recon,0
REACTOME_ELASTIC_FIBRE_FORMATION,embedding_29,11,-0.03228742281142846,0.9249194713790739,-0.05454545454545456,0.8734465775233149,Orthogonal + Recon,0
REACTOME_ELASTIC_FIBRE_FORMATION,embedding_30,11,-0.24213843005585212,0.4731526636573156,-0.23636363636363636,0.4840911622253965,Orthogonal + Recon,0
REACTOME_ELASTIC_FIBRE_FORMATION,embedding_31,11,-0.053784211353404554,0.8752007784357128,-0.10000000000000002,0.7698749998921366,Orthogonal + Recon,0
REACTOME_NON_INTEGRIN_MEMBRANE_ECM_INTERACTIONS,embedding_0,11,0.5004266775564703,0.11694422308415948,0.6363636363636364,0.03528698122006228,Orthogonal + Recon,0
REACTOME_NON_INTEGRIN_MEMBRANE_ECM_INTERACTIONS,embedding_1,11,0.47922462303037694,0.13584294987828371,0.43636363636363645,0.17966487658001123,Orthogonal + Recon,0
REACTOME_NON_INTEGRIN_MEMBRANE_ECM_INTERACTIONS,embedding_2,11,0.3797634056969093,0.24932438372816695,0.41818181818181827,0.20057021703405067,Orthogonal + Recon,0
REACTOME_NON_INTEGRIN_MEMBRANE_ECM_INTERACTIONS,embedding_3,11,0.4008238884326226,0.2218277804334072,0.45454545454545453,0.16014543725525882,Orthogonal + Recon,0
REACTOME_NON_INTEGRIN_MEMBRANE_ECM_INTERACTIONS,embedding_4,11,-0.5607892936326233,0.07270534632131961,-0.5818181818181819,0.060419896215648305,Orthogonal + Recon,0
REACTOME_NON_INTEGRIN_MEMBRANE_ECM_INTERACTIONS,embedding_5,11,0.5139539800409889,0.10582122907222373,0.41818181818181827,0.20057021703405067,Orthogonal + Recon,0
REACTOME_NON_INTEGRIN_MEMBRANE_ECM_INTERACTIONS,embedding_6,11,-0.20413071174783587,0.5471339485650362,-0.2545454545454546,0.4500365768888285,Orthogonal + Recon,0
REACTOME_NON_INTEGRIN_MEMBRANE_ECM_INTERACTIONS,embedding_7,11,-0.5365698192312753,0.08880706942975247,-0.5272727272727273,0.09556521835315422,Orthogonal + Recon,0
REACTOME_NON_INTEGRIN_MEMBRANE_ECM_INTERACTIONS,embedding_8,11,0.5500621908304667,0.0795729940371873,0.6545454545454547,0.028864598957001886,Orthogonal + Recon,0
REACTOME_NON_INTEGRIN_MEMBRANE_ECM_INTERACTIONS,embedding_9,11,-0.5057361601205642,0.11249263813507424,-0.7454545454545456,0.00845472888506156,Orthogonal + Recon,0
REACTOME_NON_INTEGRIN_MEMBRANE_ECM_INTERACTIONS,embedding_10,11,-0.5719159648065589,0.06601404438818019,-0.6545454545454547,0.028864598957001886,Orthogonal + Recon,0
REACTOME_NON_INTEGRIN_MEMBRANE_ECM_INTERACTIONS,embedding_11,11,0.15250313004833427,0.6544080852942912,0.14545454545454548,0.6695786456420787,Orthogonal + Recon,0
REACTOME_NON_INTEGRIN_MEMBRANE_ECM_INTERACTIONS,embedding_12,11,0.4722377612394881,0.14246926927543432,0.5181818181818182,0.10249153979096383,Orthogonal + Recon,0
REACTOME_NON_INTEGRIN_MEMBRANE_ECM_INTERACTIONS,embedding_13,11,0.5126014694012987,0.10690107676146585,0.5545454545454546,0.07665233333978251,Orthogonal + Recon,0
REACTOME_NON_INTEGRIN_MEMBRANE_ECM_INTERACTIONS,embedding_14,11,-0.5732037048361566,0.06526752778378729,-0.6181818181818182,0.042645569805326695,Orthogonal + Recon,0
REACTOME_NON_INTEGRIN_MEMBRANE_ECM_INTERACTIONS,embedding_15,11,0.5138543402324433,0.10590053870471153,0.5909090909090909,0.05557560428877463,Orthogonal + Recon,0
REACTOME_NON_INTEGRIN_MEMBRANE_ECM_INTERACTIONS,embedding_16,11,-0.08514022858011355,0.8034430077474205,-0.10000000000000002,0.7698749998921366,Orthogonal + Recon,0
REACTOME_NON_INTEGRIN_MEMBRANE_ECM_INTERACTIONS,embedding_17,11,0.42666581700005646,0.1906423118149641,0.3545454545454546,0.2846927409558867,Orthogonal + Recon,0
REACTOME_NON_INTEGRIN_MEMBRANE_ECM_INTERACTIONS,embedding_18,11,0.5974049766672106,0.05228112610977385,0.6181818181818182,0.042645569805326695,Orthogonal + Recon,0
REACTOME_NON_INTEGRIN_MEMBRANE_ECM_INTERACTIONS,embedding_19,11,0.33464163398517566,0.3144639173271762,0.33636363636363636,0.31182431390038623,Orthogonal + Recon,0
REACTOME_NON_INTEGRIN_MEMBRANE_ECM_INTERACTIONS,embedding_20,11,0.38515014261833896,0.24211391616295885,0.4272727272727273,0.189943724965427,Orthogonal + Recon,0
REACTOME_NON_INTEGRIN_MEMBRANE_ECM_INTERACTIONS,embedding_21,11,-0.5155972067618995,0.10451884766288126,-0.5909090909090909,0.05557560428877463,Orthogonal + Recon,0
REACTOME_NON_INTEGRIN_MEMBRANE_ECM_INTERACTIONS,embedding_22,11,-0.44455560347742507,0.1706993413569883,-0.6454545454545455,0.03196279932801745,Orthogonal + Recon,0
REACTOME_NON_INTEGRIN_MEMBRANE_ECM_INTERACTIONS,embedding_23,11,0.3615461318494138,0.27460892651320806,0.4000000000000001,0.22286835013352002,Orthogonal + Recon,0
REACTOME_NON_INTEGRIN_MEMBRANE_ECM_INTERACTIONS,embedding_24,11,-0.22772246534820229,0.5006663001063235,-0.16363636363636366,0.6306852146425357,Orthogonal + Recon,0
REACTOME_NON_INTEGRIN_MEMBRANE_ECM_INTERACTIONS,embedding_25,11,-0.5679521613612376,0.06834801781127538,-0.6454545454545455,0.03196279932801745,Orthogonal + Recon,0
REACTOME_NON_INTEGRIN_MEMBRANE_ECM_INTERACTIONS,embedding_26,11,0.5928188038552493,0.05459277176457461,0.6090909090909091,0.04669570935409886,Orthogonal + Recon,0
REACTOME_NON_INTEGRIN_MEMBRANE_ECM_INTERACTIONS,embedding_27,11,-0.4537689662476233,0.1609508774115456,-0.4090909090909091,0.2115450103420961,Orthogonal + Recon,0
REACTOME_NON_INTEGRIN_MEMBRANE_ECM_INTERACTIONS,embedding_28,11,-0.5759449617678689,0.0636974257808212,-0.6090909090909091,0.04669570935409886,Orthogonal + Recon,0
REACTOME_NON_INTEGRIN_MEMBRANE_ECM_INTERACTIONS,embedding_29,11,-0.3158242038646473,0.34408652089235625,-0.20000000000000004,0.5554454421055854,Orthogonal + Recon,0
REACTOME_NON_INTEGRIN_MEMBRANE_ECM_INTERACTIONS,embedding_30,11,-0.5087956257035506,0.10997798823585896,-0.5363636363636364,0.08895341813596276,Orthogonal + Recon,0
REACTOME_NON_INTEGRIN_MEMBRANE_ECM_INTERACTIONS,embedding_31,11,0.1042594691605519,0.7603154508098481,0.009090909090909092,0.9788365001441937,Orthogonal + Recon,0
REACTOME_COLLAGEN_FORMATION,embedding_0,11,0.13565179525549095,0.6908614936073528,-0.045454545454545456,0.8944269969053026,Orthogonal + Recon,0
REACTOME_COLLAGEN_FORMATION,embedding_1,11,0.47316819149620887,0.14157534109015246,0.3181818181818182,0.34029761418190363,Orthogonal + Recon,0
REACTOME_COLLAGEN_FORMATION,embedding_2,11,-0.04888647874780882,0.8864988172299525,-0.26363636363636367,0.4334407376116145,Orthogonal + Recon,0
REACTOME_COLLAGEN_FORMATION,embedding_3,11,0.5854689919142317,0.0584413563206451,0.5818181818181819,0.060419896215648305,Orthogonal + Recon,0
REACTOME_COLLAGEN_FORMATION,embedding_4,11,-0.4147449765574288,0.2046782958147548,-0.26363636363636367,0.4334407376116145,Orthogonal + Recon,0
REACTOME_COLLAGEN_FORMATION,embedding_5,11,0.37447223766720217,0.25652537704974987,0.13636363636363638,0.6893090205863619,Orthogonal + Recon,0
REACTOME_COLLAGEN_FORMATION,embedding_6,11,0.18010798213405996,0.5961589201985452,0.44545454545454555,0.16973260492681172,Orthogonal + Recon,0
REACTOME_COLLAGEN_FORMATION,embedding_7,11,-0.4309408632137909,0.185754475801259,-0.30000000000000004,0.37008312228206786,Orthogonal + Recon,0
REACTOME_COLLAGEN_FORMATION,embedding_8,11,0.2779582082133984,0.40789961373172207,0.22727272727272727,0.501535667604937,Orthogonal + Recon,0
REACTOME_COLLAGEN_FORMATION,embedding_9,11,-0.12472282975965414,0.7148279386524684,0.07272727272727274,0.831716405381337,Orthogonal + Recon,0
REACTOME_COLLAGEN_FORMATION,embedding_10,11,-0.262145624666865,0.43614198901337975,-0.22727272727272727,0.501535667604937,Orthogonal + Recon,0
REACTOME_COLLAGEN_FORMATION,embedding_11,11,-0.1870347026093015,0.5818555327271286,-0.3727272727272728,0.25892587368422215,Orthogonal + Recon,0
REACTOME_COLLAGEN_FORMATION,embedding_12,11,0.04171109899843044,0.9030846848003137,-0.26363636363636367,0.4334407376116145,Orthogonal + Recon,0
REACTOME_COLLAGEN_FORMATION,embedding_13,11,0.35396218007925145,0.28554204209213724,0.29090909090909095,0.38545696969136556,Orthogonal + Recon,0
REACTOME_COLLAGEN_FORMATION,embedding_14,11,-0.10668704366587745,0.7548805778382964,0.09090909090909091,0.7903727377532903,Orthogonal + Recon,0
REACTOME_COLLAGEN_FORMATION,embedding_15,11,0.24373269670824887,0.4701526869335466,0.16363636363636366,0.6306852146425357,Orthogonal + Recon,0
REACTOME_COLLAGEN_FORMATION,embedding_16,11,0.2035644133705221,0.5482704091451258,0.3090909090909091,0.3550284397015071,Orthogonal + Recon,0
REACTOME_COLLAGEN_FORMATION,embedding_17,11,0.45329545438669017,0.1614432742109961,0.24545454545454545,0.4669223669820163,Orthogonal + Recon,0
REACTOME_COLLAGEN_FORMATION,embedding_18,11,0.3718023140847,0.260203473282652,0.28181818181818186,0.4011448979604785,Orthogonal + Recon,0
REACTOME_COLLAGEN_FORMATION,embedding_19,11,0.28416882156646295,0.3970586556741973,0.2545454545454546,0.4500365768888285,Orthogonal + Recon,0
REACTOME_COLLAGEN_FORMATION,embedding_20,11,0.06590086502721425,0.8473438506540342,-0.38181818181818183,0.24655957577897006,Orthogonal + Recon,0
REACTOME_COLLAGEN_FORMATION,embedding_21,11,-0.2810948198251849,0.4024065132966476,-0.20000000000000004,0.5554454421055854,Orthogonal + Recon,0
REACTOME_COLLAGEN_FORMATION,embedding_22,11,-0.18299002249479712,0.5901916366465216,-0.21818181818181823,0.519248247554982,Orthogonal + Recon,0
REACTOME_COLLAGEN_FORMATION,embedding_23,11,-0.13774835691947743,0.6862921297075684,-0.4090909090909091,0.2115450103420961,Orthogonal + Recon,0
REACTOME_COLLAGEN_FORMATION,embedding_24,11,-0.0856922224601687,0.8021903697549,-0.08181818181818183,0.8109903943000458,Orthogonal + Recon,0
REACTOME_COLLAGEN_FORMATION,embedding_25,11,-0.3067026504867696,0.35895225187794016,-0.27272727272727276,0.41714143714253127,Orthogonal + Recon,0
REACTOME_COLLAGEN_FORMATION,embedding_26,11,0.3768897117937211,0.25322077793594083,0.23636363636363636,0.4840911622253965,Orthogonal + Recon,0
REACTOME_COLLAGEN_FORMATION,embedding_27,11,-0.44098146666947113,0.17457643856761623,-0.20000000000000004,0.5554454421055854,Orthogonal + Recon,0
REACTOME_COLLAGEN_FORMATION,embedding_28,11,-0.34698337996512185,0.29581254872183455,-0.23636363636363636,0.4840911622253965,Orthogonal + Recon,0
REACTOME_COLLAGEN_FORMATION,embedding_29,11,-0.2179389238298598,0.519725102829543,-0.20000000000000004,0.5554454421055854,Orthogonal + Recon,0
REACTOME_COLLAGEN_FORMATION,embedding_30,11,-0.44637369053824855,0.16874763110355087,-0.28181818181818186,0.4011448979604785,Orthogonal + Recon,0
REACTOME_COLLAGEN_FORMATION,embedding_31,11,0.32529397766341406,0.3290017192658359,0.21818181818181823,0.519248247554982,Orthogonal + Recon,0
REACTOME_COLLAGEN_DEGRADATION,embedding_0,11,-0.11381807669856298,0.7389739458579024,-0.18181818181818182,0.5926152128455,Orthogonal + Recon,0
REACTOME_COLLAGEN_DEGRADATION,embedding_1,11,0.29295334242523163,0.3819723289634055,0.24545454545454545,0.4669223669820163,Orthogonal + Recon,0
REACTOME_COLLAGEN_DEGRADATION,embedding_2,11,-0.2736358950205069,0.4155288903807848,-0.4000000000000001,0.22286835013352002,Orthogonal + Recon,0
REACTOME_COLLAGEN_DEGRADATION,embedding_3,11,0.4216898658490489,0.19642836763443572,0.5090909090909091,0.10973723224165641,Orthogonal + Recon,0
REACTOME_COLLAGEN_DEGRADATION,embedding_4,11,-0.18927513537097349,0.577257572146561,-0.1272727272727273,0.7092146257733047,Orthogonal + Recon,0
REACTOME_COLLAGEN_DEGRADATION,embedding_5,11,0.20785145023845827,0.5396910356347667,0.10000000000000002,0.7698749998921366,Orthogonal + Recon,0
REACTOME_COLLAGEN_DEGRADATION,embedding_6,11,0.320147751155327,0.3371550494665329,0.5090909090909091,0.10973723224165641,Orthogonal + Recon,0
REACTOME_COLLAGEN_DEGRADATION,embedding_7,11,-0.24082148290530997,0.4756373063416857,-0.20909090909090913,0.5372209352113229,Orthogonal + Recon,0
REACTOME_COLLAGEN_DEGRADATION,embedding_8,11,0.01805489532155191,0.9579804046409195,0.09090909090909091,0.7903727377532903,Orthogonal + Recon,0
REACTOME_COLLAGEN_DEGRADATION,embedding_9,11,0.08013489511906989,0.814820227185269,0.15454545454545454,0.65003396549758,Orthogonal + Recon,0
REACTOME_COLLAGEN_DEGRADATION,embedding_10,11,-0.015167106849074657,0.9646972739560818,-0.09090909090909091,0.7903727377532903,Orthogonal + Recon,0
REACTOME_COLLAGEN_DEGRADATION,embedding_11,11,-0.3356016813875316,0.31299080700497806,-0.46363636363636374,0.15090149929248603,Orthogonal + Recon,0
REACTOME_COLLAGEN_DEGRADATION,embedding_12,11,-0.1625338554546244,0.6330209761649137,-0.3272727272727273,0.32589494101284167,Orthogonal + Recon,0
REACTOME_COLLAGEN_DEGRADATION,embedding_13,11,0.09209385489887473,0.7876943487091064,0.13636363636363638,0.6893090205863619,Orthogonal + Recon,0
REACTOME_COLLAGEN_DEGRADATION,embedding_14,11,0.09165898959593446,0.7886772079401713,0.19090909090909092,0.5739131682855215,Orthogonal + Recon,0
REACTOME_COLLAGEN_DEGRADATION,embedding_15,11,-0.023032767474017307,0.9464080698263406,0.02727272727272728,0.9365584481926122,Orthogonal + Recon,0
REACTOME_COLLAGEN_DEGRADATION,embedding_16,11,0.34202028479239144,0.3032382688460909,0.4000000000000001,0.22286835013352002,Orthogonal + Recon,0
REACTOME_COLLAGEN_DEGRADATION,embedding_17,11,0.2999459617043865,0.3701735695892701,0.20909090909090913,0.5372209352113229,Orthogonal + Recon,0
REACTOME_COLLAGEN_DEGRADATION,embedding_18,11,0.14102951445865003,0.6791599199253788,0.14545454545454548,0.6695786456420787,Orthogonal + Recon,0
REACTOME_COLLAGEN_DEGRADATION,embedding_19,11,0.03780819523066822,0.9121212453615573,0.08181818181818183,0.8109903943000458,Orthogonal + Recon,0
REACTOME_COLLAGEN_DEGRADATION,embedding_20,11,-0.1763099753993767,0.6040569582355234,-0.46363636363636374,0.15090149929248603,Orthogonal + Recon,0
REACTOME_COLLAGEN_DEGRADATION,embedding_21,11,-0.010917156561374736,0.974586106827028,-0.06363636363636364,0.8525390725425217,Orthogonal + Recon,0
REACTOME_COLLAGEN_DEGRADATION,embedding_22,11,0.0827392651192142,0.8088963031714377,-0.10000000000000002,0.7698749998921366,Orthogonal + Recon,0
REACTOME_COLLAGEN_DEGRADATION,embedding_23,11,-0.323029426721032,0.3325764819669457,-0.5,0.11730680301423815,Orthogonal + Recon,0
REACTOME_COLLAGEN_DEGRADATION,embedding_24,11,-0.17277495973961418,0.611442529965518,-0.20909090909090913,0.5372209352113229,Orthogonal + Recon,0
REACTOME_COLLAGEN_DEGRADATION,embedding_25,11,-0.11228796764892744,0.7423795286367223,-0.20000000000000004,0.5554454421055854,Orthogonal + Recon,0
REACTOME_COLLAGEN_DEGRADATION,embedding_26,11,0.1506546463766646,0.658375479367385,0.10000000000000002,0.7698749998921366,Orthogonal + Recon,0
REACTOME_COLLAGEN_DEGRADATION,embedding_27,11,-0.2683118901328192,0.42502044043905524,-0.16363636363636366,0.6306852146425357,Orthogonal + Recon,0
REACTOME_COLLAGEN_DEGRADATION,embedding_28,11,-0.09851714095930023,0.7732098141245061,-0.10000000000000002,0.7698749998921366,Orthogonal + Recon,0
REACTOME_COLLAGEN_DEGRADATION,embedding_29,11,-0.17868916991982975,0.5991048458081467,-0.36363636363636365,0.2716375409938228,Orthogonal + Recon,0
REACTOME_COLLAGEN_DEGRADATION,embedding_30,11,-0.23954163347026294,0.47805757526218534,-0.16363636363636366,0.6306852146425357,Orthogonal + Recon,0
REACTOME_COLLAGEN_DEGRADATION,embedding_31,11,0.3181581967383361,0.3403354667043979,0.3181818181818182,0.34029761418190363,Orthogonal + Recon,0
REACTOME_DEGRADATION_OF_THE_EXTRACELLULAR_MATRIX,embedding_0,11,0.028944023136655922,0.9326780739574222,-0.02727272727272728,0.9365584481926122,Orthogonal + Recon,0
REACTOME_DEGRADATION_OF_THE_EXTRACELLULAR_MATRIX,embedding_1,11,0.315329428262628,0.34488446696556274,0.3181818181818182,0.34029761418190363,Orthogonal + Recon,0
REACTOME_DEGRADATION_OF_THE_EXTRACELLULAR_MATRIX,embedding_2,11,-0.13584965119334386,0.6904298768516635,-0.3272727272727273,0.32589494101284167,Orthogonal + Recon,0
REACTOME_DEGRADATION_OF_THE_EXTRACELLULAR_MATRIX,embedding_3,11,0.4303528478866415,0.18642222025713118,0.5636363636363637,0.07095173447637536,Orthogonal + Recon,0
REACTOME_DEGRADATION_OF_THE_EXTRACELLULAR_MATRIX,embedding_4,11,-0.2628372459136535,0.4348877664362085,-0.26363636363636367,0.4334407376116145,Orthogonal + Recon,0
REACTOME_DEGRADATION_OF_THE_EXTRACELLULAR_MATRIX,embedding_5,11,0.24607976474479298,0.46575191798933285,0.22727272727272727,0.501535667604937,Orthogonal + Recon,0
REACTOME_DEGRADATION_OF_THE_EXTRACELLULAR_MATRIX,embedding_6,11,0.16648700259538218,0.6246599664043153,0.3545454545454546,0.2846927409558867,Orthogonal + Recon,0
REACTOME_DEGRADATION_OF_THE_EXTRACELLULAR_MATRIX,embedding_7,11,-0.2846777591908632,0.3961766692964516,-0.30000000000000004,0.37008312228206786,Orthogonal + Recon,0
REACTOME_DEGRADATION_OF_THE_EXTRACELLULAR_MATRIX,embedding_8,11,0.14385981127351932,0.6730266264215223,0.24545454545454545,0.4669223669820163,Orthogonal + Recon,0
REACTOME_DEGRADATION_OF_THE_EXTRACELLULAR_MATRIX,embedding_9,11,-0.0827965138317266,0.8087661847053307,-0.10909090909090911,0.7495085962341482,Orthogonal + Recon,0
REACTOME_DEGRADATION_OF_THE_EXTRACELLULAR_MATRIX,embedding_10,11,-0.14065926661570657,0.6799635541315546,-0.24545454545454545,0.4669223669820163,Orthogonal + Recon,0
REACTOME_DEGRADATION_OF_THE_EXTRACELLULAR_MATRIX,embedding_11,11,-0.1997408900260303,0.5559684852473696,-0.4090909090909091,0.2115450103420961,Orthogonal + Recon,0
REACTOME_DEGRADATION_OF_THE_EXTRACELLULAR_MATRIX,embedding_12,11,0.002804116615202981,0.9934714890785489,-0.10909090909090911,0.7495085962341482,Orthogonal + Recon,0
REACTOME_DEGRADATION_OF_THE_EXTRACELLULAR_MATRIX,embedding_13,11,0.173105119313903,0.6107513506068065,0.24545454545454545,0.4669223669820163,Orthogonal + Recon,0
REACTOME_DEGRADATION_OF_THE_EXTRACELLULAR_MATRIX,embedding_14,11,-0.06439578570045303,0.8507962096839135,0.02727272727272728,0.9365584481926122,Orthogonal + Recon,0
REACTOME_DEGRADATION_OF_THE_EXTRACELLULAR_MATRIX,embedding_15,11,0.09178987007785318,0.7883813697422946,0.17272727272727276,0.6115423848512369,Orthogonal + Recon,0
REACTOME_DEGRADATION_OF_THE_EXTRACELLULAR_MATRIX,embedding_16,11,0.21373117468617417,0.5280151578190759,0.3545454545454546,0.2846927409558867,Orthogonal + Recon,0
REACTOME_DEGRADATION_OF_THE_EXTRACELLULAR_MATRIX,embedding_17,11,0.3037743954404494,0.36379364123805663,0.26363636363636367,0.4334407376116145,Orthogonal + Recon,0
REACTOME_DEGRADATION_OF_THE_EXTRACELLULAR_MATRIX,embedding_18,11,0.2535849271237447,0.4518071146350047,0.30000000000000004,0.37008312228206786,Orthogonal + Recon,0
REACTOME_DEGRADATION_OF_THE_EXTRACELLULAR_MATRIX,embedding_19,11,0.12681869314646105,0.7102131903113118,0.13636363636363638,0.6893090205863619,Orthogonal + Recon,0
REACTOME_DEGRADATION_OF_THE_EXTRACELLULAR_MATRIX,embedding_20,11,-0.034606056735549465,0.9195423211560387,-0.29090909090909095,0.38545696969136556,Orthogonal + Recon,0
REACTOME_DEGRADATION_OF_THE_EXTRACELLULAR_MATRIX,embedding_21,11,-0.12395647881427066,0.7165174686817841,-0.24545454545454545,0.4669223669820163,Orthogonal + Recon,0
REACTOME_DEGRADATION_OF_THE_EXTRACELLULAR_MATRIX,embedding_22,11,-0.04074982591602765,0.9053094415693401,-0.20000000000000004,0.5554454421055854,Orthogonal + Recon,0
REACTOME_DEGRADATION_OF_THE_EXTRACELLULAR_MATRIX,embedding_23,11,-0.16356008714687456,0.630846715833791,-0.3454545454545455,0.2980892209030388,Orthogonal + Recon,0
REACTOME_DEGRADATION_OF_THE_EXTRACELLULAR_MATRIX,embedding_24,11,-0.12696863769191025,0.7098833695527402,-0.26363636363636367,0.4334407376116145,Orthogonal + Recon,0
REACTOME_DEGRADATION_OF_THE_EXTRACELLULAR_MATRIX,embedding_25,11,-0.1884931640457178,0.5788607854167039,-0.3272727272727273,0.32589494101284167,Orthogonal + Recon,0
REACTOME_DEGRADATION_OF_THE_EXTRACELLULAR_MATRIX,embedding_26,11,0.23535996213504262,0.48600370472664917,0.27272727272727276,0.41714143714253127,Orthogonal + Recon,0
REACTOME_DEGRADATION_OF_THE_EXTRACELLULAR_MATRIX,embedding_27,11,-0.2833904287722129,0.3984094861005208,-0.24545454545454545,0.4669223669820163,Orthogonal + Recon,0
REACTOME_DEGRADATION_OF_THE_EXTRACELLULAR_MATRIX,embedding_28,11,-0.19224516507598255,0.5711840959170604,-0.27272727272727276,0.41714143714253127,Orthogonal + Recon,0
REACTOME_DEGRADATION_OF_THE_EXTRACELLULAR_MATRIX,embedding_29,11,-0.1599608793834733,0.6384837382322445,-0.39090909090909093,0.23454006709519432,Orthogonal + Recon,0
REACTOME_DEGRADATION_OF_THE_EXTRACELLULAR_MATRIX,embedding_30,11,-0.2764050246761426,0.4106331894152433,-0.26363636363636367,0.4334407376116145,Orthogonal + Recon,0
REACTOME_DEGRADATION_OF_THE_EXTRACELLULAR_MATRIX,embedding_31,11,0.21986928372041045,0.5159405149343872,0.2545454545454546,0.4500365768888285,Orthogonal + Recon,0
REACTOME_INTEGRIN_CELL_SURFACE_INTERACTIONS,embedding_0,11,-0.009317672062413372,0.9783087049879551,-0.02727272727272728,0.9365584481926122,Orthogonal + Recon,0
REACTOME_INTEGRIN_CELL_SURFACE_INTERACTIONS,embedding_1,11,0.08124757484142403,0.8122882331752374,0.09090909090909091,0.7903727377532903,Orthogonal + Recon,0
REACTOME_INTEGRIN_CELL_SURFACE_INTERACTIONS,embedding_2,11,-0.10987433143702732,0.7477600058292476,-0.20000000000000004,0.5554454421055854,Orthogonal + Recon,0
REACTOME_INTEGRIN_CELL_SURFACE_INTERACTIONS,embedding_3,11,0.12072153098268211,0.7236618738510023,0.19090909090909092,0.5739131682855215,Orthogonal + Recon,0
REACTOME_INTEGRIN_CELL_SURFACE_INTERACTIONS,embedding_4,11,-0.06279022882722304,0.8544816369661612,-0.07272727272727274,0.831716405381337,Orthogonal + Recon,0
REACTOME_INTEGRIN_CELL_SURFACE_INTERACTIONS,embedding_5,11,0.054134183602928744,0.8743942429636283,0.02727272727272728,0.9365584481926122,Orthogonal + Recon,0
REACTOME_INTEGRIN_CELL_SURFACE_INTERACTIONS,embedding_6,11,0.04655929261579568,0.8918739192369113,0.1272727272727273,0.7092146257733047,Orthogonal + Recon,0
REACTOME_INTEGRIN_CELL_SURFACE_INTERACTIONS,embedding_7,11,-0.07301586547313624,0.8310569063319542,-0.06363636363636364,0.8525390725425217,Orthogonal + Recon,0
REACTOME_INTEGRIN_CELL_SURFACE_INTERACTIONS,embedding_8,11,0.03583605732344218,0.9166910378375626,0.09090909090909091,0.7903727377532903,Orthogonal + Recon,0
REACTOME_INTEGRIN_CELL_SURFACE_INTERACTIONS,embedding_9,11,-0.09774201785555678,0.7749543693546533,-0.13636363636363638,0.6893090205863619,Orthogonal + Recon,0
REACTOME_INTEGRIN_CELL_SURFACE_INTERACTIONS,embedding_10,11,-0.026623781735572283,0.9380654923759313,-0.09090909090909091,0.7903727377532903,Orthogonal + Recon,0
REACTOME_INTEGRIN_CELL_SURFACE_INTERACTIONS,embedding_11,11,-0.08471290162498124,0.8044130247187077,-0.16363636363636366,0.6306852146425357,Orthogonal + Recon,0
REACTOME_INTEGRIN_CELL_SURFACE_INTERACTIONS,embedding_12,11,0.023396697828753362,0.9455623609073713,0.009090909090909092,0.9788365001441937,Orthogonal + Recon,0
REACTOME_INTEGRIN_CELL_SURFACE_INTERACTIONS,embedding_13,11,-0.00909820515849541,0.9788195182876339,0.009090909090909092,0.9788365001441937,Orthogonal + Recon,0
REACTOME_INTEGRIN_CELL_SURFACE_INTERACTIONS,embedding_14,11,-0.05858315364016287,0.8641508626521284,-0.03636363636363637,0.9154683168905347,Orthogonal + Recon,0
REACTOME_INTEGRIN_CELL_SURFACE_INTERACTIONS,embedding_15,11,-0.02289152252284421,0.9467363111956443,0.018181818181818184,0.9576852410216187,Orthogonal + Recon,0
REACTOME_INTEGRIN_CELL_SURFACE_INTERACTIONS,embedding_16,11,0.09665087958167927,0.7774117558945182,0.17272727272727276,0.6115423848512369,Orthogonal + Recon,0
REACTOME_INTEGRIN_CELL_SURFACE_INTERACTIONS,embedding_17,11,0.05608148522131555,0.8699085284070497,0.02727272727272728,0.9365584481926122,Orthogonal + Recon,0
REACTOME_INTEGRIN_CELL_SURFACE_INTERACTIONS,embedding_18,11,0.10181939748747325,0.7657881209448235,0.10909090909090911,0.7495085962341482,Orthogonal + Recon,0
REACTOME_INTEGRIN_CELL_SURFACE_INTERACTIONS,embedding_19,11,-0.07380636064653112,0.8292509497546127,-0.13636363636363638,0.6893090205863619,Orthogonal + Recon,0
REACTOME_INTEGRIN_CELL_SURFACE_INTERACTIONS,embedding_20,11,-0.03669242053004229,0.9147064073657931,-0.1272727272727273,0.7092146257733047,Orthogonal + Recon,0
REACTOME_INTEGRIN_CELL_SURFACE_INTERACTIONS,embedding_21,11,0.005598840731644281,0.986965202790036,-0.03636363636363637,0.9154683168905347,Orthogonal + Recon,0
REACTOME_INTEGRIN_CELL_SURFACE_INTERACTIONS,embedding_22,11,0.056978399147122036,0.8678435882288997,-0.16363636363636366,0.6306852146425357,Orthogonal + Recon,0
REACTOME_INTEGRIN_CELL_SURFACE_INTERACTIONS,embedding_23,11,-0.045563923104421436,0.8941741839944882,-0.13636363636363638,0.6893090205863619,Orthogonal + Recon,0
REACTOME_INTEGRIN_CELL_SURFACE_INTERACTIONS,embedding_24,11,-0.1200519487453453,0.7251431463730147,-0.30000000000000004,0.37008312228206786,Orthogonal + Recon,0
REACTOME_INTEGRIN_CELL_SURFACE_INTERACTIONS,embedding_25,11,-0.051823902552660756,0.8797203980357151,-0.15454545454545454,0.65003396549758,Orthogonal + Recon,0
REACTOME_INTEGRIN_CELL_SURFACE_INTERACTIONS,embedding_26,11,0.06802119173366586,0.8424843296334421,0.045454545454545456,0.8944269969053026,Orthogonal + Recon,0
REACTOME_INTEGRIN_CELL_SURFACE_INTERACTIONS,embedding_27,11,-0.0360414551951458,0.9162149868719924,-0.06363636363636364,0.8525390725425217,Orthogonal + Recon,0
REACTOME_INTEGRIN_CELL_SURFACE_INTERACTIONS,embedding_28,11,-0.03492458585469711,0.9188038510591127,-0.045454545454545456,0.8944269969053026,Orthogonal + Recon,0
REACTOME_INTEGRIN_CELL_SURFACE_INTERACTIONS,embedding_29,11,-0.04317895425389195,0.8996887129444341,-0.28181818181818186,0.4011448979604785,Orthogonal + Recon,0
REACTOME_INTEGRIN_CELL_SURFACE_INTERACTIONS,embedding_30,11,-0.04584248726989806,0.8935303573412288,-0.018181818181818184,0.9576852410216187,Orthogonal + Recon,0
REACTOME_INTEGRIN_CELL_SURFACE_INTERACTIONS,embedding_31,11,0.03169288383390503,0.9262987308837233,0.16363636363636366,0.6306852146425357,Orthogonal + Recon,0
REACTOME_EXTRACELLULAR_MATRIX_ORGANIZATION,embedding_0,11,0.21879515733770563,0.5180449541464783,0.29090909090909095,0.38545696969136556,Orthogonal + Recon,0
REACTOME_EXTRACELLULAR_MATRIX_ORGANIZATION,embedding_1,11,0.3212600451701241,0.33538384943481053,0.29090909090909095,0.38545696969136556,Orthogonal + Recon,0
REACTOME_EXTRACELLULAR_MATRIX_ORGANIZATION,embedding_2,11,0.06004228127032723,0.8607953554919873,0.045454545454545456,0.8944269969053026,Orthogonal + Recon,0
REACTOME_EXTRACELLULAR_MATRIX_ORGANIZATION,embedding_3,11,0.3570916213762244,0.28100175058515675,0.4000000000000001,0.22286835013352002,Orthogonal + Recon,0
REACTOME_EXTRACELLULAR_MATRIX_ORGANIZATION,embedding_4,11,-0.34093287691305246,0.3048786870693626,-0.39090909090909093,0.23454006709519432,Orthogonal + Recon,0
REACTOME_EXTRACELLULAR_MATRIX_ORGANIZATION,embedding_5,11,0.2914809429690884,0.38448058530516177,0.22727272727272727,0.501535667604937,Orthogonal + Recon,0
REACTOME_EXTRACELLULAR_MATRIX_ORGANIZATION,embedding_6,11,-0.024027583148816423,0.9440964164403841,-0.10909090909090911,0.7495085962341482,Orthogonal + Recon,0
REACTOME_EXTRACELLULAR_MATRIX_ORGANIZATION,embedding_7,11,-0.32989725909705975,0.32179851742339327,-0.3454545454545455,0.2980892209030388,Orthogonal + Recon,0
REACTOME_EXTRACELLULAR_MATRIX_ORGANIZATION,embedding_8,11,0.29957940716617865,0.37078739270869865,0.4090909090909091,0.2115450103420961,Orthogonal + Recon,0
REACTOME_EXTRACELLULAR_MATRIX_ORGANIZATION,embedding_9,11,-0.28987437338398947,0.38722681214598464,-0.5090909090909091,0.10973723224165641,Orthogonal + Recon,0
REACTOME_EXTRACELLULAR_MATRIX_ORGANIZATION,embedding_10,11,-0.2928945341624747,0.38207235136679185,-0.4090909090909091,0.2115450103420961,Orthogonal + Recon,0
REACTOME_EXTRACELLULAR_MATRIX_ORGANIZATION,embedding_11,11,-0.017117548832961113,0.960160381650098,-0.009090909090909092,0.9788365001441937,Orthogonal + Recon,0
REACTOME_EXTRACELLULAR_MATRIX_ORGANIZATION,embedding_12,11,0.21430194813301676,0.5268873923338165,0.30000000000000004,0.37008312228206786,Orthogonal + Recon,0
REACTOME_EXTRACELLULAR_MATRIX_ORGANIZATION,embedding_13,11,0.267134868676488,0.4271327382604884,0.3454545454545455,0.2980892209030388,Orthogonal + Recon,0
REACTOME_EXTRACELLULAR_MATRIX_ORGANIZATION,embedding_14,11,-0.25875869560717246,0.4423086687780732,-0.3454545454545455,0.2980892209030388,Orthogonal + Recon,0
REACTOME_EXTRACELLULAR_MATRIX_ORGANIZATION,embedding_15,11,0.2434581163254695,0.4706687561820603,0.33636363636363636,0.31182431390038623,Orthogonal + Recon,0
REACTOME_EXTRACELLULAR_MATRIX_ORGANIZATION,embedding_16,11,0.05151499469964486,0.8804329023267917,0.009090909090909092,0.9788365001441937,Orthogonal + Recon,0
REACTOME_EXTRACELLULAR_MATRIX_ORGANIZATION,embedding_17,11,0.28404418954731825,0.39727479052236325,0.20909090909090913,0.5372209352113229,Orthogonal + Recon,0
REACTOME_EXTRACELLULAR_MATRIX_ORGANIZATION,embedding_18,11,0.3801379482100266,0.2488190974893695,0.4272727272727273,0.189943724965427,Orthogonal + Recon,0
REACTOME_EXTRACELLULAR_MATRIX_ORGANIZATION,embedding_19,11,0.1749913846263422,0.6068079889015692,0.14545454545454548,0.6695786456420787,Orthogonal + Recon,0
REACTOME_EXTRACELLULAR_MATRIX_ORGANIZATION,embedding_20,11,0.15174528077825314,0.6560336909532617,0.14545454545454548,0.6695786456420787,Orthogonal + Recon,0
REACTOME_EXTRACELLULAR_MATRIX_ORGANIZATION,embedding_21,11,-0.2637305453147385,0.4332703458948305,-0.38181818181818183,0.24655957577897006,Orthogonal + Recon,0
REACTOME_EXTRACELLULAR_MATRIX_ORGANIZATION,embedding_22,11,-0.18842918457352248,0.578992033434438,-0.44545454545454555,0.16973260492681172,Orthogonal + Recon,0
REACTOME_EXTRACELLULAR_MATRIX_ORGANIZATION,embedding_23,11,0.08578773594365421,0.8019736636291964,0.10909090909090911,0.7495085962341482,Orthogonal + Recon,0
REACTOME_EXTRACELLULAR_MATRIX_ORGANIZATION,embedding_24,11,-0.13078265554844576,0.7015091380625794,-0.1272727272727273,0.7092146257733047,Orthogonal + Recon,0
REACTOME_EXTRACELLULAR_MATRIX_ORGANIZATION,embedding_25,11,-0.29338811092055783,0.38123327444867905,-0.43636363636363645,0.17966487658001123,Orthogonal + Recon,0
REACTOME_EXTRACELLULAR_MATRIX_ORGANIZATION,embedding_26,11,0.3433367231100878,0.30125880748662387,0.4090909090909091,0.2115450103420961,Orthogonal + Recon,0
REACTOME_EXTRACELLULAR_MATRIX_ORGANIZATION,embedding_27,11,-0.2838313001054661,0.39764411474042805,-0.23636363636363636,0.4840911622253965,Orthogonal + Recon,0
REACTOME_EXTRACELLULAR_MATRIX_ORGANIZATION,embedding_28,11,-0.31426065525736174,0.34661142742059936,-0.4090909090909091,0.2115450103420961,Orthogonal + Recon,0
REACTOME_EXTRACELLULAR_MATRIX_ORGANIZATION,embedding_29,11,-0.1561192885671446,0.6466699695081614,-0.21818181818181823,0.519248247554982,Orthogonal + Recon,0
REACTOME_EXTRACELLULAR_MATRIX_ORGANIZATION,embedding_30,11,-0.3134130387916578,0.34798424329778366,-0.33636363636363636,0.31182431390038623,Orthogonal + Recon,0
REACTOME_EXTRACELLULAR_MATRIX_ORGANIZATION,embedding_31,11,0.10283613848290686,0.7635065596351623,-0.009090909090909092,0.9788365001441937,Orthogonal + Recon,0
REACTOME_ASSEMBLY_OF_COLLAGEN_FIBRILS_AND_OTHER_MULTIMERIC_STRUCTURES,embedding_0,11,0.2582703340820561,0.44320120645555827,0.21818181818181823,0.519248247554982,Orthogonal + Recon,0
REACTOME_ASSEMBLY_OF_COLLAGEN_FIBRILS_AND_OTHER_MULTIMERIC_STRUCTURES,embedding_1,11,0.4475981004521047,0.16744100685040259,0.4727272727272727,0.14199852020631992,Orthogonal + Recon,0
REACTOME_ASSEMBLY_OF_COLLAGEN_FIBRILS_AND_OTHER_MULTIMERIC_STRUCTURES,embedding_2,11,0.025701488259724528,0.9402076443834709,-0.13636363636363638,0.6893090205863619,Orthogonal + Recon,0
REACTOME_ASSEMBLY_OF_COLLAGEN_FIBRILS_AND_OTHER_MULTIMERIC_STRUCTURES,embedding_3,11,0.5373925514175987,0.08822467686100603,0.6818181818181819,0.020842853610945056,Orthogonal + Recon,0
REACTOME_ASSEMBLY_OF_COLLAGEN_FIBRILS_AND_OTHER_MULTIMERIC_STRUCTURES,embedding_4,11,-0.46198263727001265,0.1525576207863528,-0.5272727272727273,0.09556521835315422,Orthogonal + Recon,0
REACTOME_ASSEMBLY_OF_COLLAGEN_FIBRILS_AND_OTHER_MULTIMERIC_STRUCTURES,embedding_5,11,0.4018630134434438,0.2205194483811274,0.36363636363636365,0.2716375409938228,Orthogonal + Recon,0
REACTOME_ASSEMBLY_OF_COLLAGEN_FIBRILS_AND_OTHER_MULTIMERIC_STRUCTURES,embedding_6,11,0.04620236019762229,0.8926986926317854,0.30000000000000004,0.37008312228206786,Orthogonal + Recon,0
REACTOME_ASSEMBLY_OF_COLLAGEN_FIBRILS_AND_OTHER_MULTIMERIC_STRUCTURES,embedding_7,11,-0.44498557757216806,0.17023651925913896,-0.48181818181818187,0.1334338382568288,Orthogonal + Recon,0
REACTOME_ASSEMBLY_OF_COLLAGEN_FIBRILS_AND_OTHER_MULTIMERIC_STRUCTURES,embedding_8,11,0.3811838585941446,0.2474112006636361,0.4909090909090909,0.12520440713849534,Orthogonal + Recon,0
REACTOME_ASSEMBLY_OF_COLLAGEN_FIBRILS_AND_OTHER_MULTIMERIC_STRUCTURES,embedding_9,11,-0.2977800014009503,0.3738081479560591,-0.21818181818181823,0.519248247554982,Orthogonal + Recon,0
REACTOME_ASSEMBLY_OF_COLLAGEN_FIBRILS_AND_OTHER_MULTIMERIC_STRUCTURES,embedding_10,11,-0.35930464888824765,0.27781547717621735,-0.4909090909090909,0.12520440713849534,Orthogonal + Recon,0
REACTOME_ASSEMBLY_OF_COLLAGEN_FIBRILS_AND_OTHER_MULTIMERIC_STRUCTURES,embedding_11,11,-0.06383131999528527,0.8520915937001049,-0.3090909090909091,0.3550284397015071,Orthogonal + Recon,0
REACTOME_ASSEMBLY_OF_COLLAGEN_FIBRILS_AND_OTHER_MULTIMERIC_STRUCTURES,embedding_12,11,0.2057037245136098,0.543982229516572,0.02727272727272728,0.9365584481926122,Orthogonal + Recon,0
REACTOME_ASSEMBLY_OF_COLLAGEN_FIBRILS_AND_OTHER_MULTIMERIC_STRUCTURES,embedding_13,11,0.37761328477942224,0.2522364378165058,0.5181818181818182,0.10249153979096383,Orthogonal + Recon,0
REACTOME_ASSEMBLY_OF_COLLAGEN_FIBRILS_AND_OTHER_MULTIMERIC_STRUCTURES,embedding_14,11,-0.22103417430368033,0.5136623785674512,-0.09090909090909091,0.7903727377532903,Orthogonal + Recon,0
REACTOME_ASSEMBLY_OF_COLLAGEN_FIBRILS_AND_OTHER_MULTIMERIC_STRUCTURES,embedding_15,11,0.32340203278565677,0.3319868851248899,0.43636363636363645,0.17966487658001123,Orthogonal + Recon,0
REACTOME_ASSEMBLY_OF_COLLAGEN_FIBRILS_AND_OTHER_MULTIMERIC_STRUCTURES,embedding_16,11,0.10068267339958988,0.7683409017128691,0.27272727272727276,0.41714143714253127,Orthogonal + Recon,0
REACTOME_ASSEMBLY_OF_COLLAGEN_FIBRILS_AND_OTHER_MULTIMERIC_STRUCTURES,embedding_17,11,0.4152145697396727,0.2041140508002883,0.39090909090909093,0.23454006709519432,Orthogonal + Recon,0
REACTOME_ASSEMBLY_OF_COLLAGEN_FIBRILS_AND_OTHER_MULTIMERIC_STRUCTURES,embedding_18,11,0.4873577110161483,0.12837955738387957,0.5818181818181819,0.060419896215648305,Orthogonal + Recon,0
REACTOME_ASSEMBLY_OF_COLLAGEN_FIBRILS_AND_OTHER_MULTIMERIC_STRUCTURES,embedding_19,11,0.29209830252995694,0.38342789779617054,0.43636363636363645,0.17966487658001123,Orthogonal + Recon,0
REACTOME_ASSEMBLY_OF_COLLAGEN_FIBRILS_AND_OTHER_MULTIMERIC_STRUCTURES,embedding_20,11,0.18195329618675915,0.5923355809693438,-0.13636363636363638,0.6893090205863619,Orthogonal + Recon,0
REACTOME_ASSEMBLY_OF_COLLAGEN_FIBRILS_AND_OTHER_MULTIMERIC_STRUCTURES,embedding_21,11,-0.3590595028526784,0.27816743444054404,-0.5,0.11730680301423815,Orthogonal + Recon,0
REACTOME_ASSEMBLY_OF_COLLAGEN_FIBRILS_AND_OTHER_MULTIMERIC_STRUCTURES,embedding_22,11,-0.25515362215010645,0.4489172163212774,-0.43636363636363645,0.17966487658001123,Orthogonal + Recon,0
REACTOME_ASSEMBLY_OF_COLLAGEN_FIBRILS_AND_OTHER_MULTIMERIC_STRUCTURES,embedding_23,11,0.022090096588655184,0.9485988969526897,-0.21818181818181823,0.519248247554982,Orthogonal + Recon,0
REACTOME_ASSEMBLY_OF_COLLAGEN_FIBRILS_AND_OTHER_MULTIMERIC_STRUCTURES,embedding_24,11,-0.0994823036978277,0.7710388569404746,-0.17272727272727276,0.6115423848512369,Orthogonal + Recon,0
REACTOME_ASSEMBLY_OF_COLLAGEN_FIBRILS_AND_OTHER_MULTIMERIC_STRUCTURES,embedding_25,11,-0.3459743596510003,0.29731406148945,-0.46363636363636374,0.15090149929248603,Orthogonal + Recon,0
REACTOME_ASSEMBLY_OF_COLLAGEN_FIBRILS_AND_OTHER_MULTIMERIC_STRUCTURES,embedding_26,11,0.43914475935677755,0.1765896260712856,0.5090909090909091,0.10973723224165641,Orthogonal + Recon,0
REACTOME_ASSEMBLY_OF_COLLAGEN_FIBRILS_AND_OTHER_MULTIMERIC_STRUCTURES,embedding_27,11,-0.43035043408812207,0.18642496433800643,-0.39090909090909093,0.23454006709519432,Orthogonal + Recon,0
REACTOME_ASSEMBLY_OF_COLLAGEN_FIBRILS_AND_OTHER_MULTIMERIC_STRUCTURES,embedding_28,11,-0.40911529605186225,0.2115151035098958,-0.5090909090909091,0.10973723224165641,Orthogonal + Recon,0
REACTOME_ASSEMBLY_OF_COLLAGEN_FIBRILS_AND_OTHER_MULTIMERIC_STRUCTURES,embedding_29,11,-0.1717559627742935,0.6135775624527083,-0.23636363636363636,0.4840911622253965,Orthogonal + Recon,0
REACTOME_ASSEMBLY_OF_COLLAGEN_FIBRILS_AND_OTHER_MULTIMERIC_STRUCTURES,embedding_30,11,-0.45209959959706186,0.16269097281285666,-0.4909090909090909,0.12520440713849534,Orthogonal + Recon,0
REACTOME_ASSEMBLY_OF_COLLAGEN_FIBRILS_AND_OTHER_MULTIMERIC_STRUCTURES,embedding_31,11,0.1985023883985929,0.5584712657810419,0.19090909090909092,0.5739131682855215,Orthogonal + Recon,0
REACTOME_MOLECULES_ASSOCIATED_WITH_ELASTIC_FIBRES,embedding_0,11,0.29341496666140404,0.38118764655742987,0.20909090909090913,0.5372209352113229,Orthogonal + Recon,0
REACTOME_MOLECULES_ASSOCIATED_WITH_ELASTIC_FIBRES,embedding_1,11,0.16204968334425382,0.6340476904351351,0.08181818181818183,0.8109903943000458,Orthogonal + Recon,0
REACTOME_MOLECULES_ASSOCIATED_WITH_ELASTIC_FIBRES,embedding_2,11,0.1286193622525957,0.7062553692599842,0.05454545454545456,0.8734465775233149,Orthogonal + Recon,0
REACTOME_MOLECULES_ASSOCIATED_WITH_ELASTIC_FIBRES,embedding_3,11,0.17180563707403246,0.6134734207550037,0.16363636363636366,0.6306852146425357,Orthogonal + Recon,0
REACTOME_MOLECULES_ASSOCIATED_WITH_ELASTIC_FIBRES,embedding_4,11,-0.2613242525298892,0.43763373031554975,-0.24545454545454545,0.4669223669820163,Orthogonal + Recon,0
REACTOME_MOLECULES_ASSOCIATED_WITH_ELASTIC_FIBRES,embedding_5,11,0.15823557728404986,0.6421558521507605,-0.009090909090909092,0.9788365001441937,Orthogonal + Recon,0
REACTOME_MOLECULES_ASSOCIATED_WITH_ELASTIC_FIBRES,embedding_6,11,-0.19577176199388777,0.5640051751808001,-0.22727272727272727,0.501535667604937,Orthogonal + Recon,0
REACTOME_MOLECULES_ASSOCIATED_WITH_ELASTIC_FIBRES,embedding_7,11,-0.20113561189690154,0.5531554130525409,-0.14545454545454548,0.6695786456420787,Orthogonal + Recon,0
REACTOME_MOLECULES_ASSOCIATED_WITH_ELASTIC_FIBRES,embedding_8,11,0.33370668600030495,0.3159021049585803,0.26363636363636367,0.4334407376116145,Orthogonal + Recon,0
REACTOME_MOLECULES_ASSOCIATED_WITH_ELASTIC_FIBRES,embedding_9,11,-0.41847405632741985,0.20022319985696213,-0.45454545454545453,0.16014543725525882,Orthogonal + Recon,0
REACTOME_MOLECULES_ASSOCIATED_WITH_ELASTIC_FIBRES,embedding_10,11,-0.291585456610132,0.38430227239087916,-0.26363636363636367,0.4334407376116145,Orthogonal + Recon,0
REACTOME_MOLECULES_ASSOCIATED_WITH_ELASTIC_FIBRES,embedding_11,11,0.1673562391557759,0.6228267810733691,0.18181818181818182,0.5926152128455,Orthogonal + Recon,0
REACTOME_MOLECULES_ASSOCIATED_WITH_ELASTIC_FIBRES,embedding_12,11,0.33283824836489895,0.3172411531166629,0.28181818181818186,0.4011448979604785,Orthogonal + Recon,0
REACTOME_MOLECULES_ASSOCIATED_WITH_ELASTIC_FIBRES,embedding_13,11,0.212274300932155,0.5308983013425864,0.19090909090909092,0.5739131682855215,Orthogonal + Recon,0
REACTOME_MOLECULES_ASSOCIATED_WITH_ELASTIC_FIBRES,embedding_14,11,-0.2745254742505272,0.41395307580739804,-0.27272727272727276,0.41714143714253127,Orthogonal + Recon,0
REACTOME_MOLECULES_ASSOCIATED_WITH_ELASTIC_FIBRES,embedding_15,11,0.26383437107463037,0.4330825431826931,0.20000000000000004,0.5554454421055854,Orthogonal + Recon,0
REACTOME_MOLECULES_ASSOCIATED_WITH_ELASTIC_FIBRES,embedding_16,11,-0.13468772376608323,0.6929657664984166,-0.17272727272727276,0.6115423848512369,Orthogonal + Recon,0
REACTOME_MOLECULES_ASSOCIATED_WITH_ELASTIC_FIBRES,embedding_17,11,0.11167166972813569,0.7437524061728793,-0.018181818181818184,0.9576852410216187,Orthogonal + Recon,0
REACTOME_MOLECULES_ASSOCIATED_WITH_ELASTIC_FIBRES,embedding_18,11,0.3779423626531251,0.25178948971892356,0.30000000000000004,0.37008312228206786,Orthogonal + Recon,0
REACTOME_MOLECULES_ASSOCIATED_WITH_ELASTIC_FIBRES,embedding_19,11,0.15526149310079843,0.6485027355577646,0.018181818181818184,0.9576852410216187,Orthogonal + Recon,0
REACTOME_MOLECULES_ASSOCIATED_WITH_ELASTIC_FIBRES,embedding_20,11,0.273060710125104,0.41654932871548345,0.16363636363636366,0.6306852146425357,Orthogonal + Recon,0
REACTOME_MOLECULES_ASSOCIATED_WITH_ELASTIC_FIBRES,embedding_21,11,-0.2826748454615381,0.3996533189666553,-0.20909090909090913,0.5372209352113229,Orthogonal + Recon,0
REACTOME_MOLECULES_ASSOCIATED_WITH_ELASTIC_FIBRES,embedding_22,11,-0.2313034621202612,0.4937675675584428,-0.3727272727272728,0.25892587368422215,Orthogonal + Recon,0
REACTOME_MOLECULES_ASSOCIATED_WITH_ELASTIC_FIBRES,embedding_23,11,0.2511480285342528,0.45631351398390674,0.17272727272727276,0.6115423848512369,Orthogonal + Recon,0
REACTOME_MOLECULES_ASSOCIATED_WITH_ELASTIC_FIBRES,embedding_24,11,0.0022145936503428706,0.9948439916300679,0.045454545454545456,0.8944269969053026,Orthogonal + Recon,0
REACTOME_MOLECULES_ASSOCIATED_WITH_ELASTIC_FIBRES,embedding_25,11,-0.19685362676390303,0.5618100652584607,-0.23636363636363636,0.4840911622253965,Orthogonal + Recon,0
REACTOME_MOLECULES_ASSOCIATED_WITH_ELASTIC_FIBRES,embedding_26,11,0.27845092102477403,0.40703431390325756,0.22727272727272727,0.501535667604937,Orthogonal + Recon,0
REACTOME_MOLECULES_ASSOCIATED_WITH_ELASTIC_FIBRES,embedding_27,11,-0.13398007781569876,0.6945115819418832,-0.02727272727272728,0.9365584481926122,Orthogonal + Recon,0
REACTOME_MOLECULES_ASSOCIATED_WITH_ELASTIC_FIBRES,embedding_28,11,-0.27372574821010554,0.4153695910429931,-0.22727272727272727,0.501535667604937,Orthogonal + Recon,0
REACTOME_MOLECULES_ASSOCIATED_WITH_ELASTIC_FIBRES,embedding_29,11,0.026214644428115982,0.9390157246924443,0.03636363636363637,0.9154683168905347,Orthogonal + Recon,0
REACTOME_MOLECULES_ASSOCIATED_WITH_ELASTIC_FIBRES,embedding_30,11,-0.19210640506433696,0.5714672914812158,-0.15454545454545454,0.65003396549758,Orthogonal + Recon,0
REACTOME_MOLECULES_ASSOCIATED_WITH_ELASTIC_FIBRES,embedding_31,11,-0.11164428342433985,0.7438134280206923,-0.20000000000000004,0.5554454421055854,Orthogonal + Recon,0
REACTOME_ECM_PROTEOGLYCANS,embedding_0,11,0.44101464498581283,0.1745402021807028,0.4727272727272727,0.14199852020631992,Orthogonal + Recon,0
REACTOME_ECM_PROTEOGLYCANS,embedding_1,11,0.4161920792087699,0.20294249531126995,0.36363636363636365,0.2716375409938228,Orthogonal + Recon,0
REACTOME_ECM_PROTEOGLYCANS,embedding_2,11,0.301381047782153,0.3677754056364873,0.22727272727272727,0.501535667604937,Orthogonal + Recon,0
REACTOME_ECM_PROTEOGLYCANS,embedding_3,11,0.4231510703430895,0.19471846125799766,0.4727272727272727,0.14199852020631992,Orthogonal + Recon,0
REACTOME_ECM_PROTEOGLYCANS,embedding_4,11,-0.4945890184829505,0.12196775123677449,-0.5545454545454546,0.07665233333978251,Orthogonal + Recon,0
REACTOME_ECM_PROTEOGLYCANS,embedding_5,11,0.40630288636796486,0.21498062475831453,0.33636363636363636,0.31182431390038623,Orthogonal + Recon,0
REACTOME_ECM_PROTEOGLYCANS,embedding_6,11,-0.2109097659698579,0.5336046420664021,-0.2545454545454546,0.4500365768888285,Orthogonal + Recon,0
REACTOME_ECM_PROTEOGLYCANS,embedding_7,11,-0.44984846168146086,0.16505584796544856,-0.4727272727272727,0.14199852020631992,Orthogonal + Recon,0
REACTOME_ECM_PROTEOGLYCANS,embedding_8,11,0.5012633452558143,0.1162353401071237,0.5727272727272729,0.06554305260101842,Orthogonal + Recon,0
REACTOME_ECM_PROTEOGLYCANS,embedding_9,11,-0.47601984728499414,0.1388576134307065,-0.690909090909091,0.018565033381595004,Orthogonal + Recon,0
REACTOME_ECM_PROTEOGLYCANS,embedding_10,11,-0.49846408895190486,0.11861796765298135,-0.5727272727272729,0.06554305260101842,Orthogonal + Recon,0
REACTOME_ECM_PROTEOGLYCANS,embedding_11,11,0.16228173259718437,0.6335555445299246,0.15454545454545454,0.65003396549758,Orthogonal + Recon,0
REACTOME_ECM_PROTEOGLYCANS,embedding_12,11,0.42912648374869444,0.18781954380447816,0.48181818181818187,0.1334338382568288,Orthogonal + Recon,0
REACTOME_ECM_PROTEOGLYCANS,embedding_13,11,0.4529633767351493,0.16178915202502617,0.5090909090909091,0.10973723224165641,Orthogonal + Recon,0
REACTOME_ECM_PROTEOGLYCANS,embedding_14,11,-0.476152317166908,0.13873217232534413,-0.45454545454545453,0.16014543725525882,Orthogonal + Recon,0
REACTOME_ECM_PROTEOGLYCANS,embedding_15,11,0.45067283411165426,0.1641873763111125,0.5181818181818182,0.10249153979096383,Orthogonal + Recon,0
REACTOME_ECM_PROTEOGLYCANS,embedding_16,11,-0.11761717536122494,0.7305365327690279,-0.15454545454545454,0.65003396549758,Orthogonal + Recon,0
REACTOME_ECM_PROTEOGLYCANS,embedding_17,11,0.36430186397880254,0.2706953045167701,0.30000000000000004,0.37008312228206786,Orthogonal + Recon,0
REACTOME_ECM_PROTEOGLYCANS,embedding_18,11,0.5501337715104925,0.07952578907072455,0.6272727272727273,0.03884525362035334,Orthogonal + Recon,0
REACTOME_ECM_PROTEOGLYCANS,embedding_19,11,0.38902912760901226,0.23699715549058334,0.3454545454545455,0.2980892209030388,Orthogonal + Recon,0
REACTOME_ECM_PROTEOGLYCANS,embedding_20,11,0.36298115384676005,0.2725670064680859,0.3454545454545455,0.2980892209030388,Orthogonal + Recon,0
REACTOME_ECM_PROTEOGLYCANS,embedding_21,11,-0.46870496428620834,0.1458957844673017,-0.5454545454545455,0.08265095734417506,Orthogonal + Recon,0
REACTOME_ECM_PROTEOGLYCANS,embedding_22,11,-0.41317623747235305,0.2065699737500646,-0.5909090909090909,0.05557560428877463,Orthogonal + Recon,0
REACTOME_ECM_PROTEOGLYCANS,embedding_23,11,0.2820106766003082,0.4008094969756977,0.29090909090909095,0.38545696969136556,Orthogonal + Recon,0
REACTOME_ECM_PROTEOGLYCANS,embedding_24,11,-0.057528161724388835,0.8665782505703101,-0.018181818181818184,0.9576852410216187,Orthogonal + Recon,0
REACTOME_ECM_PROTEOGLYCANS,embedding_25,11,-0.44563434891230125,0.1695396465028122,-0.5454545454545455,0.08265095734417506,Orthogonal + Recon,0
REACTOME_ECM_PROTEOGLYCANS,embedding_26,11,0.5000662542818698,0.11725045439495833,0.5545454545454546,0.07665233333978251,Orthogonal + Recon,0
REACTOME_ECM_PROTEOGLYCANS,embedding_27,11,-0.3873710771003422,0.2391765452730466,-0.3454545454545455,0.2980892209030388,Orthogonal + Recon,0
REACTOME_ECM_PROTEOGLYCANS,embedding_28,11,-0.491309143775702,0.12484991322254181,-0.5545454545454546,0.07665233333978251,Orthogonal + Recon,0
REACTOME_ECM_PROTEOGLYCANS,embedding_29,11,-0.17877233391370462,0.598932020237875,-0.16363636363636366,0.6306852146425357,Orthogonal + Recon,0
REACTOME_ECM_PROTEOGLYCANS,embedding_30,11,-0.4343682326009254,0.18189129573773816,-0.5,0.11730680301423815,Orthogonal + Recon,0
REACTOME_ECM_PROTEOGLYCANS,embedding_31,11,0.03441279943793804,0.9199903919756915,-0.10000000000000002,0.7698749998921366,Orthogonal + Recon,0
REACTOME_ELASTIC_FIBRE_FORMATION,embedding_0,11,0.2689327332002707,0.42390829128345536,0.30000000000000004,0.37008312228206786,Orthogonal + Recon,1
REACTOME_ELASTIC_FIBRE_FORMATION,embedding_1,11,0.40431971268480216,0.21744439710232957,0.33636363636363636,0.31182431390038623,Orthogonal + Recon,1
REACTOME_ELASTIC_FIBRE_FORMATION,embedding_2,11,0.3961408304153993,0.22778056497583263,0.5,0.11730680301423815,Orthogonal + Recon,1
REACTOME_ELASTIC_FIBRE_FORMATION,embedding_3,11,-0.08480413782277386,0.8042059009682179,-0.18181818181818182,0.5926152128455,Orthogonal + Recon,1
REACTOME_ELASTIC_FIBRE_FORMATION,embedding_4,11,-0.3418692887005509,0.30346576663989605,-0.44545454545454555,0.16973260492681172,Orthogonal + Recon,1
REACTOME_ELASTIC_FIBRE_FORMATION,embedding_5,11,0.3609032225183033,0.27552650783728216,0.3454545454545455,0.2980892209030388,Orthogonal + Recon,1
REACTOME_ELASTIC_FIBRE_FORMATION,embedding_6,11,-0.3494851438268754,0.2921077281012545,-0.29090909090909095,0.38545696969136556,Orthogonal + Recon,1
REACTOME_ELASTIC_FIBRE_FORMATION,embedding_7,11,0.32291939861548274,0.3327506921465402,0.33636363636363636,0.31182431390038623,Orthogonal + Recon,1
REACTOME_ELASTIC_FIBRE_FORMATION,embedding_8,11,-0.23317807424794876,0.49017292836157417,0.10000000000000002,0.7698749998921366,Orthogonal + Recon,1
REACTOME_ELASTIC_FIBRE_FORMATION,embedding_9,11,0.39198827406067754,0.23313630797357354,0.33636363636363636,0.31182431390038623,Orthogonal + Recon,1
REACTOME_ELASTIC_FIBRE_FORMATION,embedding_10,11,0.11110061502784258,0.7450250970354599,-0.30000000000000004,0.37008312228206786,Orthogonal + Recon,1
REACTOME_ELASTIC_FIBRE_FORMATION,embedding_11,11,0.3460220888945976,0.29724294201305584,0.3181818181818182,0.34029761418190363,Orthogonal + Recon,1
REACTOME_ELASTIC_FIBRE_FORMATION,embedding_12,11,-0.278819480834892,0.406387639574112,-0.30000000000000004,0.37008312228206786,Orthogonal + Recon,1
REACTOME_ELASTIC_FIBRE_FORMATION,embedding_13,11,-0.362208203984129,0.27366578877591496,-0.3454545454545455,0.2980892209030388,Orthogonal + Recon,1
REACTOME_ELASTIC_FIBRE_FORMATION,embedding_14,11,-0.43165200219946387,0.18494885449766563,-0.39090909090909093,0.23454006709519432,Orthogonal + Recon,1
REACTOME_ELASTIC_FIBRE_FORMATION,embedding_15,11,0.03755200207240503,0.9127147579160384,0.2545454545454546,0.4500365768888285,Orthogonal + Recon,1
REACTOME_ELASTIC_FIBRE_FORMATION,embedding_16,11,-0.16776845883432195,0.6219580966423935,0.24545454545454545,0.4669223669820163,Orthogonal + Recon,1
REACTOME_ELASTIC_FIBRE_FORMATION,embedding_17,11,-0.48726432522437413,0.12846373528295763,-0.48181818181818187,0.1334338382568288,Orthogonal + Recon,1
REACTOME_ELASTIC_FIBRE_FORMATION,embedding_18,11,-0.31695310195630355,0.3422695265174983,-0.13636363636363638,0.6893090205863619,Orthogonal + Recon,1
REACTOME_ELASTIC_FIBRE_FORMATION,embedding_19,11,-0.3484921736690447,0.29357512361377847,-0.3545454545454546,0.2846927409558867,Orthogonal + Recon,1
REACTOME_ELASTIC_FIBRE_FORMATION,embedding_20,11,0.38262927988502565,0.24547307789895426,0.5,0.11730680301423815,Orthogonal + Recon,1
REACTOME_ELASTIC_FIBRE_FORMATION,embedding_21,11,-0.32486403801261704,0.3296788320638002,-0.4000000000000001,0.22286835013352002,Orthogonal + Recon,1
REACTOME_ELASTIC_FIBRE_FORMATION,embedding_22,11,0.2736202214740226,0.41555668080636493,0.17272727272727276,0.6115423848512369,Orthogonal + Recon,1
REACTOME_ELASTIC_FIBRE_FORMATION,embedding_23,11,0.3663454047882619,0.2678135101182038,0.36363636363636365,0.2716375409938228,Orthogonal + Recon,1
REACTOME_ELASTIC_FIBRE_FORMATION,embedding_24,11,-0.08577320337496591,0.8020066350949296,0.24545454545454545,0.4669223669820163,Orthogonal + Recon,1
REACTOME_ELASTIC_FIBRE_FORMATION,embedding_25,11,-0.007749528024732576,0.9819587396761325,0.20909090909090913,0.5372209352113229,Orthogonal + Recon,1
REACTOME_ELASTIC_FIBRE_FORMATION,embedding_26,11,-0.3290881725828834,0.32305840006661785,-0.24545454545454545,0.4669223669820163,Orthogonal + Recon,1
REACTOME_ELASTIC_FIBRE_FORMATION,embedding_27,11,0.37655534987637407,0.25367638066806536,0.48181818181818187,0.1334338382568288,Orthogonal + Recon,1
REACTOME_ELASTIC_FIBRE_FORMATION,embedding_28,11,0.44710225795678077,0.16796938954728288,0.4272727272727273,0.189943724965427,Orthogonal + Recon,1
REACTOME_ELASTIC_FIBRE_FORMATION,embedding_29,11,-0.1867273292783221,0.582487439072135,-0.11818181818181818,0.72928477951978,Orthogonal + Recon,1
REACTOME_ELASTIC_FIBRE_FORMATION,embedding_30,11,0.22406586796883382,0.5077536602541803,0.43636363636363645,0.17966487658001123,Orthogonal + Recon,1
REACTOME_ELASTIC_FIBRE_FORMATION,embedding_31,11,-0.20063672084100279,0.5541609880311789,-0.06363636363636364,0.8525390725425217,Orthogonal + Recon,1
REACTOME_NON_INTEGRIN_MEMBRANE_ECM_INTERACTIONS,embedding_0,11,-0.2724084748109091,0.4177079301164527,-0.22727272727272727,0.501535667604937,Orthogonal + Recon,1
REACTOME_NON_INTEGRIN_MEMBRANE_ECM_INTERACTIONS,embedding_1,11,-0.2002625614801947,0.5549156332744736,-0.08181818181818183,0.8109903943000458,Orthogonal + Recon,1
REACTOME_NON_INTEGRIN_MEMBRANE_ECM_INTERACTIONS,embedding_2,11,0.06089803407324207,0.8588283666551968,0.09090909090909091,0.7903727377532903,Orthogonal + Recon,1
REACTOME_NON_INTEGRIN_MEMBRANE_ECM_INTERACTIONS,embedding_3,11,0.42576939843591344,0.19167697367733005,0.21818181818181823,0.519248247554982,Orthogonal + Recon,1
REACTOME_NON_INTEGRIN_MEMBRANE_ECM_INTERACTIONS,embedding_4,11,-0.008707756895593895,0.9797283114208687,-0.11818181818181818,0.72928477951978,Orthogonal + Recon,1
REACTOME_NON_INTEGRIN_MEMBRANE_ECM_INTERACTIONS,embedding_5,11,0.3025467347102691,0.36583330030719513,0.2545454545454546,0.4500365768888285,Orthogonal + Recon,1
REACTOME_NON_INTEGRIN_MEMBRANE_ECM_INTERACTIONS,embedding_6,11,-0.18021683251092585,0.595933134930529,-0.018181818181818184,0.9576852410216187,Orthogonal + Recon,1
REACTOME_NON_INTEGRIN_MEMBRANE_ECM_INTERACTIONS,embedding_7,11,-0.3060931482443362,0.3599572098209153,-0.15454545454545454,0.65003396549758,Orthogonal + Recon,1
REACTOME_NON_INTEGRIN_MEMBRANE_ECM_INTERACTIONS,embedding_8,11,-0.3759900498177774,0.2544477252618689,-0.17272727272727276,0.6115423848512369,Orthogonal + Recon,1
REACTOME_NON_INTEGRIN_MEMBRANE_ECM_INTERACTIONS,embedding_9,11,-0.18436365428632953,0.5873555100161536,-0.08181818181818183,0.8109903943000458,Orthogonal + Recon,1
REACTOME_NON_INTEGRIN_MEMBRANE_ECM_INTERACTIONS,embedding_10,11,0.3848172075450724,0.24255603715748167,0.19090909090909092,0.5739131682855215,Orthogonal + Recon,1
REACTOME_NON_INTEGRIN_MEMBRANE_ECM_INTERACTIONS,embedding_11,11,-0.31177845002028676,0.3506396534829211,-0.24545454545454545,0.4669223669820163,Orthogonal + Recon,1
REACTOME_NON_INTEGRIN_MEMBRANE_ECM_INTERACTIONS,embedding_12,11,0.3585423927065288,0.2789106684808063,0.22727272727272727,0.501535667604937,Orthogonal + Recon,1
REACTOME_NON_INTEGRIN_MEMBRANE_ECM_INTERACTIONS,embedding_13,11,0.13977533579951168,0.6818833602919946,0.10909090909090911,0.7495085962341482,Orthogonal + Recon,1
REACTOME_NON_INTEGRIN_MEMBRANE_ECM_INTERACTIONS,embedding_14,11,0.04899208332493877,0.8862550025404635,-0.08181818181818183,0.8109903943000458,Orthogonal + Recon,1
REACTOME_NON_INTEGRIN_MEMBRANE_ECM_INTERACTIONS,embedding_15,11,-0.4521262824499378,0.1626630683064871,-0.27272727272727276,0.41714143714253127,Orthogonal + Recon,1
REACTOME_NON_INTEGRIN_MEMBRANE_ECM_INTERACTIONS,embedding_16,11,-0.43998697155223077,0.17566473622018838,-0.44545454545454555,0.16973260492681172,Orthogonal + Recon,1
REACTOME_NON_INTEGRIN_MEMBRANE_ECM_INTERACTIONS,embedding_17,11,0.09255212091951376,0.7866589011364644,-0.05454545454545456,0.8734465775233149,Orthogonal + Recon,1
REACTOME_NON_INTEGRIN_MEMBRANE_ECM_INTERACTIONS,embedding_18,11,-0.35350964230747894,0.28620194612462374,-0.28181818181818186,0.4011448979604785,Orthogonal + Recon,1
REACTOME_NON_INTEGRIN_MEMBRANE_ECM_INTERACTIONS,embedding_19,11,0.2699370823472019,0.4221121130998499,0.1272727272727273,0.7092146257733047,Orthogonal + Recon,1
REACTOME_NON_INTEGRIN_MEMBRANE_ECM_INTERACTIONS,embedding_20,11,0.08061486658171951,0.8137278163517006,0.09090909090909091,0.7903727377532903,Orthogonal + Recon,1
REACTOME_NON_INTEGRIN_MEMBRANE_ECM_INTERACTIONS,embedding_21,11,0.25534733692241657,0.44856094818317527,0.16363636363636366,0.6306852146425357,Orthogonal + Recon,1
REACTOME_NON_INTEGRIN_MEMBRANE_ECM_INTERACTIONS,embedding_22,11,-0.4387904167088479,0.1769796415575117,-0.43636363636363645,0.17966487658001123,Orthogonal + Recon,1
REACTOME_NON_INTEGRIN_MEMBRANE_ECM_INTERACTIONS,embedding_23,11,0.09240085870287343,0.7870006424237144,0.0,1.0,Orthogonal + Recon,1
REACTOME_NON_INTEGRIN_MEMBRANE_ECM_INTERACTIONS,embedding_24,11,-0.435869531236416,0.18021463005558988,-0.27272727272727276,0.41714143714253127,Orthogonal + Recon,1
REACTOME_NON_INTEGRIN_MEMBRANE_ECM_INTERACTIONS,embedding_25,11,-0.45253580242485664,0.16223517030783458,-0.20909090909090913,0.5372209352113229,Orthogonal + Recon,1
REACTOME_NON_INTEGRIN_MEMBRANE_ECM_INTERACTIONS,embedding_26,11,-0.07785173478909602,0.8200207043320425,-0.05454545454545456,0.8734465775233149,Orthogonal + Recon,1
REACTOME_NON_INTEGRIN_MEMBRANE_ECM_INTERACTIONS,embedding_27,11,0.3150229367614061,0.34537924481569465,0.14545454545454548,0.6695786456420787,Orthogonal + Recon,1
REACTOME_NON_INTEGRIN_MEMBRANE_ECM_INTERACTIONS,embedding_28,11,-0.08952868932191599,0.7934959710610439,0.1272727272727273,0.7092146257733047,Orthogonal + Recon,1
REACTOME_NON_INTEGRIN_MEMBRANE_ECM_INTERACTIONS,embedding_29,11,0.43917722944811194,0.17655391341738152,0.3727272727272728,0.25892587368422215,Orthogonal + Recon,1
REACTOME_NON_INTEGRIN_MEMBRANE_ECM_INTERACTIONS,embedding_30,11,-0.29035652678815144,0.3864016024543947,-0.17272727272727276,0.6115423848512369,Orthogonal + Recon,1
REACTOME_NON_INTEGRIN_MEMBRANE_ECM_INTERACTIONS,embedding_31,11,-0.29282594199406003,0.3821890311220731,-0.08181818181818183,0.8109903943000458,Orthogonal + Recon,1
REACTOME_COLLAGEN_FORMATION,embedding_0,11,0.5655111991395698,0.06981260450862596,0.5272727272727273,0.09556521835315422,Orthogonal + Recon,1
REACTOME_COLLAGEN_FORMATION,embedding_1,11,0.5817014334916097,0.06048390723926902,0.5272727272727273,0.09556521835315422,Orthogonal + Recon,1
REACTOME_COLLAGEN_FORMATION,embedding_2,11,0.310974588649649,0.3519493946308249,0.5545454545454546,0.07665233333978251,Orthogonal + Recon,1
REACTOME_COLLAGEN_FORMATION,embedding_3,11,-0.457278575268916,0.15733032209225134,-0.27272727272727276,0.41714143714253127,Orthogonal + Recon,1
REACTOME_COLLAGEN_FORMATION,embedding_4,11,-0.32148303113959326,0.33502936338708206,-0.5181818181818182,0.10249153979096383,Orthogonal + Recon,1
REACTOME_COLLAGEN_FORMATION,embedding_5,11,0.2868060043151476,0.3924989822953299,0.5272727272727273,0.09556521835315422,Orthogonal + Recon,1
REACTOME_COLLAGEN_FORMATION,embedding_6,11,-0.16801695118796822,0.6214346492579831,-0.3454545454545455,0.2980892209030388,Orthogonal + Recon,1
REACTOME_COLLAGEN_FORMATION,embedding_7,11,0.5543981964152205,0.07674711066195086,0.5363636363636364,0.08895341813596276,Orthogonal + Recon,1
REACTOME_COLLAGEN_FORMATION,embedding_8,11,0.056578957911738746,0.8687631199292306,0.15454545454545454,0.65003396549758,Orthogonal + Recon,1
REACTOME_COLLAGEN_FORMATION,embedding_9,11,0.552492139521066,0.07798094324535826,0.5272727272727273,0.09556521835315422,Orthogonal + Recon,1
REACTOME_COLLAGEN_FORMATION,embedding_10,11,-0.27942550265044286,0.40532541115622117,-0.3545454545454546,0.2846927409558867,Orthogonal + Recon,1
REACTOME_COLLAGEN_FORMATION,embedding_11,11,0.5164010310012024,0.10388557448887457,0.43636363636363645,0.17966487658001123,Orthogonal + Recon,1
REACTOME_COLLAGEN_FORMATION,embedding_12,11,-0.5673289559445099,0.0687199582520664,-0.5272727272727273,0.09556521835315422,Orthogonal + Recon,1
REACTOME_COLLAGEN_FORMATION,embedding_13,11,-0.49195763113223684,0.1242766415154508,-0.5,0.11730680301423815,Orthogonal + Recon,1
REACTOME_COLLAGEN_FORMATION,embedding_14,11,-0.5386532159831767,0.08733718720268376,-0.6272727272727273,0.03884525362035334,Orthogonal + Recon,1
REACTOME_COLLAGEN_FORMATION,embedding_15,11,0.4050894054344897,0.21648620880640526,0.27272727272727276,0.41714143714253127,Orthogonal + Recon,1
REACTOME_COLLAGEN_FORMATION,embedding_16,11,0.1287136815916193,0.7060482369016445,0.24545454545454545,0.4669223669820163,Orthogonal + Recon,1
REACTOME_COLLAGEN_FORMATION,embedding_17,11,-0.797872907400835,0.003251371113148584,-0.7000000000000001,0.01647097883651441,Orthogonal + Recon,1
REACTOME_COLLAGEN_FORMATION,embedding_18,11,0.049910405014134435,0.8841352014561996,0.009090909090909092,0.9788365001441937,Orthogonal + Recon,1
REACTOME_COLLAGEN_FORMATION,embedding_19,11,-0.5266810720234504,0.09600637485819098,-0.4727272727272727,0.14199852020631992,Orthogonal + Recon,1
REACTOME_COLLAGEN_FORMATION,embedding_20,11,0.3330038910695968,0.31698551232233907,0.5545454545454546,0.07665233333978251,Orthogonal + Recon,1
REACTOME_COLLAGEN_FORMATION,embedding_21,11,-0.49783975834616895,0.11915362262002817,-0.46363636363636374,0.15090149929248603,Orthogonal + Recon,1
REACTOME_COLLAGEN_FORMATION,embedding_22,11,0.5411129841433013,0.08562258590051754,0.29090909090909095,0.38545696969136556,Orthogonal + Recon,1
REACTOME_COLLAGEN_FORMATION,embedding_23,11,0.23231639221041803,0.4918237979453517,0.43636363636363645,0.17966487658001123,Orthogonal + Recon,1
REACTOME_COLLAGEN_FORMATION,embedding_24,11,0.26671323138916453,0.4278906340194451,0.30000000000000004,0.37008312228206786,Orthogonal + Recon,1
REACTOME_COLLAGEN_FORMATION,embedding_25,11,0.42240977516477296,0.19558480351260518,0.3727272727272728,0.25892587368422215,Orthogonal + Recon,1
REACTOME_COLLAGEN_FORMATION,embedding_26,11,-0.24747326406528355,0.4631480302138765,-0.24545454545454545,0.4669223669820163,Orthogonal + Recon,1
REACTOME_COLLAGEN_FORMATION,embedding_27,11,0.16283739733106872,0.6323775945777765,0.5,0.11730680301423815,Orthogonal + Recon,1
REACTOME_COLLAGEN_FORMATION,embedding_28,11,0.6132154902650497,0.044826695569703284,0.6727272727272727,0.023313039833185972,Orthogonal + Recon,1
REACTOME_COLLAGEN_FORMATION,embedding_29,11,-0.4893656452954853,0.12657810689635968,-0.36363636363636365,0.2716375409938228,Orthogonal + Recon,1
REACTOME_COLLAGEN_FORMATION,embedding_30,11,0.4365683092220367,0.179437452466538,0.48181818181818187,0.1334338382568288,Orthogonal + Recon,1
REACTOME_COLLAGEN_FORMATION,embedding_31,11,0.08030793295012993,0.81442636038446,-0.02727272727272728,0.9365584481926122,Orthogonal + Recon,1
REACTOME_COLLAGEN_DEGRADATION,embedding_0,11,0.292443685395867,0.3828396031454772,0.38181818181818183,0.24655957577897006,Orthogonal + Recon,1
REACTOME_COLLAGEN_DEGRADATION,embedding_1,11,0.2717077326542185,0.41895443240376845,0.3454545454545455,0.2980892209030388,Orthogonal + Recon,1
REACTOME_COLLAGEN_DEGRADATION,embedding_2,11,-0.013755710524473032,0.9679808936934714,0.20000000000000004,0.5554454421055854,Orthogonal + Recon,1
REACTOME_COLLAGEN_DEGRADATION,embedding_3,11,-0.38332581366175733,0.24454224749521902,-0.30000000000000004,0.37008312228206786,Orthogonal + Recon,1
REACTOME_COLLAGEN_DEGRADATION,embedding_4,11,0.023591732438262555,0.9451091561362821,-0.14545454545454548,0.6695786456420787,Orthogonal + Recon,1
REACTOME_COLLAGEN_DEGRADATION,embedding_5,11,0.04241954848937452,0.9014454588756424,0.28181818181818186,0.4011448979604785,Orthogonal + Recon,1
REACTOME_COLLAGEN_DEGRADATION,embedding_6,11,0.11721121383478311,0.7314368712937814,0.06363636363636364,0.8525390725425217,Orthogonal + Recon,1
REACTOME_COLLAGEN_DEGRADATION,embedding_7,11,0.2601075863604666,0.4398478108917126,0.36363636363636365,0.2716375409938228,Orthogonal + Recon,1
REACTOME_COLLAGEN_DEGRADATION,embedding_8,11,0.23636572449704013,0.4840871867014035,0.41818181818181827,0.20057021703405067,Orthogonal + Recon,1
REACTOME_COLLAGEN_DEGRADATION,embedding_9,11,0.23264321480415875,0.49119736038011874,0.3454545454545455,0.2980892209030388,Orthogonal + Recon,1
REACTOME_COLLAGEN_DEGRADATION,embedding_10,11,-0.33765918851118903,0.3098463382309214,-0.43636363636363645,0.17966487658001123,Orthogonal + Recon,1
REACTOME_COLLAGEN_DEGRADATION,embedding_11,11,0.23824104693964782,0.48052271035255356,0.24545454545454545,0.4669223669820163,Orthogonal + Recon,1
REACTOME_COLLAGEN_DEGRADATION,embedding_12,11,-0.3275684694674365,0.32543195514213913,-0.38181818181818183,0.24655957577897006,Orthogonal + Recon,1
REACTOME_COLLAGEN_DEGRADATION,embedding_13,11,-0.15763810549132615,0.6434291875115314,-0.29090909090909095,0.38545696969136556,Orthogonal + Recon,1
REACTOME_COLLAGEN_DEGRADATION,embedding_14,11,-0.2137514146883642,0.5279751492346357,-0.41818181818181827,0.20057021703405067,Orthogonal + Recon,1
REACTOME_COLLAGEN_DEGRADATION,embedding_15,11,0.4405111492285058,0.1750906011318415,0.3545454545454546,0.2846927409558867,Orthogonal + Recon,1
REACTOME_COLLAGEN_DEGRADATION,embedding_16,11,0.26179650787595243,0.43677574565812727,0.3090909090909091,0.3550284397015071,Orthogonal + Recon,1
REACTOME_COLLAGEN_DEGRADATION,embedding_17,11,-0.7927732779282036,0.0036085361834880653,-0.7363636363636363,0.009759535959916903,Orthogonal + Recon,1
REACTOME_COLLAGEN_DEGRADATION,embedding_18,11,0.24524237182871994,0.46731987342351045,0.23636363636363636,0.4840911622253965,Orthogonal + Recon,1
REACTOME_COLLAGEN_DEGRADATION,embedding_19,11,-0.20853085103188396,0.5383364887047214,-0.24545454545454545,0.4669223669820163,Orthogonal + Recon,1
REACTOME_COLLAGEN_DEGRADATION,embedding_20,11,-0.00823463749180965,0.980829555779618,0.20000000000000004,0.5554454421055854,Orthogonal + Recon,1
REACTOME_COLLAGEN_DEGRADATION,embedding_21,11,-0.18014318456058337,0.5960858972929539,-0.22727272727272727,0.501535667604937,Orthogonal + Recon,1
REACTOME_COLLAGEN_DEGRADATION,embedding_22,11,0.3272194220724517,0.3259784279526831,0.20000000000000004,0.5554454421055854,Orthogonal + Recon,1
REACTOME_COLLAGEN_DEGRADATION,embedding_23,11,-0.08843393457214245,0.7959748523776339,0.02727272727272728,0.9365584481926122,Orthogonal + Recon,1
REACTOME_COLLAGEN_DEGRADATION,embedding_24,11,0.37313387948728116,0.258365379196642,0.4090909090909091,0.2115450103420961,Orthogonal + Recon,1
REACTOME_COLLAGEN_DEGRADATION,embedding_25,11,0.3939807657284483,0.23055743643421325,0.4000000000000001,0.22286835013352002,Orthogonal + Recon,1
REACTOME_COLLAGEN_DEGRADATION,embedding_26,11,0.08452603186006596,0.8048372903172722,0.1272727272727273,0.7092146257733047,Orthogonal + Recon,1
REACTOME_COLLAGEN_DEGRADATION,embedding_27,11,-0.0771545550615239,0.8216100149354266,0.18181818181818182,0.5926152128455,Orthogonal + Recon,1
REACTOME_COLLAGEN_DEGRADATION,embedding_28,11,0.2866747001179484,0.3927253871159993,0.43636363636363645,0.17966487658001123,Orthogonal + Recon,1
REACTOME_COLLAGEN_DEGRADATION,embedding_29,11,-0.27779258194495515,0.40819068781742174,-0.3545454545454546,0.2846927409558867,Orthogonal + Recon,1
REACTOME_COLLAGEN_DEGRADATION,embedding_30,11,0.15305341332295533,0.6532285570012601,0.26363636363636367,0.4334407376116145,Orthogonal + Recon,1
REACTOME_COLLAGEN_DEGRADATION,embedding_31,11,0.3156774949379706,0.34432302371467977,0.2545454545454546,0.4500365768888285,Orthogonal + Recon,1
REACTOME_DEGRADATION_OF_THE_EXTRACELLULAR_MATRIX,embedding_0,11,0.3100656831502648,0.35343334448275665,0.38181818181818183,0.24655957577897006,Orthogonal + Recon,1
REACTOME_DEGRADATION_OF_THE_EXTRACELLULAR_MATRIX,embedding_1,11,0.33059785884720005,0.32070969836357227,0.4090909090909091,0.2115450103420961,Orthogonal + Recon,1
REACTOME_DEGRADATION_OF_THE_EXTRACELLULAR_MATRIX,embedding_2,11,0.11023289484214024,0.7469600513167238,0.46363636363636374,0.15090149929248603,Orthogonal + Recon,1
REACTOME_DEGRADATION_OF_THE_EXTRACELLULAR_MATRIX,embedding_3,11,-0.31185246653013143,0.35051918527458686,-0.19090909090909092,0.5739131682855215,Orthogonal + Recon,1
REACTOME_DEGRADATION_OF_THE_EXTRACELLULAR_MATRIX,embedding_4,11,-0.09002131461185184,0.7923810648817687,-0.4272727272727273,0.189943724965427,Orthogonal + Recon,1
REACTOME_DEGRADATION_OF_THE_EXTRACELLULAR_MATRIX,embedding_5,11,0.15560123732084266,0.6477766279834085,0.5,0.11730680301423815,Orthogonal + Recon,1
REACTOME_DEGRADATION_OF_THE_EXTRACELLULAR_MATRIX,embedding_6,11,-0.021730909820393017,0.9494337546681398,-0.24545454545454545,0.4669223669820163,Orthogonal + Recon,1
REACTOME_DEGRADATION_OF_THE_EXTRACELLULAR_MATRIX,embedding_7,11,0.29440477089246275,0.3795078918512968,0.4090909090909091,0.2115450103420961,Orthogonal + Recon,1
REACTOME_DEGRADATION_OF_THE_EXTRACELLULAR_MATRIX,embedding_8,11,0.09845350389688722,0.7733530055070991,0.16363636363636366,0.6306852146425357,Orthogonal + Recon,1
REACTOME_DEGRADATION_OF_THE_EXTRACELLULAR_MATRIX,embedding_9,11,0.29723964287075555,0.37471770978412505,0.4090909090909091,0.2115450103420961,Orthogonal + Recon,1
REACTOME_DEGRADATION_OF_THE_EXTRACELLULAR_MATRIX,embedding_10,11,-0.2202108360523422,0.5152721069175659,-0.27272727272727276,0.41714143714253127,Orthogonal + Recon,1
REACTOME_DEGRADATION_OF_THE_EXTRACELLULAR_MATRIX,embedding_11,11,0.27891437775450434,0.40622121522932747,0.30000000000000004,0.37008312228206786,Orthogonal + Recon,1
REACTOME_DEGRADATION_OF_THE_EXTRACELLULAR_MATRIX,embedding_12,11,-0.32995632402533603,0.32170664679432187,-0.38181818181818183,0.24655957577897006,Orthogonal + Recon,1
REACTOME_DEGRADATION_OF_THE_EXTRACELLULAR_MATRIX,embedding_13,11,-0.23265481423394682,0.4911751336335933,-0.3727272727272728,0.25892587368422215,Orthogonal + Recon,1
REACTOME_DEGRADATION_OF_THE_EXTRACELLULAR_MATRIX,embedding_14,11,-0.30178491464489016,0.36710194282357744,-0.5454545454545455,0.08265095734417506,Orthogonal + Recon,1
REACTOME_DEGRADATION_OF_THE_EXTRACELLULAR_MATRIX,embedding_15,11,0.3357517717898293,0.31276084406073196,0.20909090909090913,0.5372209352113229,Orthogonal + Recon,1
REACTOME_DEGRADATION_OF_THE_EXTRACELLULAR_MATRIX,embedding_16,11,0.13778025618756368,0.6862226789760385,0.14545454545454548,0.6695786456420787,Orthogonal + Recon,1
REACTOME_DEGRADATION_OF_THE_EXTRACELLULAR_MATRIX,embedding_17,11,-0.7563694510255322,0.007061921681457652,-0.6727272727272727,0.023313039833185972,Orthogonal + Recon,1
REACTOME_DEGRADATION_OF_THE_EXTRACELLULAR_MATRIX,embedding_18,11,0.08846892293603974,0.7958956010178474,0.018181818181818184,0.9576852410216187,Orthogonal + Recon,1
REACTOME_DEGRADATION_OF_THE_EXTRACELLULAR_MATRIX,embedding_19,11,-0.2634113140453281,0.4338480219788294,-0.3454545454545455,0.2980892209030388,Orthogonal + Recon,1
REACTOME_DEGRADATION_OF_THE_EXTRACELLULAR_MATRIX,embedding_20,11,0.1180022603938366,0.7296827759298354,0.46363636363636374,0.15090149929248603,Orthogonal + Recon,1
REACTOME_DEGRADATION_OF_THE_EXTRACELLULAR_MATRIX,embedding_21,11,-0.23502775505707135,0.48663747758341036,-0.3181818181818182,0.34029761418190363,Orthogonal + Recon,1
REACTOME_DEGRADATION_OF_THE_EXTRACELLULAR_MATRIX,embedding_22,11,0.3260356474128972,0.3278354038636002,0.13636363636363638,0.6893090205863619,Orthogonal + Recon,1
REACTOME_DEGRADATION_OF_THE_EXTRACELLULAR_MATRIX,embedding_23,11,0.04730876964709536,0.8901423961609524,0.3272727272727273,0.32589494101284167,Orthogonal + Recon,1
REACTOME_DEGRADATION_OF_THE_EXTRACELLULAR_MATRIX,embedding_24,11,0.24746177635443947,0.4631694688068863,0.24545454545454545,0.4669223669820163,Orthogonal + Recon,1
REACTOME_DEGRADATION_OF_THE_EXTRACELLULAR_MATRIX,embedding_25,11,0.29722989112171283,0.3747341347899224,0.29090909090909095,0.38545696969136556,Orthogonal + Recon,1
REACTOME_DEGRADATION_OF_THE_EXTRACELLULAR_MATRIX,embedding_26,11,-0.04209950545452858,0.902185939015534,-0.15454545454545454,0.65003396549758,Orthogonal + Recon,1
REACTOME_DEGRADATION_OF_THE_EXTRACELLULAR_MATRIX,embedding_27,11,0.061164836044434484,0.8582152563198889,0.4272727272727273,0.189943724965427,Orthogonal + Recon,1
REACTOME_DEGRADATION_OF_THE_EXTRACELLULAR_MATRIX,embedding_28,11,0.36466244148409643,0.2701855567736843,0.5909090909090909,0.05557560428877463,Orthogonal + Recon,1
REACTOME_DEGRADATION_OF_THE_EXTRACELLULAR_MATRIX,embedding_29,11,-0.2606575330601282,0.4388463684993998,-0.22727272727272727,0.501535667604937,Orthogonal + Recon,1
REACTOME_DEGRADATION_OF_THE_EXTRACELLULAR_MATRIX,embedding_30,11,0.17507219171068236,0.606639265473788,0.3272727272727273,0.32589494101284167,Orthogonal + Recon,1
REACTOME_DEGRADATION_OF_THE_EXTRACELLULAR_MATRIX,embedding_31,11,0.17568256016147024,0.6053653867343749,0.05454545454545456,0.8734465775233149,Orthogonal + Recon,1
REACTOME_INTEGRIN_CELL_SURFACE_INTERACTIONS,embedding_0,11,0.5722412307294537,0.0658249430665103,0.5636363636363637,0.07095173447637536,Orthogonal + Recon,1
REACTOME_INTEGRIN_CELL_SURFACE_INTERACTIONS,embedding_1,11,0.58261888976669,0.05998212106630215,0.6000000000000001,0.05100326070695074,Orthogonal + Recon,1
REACTOME_INTEGRIN_CELL_SURFACE_INTERACTIONS,embedding_2,11,0.4102640805445098,0.21010913938718512,0.5818181818181819,0.060419896215648305,Orthogonal + Recon,1
REACTOME_INTEGRIN_CELL_SURFACE_INTERACTIONS,embedding_3,11,-0.3824442898489405,0.24572063627956375,-0.4090909090909091,0.2115450103420961,Orthogonal + Recon,1
REACTOME_INTEGRIN_CELL_SURFACE_INTERACTIONS,embedding_4,11,-0.44305327660120253,0.17232250453824646,-0.5818181818181819,0.060419896215648305,Orthogonal + Recon,1
REACTOME_INTEGRIN_CELL_SURFACE_INTERACTIONS,embedding_5,11,0.2979048543771957,0.37359814815845227,0.5636363636363637,0.07095173447637536,Orthogonal + Recon,1
REACTOME_INTEGRIN_CELL_SURFACE_INTERACTIONS,embedding_6,11,-0.27220247629174343,0.4180741803453576,-0.45454545454545453,0.16014543725525882,Orthogonal + Recon,1
REACTOME_INTEGRIN_CELL_SURFACE_INTERACTIONS,embedding_7,11,0.5606548706706155,0.07278885331113787,0.6272727272727273,0.03884525362035334,Orthogonal + Recon,1
REACTOME_INTEGRIN_CELL_SURFACE_INTERACTIONS,embedding_8,11,-0.05708098917908144,0.8676074450373427,-0.1272727272727273,0.7092146257733047,Orthogonal + Recon,1
REACTOME_INTEGRIN_CELL_SURFACE_INTERACTIONS,embedding_9,11,0.5663746819505556,0.06929212266577223,0.6000000000000001,0.05100326070695074,Orthogonal + Recon,1
REACTOME_INTEGRIN_CELL_SURFACE_INTERACTIONS,embedding_10,11,-0.1813417215727997,0.5936016887896244,-0.4090909090909091,0.2115450103420961,Orthogonal + Recon,1
REACTOME_INTEGRIN_CELL_SURFACE_INTERACTIONS,embedding_11,11,0.5632294942449866,0.07120058176484523,0.5636363636363637,0.07095173447637536,Orthogonal + Recon,1
REACTOME_INTEGRIN_CELL_SURFACE_INTERACTIONS,embedding_12,11,-0.5465489150373266,0.08191286464169427,-0.5636363636363637,0.07095173447637536,Orthogonal + Recon,1
REACTOME_INTEGRIN_CELL_SURFACE_INTERACTIONS,embedding_13,11,-0.558031123952288,0.07443168750255644,-0.5909090909090909,0.05557560428877463,Orthogonal + Recon,1
REACTOME_INTEGRIN_CELL_SURFACE_INTERACTIONS,embedding_14,11,-0.5494263082501619,0.0799931558880655,-0.6090909090909091,0.04669570935409886,Orthogonal + Recon,1
REACTOME_INTEGRIN_CELL_SURFACE_INTERACTIONS,embedding_15,11,0.24960505909205916,0.4591775146088125,0.3090909090909091,0.3550284397015071,Orthogonal + Recon,1
REACTOME_INTEGRIN_CELL_SURFACE_INTERACTIONS,embedding_16,11,0.01938972058262678,0.9548764644958513,0.10000000000000002,0.7698749998921366,Orthogonal + Recon,1
REACTOME_INTEGRIN_CELL_SURFACE_INTERACTIONS,embedding_17,11,-0.5067655117487886,0.11164248180146552,-0.4272727272727273,0.189943724965427,Orthogonal + Recon,1
REACTOME_INTEGRIN_CELL_SURFACE_INTERACTIONS,embedding_18,11,-0.09807309569311565,0.7742091038643266,-0.14545454545454548,0.6695786456420787,Orthogonal + Recon,1
REACTOME_INTEGRIN_CELL_SURFACE_INTERACTIONS,embedding_19,11,-0.5532091737418647,0.07751524988095738,-0.6090909090909091,0.04669570935409886,Orthogonal + Recon,1
REACTOME_INTEGRIN_CELL_SURFACE_INTERACTIONS,embedding_20,11,0.44408584377743127,0.17120587146373384,0.5818181818181819,0.060419896215648305,Orthogonal + Recon,1
REACTOME_INTEGRIN_CELL_SURFACE_INTERACTIONS,embedding_21,11,-0.5570898633785606,0.07502704523461022,-0.6363636363636364,0.03528698122006228,Orthogonal + Recon,1
REACTOME_INTEGRIN_CELL_SURFACE_INTERACTIONS,embedding_22,11,0.49284616731849434,0.12349390159771162,0.33636363636363636,0.31182431390038623,Orthogonal + Recon,1
REACTOME_INTEGRIN_CELL_SURFACE_INTERACTIONS,embedding_23,11,0.3529191535432524,0.2870642850882922,0.5181818181818182,0.10249153979096383,Orthogonal + Recon,1
REACTOME_INTEGRIN_CELL_SURFACE_INTERACTIONS,embedding_24,11,0.11363952661371818,0.7393711313800432,0.23636363636363636,0.4840911622253965,Orthogonal + Recon,1
REACTOME_INTEGRIN_CELL_SURFACE_INTERACTIONS,embedding_25,11,0.29672421123086257,0.37558635924292694,0.41818181818181827,0.20057021703405067,Orthogonal + Recon,1
REACTOME_INTEGRIN_CELL_SURFACE_INTERACTIONS,embedding_26,11,-0.37761973837543605,0.25222766828827253,-0.4727272727272727,0.14199852020631992,Orthogonal + Recon,1
REACTOME_INTEGRIN_CELL_SURFACE_INTERACTIONS,embedding_27,11,0.24996632188223733,0.4585062119173113,0.6727272727272727,0.023313039833185972,Orthogonal + Recon,1
REACTOME_INTEGRIN_CELL_SURFACE_INTERACTIONS,embedding_28,11,0.5732840669198883,0.06522113092748351,0.6818181818181819,0.020842853610945056,Orthogonal + Recon,1
REACTOME_INTEGRIN_CELL_SURFACE_INTERACTIONS,embedding_29,11,-0.48194047085618225,0.13332092037032547,-0.4272727272727273,0.189943724965427,Orthogonal + Recon,1
REACTOME_INTEGRIN_CELL_SURFACE_INTERACTIONS,embedding_30,11,0.53935077730872,0.08684866047376268,0.6727272727272727,0.023313039833185972,Orthogonal + Recon,1
REACTOME_INTEGRIN_CELL_SURFACE_INTERACTIONS,embedding_31,11,-0.1077599348415813,0.7524817408138679,-0.3090909090909091,0.3550284397015071,Orthogonal + Recon,1
REACTOME_EXTRACELLULAR_MATRIX_ORGANIZATION,embedding_0,11,0.3544672818884636,0.28480648599586333,0.29090909090909095,0.38545696969136556,Orthogonal + Recon,1
REACTOME_EXTRACELLULAR_MATRIX_ORGANIZATION,embedding_1,11,0.43875547593932596,0.17701812842165593,0.3454545454545455,0.2980892209030388,Orthogonal + Recon,1
REACTOME_EXTRACELLULAR_MATRIX_ORGANIZATION,embedding_2,11,0.36970135873647236,0.26311869449225905,0.5545454545454546,0.07665233333978251,Orthogonal + Recon,1
REACTOME_EXTRACELLULAR_MATRIX_ORGANIZATION,embedding_3,11,-0.1711262120586199,0.6148983839667893,-0.07272727272727274,0.831716405381337,Orthogonal + Recon,1
REACTOME_EXTRACELLULAR_MATRIX_ORGANIZATION,embedding_4,11,-0.33620885024663266,0.3120610885275045,-0.5090909090909091,0.10973723224165641,Orthogonal + Recon,1
REACTOME_EXTRACELLULAR_MATRIX_ORGANIZATION,embedding_5,11,0.39289384760774027,0.23196215659324068,0.4090909090909091,0.2115450103420961,Orthogonal + Recon,1
REACTOME_EXTRACELLULAR_MATRIX_ORGANIZATION,embedding_6,11,-0.2978360533313969,0.373713862494804,-0.33636363636363636,0.31182431390038623,Orthogonal + Recon,1
REACTOME_EXTRACELLULAR_MATRIX_ORGANIZATION,embedding_7,11,0.3566950455631567,0.28157487483751764,0.3181818181818182,0.34029761418190363,Orthogonal + Recon,1
REACTOME_EXTRACELLULAR_MATRIX_ORGANIZATION,embedding_8,11,-0.18558920692656575,0.5848295094858578,-0.018181818181818184,0.9576852410216187,Orthogonal + Recon,1
REACTOME_EXTRACELLULAR_MATRIX_ORGANIZATION,embedding_9,11,0.4198981929811295,0.1985372644923664,0.3454545454545455,0.2980892209030388,Orthogonal + Recon,1
REACTOME_EXTRACELLULAR_MATRIX_ORGANIZATION,embedding_10,11,0.00964245096576392,0.9775527895198826,-0.17272727272727276,0.6115423848512369,Orthogonal + Recon,1
REACTOME_EXTRACELLULAR_MATRIX_ORGANIZATION,embedding_11,11,0.34052159134433874,0.30550039297884013,0.27272727272727276,0.41714143714253127,Orthogonal + Recon,1
REACTOME_EXTRACELLULAR_MATRIX_ORGANIZATION,embedding_12,11,-0.32980321299357074,0.32194482740887376,-0.29090909090909095,0.38545696969136556,Orthogonal + Recon,1
REACTOME_EXTRACELLULAR_MATRIX_ORGANIZATION,embedding_13,11,-0.39396277603292956,0.23058064561319763,-0.36363636363636365,0.2716375409938228,Orthogonal + Recon,1
REACTOME_EXTRACELLULAR_MATRIX_ORGANIZATION,embedding_14,11,-0.46665884780437616,0.14790378472219792,-0.5181818181818182,0.10249153979096383,Orthogonal + Recon,1
REACTOME_EXTRACELLULAR_MATRIX_ORGANIZATION,embedding_15,11,0.10329770179965714,0.7624713698784511,0.11818181818181818,0.72928477951978,Orthogonal + Recon,1
REACTOME_EXTRACELLULAR_MATRIX_ORGANIZATION,embedding_16,11,-0.12750456358461942,0.7087049026820805,0.03636363636363637,0.9154683168905347,Orthogonal + Recon,1
REACTOME_EXTRACELLULAR_MATRIX_ORGANIZATION,embedding_17,11,-0.6196209877500108,0.042027500703515915,-0.5181818181818182,0.10249153979096383,Orthogonal + Recon,1
REACTOME_EXTRACELLULAR_MATRIX_ORGANIZATION,embedding_18,11,-0.24919803628862572,0.45993439061732627,-0.3181818181818182,0.34029761418190363,Orthogonal + Recon,1
REACTOME_EXTRACELLULAR_MATRIX_ORGANIZATION,embedding_19,11,-0.3687999663726053,0.2643750862174552,-0.3272727272727273,0.32589494101284167,Orthogonal + Recon,1
REACTOME_EXTRACELLULAR_MATRIX_ORGANIZATION,embedding_20,11,0.37708557579222474,0.2529541104140432,0.5545454545454546,0.07665233333978251,Orthogonal + Recon,1
REACTOME_EXTRACELLULAR_MATRIX_ORGANIZATION,embedding_21,11,-0.35102419219800285,0.28984136125234955,-0.3545454545454546,0.2846927409558867,Orthogonal + Recon,1
REACTOME_EXTRACELLULAR_MATRIX_ORGANIZATION,embedding_22,11,0.28863990862808026,0.38934362666596717,0.06363636363636364,0.8525390725425217,Orthogonal + Recon,1
REACTOME_EXTRACELLULAR_MATRIX_ORGANIZATION,embedding_23,11,0.31807372438554343,0.34047084877198835,0.39090909090909093,0.23454006709519432,Orthogonal + Recon,1
REACTOME_EXTRACELLULAR_MATRIX_ORGANIZATION,embedding_24,11,-0.021903405690169204,0.9490328168190794,0.09090909090909091,0.7903727377532903,Orthogonal + Recon,1
REACTOME_EXTRACELLULAR_MATRIX_ORGANIZATION,embedding_25,11,0.09026402124862318,0.7918319010533652,0.15454545454545454,0.65003396549758,Orthogonal + Recon,1
REACTOME_EXTRACELLULAR_MATRIX_ORGANIZATION,embedding_26,11,-0.31110056201943737,0.35174397679053004,-0.28181818181818186,0.4011448979604785,Orthogonal + Recon,1
REACTOME_EXTRACELLULAR_MATRIX_ORGANIZATION,embedding_27,11,0.34298209245141387,0.301791350533903,0.5363636363636364,0.08895341813596276,Orthogonal + Recon,1
REACTOME_EXTRACELLULAR_MATRIX_ORGANIZATION,embedding_28,11,0.49521336711607783,0.12142398759707862,0.5454545454545455,0.08265095734417506,Orthogonal + Recon,1
REACTOME_EXTRACELLULAR_MATRIX_ORGANIZATION,embedding_29,11,-0.22444448717852614,0.507017804650475,-0.10909090909090911,0.7495085962341482,Orthogonal + Recon,1
REACTOME_EXTRACELLULAR_MATRIX_ORGANIZATION,embedding_30,11,0.2593017319641311,0.44131719961511545,0.36363636363636365,0.2716375409938228,Orthogonal + Recon,1
REACTOME_EXTRACELLULAR_MATRIX_ORGANIZATION,embedding_31,11,-0.13631039307530485,0.6894251031604379,-0.03636363636363637,0.9154683168905347,Orthogonal + Recon,1
REACTOME_ASSEMBLY_OF_COLLAGEN_FIBRILS_AND_OTHER_MULTIMERIC_STRUCTURES,embedding_0,11,0.3798053315646274,0.24926779331605223,0.36363636363636365,0.2716375409938228,Orthogonal + Recon,1
REACTOME_ASSEMBLY_OF_COLLAGEN_FIBRILS_AND_OTHER_MULTIMERIC_STRUCTURES,embedding_1,11,0.33347699684135007,0.3162559669085401,0.27272727272727276,0.41714143714253127,Orthogonal + Recon,1
REACTOME_ASSEMBLY_OF_COLLAGEN_FIBRILS_AND_OTHER_MULTIMERIC_STRUCTURES,embedding_2,11,0.026511242254167233,0.9383268611434978,0.02727272727272728,0.9365584481926122,Orthogonal + Recon,1
REACTOME_ASSEMBLY_OF_COLLAGEN_FIBRILS_AND_OTHER_MULTIMERIC_STRUCTURES,embedding_3,11,-0.43525818976137143,0.1808962410264061,-0.4272727272727273,0.189943724965427,Orthogonal + Recon,1
REACTOME_ASSEMBLY_OF_COLLAGEN_FIBRILS_AND_OTHER_MULTIMERIC_STRUCTURES,embedding_4,11,-0.042662121366868394,0.9008842675431502,0.03636363636363637,0.9154683168905347,Orthogonal + Recon,1
REACTOME_ASSEMBLY_OF_COLLAGEN_FIBRILS_AND_OTHER_MULTIMERIC_STRUCTURES,embedding_5,11,0.06437910631313326,0.8508344822327913,0.13636363636363638,0.6893090205863619,Orthogonal + Recon,1
REACTOME_ASSEMBLY_OF_COLLAGEN_FIBRILS_AND_OTHER_MULTIMERIC_STRUCTURES,embedding_6,11,0.09192942477843881,0.7880659522473215,0.22727272727272727,0.501535667604937,Orthogonal + Recon,1
REACTOME_ASSEMBLY_OF_COLLAGEN_FIBRILS_AND_OTHER_MULTIMERIC_STRUCTURES,embedding_7,11,0.3355171983195191,0.31312028902744893,0.3272727272727273,0.32589494101284167,Orthogonal + Recon,1
REACTOME_ASSEMBLY_OF_COLLAGEN_FIBRILS_AND_OTHER_MULTIMERIC_STRUCTURES,embedding_8,11,0.24001665964836902,0.47715862856640257,0.5727272727272729,0.06554305260101842,Orthogonal + Recon,1
REACTOME_ASSEMBLY_OF_COLLAGEN_FIBRILS_AND_OTHER_MULTIMERIC_STRUCTURES,embedding_9,11,0.2985758475010611,0.3724705812476542,0.27272727272727276,0.41714143714253127,Orthogonal + Recon,1
REACTOME_ASSEMBLY_OF_COLLAGEN_FIBRILS_AND_OTHER_MULTIMERIC_STRUCTURES,embedding_10,11,-0.3783478552116472,0.2512393804759265,-0.5545454545454546,0.07665233333978251,Orthogonal + Recon,1
REACTOME_ASSEMBLY_OF_COLLAGEN_FIBRILS_AND_OTHER_MULTIMERIC_STRUCTURES,embedding_11,11,0.30827025017112275,0.35637423234422927,0.20000000000000004,0.5554454421055854,Orthogonal + Recon,1
REACTOME_ASSEMBLY_OF_COLLAGEN_FIBRILS_AND_OTHER_MULTIMERIC_STRUCTURES,embedding_12,11,-0.3976916581550296,0.22579902161676593,-0.36363636363636365,0.2716375409938228,Orthogonal + Recon,1
REACTOME_ASSEMBLY_OF_COLLAGEN_FIBRILS_AND_OTHER_MULTIMERIC_STRUCTURES,embedding_13,11,-0.23404440892879386,0.48851561843567787,-0.20909090909090913,0.5372209352113229,Orthogonal + Recon,1
REACTOME_ASSEMBLY_OF_COLLAGEN_FIBRILS_AND_OTHER_MULTIMERIC_STRUCTURES,embedding_14,11,-0.26998258097318456,0.42203083024966154,-0.28181818181818186,0.4011448979604785,Orthogonal + Recon,1
REACTOME_ASSEMBLY_OF_COLLAGEN_FIBRILS_AND_OTHER_MULTIMERIC_STRUCTURES,embedding_15,11,0.4583097112328055,0.15627630062218548,0.4727272727272727,0.14199852020631992,Orthogonal + Recon,1
REACTOME_ASSEMBLY_OF_COLLAGEN_FIBRILS_AND_OTHER_MULTIMERIC_STRUCTURES,embedding_16,11,0.26821705409858004,0.42519044842492254,0.44545454545454555,0.16973260492681172,Orthogonal + Recon,1
REACTOME_ASSEMBLY_OF_COLLAGEN_FIBRILS_AND_OTHER_MULTIMERIC_STRUCTURES,embedding_17,11,-0.7502897103990467,0.007815102944437196,-0.7636363636363637,0.006233059747904751,Orthogonal + Recon,1
REACTOME_ASSEMBLY_OF_COLLAGEN_FIBRILS_AND_OTHER_MULTIMERIC_STRUCTURES,embedding_18,11,0.254314322592143,0.4504623263654311,0.4272727272727273,0.189943724965427,Orthogonal + Recon,1
REACTOME_ASSEMBLY_OF_COLLAGEN_FIBRILS_AND_OTHER_MULTIMERIC_STRUCTURES,embedding_19,11,-0.2806150600289539,0.40324433856346853,-0.19090909090909092,0.5739131682855215,Orthogonal + Recon,1
REACTOME_ASSEMBLY_OF_COLLAGEN_FIBRILS_AND_OTHER_MULTIMERIC_STRUCTURES,embedding_20,11,0.05212427845003453,0.8790276496950228,0.02727272727272728,0.9365584481926122,Orthogonal + Recon,1
REACTOME_ASSEMBLY_OF_COLLAGEN_FIBRILS_AND_OTHER_MULTIMERIC_STRUCTURES,embedding_21,11,-0.25790231285074183,0.44387436641283073,-0.16363636363636366,0.6306852146425357,Orthogonal + Recon,1
REACTOME_ASSEMBLY_OF_COLLAGEN_FIBRILS_AND_OTHER_MULTIMERIC_STRUCTURES,embedding_22,11,0.3795003065427032,0.2496796761601807,0.24545454545454545,0.4669223669820163,Orthogonal + Recon,1
REACTOME_ASSEMBLY_OF_COLLAGEN_FIBRILS_AND_OTHER_MULTIMERIC_STRUCTURES,embedding_23,11,-0.04620945521445284,0.8926822970525266,-0.13636363636363638,0.6893090205863619,Orthogonal + Recon,1
REACTOME_ASSEMBLY_OF_COLLAGEN_FIBRILS_AND_OTHER_MULTIMERIC_STRUCTURES,embedding_24,11,0.38106612904649084,0.2475694468572265,0.5272727272727273,0.09556521835315422,Orthogonal + Recon,1
REACTOME_ASSEMBLY_OF_COLLAGEN_FIBRILS_AND_OTHER_MULTIMERIC_STRUCTURES,embedding_25,11,0.4412511156615222,0.17428206926087828,0.5,0.11730680301423815,Orthogonal + Recon,1
REACTOME_ASSEMBLY_OF_COLLAGEN_FIBRILS_AND_OTHER_MULTIMERIC_STRUCTURES,embedding_26,11,0.02619188333602917,0.9390685900429202,0.30000000000000004,0.37008312228206786,Orthogonal + Recon,1
REACTOME_ASSEMBLY_OF_COLLAGEN_FIBRILS_AND_OTHER_MULTIMERIC_STRUCTURES,embedding_27,11,-0.06744297578331487,0.8438090453336675,-0.009090909090909092,0.9788365001441937,Orthogonal + Recon,1
REACTOME_ASSEMBLY_OF_COLLAGEN_FIBRILS_AND_OTHER_MULTIMERIC_STRUCTURES,embedding_28,11,0.3546172088978406,0.28458835707763147,0.3272727272727273,0.32589494101284167,Orthogonal + Recon,1
REACTOME_ASSEMBLY_OF_COLLAGEN_FIBRILS_AND_OTHER_MULTIMERIC_STRUCTURES,embedding_29,11,-0.3540026805676555,0.28548302428574596,-0.39090909090909093,0.23454006709519432,Orthogonal + Recon,1
REACTOME_ASSEMBLY_OF_COLLAGEN_FIBRILS_AND_OTHER_MULTIMERIC_STRUCTURES,embedding_30,11,0.24900507384064438,0.46029341271814245,0.20000000000000004,0.5554454421055854,Orthogonal + Recon,1
REACTOME_ASSEMBLY_OF_COLLAGEN_FIBRILS_AND_OTHER_MULTIMERIC_STRUCTURES,embedding_31,11,0.2877439811821992,0.3908835425542453,0.4090909090909091,0.2115450103420961,Orthogonal + Recon,1
REACTOME_MOLECULES_ASSOCIATED_WITH_ELASTIC_FIBRES,embedding_0,11,0.06774437691985796,0.8431184778375552,0.0,1.0,Orthogonal + Recon,1
REACTOME_MOLECULES_ASSOCIATED_WITH_ELASTIC_FIBRES,embedding_1,11,0.1969318618833015,0.5616514574586554,0.02727272727272728,0.9365584481926122,Orthogonal + Recon,1
REACTOME_MOLECULES_ASSOCIATED_WITH_ELASTIC_FIBRES,embedding_2,11,0.22702191760536847,0.5020207810197757,0.26363636363636367,0.4334407376116145,Orthogonal + Recon,1
REACTOME_MOLECULES_ASSOCIATED_WITH_ELASTIC_FIBRES,embedding_3,11,0.020957569805360912,0.9512313825975036,0.0,1.0,Orthogonal + Recon,1
REACTOME_MOLECULES_ASSOCIATED_WITH_ELASTIC_FIBRES,embedding_4,11,-0.1608980394594602,0.6364921410311339,-0.20909090909090913,0.5372209352113229,Orthogonal + Recon,1
REACTOME_MOLECULES_ASSOCIATED_WITH_ELASTIC_FIBRES,embedding_5,11,0.2117382455276505,0.5319608000130616,0.09090909090909091,0.7903727377532903,Orthogonal + Recon,1
REACTOME_MOLECULES_ASSOCIATED_WITH_ELASTIC_FIBRES,embedding_6,11,-0.22166074143988515,0.5124388055063447,-0.09090909090909091,0.7903727377532903,Orthogonal + Recon,1
REACTOME_MOLECULES_ASSOCIATED_WITH_ELASTIC_FIBRES,embedding_7,11,0.12726657456239177,0.7092281547872701,0.03636363636363637,0.9154683168905347,Orthogonal + Recon,1
REACTOME_MOLECULES_ASSOCIATED_WITH_ELASTIC_FIBRES,embedding_8,11,-0.17147899175523088,0.6141583470102816,0.08181818181818183,0.8109903943000458,Orthogonal + Recon,1
REACTOME_MOLECULES_ASSOCIATED_WITH_ELASTIC_FIBRES,embedding_9,11,0.18631048743059647,0.5833448140089509,0.02727272727272728,0.9365584481926122,Orthogonal + Recon,1
REACTOME_MOLECULES_ASSOCIATED_WITH_ELASTIC_FIBRES,embedding_10,11,0.13900095110677477,0.6835666362138296,-0.13636363636363638,0.6893090205863619,Orthogonal + Recon,1
REACTOME_MOLECULES_ASSOCIATED_WITH_ELASTIC_FIBRES,embedding_11,11,0.1833822211168899,0.5893813387569494,0.045454545454545456,0.8944269969053026,Orthogonal + Recon,1
REACTOME_MOLECULES_ASSOCIATED_WITH_ELASTIC_FIBRES,embedding_12,11,-0.10209513837463645,0.7651691940515847,0.0,1.0,Orthogonal + Recon,1
REACTOME_MOLECULES_ASSOCIATED_WITH_ELASTIC_FIBRES,embedding_13,11,-0.1582398959964353,0.6421466512276746,-0.045454545454545456,0.8944269969053026,Orthogonal + Recon,1
REACTOME_MOLECULES_ASSOCIATED_WITH_ELASTIC_FIBRES,embedding_14,11,-0.22217158845515814,0.5114421382437474,-0.08181818181818183,0.8109903943000458,Orthogonal + Recon,1
REACTOME_MOLECULES_ASSOCIATED_WITH_ELASTIC_FIBRES,embedding_15,11,-0.012970664131876725,0.9698075036861254,0.10909090909090911,0.7495085962341482,Orthogonal + Recon,1
REACTOME_MOLECULES_ASSOCIATED_WITH_ELASTIC_FIBRES,embedding_16,11,-0.13709054331909815,0.687724798948569,0.14545454545454548,0.6695786456420787,Orthogonal + Recon,1
REACTOME_MOLECULES_ASSOCIATED_WITH_ELASTIC_FIBRES,embedding_17,11,-0.34255568247465473,0.3024323641303596,-0.21818181818181823,0.519248247554982,Orthogonal + Recon,1
REACTOME_MOLECULES_ASSOCIATED_WITH_ELASTIC_FIBRES,embedding_18,11,-0.2443144817076905,0.4690600810234666,-0.16363636363636366,0.6306852146425357,Orthogonal + Recon,1
REACTOME_MOLECULES_ASSOCIATED_WITH_ELASTIC_FIBRES,embedding_19,11,-0.14556439119262066,0.6693413574970059,-0.06363636363636364,0.8525390725425217,Orthogonal + Recon,1
REACTOME_MOLECULES_ASSOCIATED_WITH_ELASTIC_FIBRES,embedding_20,11,0.20596529899710214,0.5434588545617048,0.26363636363636367,0.4334407376116145,Orthogonal + Recon,1
REACTOME_MOLECULES_ASSOCIATED_WITH_ELASTIC_FIBRES,embedding_21,11,-0.12724088142611897,0.7092846514842163,-0.13636363636363638,0.6893090205863619,Orthogonal + Recon,1
REACTOME_MOLECULES_ASSOCIATED_WITH_ELASTIC_FIBRES,embedding_22,11,0.12017850621135412,0.7248631066897603,-0.06363636363636364,0.8525390725425217,Orthogonal + Recon,1
REACTOME_MOLECULES_ASSOCIATED_WITH_ELASTIC_FIBRES,embedding_23,11,0.21648050224550727,0.5225922028893513,0.15454545454545454,0.65003396549758,Orthogonal + Recon,1
REACTOME_MOLECULES_ASSOCIATED_WITH_ELASTIC_FIBRES,embedding_24,11,-0.08924567747153209,0.7941366386143004,0.11818181818181818,0.72928477951978,Orthogonal + Recon,1
REACTOME_MOLECULES_ASSOCIATED_WITH_ELASTIC_FIBRES,embedding_25,11,-0.0923085355328493,0.7872092414191932,-0.009090909090909092,0.9788365001441937,Orthogonal + Recon,1
REACTOME_MOLECULES_ASSOCIATED_WITH_ELASTIC_FIBRES,embedding_26,11,-0.16322114253035389,0.6315645428252806,-0.10000000000000002,0.7698749998921366,Orthogonal + Recon,1
REACTOME_MOLECULES_ASSOCIATED_WITH_ELASTIC_FIBRES,embedding_27,11,0.2647197366533453,0.4314826441914869,0.30000000000000004,0.37008312228206786,Orthogonal + Recon,1
REACTOME_MOLECULES_ASSOCIATED_WITH_ELASTIC_FIBRES,embedding_28,11,0.22537296847329663,0.505215230504517,0.10909090909090911,0.7495085962341482,Orthogonal + Recon,1
REACTOME_MOLECULES_ASSOCIATED_WITH_ELASTIC_FIBRES,embedding_29,11,-0.03599573316776118,0.916320954753449,0.11818181818181818,0.72928477951978,Orthogonal + Recon,1
REACTOME_MOLECULES_ASSOCIATED_WITH_ELASTIC_FIBRES,embedding_30,11,0.05647205815646855,0.8690092327749432,0.19090909090909092,0.5739131682855215,Orthogonal + Recon,1
REACTOME_MOLECULES_ASSOCIATED_WITH_ELASTIC_FIBRES,embedding_31,11,-0.13029065403531664,0.7025877474548348,-0.009090909090909092,0.9788365001441937,Orthogonal + Recon,1
REACTOME_ECM_PROTEOGLYCANS,embedding_0,11,-0.12228711839831692,0.7202017542533342,-0.03636363636363637,0.9154683168905347,Orthogonal + Recon,1
REACTOME_ECM_PROTEOGLYCANS,embedding_1,11,-0.09822087291371939,0.7738765083691858,-0.018181818181818184,0.9576852410216187,Orthogonal + Recon,1
REACTOME_ECM_PROTEOGLYCANS,embedding_2,11,-0.16428949205527638,0.629302931615455,0.018181818181818184,0.9576852410216187,Orthogonal + Recon,1
REACTOME_ECM_PROTEOGLYCANS,embedding_3,11,0.006182698211746204,0.9856060255111712,-0.10909090909090911,0.7495085962341482,Orthogonal + Recon,1
REACTOME_ECM_PROTEOGLYCANS,embedding_4,11,0.21958927601232298,0.5164887574170602,0.018181818181818184,0.9576852410216187,Orthogonal + Recon,1
REACTOME_ECM_PROTEOGLYCANS,embedding_5,11,-0.02298279549566884,0.9465241996422589,0.08181818181818183,0.8109903943000458,Orthogonal + Recon,1
REACTOME_ECM_PROTEOGLYCANS,embedding_6,11,0.1434491053923473,0.6739155337565167,0.19090909090909092,0.5739131682855215,Orthogonal + Recon,1
REACTOME_ECM_PROTEOGLYCANS,embedding_7,11,-0.15193608552378696,0.6556242835477448,0.0,1.0,Orthogonal + Recon,1
REACTOME_ECM_PROTEOGLYCANS,embedding_8,11,0.0784935233337363,0.8185582018433761,0.4090909090909091,0.2115450103420961,Orthogonal + Recon,1
REACTOME_ECM_PROTEOGLYCANS,embedding_9,11,-0.1265630905167947,0.7107755213609275,-0.018181818181818184,0.9576852410216187,Orthogonal + Recon,1
REACTOME_ECM_PROTEOGLYCANS,embedding_10,11,-0.04924473423773432,0.8856717304077772,-0.23636363636363636,0.4840911622253965,Orthogonal + Recon,1
REACTOME_ECM_PROTEOGLYCANS,embedding_11,11,-0.09176418274185369,0.7884394306252617,-0.07272727272727274,0.831716405381337,Orthogonal + Recon,1
REACTOME_ECM_PROTEOGLYCANS,embedding_12,11,0.09506568469105972,0.7809850812831518,0.03636363636363637,0.9154683168905347,Orthogonal + Recon,1
REACTOME_ECM_PROTEOGLYCANS,embedding_13,11,0.16060653705165234,0.6371113941249936,0.05454545454545456,0.8734465775233149,Orthogonal + Recon,1
REACTOME_ECM_PROTEOGLYCANS,embedding_14,11,0.08416664686367367,0.8056533639807146,-0.045454545454545456,0.8944269969053026,Orthogonal + Recon,1
REACTOME_ECM_PROTEOGLYCANS,embedding_15,11,0.08688376099152645,0.799487842675953,0.22727272727272727,0.501535667604937,Orthogonal + Recon,1
REACTOME_ECM_PROTEOGLYCANS,embedding_16,11,0.046617252678672755,0.8917399984065203,0.22727272727272727,0.501535667604937,Orthogonal + Recon,1
REACTOME_ECM_PROTEOGLYCANS,embedding_17,11,-0.45654154535923336,0.15808641112565994,-0.5181818181818182,0.10249153979096383,Orthogonal + Recon,1
REACTOME_ECM_PROTEOGLYCANS,embedding_18,11,0.06134512285570187,0.8578009974106299,0.21818181818181823,0.519248247554982,Orthogonal + Recon,1
REACTOME_ECM_PROTEOGLYCANS,embedding_19,11,0.183233902702222,0.5896877208948392,0.045454545454545456,0.8944269969053026,Orthogonal + Recon,1
REACTOME_ECM_PROTEOGLYCANS,embedding_20,11,-0.14350425908001618,0.6737961406188875,0.018181818181818184,0.9576852410216187,Orthogonal + Recon,1
REACTOME_ECM_PROTEOGLYCANS,embedding_21,11,0.18652224143310647,0.5829092105328415,0.07272727272727274,0.831716405381337,Orthogonal + Recon,1
REACTOME_ECM_PROTEOGLYCANS,embedding_22,11,-0.0749675640164216,0.8265994240390202,-0.10000000000000002,0.7698749998921366,Orthogonal + Recon,1
REACTOME_ECM_PROTEOGLYCANS,embedding_23,11,-0.182613071316669,0.5909708297622529,-0.1272727272727273,0.7092146257733047,Orthogonal + Recon,1
REACTOME_ECM_PROTEOGLYCANS,embedding_24,11,0.0855299274234104,0.8025586221348464,0.3181818181818182,0.34029761418190363,Orthogonal + Recon,1
REACTOME_ECM_PROTEOGLYCANS,embedding_25,11,-0.008370740266466462,0.9805127564611854,0.15454545454545454,0.65003396549758,Orthogonal + Recon,1
REACTOME_ECM_PROTEOGLYCANS,embedding_26,11,0.21720708058971883,0.521162993912928,0.2545454545454546,0.4500365768888285,Orthogonal + Recon,1
REACTOME_ECM_PROTEOGLYCANS,embedding_27,11,-0.03358364153082932,0.9219130463505625,0.0,1.0,Orthogonal + Recon,1
REACTOME_ECM_PROTEOGLYCANS,embedding_28,11,-0.052614644970558205,0.8778968951910321,0.09090909090909091,0.7903727377532903,Orthogonal + Recon,1
REACTOME_ECM_PROTEOGLYCANS,embedding_29,11,0.14358874895585721,0.6736132554958402,0.10000000000000002,0.7698749998921366,Orthogonal + Recon,1
REACTOME_ECM_PROTEOGLYCANS,embedding_30,11,-0.2073978425259235,0.5405961901041408,-0.06363636363636364,0.8525390725425217,Orthogonal + Recon,1
REACTOME_ECM_PROTEOGLYCANS,embedding_31,11,0.19055842778243867,0.5746302744450785,0.3727272727272728,0.25892587368422215,Orthogonal + Recon,1
REACTOME_ELASTIC_FIBRE_FORMATION,embedding_0,10,0.2189109600515922,0.5434282695252268,0.19999999999999998,0.5795840000000001,Orthogonal + Recon,2
REACTOME_ELASTIC_FIBRE_FORMATION,embedding_1,10,-0.34910231462381863,0.32279987620460093,-0.12727272727272726,0.7260570147627894,Orthogonal + Recon,2
REACTOME_ELASTIC_FIBRE_FORMATION,embedding_2,10,-0.22272269141749917,0.5362513306842633,-0.19999999999999998,0.5795840000000001,Orthogonal + Recon,2
REACTOME_ELASTIC_FIBRE_FORMATION,embedding_3,10,0.42987321506757187,0.21500136020015503,-0.04242424242424241,0.907363817812816,Orthogonal + Recon,2
REACTOME_ELASTIC_FIBRE_FORMATION,embedding_4,10,0.2638217290153724,0.46140826410097235,0.1515151515151515,0.6760651759978538,Orthogonal + Recon,2
REACTOME_ELASTIC_FIBRE_FORMATION,embedding_5,10,-0.28922844001236503,0.41763547187399863,-0.2606060606060606,0.4670890543863402,Orthogonal + Recon,2
REACTOME_ELASTIC_FIBRE_FORMATION,embedding_6,10,-0.37648442724103104,0.2835797487987548,-0.16363636363636364,0.6514773427962428,Orthogonal + Recon,2
REACTOME_ELASTIC_FIBRE_FORMATION,embedding_7,10,-0.26398352080182585,0.46112325995058895,-0.11515151515151514,0.7514196523258483,Orthogonal + Recon,2
REACTOME_ELASTIC_FIBRE_FORMATION,embedding_8,10,0.1554013928298994,0.6681506103891741,0.1515151515151515,0.6760651759978538,Orthogonal + Recon,2
REACTOME_ELASTIC_FIBRE_FORMATION,embedding_9,10,-0.3722430953034833,0.28947795985851077,-0.2606060606060606,0.4670890543863402,Orthogonal + Recon,2
REACTOME_ELASTIC_FIBRE_FORMATION,embedding_10,10,-0.2711522890474429,0.4485744006743456,-0.18787878787878787,0.603217610029209,Orthogonal + Recon,2
REACTOME_ELASTIC_FIBRE_FORMATION,embedding_11,10,-0.1887379776710093,0.6015310656859507,-0.10303030303030303,0.7769984634438898,Orthogonal + Recon,2
REACTOME_ELASTIC_FIBRE_FORMATION,embedding_12,10,-0.22551491547728042,0.5310182911963053,-0.09090909090909088,0.8027717312071619,Orthogonal + Recon,2
REACTOME_ELASTIC_FIBRE_FORMATION,embedding_13,10,-0.43090458173786006,0.21378108195479836,-0.2727272727272727,0.44583834154275137,Orthogonal + Recon,2
REACTOME_ELASTIC_FIBRE_FORMATION,embedding_14,10,0.3374874049194935,0.34024128150225014,0.2121212121212121,0.5563057751029299,Orthogonal + Recon,2
REACTOME_ELASTIC_FIBRE_FORMATION,embedding_15,10,-0.24956995867493026,0.4868174148648171,-0.23636363636363633,0.5108853175152002,Orthogonal + Recon,2
REACTOME_ELASTIC_FIBRE_FORMATION,embedding_16,10,-0.06666664188737455,0.8548131417339224,-0.06666666666666665,0.8548130882487426,Orthogonal + Recon,2
REACTOME_ELASTIC_FIBRE_FORMATION,embedding_17,10,0.05599656563341492,0.8778908799276273,-0.04242424242424241,0.907363817812816,Orthogonal + Recon,2
REACTOME_ELASTIC_FIBRE_FORMATION,embedding_18,10,0.10342574744860528,0.776160788674452,0.04242424242424241,0.907363817812816,Orthogonal + Recon,2
REACTOME_ELASTIC_FIBRE_FORMATION,embedding_19,10,-0.15728345676598224,0.6643281755560717,0.09090909090909088,0.8027717312071619,Orthogonal + Recon,2
REACTOME_ELASTIC_FIBRE_FORMATION,embedding_20,10,0.3477446688384142,0.3248141087999711,0.06666666666666665,0.8548130882487426,Orthogonal + Recon,2
REACTOME_ELASTIC_FIBRE_FORMATION,embedding_21,10,0.44559918131828885,0.19682856743825428,0.2727272727272727,0.44583834154275137,Orthogonal + Recon,2
REACTOME_ELASTIC_FIBRE_FORMATION,embedding_22,10,0.41852609428774573,0.2286899921365506,0.04242424242424241,0.907363817812816,Orthogonal + Recon,2
REACTOME_ELASTIC_FIBRE_FORMATION,embedding_23,10,-0.1915532388521188,0.5960168072671219,-0.16363636363636364,0.6514773427962428,Orthogonal + Recon,2
REACTOME_ELASTIC_FIBRE_FORMATION,embedding_24,10,-0.2677286020055913,0.4545481232082676,0.09090909090909088,0.8027717312071619,Orthogonal + Recon,2
REACTOME_ELASTIC_FIBRE_FORMATION,embedding_25,10,-0.3888510974354131,0.26675668396834346,-0.10303030303030303,0.7769984634438898,Orthogonal + Recon,2
REACTOME_ELASTIC_FIBRE_FORMATION,embedding_26,10,0.23547703846863224,0.5125186027857691,0.1515151515151515,0.6760651759978538,Orthogonal + Recon,2
REACTOME_ELASTIC_FIBRE_FORMATION,embedding_27,10,-0.40505414600040196,0.24556645705629315,-0.09090909090909088,0.8027717312071619,Orthogonal + Recon,2
REACTOME_ELASTIC_FIBRE_FORMATION,embedding_28,10,0.46232543109184293,0.17851911236489762,0.2727272727272727,0.44583834154275137,Orthogonal + Recon,2
REACTOME_ELASTIC_FIBRE_FORMATION,embedding_29,10,0.3332721966218788,0.34668744100528204,0.10303030303030303,0.7769984634438898,Orthogonal + Recon,2
REACTOME_ELASTIC_FIBRE_FORMATION,embedding_30,10,0.11326785595890944,0.7553810057511738,0.09090909090909088,0.8027717312071619,Orthogonal + Recon,2
REACTOME_ELASTIC_FIBRE_FORMATION,embedding_31,10,0.355503343673437,0.313391091525705,0.10303030303030303,0.7769984634438898,Orthogonal + Recon,2
REACTOME_NON_INTEGRIN_MEMBRANE_ECM_INTERACTIONS,embedding_0,10,-0.02650807796864453,0.9420543080612368,-0.28484848484848485,0.42503815489214547,Orthogonal + Recon,2
REACTOME_NON_INTEGRIN_MEMBRANE_ECM_INTERACTIONS,embedding_1,10,-0.5115160474356738,0.13072979481947294,0.07878787878787878,0.8287173946974606,Orthogonal + Recon,2
REACTOME_NON_INTEGRIN_MEMBRANE_ECM_INTERACTIONS,embedding_2,10,-0.05126464055085224,0.8881528490772972,0.28484848484848485,0.42503815489214547,Orthogonal + Recon,2
REACTOME_NON_INTEGRIN_MEMBRANE_ECM_INTERACTIONS,embedding_3,10,0.683671975744116,0.029269840769506447,0.05454545454545454,0.8810361811618526,Orthogonal + Recon,2
REACTOME_NON_INTEGRIN_MEMBRANE_ECM_INTERACTIONS,embedding_4,10,0.7196909183959032,0.01894335442882831,0.7939393939393938,0.0060999233136969115,Orthogonal + Recon,2
REACTOME_NON_INTEGRIN_MEMBRANE_ECM_INTERACTIONS,embedding_5,10,-0.727003809050797,0.017209545108319093,-0.7696969696969697,0.009221952722215994,Orthogonal + Recon,2
REACTOME_NON_INTEGRIN_MEMBRANE_ECM_INTERACTIONS,embedding_6,10,-0.41302757593919626,0.2354963348845949,0.32121212121212117,0.3654683104386702,Orthogonal + Recon,2
REACTOME_NON_INTEGRIN_MEMBRANE_ECM_INTERACTIONS,embedding_7,10,-0.27878305194591674,0.4353893727464109,0.35757575757575755,0.3103760917056799,Orthogonal + Recon,2
REACTOME_NON_INTEGRIN_MEMBRANE_ECM_INTERACTIONS,embedding_8,10,0.6304063153268703,0.0507101037611427,0.7939393939393938,0.0060999233136969115,Orthogonal + Recon,2
REACTOME_NON_INTEGRIN_MEMBRANE_ECM_INTERACTIONS,embedding_9,10,-0.3775325783689163,0.2821322168943903,0.1515151515151515,0.6760651759978538,Orthogonal + Recon,2
REACTOME_NON_INTEGRIN_MEMBRANE_ECM_INTERACTIONS,embedding_10,10,-0.3020421278005085,0.39633195882160094,0.32121212121212117,0.3654683104386702,Orthogonal + Recon,2
REACTOME_NON_INTEGRIN_MEMBRANE_ECM_INTERACTIONS,embedding_11,10,-0.4859152956679799,0.15447859171981312,-0.22424242424242422,0.5334005612725947,Orthogonal + Recon,2
REACTOME_NON_INTEGRIN_MEMBRANE_ECM_INTERACTIONS,embedding_12,10,-0.13379907050235001,0.7124982029905119,0.309090909090909,0.3848412302612835,Orthogonal + Recon,2
REACTOME_NON_INTEGRIN_MEMBRANE_ECM_INTERACTIONS,embedding_13,10,-0.9073269087375199,0.00028817646294687106,-0.8060606060606059,0.004862061101964606,Orthogonal + Recon,2
REACTOME_NON_INTEGRIN_MEMBRANE_ECM_INTERACTIONS,embedding_14,10,0.8546519504630505,0.001632235214252943,0.8181818181818182,0.0038149200825507135,Orthogonal + Recon,2
REACTOME_NON_INTEGRIN_MEMBRANE_ECM_INTERACTIONS,embedding_15,10,-0.6879472546126827,0.02788012392561477,-0.6,0.06668799999999996,Orthogonal + Recon,2
REACTOME_NON_INTEGRIN_MEMBRANE_ECM_INTERACTIONS,embedding_16,10,0.15359909119541293,0.6718174993584436,0.406060606060606,0.24428229408662638,Orthogonal + Recon,2
REACTOME_NON_INTEGRIN_MEMBRANE_ECM_INTERACTIONS,embedding_17,10,-0.2561278534168806,0.4750513758999678,-0.5151515151515151,0.12755286970323426,Orthogonal + Recon,2
REACTOME_NON_INTEGRIN_MEMBRANE_ECM_INTERACTIONS,embedding_18,10,0.15261734767222293,0.6738175452775571,0.43030303030303024,0.21449233253280775,Orthogonal + Recon,2
REACTOME_NON_INTEGRIN_MEMBRANE_ECM_INTERACTIONS,embedding_19,10,-0.1743314052992364,0.6300300158897691,0.2727272727272727,0.44583834154275137,Orthogonal + Recon,2
REACTOME_NON_INTEGRIN_MEMBRANE_ECM_INTERACTIONS,embedding_20,10,0.6738750139505785,0.03263105828501476,0.38181818181818183,0.27625533338543595,Orthogonal + Recon,2
REACTOME_NON_INTEGRIN_MEMBRANE_ECM_INTERACTIONS,embedding_21,10,0.7027723520798553,0.023411027986256723,0.29696969696969694,0.4047016712701569,Orthogonal + Recon,2
REACTOME_NON_INTEGRIN_MEMBRANE_ECM_INTERACTIONS,embedding_22,10,0.7620634651946634,0.010402114717115258,0.4666666666666666,0.17393859716506632,Orthogonal + Recon,2
REACTOME_NON_INTEGRIN_MEMBRANE_ECM_INTERACTIONS,embedding_23,10,0.0273735833423387,0.9401651349215325,0.23636363636363633,0.5108853175152002,Orthogonal + Recon,2
REACTOME_NON_INTEGRIN_MEMBRANE_ECM_INTERACTIONS,embedding_24,10,-0.4269072507897568,0.2185328129371016,0.12727272727272726,0.7260570147627894,Orthogonal + Recon,2
REACTOME_NON_INTEGRIN_MEMBRANE_ECM_INTERACTIONS,embedding_25,10,-0.7986191501180322,0.0055982314520119925,-0.5878787878787878,0.07387770688865801,Orthogonal + Recon,2
REACTOME_NON_INTEGRIN_MEMBRANE_ECM_INTERACTIONS,embedding_26,10,0.1766576661220004,0.6253971641967171,-0.29696969696969694,0.4047016712701569,Orthogonal + Recon,2
REACTOME_NON_INTEGRIN_MEMBRANE_ECM_INTERACTIONS,embedding_27,10,-0.73689335640225,0.015044502326223804,-0.4545454545454545,0.186904810349332,Orthogonal + Recon,2
REACTOME_NON_INTEGRIN_MEMBRANE_ECM_INTERACTIONS,embedding_28,10,0.6739860889908569,0.032591548271213744,0.35757575757575755,0.3103760917056799,Orthogonal + Recon,2
REACTOME_NON_INTEGRIN_MEMBRANE_ECM_INTERACTIONS,embedding_29,10,0.5445290029802476,0.10363566725020681,0.11515151515151514,0.7514196523258483,Orthogonal + Recon,2
REACTOME_NON_INTEGRIN_MEMBRANE_ECM_INTERACTIONS,embedding_30,10,-0.1529328914850792,0.6731745058417908,-0.309090909090909,0.3848412302612835,Orthogonal + Recon,2
REACTOME_NON_INTEGRIN_MEMBRANE_ECM_INTERACTIONS,embedding_31,10,0.8024902920019693,0.0052060335933546,0.5878787878787878,0.07387770688865801,Orthogonal + Recon,2
REACTOME_COLLAGEN_FORMATION,embedding_0,10,0.2400477674878475,0.5041217861824088,0.28484848484848485,0.42503815489214547,Orthogonal + Recon,2
REACTOME_COLLAGEN_FORMATION,embedding_1,10,-0.05030403106014179,0.8902379654330667,-0.29696969696969694,0.4047016712701569,Orthogonal + Recon,2
REACTOME_COLLAGEN_FORMATION,embedding_2,10,-0.20490802003511135,0.5701145498973971,-0.28484848484848485,0.42503815489214547,Orthogonal + Recon,2
REACTOME_COLLAGEN_FORMATION,embedding_3,10,0.01919472932616228,0.9580269963121383,-0.01818181818181818,0.9602404181286243,Orthogonal + Recon,2
REACTOME_COLLAGEN_FORMATION,embedding_4,10,-0.16866952809623487,0.6413542687588301,-0.22424242424242422,0.5334005612725947,Orthogonal + Recon,2
REACTOME_COLLAGEN_FORMATION,embedding_5,10,0.1609044392151262,0.6569936585186557,0.17575757575757575,0.6271883447764844,Orthogonal + Recon,2
REACTOME_COLLAGEN_FORMATION,embedding_6,10,-0.12330565155140702,0.7343326787446384,-0.34545454545454546,0.32822651147136733,Orthogonal + Recon,2
REACTOME_COLLAGEN_FORMATION,embedding_7,10,-0.10410945487204018,0.7747129734034187,-0.33333333333333326,0.34659350708733405,Orthogonal + Recon,2
REACTOME_COLLAGEN_FORMATION,embedding_8,10,-0.22238656698486842,0.536882669662155,-0.22424242424242422,0.5334005612725947,Orthogonal + Recon,2
REACTOME_COLLAGEN_FORMATION,embedding_9,10,-0.13398012081252872,0.7121230750527665,-0.16363636363636364,0.6514773427962428,Orthogonal + Recon,2
REACTOME_COLLAGEN_FORMATION,embedding_10,10,-0.08208514140935046,0.821643748112549,-0.22424242424242422,0.5334005612725947,Orthogonal + Recon,2
REACTOME_COLLAGEN_FORMATION,embedding_11,10,0.12530488205632664,0.7301589764628172,0.01818181818181818,0.9602404181286243,Orthogonal + Recon,2
REACTOME_COLLAGEN_FORMATION,embedding_12,10,-0.14167421928242122,0.6962335229530433,-0.23636363636363633,0.5108853175152002,Orthogonal + Recon,2
REACTOME_COLLAGEN_FORMATION,embedding_13,10,0.11442459693116674,0.7529477540920427,0.04242424242424241,0.907363817812816,Orthogonal + Recon,2
REACTOME_COLLAGEN_FORMATION,embedding_14,10,-0.17173234886458177,0.6352199143227096,-0.05454545454545454,0.8810361811618526,Orthogonal + Recon,2
REACTOME_COLLAGEN_FORMATION,embedding_15,10,0.20758643606648824,0.5649718618815569,0.09090909090909088,0.8027717312071619,Orthogonal + Recon,2
REACTOME_COLLAGEN_FORMATION,embedding_16,10,-0.1485042674161608,0.6822167690990388,-0.22424242424242422,0.5334005612725947,Orthogonal + Recon,2
REACTOME_COLLAGEN_FORMATION,embedding_17,10,0.2279198273986471,0.5265277878273213,0.23636363636363633,0.5108853175152002,Orthogonal + Recon,2
REACTOME_COLLAGEN_FORMATION,embedding_18,10,0.13482511891897447,0.7103730140527338,0.35757575757575755,0.3103760917056799,Orthogonal + Recon,2
REACTOME_COLLAGEN_FORMATION,embedding_19,10,-0.06273952734401181,0.8632962306699776,-0.10303030303030303,0.7769984634438898,Orthogonal + Recon,2
REACTOME_COLLAGEN_FORMATION,embedding_20,10,-0.04824092746397881,0.894718209592948,-0.0303030303030303,0.9337729580941466,Orthogonal + Recon,2
REACTOME_COLLAGEN_FORMATION,embedding_21,10,-0.0007822849050382096,0.9982887528174603,-0.05454545454545454,0.8810361811618526,Orthogonal + Recon,2
REACTOME_COLLAGEN_FORMATION,embedding_22,10,-0.04258515732147248,0.9070137208618108,0.05454545454545454,0.8810361811618526,Orthogonal + Recon,2
REACTOME_COLLAGEN_FORMATION,embedding_23,10,-0.23734161438837714,0.5090862138706127,-0.34545454545454546,0.32822651147136733,Orthogonal + Recon,2
REACTOME_COLLAGEN_FORMATION,embedding_24,10,-0.009360717619209008,0.9795252243328316,0.06666666666666665,0.8548130882487426,Orthogonal + Recon,2
REACTOME_COLLAGEN_FORMATION,embedding_25,10,0.07555796119699208,0.8356573338435547,0.09090909090909088,0.8027717312071619,Orthogonal + Recon,2
REACTOME_COLLAGEN_FORMATION,embedding_26,10,0.1386921114832069,0.7023798009529285,0.29696969696969694,0.4047016712701569,Orthogonal + Recon,2
REACTOME_COLLAGEN_FORMATION,embedding_27,10,0.019383524653254543,0.9576144673501393,-0.23636363636363633,0.5108853175152002,Orthogonal + Recon,2
REACTOME_COLLAGEN_FORMATION,embedding_28,10,0.07694651680382818,0.8326725455508235,0.33333333333333326,0.34659350708733405,Orthogonal + Recon,2
REACTOME_COLLAGEN_FORMATION,embedding_29,10,0.022106500797320492,0.9516656549905704,-0.11515151515151514,0.7514196523258483,Orthogonal + Recon,2
REACTOME_COLLAGEN_FORMATION,embedding_30,10,0.2017452619990566,0.5762099830252937,0.23636363636363633,0.5108853175152002,Orthogonal + Recon,2
REACTOME_COLLAGEN_FORMATION,embedding_31,10,-0.12615586594510644,0.7283843430733817,-0.09090909090909088,0.8027717312071619,Orthogonal + Recon,2
REACTOME_COLLAGEN_DEGRADATION,embedding_0,10,0.18505483370054024,0.6087727825092542,0.28484848484848485,0.42503815489214547,Orthogonal + Recon,2
REACTOME_COLLAGEN_DEGRADATION,embedding_1,10,0.14144737048660752,0.6967005158785904,0.19999999999999998,0.5795840000000001,Orthogonal + Recon,2
REACTOME_COLLAGEN_DEGRADATION,embedding_2,10,-0.15756572565266624,0.6637554909366907,-0.28484848484848485,0.42503815489214547,Orthogonal + Recon,2
REACTOME_COLLAGEN_DEGRADATION,embedding_3,10,-0.21187505716976132,0.5567748521938511,-0.41818181818181815,0.22911284098281892,Orthogonal + Recon,2
REACTOME_COLLAGEN_DEGRADATION,embedding_4,10,-0.35560456669040874,0.3132434741596429,-0.5151515151515151,0.12755286970323426,Orthogonal + Recon,2
REACTOME_COLLAGEN_DEGRADATION,embedding_5,10,0.5054325960970986,0.1361542064478204,0.6121212121212121,0.05997214247725524,Orthogonal + Recon,2
REACTOME_COLLAGEN_DEGRADATION,embedding_6,10,0.04778781100834324,0.8957025623579108,-0.05454545454545454,0.8810361811618526,Orthogonal + Recon,2
REACTOME_COLLAGEN_DEGRADATION,embedding_7,10,0.005825984927589392,0.9872560905318251,-0.09090909090909088,0.8027717312071619,Orthogonal + Recon,2
REACTOME_COLLAGEN_DEGRADATION,embedding_8,10,-0.3870668808333574,0.2691492668573794,-0.5151515151515151,0.12755286970323426,Orthogonal + Recon,2
REACTOME_COLLAGEN_DEGRADATION,embedding_9,10,-0.13743886607396577,0.7049674691890506,-0.3939393939393939,0.25999776683488757,Orthogonal + Recon,2
REACTOME_COLLAGEN_DEGRADATION,embedding_10,10,-0.09051782987846634,0.8036066590516506,-0.4666666666666666,0.17393859716506632,Orthogonal + Recon,2
REACTOME_COLLAGEN_DEGRADATION,embedding_11,10,0.30408063816009556,0.3929920170179296,0.406060606060606,0.24428229408662638,Orthogonal + Recon,2
REACTOME_COLLAGEN_DEGRADATION,embedding_12,10,-0.046585059381615015,0.8983160453402919,-0.16363636363636364,0.6514773427962428,Orthogonal + Recon,2
REACTOME_COLLAGEN_DEGRADATION,embedding_13,10,0.27604767369898875,0.44009510746006464,0.4787878787878787,0.1615229280174558,Orthogonal + Recon,2
REACTOME_COLLAGEN_DEGRADATION,embedding_14,10,-0.3789989915140492,0.28011376898794177,-0.49090909090909085,0.14965567342083677,Orthogonal + Recon,2
REACTOME_COLLAGEN_DEGRADATION,embedding_15,10,0.37766207710345473,0.2819536525241963,0.4424242424242424,0.20042268671194224,Orthogonal + Recon,2
REACTOME_COLLAGEN_DEGRADATION,embedding_16,10,-0.16921821129710285,0.6402538911589231,-0.38181818181818183,0.27625533338543595,Orthogonal + Recon,2
REACTOME_COLLAGEN_DEGRADATION,embedding_17,10,0.19101459794042183,0.5970704210560784,0.22424242424242422,0.5334005612725947,Orthogonal + Recon,2
REACTOME_COLLAGEN_DEGRADATION,embedding_18,10,-0.21178357623389593,0.5569492190168704,-0.23636363636363633,0.5108853175152002,Orthogonal + Recon,2
REACTOME_COLLAGEN_DEGRADATION,embedding_19,10,-0.02036936436900143,0.9554604984389834,-0.10303030303030303,0.7769984634438898,Orthogonal + Recon,2
REACTOME_COLLAGEN_DEGRADATION,embedding_20,10,-0.17646827038739646,0.6257739156707492,-0.309090909090909,0.3848412302612835,Orthogonal + Recon,2
REACTOME_COLLAGEN_DEGRADATION,embedding_21,10,0.004171465806653526,0.9908750773329883,0.09090909090909088,0.8027717312071619,Orthogonal + Recon,2
REACTOME_COLLAGEN_DEGRADATION,embedding_22,10,-0.21337203467363708,0.5539245665216443,-0.32121212121212117,0.3654683104386702,Orthogonal + Recon,2
REACTOME_COLLAGEN_DEGRADATION,embedding_23,10,-0.1412288412882982,0.6971504687748211,-0.06666666666666665,0.8548130882487426,Orthogonal + Recon,2
REACTOME_COLLAGEN_DEGRADATION,embedding_24,10,0.07595238712660907,0.8348092966158095,0.07878787878787878,0.8287173946974606,Orthogonal + Recon,2
REACTOME_COLLAGEN_DEGRADATION,embedding_25,10,0.3291777364123385,0.3530077483437982,0.5030303030303029,0.13833369839449197,Orthogonal + Recon,2
REACTOME_COLLAGEN_DEGRADATION,embedding_26,10,0.024370415093696123,0.9467213675917991,0.09090909090909088,0.8027717312071619,Orthogonal + Recon,2
REACTOME_COLLAGEN_DEGRADATION,embedding_27,10,0.35605936395137283,0.3125806764363164,0.4666666666666666,0.17393859716506632,Orthogonal + Recon,2
REACTOME_COLLAGEN_DEGRADATION,embedding_28,10,-0.11140001386505305,0.7593141716831721,-0.28484848484848485,0.42503815489214547,Orthogonal + Recon,2
REACTOME_COLLAGEN_DEGRADATION,embedding_29,10,-0.04623148312558187,0.8990845067423947,-0.07878787878787878,0.8287173946974606,Orthogonal + Recon,2
REACTOME_COLLAGEN_DEGRADATION,embedding_30,10,0.14382831958286044,0.6918036711171329,0.16363636363636364,0.6514773427962428,Orthogonal + Recon,2
REACTOME_COLLAGEN_DEGRADATION,embedding_31,10,-0.2988271221916725,0.40162712438276044,-0.5030303030303029,0.13833369839449197,Orthogonal + Recon,2
REACTOME_DEGRADATION_OF_THE_EXTRACELLULAR_MATRIX,embedding_0,10,0.24587863537148105,0.49349494696405344,0.3696969696969697,0.2930500752928223,Orthogonal + Recon,2
REACTOME_DEGRADATION_OF_THE_EXTRACELLULAR_MATRIX,embedding_1,10,0.01271894281465101,0.9721818130741475,0.18787878787878787,0.603217610029209,Orthogonal + Recon,2
REACTOME_DEGRADATION_OF_THE_EXTRACELLULAR_MATRIX,embedding_2,10,-0.21532929903225032,0.5502065117512172,-0.3696969696969697,0.2930500752928223,Orthogonal + Recon,2
REACTOME_DEGRADATION_OF_THE_EXTRACELLULAR_MATRIX,embedding_3,10,-0.03208095540640675,0.9298950908571042,-0.309090909090909,0.3848412302612835,Orthogonal + Recon,2
REACTOME_DEGRADATION_OF_THE_EXTRACELLULAR_MATRIX,embedding_4,10,-0.20762129973993707,0.5649050395332625,-0.309090909090909,0.3848412302612835,Orthogonal + Recon,2
REACTOME_DEGRADATION_OF_THE_EXTRACELLULAR_MATRIX,embedding_5,10,0.3693649837195967,0.2935175677800883,0.38181818181818183,0.27625533338543595,Orthogonal + Recon,2
REACTOME_DEGRADATION_OF_THE_EXTRACELLULAR_MATRIX,embedding_6,10,-0.08201216821248458,0.8218001747788424,-0.07878787878787878,0.8287173946974606,Orthogonal + Recon,2
REACTOME_DEGRADATION_OF_THE_EXTRACELLULAR_MATRIX,embedding_7,10,-0.08388024892823773,0.8177975174102836,-0.04242424242424241,0.907363817812816,Orthogonal + Recon,2
REACTOME_DEGRADATION_OF_THE_EXTRACELLULAR_MATRIX,embedding_8,10,-0.26724545021988344,0.4553940020520364,-0.309090909090909,0.3848412302612835,Orthogonal + Recon,2
REACTOME_DEGRADATION_OF_THE_EXTRACELLULAR_MATRIX,embedding_9,10,-0.314293242780352,0.37646616102239105,-0.6121212121212121,0.05997214247725524,Orthogonal + Recon,2
REACTOME_DEGRADATION_OF_THE_EXTRACELLULAR_MATRIX,embedding_10,10,-0.21354250586591245,0.553600346757887,-0.4424242424242424,0.20042268671194224,Orthogonal + Recon,2
REACTOME_DEGRADATION_OF_THE_EXTRACELLULAR_MATRIX,embedding_11,10,0.0834514123260556,0.8187160354107043,0.05454545454545454,0.8810361811618526,Orthogonal + Recon,2
REACTOME_DEGRADATION_OF_THE_EXTRACELLULAR_MATRIX,embedding_12,10,-0.1154915538486169,0.7507051016673274,-0.2121212121212121,0.5563057751029299,Orthogonal + Recon,2
REACTOME_DEGRADATION_OF_THE_EXTRACELLULAR_MATRIX,embedding_13,10,0.050346948936052134,0.8901447940931098,0.12727272727272726,0.7260570147627894,Orthogonal + Recon,2
REACTOME_DEGRADATION_OF_THE_EXTRACELLULAR_MATRIX,embedding_14,10,-0.17037194738347616,0.6379421474353194,-0.16363636363636364,0.6514773427962428,Orthogonal + Recon,2
REACTOME_DEGRADATION_OF_THE_EXTRACELLULAR_MATRIX,embedding_15,10,0.24372057198190117,0.49741684961921057,0.1515151515151515,0.6760651759978538,Orthogonal + Recon,2
REACTOME_DEGRADATION_OF_THE_EXTRACELLULAR_MATRIX,embedding_16,10,-0.17112779593829344,0.6364291722982056,-0.3939393939393939,0.25999776683488757,Orthogonal + Recon,2
REACTOME_DEGRADATION_OF_THE_EXTRACELLULAR_MATRIX,embedding_17,10,0.14281110285644869,0.6938945113358386,0.17575757575757575,0.6271883447764844,Orthogonal + Recon,2
REACTOME_DEGRADATION_OF_THE_EXTRACELLULAR_MATRIX,embedding_18,10,-0.18077602763479622,0.6172242283064759,-0.06666666666666665,0.8548130882487426,Orthogonal + Recon,2
REACTOME_DEGRADATION_OF_THE_EXTRACELLULAR_MATRIX,embedding_19,10,-0.09687880441108113,0.7900554378544793,-0.06666666666666665,0.8548130882487426,Orthogonal + Recon,2
REACTOME_DEGRADATION_OF_THE_EXTRACELLULAR_MATRIX,embedding_20,10,0.025962189477234998,0.9432459750466695,-0.0303030303030303,0.9337729580941466,Orthogonal + Recon,2
REACTOME_DEGRADATION_OF_THE_EXTRACELLULAR_MATRIX,embedding_21,10,0.28337808599688724,0.42753692313069847,0.4666666666666666,0.17393859716506632,Orthogonal + Recon,2
REACTOME_DEGRADATION_OF_THE_EXTRACELLULAR_MATRIX,embedding_22,10,0.001019014462551416,0.9977709081778372,-0.01818181818181818,0.9602404181286243,Orthogonal + Recon,2
REACTOME_DEGRADATION_OF_THE_EXTRACELLULAR_MATRIX,embedding_23,10,-0.13573708965412642,0.7084856140347335,-0.18787878787878787,0.603217610029209,Orthogonal + Recon,2
REACTOME_DEGRADATION_OF_THE_EXTRACELLULAR_MATRIX,embedding_24,10,-0.084751277955044,0.8159324903514467,-0.04242424242424241,0.907363817812816,Orthogonal + Recon,2
REACTOME_DEGRADATION_OF_THE_EXTRACELLULAR_MATRIX,embedding_25,10,0.13948167801552164,0.7007509353503427,0.18787878787878787,0.603217610029209,Orthogonal + Recon,2
REACTOME_DEGRADATION_OF_THE_EXTRACELLULAR_MATRIX,embedding_26,10,0.11284910727543154,0.7562623395047794,0.16363636363636364,0.6514773427962428,Orthogonal + Recon,2
REACTOME_DEGRADATION_OF_THE_EXTRACELLULAR_MATRIX,embedding_27,10,0.22055602916864198,0.540326170138862,0.309090909090909,0.3848412302612835,Orthogonal + Recon,2
REACTOME_DEGRADATION_OF_THE_EXTRACELLULAR_MATRIX,embedding_28,10,0.08494827258733716,0.8155108050799124,0.09090909090909088,0.8027717312071619,Orthogonal + Recon,2
REACTOME_DEGRADATION_OF_THE_EXTRACELLULAR_MATRIX,embedding_29,10,0.11709990406467329,0.7473276661541148,0.04242424242424241,0.907363817812816,Orthogonal + Recon,2
REACTOME_DEGRADATION_OF_THE_EXTRACELLULAR_MATRIX,embedding_30,10,0.12363889937960178,0.7336365341925715,0.2121212121212121,0.5563057751029299,Orthogonal + Recon,2
REACTOME_DEGRADATION_OF_THE_EXTRACELLULAR_MATRIX,embedding_31,10,-0.07734155389871712,0.8318237383854393,-0.18787878787878787,0.603217610029209,Orthogonal + Recon,2
REACTOME_INTEGRIN_CELL_SURFACE_INTERACTIONS,embedding_0,10,0.08045170390581988,0.825146559810948,0.06666666666666665,0.8548130882487426,Orthogonal + Recon,2
REACTOME_INTEGRIN_CELL_SURFACE_INTERACTIONS,embedding_1,10,-0.1456096182927645,0.6881468168595167,0.19999999999999998,0.5795840000000001,Orthogonal + Recon,2
REACTOME_INTEGRIN_CELL_SURFACE_INTERACTIONS,embedding_2,10,-0.0815422734458928,0.8228075849478251,-0.06666666666666665,0.8548130882487426,Orthogonal + Recon,2
REACTOME_INTEGRIN_CELL_SURFACE_INTERACTIONS,embedding_3,10,0.22608743850366847,0.5299478603566727,-0.33333333333333326,0.34659350708733405,Orthogonal + Recon,2
REACTOME_INTEGRIN_CELL_SURFACE_INTERACTIONS,embedding_4,10,0.24069257146622292,0.5029419119781146,0.2121212121212121,0.5563057751029299,Orthogonal + Recon,2
REACTOME_INTEGRIN_CELL_SURFACE_INTERACTIONS,embedding_5,10,-0.1567578749021974,0.6653949252739149,-0.2121212121212121,0.5563057751029299,Orthogonal + Recon,2
REACTOME_INTEGRIN_CELL_SURFACE_INTERACTIONS,embedding_6,10,-0.17128585552280445,0.6361129385784501,0.07878787878787878,0.8287173946974606,Orthogonal + Recon,2
REACTOME_INTEGRIN_CELL_SURFACE_INTERACTIONS,embedding_7,10,-0.08546170504925027,0.8144119559600324,0.10303030303030303,0.7769984634438898,Orthogonal + Recon,2
REACTOME_INTEGRIN_CELL_SURFACE_INTERACTIONS,embedding_8,10,0.13692966409942756,0.7060196365114235,0.2121212121212121,0.5563057751029299,Orthogonal + Recon,2
REACTOME_INTEGRIN_CELL_SURFACE_INTERACTIONS,embedding_9,10,-0.2843206418326632,0.4259343773797071,-0.22424242424242422,0.5334005612725947,Orthogonal + Recon,2
REACTOME_INTEGRIN_CELL_SURFACE_INTERACTIONS,embedding_10,10,-0.15553633975487224,0.6678763059788634,-0.10303030303030303,0.7769984634438898,Orthogonal + Recon,2
REACTOME_INTEGRIN_CELL_SURFACE_INTERACTIONS,embedding_11,10,0.027476326058057006,0.9399408919718649,0.18787878787878787,0.603217610029209,Orthogonal + Recon,2
REACTOME_INTEGRIN_CELL_SURFACE_INTERACTIONS,embedding_12,10,-0.04631268364206593,0.8989080191206834,0.0303030303030303,0.9337729580941466,Orthogonal + Recon,2
REACTOME_INTEGRIN_CELL_SURFACE_INTERACTIONS,embedding_13,10,-0.3595578513606016,0.307506835348615,-0.28484848484848485,0.42503815489214547,Orthogonal + Recon,2
REACTOME_INTEGRIN_CELL_SURFACE_INTERACTIONS,embedding_14,10,0.2596896378316594,0.46871364221545064,0.22424242424242422,0.5334005612725947,Orthogonal + Recon,2
REACTOME_INTEGRIN_CELL_SURFACE_INTERACTIONS,embedding_15,10,-0.1050809740740431,0.7726567653440459,-0.06666666666666665,0.8548130882487426,Orthogonal + Recon,2
REACTOME_INTEGRIN_CELL_SURFACE_INTERACTIONS,embedding_16,10,0.050871518728161674,0.8890060924153392,0.05454545454545454,0.8810361811618526,Orthogonal + Recon,2
REACTOME_INTEGRIN_CELL_SURFACE_INTERACTIONS,embedding_17,10,-0.08407743201307741,0.8173752411705129,-0.18787878787878787,0.603217610029209,Orthogonal + Recon,2
REACTOME_INTEGRIN_CELL_SURFACE_INTERACTIONS,embedding_18,10,0.024388735366451808,0.9466813634111237,0.19999999999999998,0.5795840000000001,Orthogonal + Recon,2
REACTOME_INTEGRIN_CELL_SURFACE_INTERACTIONS,embedding_19,10,-0.0006571262668425212,0.9985625369120003,0.16363636363636364,0.6514773427962428,Orthogonal + Recon,2
REACTOME_INTEGRIN_CELL_SURFACE_INTERACTIONS,embedding_20,10,0.20704171160104265,0.5660163154737913,-0.10303030303030303,0.7769984634438898,Orthogonal + Recon,2
REACTOME_INTEGRIN_CELL_SURFACE_INTERACTIONS,embedding_21,10,0.3878920114292862,0.2680413366541786,0.19999999999999998,0.5795840000000001,Orthogonal + Recon,2
REACTOME_INTEGRIN_CELL_SURFACE_INTERACTIONS,embedding_22,10,0.26367497004860374,0.4616668550700887,-0.0303030303030303,0.9337729580941466,Orthogonal + Recon,2
REACTOME_INTEGRIN_CELL_SURFACE_INTERACTIONS,embedding_23,10,-0.04890009280671664,0.8932864664107817,-0.006060606060606061,0.9867429111949892,Orthogonal + Recon,2
REACTOME_INTEGRIN_CELL_SURFACE_INTERACTIONS,embedding_24,10,-0.1089719729418587,0.7644343889791785,0.28484848484848485,0.42503815489214547,Orthogonal + Recon,2
REACTOME_INTEGRIN_CELL_SURFACE_INTERACTIONS,embedding_25,10,-0.20731373460917643,0.5654946466717816,0.04242424242424241,0.907363817812816,Orthogonal + Recon,2
REACTOME_INTEGRIN_CELL_SURFACE_INTERACTIONS,embedding_26,10,0.047629505043860175,0.8960464974131138,-0.04242424242424241,0.907363817812816,Orthogonal + Recon,2
REACTOME_INTEGRIN_CELL_SURFACE_INTERACTIONS,embedding_27,10,-0.18097935936121143,0.6168216835060596,-0.006060606060606061,0.9867429111949892,Orthogonal + Recon,2
REACTOME_INTEGRIN_CELL_SURFACE_INTERACTIONS,embedding_28,10,0.2822094425071228,0.42952774632381374,0.0303030303030303,0.9337729580941466,Orthogonal + Recon,2
REACTOME_INTEGRIN_CELL_SURFACE_INTERACTIONS,embedding_29,10,0.19398174209693603,0.5912749388341031,-0.23636363636363633,0.5108853175152002,Orthogonal + Recon,2
REACTOME_INTEGRIN_CELL_SURFACE_INTERACTIONS,embedding_30,10,-0.03884385977935936,0.9151571487271946,-0.0303030303030303,0.9337729580941466,Orthogonal + Recon,2
REACTOME_INTEGRIN_CELL_SURFACE_INTERACTIONS,embedding_31,10,0.21896165742816445,0.5433325642365293,-0.04242424242424241,0.907363817812816,Orthogonal + Recon,2
REACTOME_EXTRACELLULAR_MATRIX_ORGANIZATION,embedding_0,10,0.16572150969701077,0.6472772094921335,0.06666666666666665,0.8548130882487426,Orthogonal + Recon,2
REACTOME_EXTRACELLULAR_MATRIX_ORGANIZATION,embedding_1,10,-0.27046369655224206,0.44977300494504047,0.23636363636363633,0.5108853175152002,Orthogonal + Recon,2
REACTOME_EXTRACELLULAR_MATRIX_ORGANIZATION,embedding_2,10,-0.18636280349360523,0.6061975351215586,-0.06666666666666665,0.8548130882487426,Orthogonal + Recon,2
REACTOME_EXTRACELLULAR_MATRIX_ORGANIZATION,embedding_3,10,0.3469816234193669,0.3259490338821789,-0.2727272727272727,0.44583834154275137,Orthogonal + Recon,2
REACTOME_EXTRACELLULAR_MATRIX_ORGANIZATION,embedding_4,10,0.23312091058065715,0.5168695641074685,0.18787878787878787,0.603217610029209,Orthogonal + Recon,2
REACTOME_EXTRACELLULAR_MATRIX_ORGANIZATION,embedding_5,10,-0.12290334126948302,0.7351733248484085,-0.13939393939393938,0.7009318849100584,Orthogonal + Recon,2
REACTOME_EXTRACELLULAR_MATRIX_ORGANIZATION,embedding_6,10,-0.2789862272332261,0.43504077281754855,0.1515151515151515,0.6760651759978538,Orthogonal + Recon,2
REACTOME_EXTRACELLULAR_MATRIX_ORGANIZATION,embedding_7,10,-0.20881936254460737,0.5626105875713957,0.19999999999999998,0.5795840000000001,Orthogonal + Recon,2
REACTOME_EXTRACELLULAR_MATRIX_ORGANIZATION,embedding_8,10,0.14296931328728907,0.6935691948458234,0.18787878787878787,0.603217610029209,Orthogonal + Recon,2
REACTOME_EXTRACELLULAR_MATRIX_ORGANIZATION,embedding_9,10,-0.41205817731091543,0.2367080035629608,-0.35757575757575755,0.3103760917056799,Orthogonal + Recon,2
REACTOME_EXTRACELLULAR_MATRIX_ORGANIZATION,embedding_10,10,-0.30848771919997986,0.3858181134658783,-0.13939393939393938,0.7009318849100584,Orthogonal + Recon,2
REACTOME_EXTRACELLULAR_MATRIX_ORGANIZATION,embedding_11,10,-0.15698052936917495,0.6649429474692206,0.01818181818181818,0.9602404181286243,Orthogonal + Recon,2
REACTOME_EXTRACELLULAR_MATRIX_ORGANIZATION,embedding_12,10,-0.15654459538298826,0.665827963392955,0.07878787878787878,0.8287173946974606,Orthogonal + Recon,2
REACTOME_EXTRACELLULAR_MATRIX_ORGANIZATION,embedding_13,10,-0.44330167274866106,0.19942562496610372,-0.33333333333333326,0.34659350708733405,Orthogonal + Recon,2
REACTOME_EXTRACELLULAR_MATRIX_ORGANIZATION,embedding_14,10,0.3267105546806348,0.3568439758126782,0.24848484848484845,0.48877630451924314,Orthogonal + Recon,2
REACTOME_EXTRACELLULAR_MATRIX_ORGANIZATION,embedding_15,10,-0.21687954655925873,0.5472686176646723,-0.22424242424242422,0.5334005612725947,Orthogonal + Recon,2
REACTOME_EXTRACELLULAR_MATRIX_ORGANIZATION,embedding_16,10,-0.048527939374828785,0.8940947701468478,0.006060606060606061,0.9867429111949892,Orthogonal + Recon,2
REACTOME_EXTRACELLULAR_MATRIX_ORGANIZATION,embedding_17,10,-0.027524606704053836,0.9398355174973285,-0.2121212121212121,0.5563057751029299,Orthogonal + Recon,2
REACTOME_EXTRACELLULAR_MATRIX_ORGANIZATION,embedding_18,10,-0.0012854180326700437,0.9971881526995513,0.11515151515151514,0.7514196523258483,Orthogonal + Recon,2
REACTOME_EXTRACELLULAR_MATRIX_ORGANIZATION,embedding_19,10,-0.17192306347665542,0.6348385979922948,0.23636363636363633,0.5108853175152002,Orthogonal + Recon,2
REACTOME_EXTRACELLULAR_MATRIX_ORGANIZATION,embedding_20,10,0.3575048150096141,0.3104790475096712,0.09090909090909088,0.8027717312071619,Orthogonal + Recon,2
REACTOME_EXTRACELLULAR_MATRIX_ORGANIZATION,embedding_21,10,0.5757272181960811,0.0815726555876204,0.5272727272727272,0.11730806555020223,Orthogonal + Recon,2
REACTOME_EXTRACELLULAR_MATRIX_ORGANIZATION,embedding_22,10,0.39332494586595035,0.2608088888356795,0.11515151515151514,0.7514196523258483,Orthogonal + Recon,2
REACTOME_EXTRACELLULAR_MATRIX_ORGANIZATION,embedding_23,10,-0.07163807006554117,0.8440934773037426,0.05454545454545454,0.8810361811618526,Orthogonal + Recon,2
REACTOME_EXTRACELLULAR_MATRIX_ORGANIZATION,embedding_24,10,-0.2544506752773245,0.4780486144302925,0.23636363636363633,0.5108853175152002,Orthogonal + Recon,2
REACTOME_EXTRACELLULAR_MATRIX_ORGANIZATION,embedding_25,10,-0.323221385228289,0.36230482920645185,-0.10303030303030303,0.7769984634438898,Orthogonal + Recon,2
REACTOME_EXTRACELLULAR_MATRIX_ORGANIZATION,embedding_26,10,0.1803377043644149,0.6180923083394221,-0.09090909090909088,0.8027717312071619,Orthogonal + Recon,2
REACTOME_EXTRACELLULAR_MATRIX_ORGANIZATION,embedding_27,10,-0.23567328949728503,0.5121568833235,0.13939393939393938,0.7009318849100584,Orthogonal + Recon,2
REACTOME_EXTRACELLULAR_MATRIX_ORGANIZATION,embedding_28,10,0.42045236338386904,0.2263322728354376,0.12727272727272726,0.7260570147627894,Orthogonal + Recon,2
REACTOME_EXTRACELLULAR_MATRIX_ORGANIZATION,embedding_29,10,0.36789582015569244,0.295591180537925,0.006060606060606061,0.9867429111949892,Orthogonal + Recon,2
REACTOME_EXTRACELLULAR_MATRIX_ORGANIZATION,embedding_30,10,0.009863726521132751,0.9784251973961575,-0.07878787878787878,0.8287173946974606,Orthogonal + Recon,2
REACTOME_EXTRACELLULAR_MATRIX_ORGANIZATION,embedding_31,10,0.3662993530448779,0.2978533061774455,0.10303030303030303,0.7769984634438898,Orthogonal + Recon,2
REACTOME_ASSEMBLY_OF_COLLAGEN_FIBRILS_AND_OTHER_MULTIMERIC_STRUCTURES,embedding_0,10,0.16571542497078903,0.6472894530608977,0.2606060606060606,0.4670890543863402,Orthogonal + Recon,2
REACTOME_ASSEMBLY_OF_COLLAGEN_FIBRILS_AND_OTHER_MULTIMERIC_STRUCTURES,embedding_1,10,0.05537676511343935,0.8792341193569105,0.18787878787878787,0.603217610029209,Orthogonal + Recon,2
REACTOME_ASSEMBLY_OF_COLLAGEN_FIBRILS_AND_OTHER_MULTIMERIC_STRUCTURES,embedding_2,10,-0.12083692949528584,0.7394951629196275,-0.2606060606060606,0.4670890543863402,Orthogonal + Recon,2
REACTOME_ASSEMBLY_OF_COLLAGEN_FIBRILS_AND_OTHER_MULTIMERIC_STRUCTURES,embedding_3,10,-0.06136730764383549,0.8662634176039078,-0.4424242424242424,0.20042268671194224,Orthogonal + Recon,2
REACTOME_ASSEMBLY_OF_COLLAGEN_FIBRILS_AND_OTHER_MULTIMERIC_STRUCTURES,embedding_4,10,-0.11649059950278,0.7486067155440546,-0.1515151515151515,0.6760651759978538,Orthogonal + Recon,2
REACTOME_ASSEMBLY_OF_COLLAGEN_FIBRILS_AND_OTHER_MULTIMERIC_STRUCTURES,embedding_5,10,0.1981765307908246,0.583117081137458,0.17575757575757575,0.6271883447764844,Orthogonal + Recon,2
REACTOME_ASSEMBLY_OF_COLLAGEN_FIBRILS_AND_OTHER_MULTIMERIC_STRUCTURES,embedding_6,10,-0.032617961043579814,0.928724075177808,-0.11515151515151514,0.7514196523258483,Orthogonal + Recon,2
REACTOME_ASSEMBLY_OF_COLLAGEN_FIBRILS_AND_OTHER_MULTIMERIC_STRUCTURES,embedding_7,10,-0.007628788835002891,0.9833129956033142,-0.09090909090909088,0.8027717312071619,Orthogonal + Recon,2
REACTOME_ASSEMBLY_OF_COLLAGEN_FIBRILS_AND_OTHER_MULTIMERIC_STRUCTURES,embedding_8,10,-0.18983492425777526,0.5993802899186127,-0.1515151515151515,0.6760651759978538,Orthogonal + Recon,2
REACTOME_ASSEMBLY_OF_COLLAGEN_FIBRILS_AND_OTHER_MULTIMERIC_STRUCTURES,embedding_9,10,-0.14387886491442836,0.6916998263662495,-0.309090909090909,0.3848412302612835,Orthogonal + Recon,2
REACTOME_ASSEMBLY_OF_COLLAGEN_FIBRILS_AND_OTHER_MULTIMERIC_STRUCTURES,embedding_10,10,-0.04292445451807001,0.9062755710644644,-0.23636363636363633,0.5108853175152002,Orthogonal + Recon,2
REACTOME_ASSEMBLY_OF_COLLAGEN_FIBRILS_AND_OTHER_MULTIMERIC_STRUCTURES,embedding_11,10,0.21132715793048282,0.5578194899848888,0.309090909090909,0.3848412302612835,Orthogonal + Recon,2
REACTOME_ASSEMBLY_OF_COLLAGEN_FIBRILS_AND_OTHER_MULTIMERIC_STRUCTURES,embedding_12,10,-0.03333112909992578,0.927169103560751,-0.16363636363636364,0.6514773427962428,Orthogonal + Recon,2
REACTOME_ASSEMBLY_OF_COLLAGEN_FIBRILS_AND_OTHER_MULTIMERIC_STRUCTURES,embedding_13,10,0.06700165422397394,0.8540900788169761,0.10303030303030303,0.7769984634438898,Orthogonal + Recon,2
REACTOME_ASSEMBLY_OF_COLLAGEN_FIBRILS_AND_OTHER_MULTIMERIC_STRUCTURES,embedding_14,10,-0.1421030367321216,0.6953510067079149,-0.11515151515151514,0.7514196523258483,Orthogonal + Recon,2
REACTOME_ASSEMBLY_OF_COLLAGEN_FIBRILS_AND_OTHER_MULTIMERIC_STRUCTURES,embedding_15,10,0.2938038194385146,0.4099678088083311,0.33333333333333326,0.34659350708733405,Orthogonal + Recon,2
REACTOME_ASSEMBLY_OF_COLLAGEN_FIBRILS_AND_OTHER_MULTIMERIC_STRUCTURES,embedding_16,10,-0.03994548776478549,0.9127585404797747,-0.18787878787878787,0.603217610029209,Orthogonal + Recon,2
REACTOME_ASSEMBLY_OF_COLLAGEN_FIBRILS_AND_OTHER_MULTIMERIC_STRUCTURES,embedding_17,10,0.11172352370843457,0.7586325897497549,0.07878787878787878,0.8287173946974606,Orthogonal + Recon,2
REACTOME_ASSEMBLY_OF_COLLAGEN_FIBRILS_AND_OTHER_MULTIMERIC_STRUCTURES,embedding_18,10,0.04991521316673392,0.8910821135720983,0.16363636363636364,0.6514773427962428,Orthogonal + Recon,2
REACTOME_ASSEMBLY_OF_COLLAGEN_FIBRILS_AND_OTHER_MULTIMERIC_STRUCTURES,embedding_19,10,0.05196421185825338,0.8866347349532429,-0.006060606060606061,0.9867429111949892,Orthogonal + Recon,2
REACTOME_ASSEMBLY_OF_COLLAGEN_FIBRILS_AND_OTHER_MULTIMERIC_STRUCTURES,embedding_20,10,-0.07483093192580505,0.8372208854730842,-0.34545454545454546,0.32822651147136733,Orthogonal + Recon,2
REACTOME_ASSEMBLY_OF_COLLAGEN_FIBRILS_AND_OTHER_MULTIMERIC_STRUCTURES,embedding_21,10,0.04398139422814721,0.9039765879437326,-0.07878787878787878,0.8287173946974606,Orthogonal + Recon,2
REACTOME_ASSEMBLY_OF_COLLAGEN_FIBRILS_AND_OTHER_MULTIMERIC_STRUCTURES,embedding_22,10,-0.06096491512360608,0.8671338084872704,-0.24848484848484845,0.48877630451924314,Orthogonal + Recon,2
REACTOME_ASSEMBLY_OF_COLLAGEN_FIBRILS_AND_OTHER_MULTIMERIC_STRUCTURES,embedding_23,10,-0.16948289410686532,0.639723298413012,-0.2121212121212121,0.5563057751029299,Orthogonal + Recon,2
REACTOME_ASSEMBLY_OF_COLLAGEN_FIBRILS_AND_OTHER_MULTIMERIC_STRUCTURES,embedding_24,10,0.03139284681207233,0.931395784444542,0.13939393939393938,0.7009318849100584,Orthogonal + Recon,2
REACTOME_ASSEMBLY_OF_COLLAGEN_FIBRILS_AND_OTHER_MULTIMERIC_STRUCTURES,embedding_25,10,0.12930311843177425,0.7218312398727639,0.35757575757575755,0.3103760917056799,Orthogonal + Recon,2
REACTOME_ASSEMBLY_OF_COLLAGEN_FIBRILS_AND_OTHER_MULTIMERIC_STRUCTURES,embedding_26,10,0.02715812174784009,0.9406354067547056,0.1515151515151515,0.6760651759978538,Orthogonal + Recon,2
REACTOME_ASSEMBLY_OF_COLLAGEN_FIBRILS_AND_OTHER_MULTIMERIC_STRUCTURES,embedding_27,10,0.1118673438995626,0.7583296323366453,0.06666666666666665,0.8548130882487426,Orthogonal + Recon,2
REACTOME_ASSEMBLY_OF_COLLAGEN_FIBRILS_AND_OTHER_MULTIMERIC_STRUCTURES,embedding_28,10,0.031972875937103545,0.9301307879251536,-0.01818181818181818,0.9602404181286243,Orthogonal + Recon,2
REACTOME_ASSEMBLY_OF_COLLAGEN_FIBRILS_AND_OTHER_MULTIMERIC_STRUCTURES,embedding_29,10,-0.015112048878307853,0.9669499415429195,-0.38181818181818183,0.27625533338543595,Orthogonal + Recon,2
REACTOME_ASSEMBLY_OF_COLLAGEN_FIBRILS_AND_OTHER_MULTIMERIC_STRUCTURES,embedding_30,10,0.08848211112287616,0.8079536322424461,0.16363636363636364,0.6514773427962428,Orthogonal + Recon,2
REACTOME_ASSEMBLY_OF_COLLAGEN_FIBRILS_AND_OTHER_MULTIMERIC_STRUCTURES,embedding_31,10,-0.14937554099240388,0.6804349026442755,-0.35757575757575755,0.3103760917056799,Orthogonal + Recon,2
REACTOME_MOLECULES_ASSOCIATED_WITH_ELASTIC_FIBRES,embedding_0,10,0.16216772665886134,0.6544409493849247,0.0303030303030303,0.9337729580941466,Orthogonal + Recon,2
REACTOME_MOLECULES_ASSOCIATED_WITH_ELASTIC_FIBRES,embedding_1,10,-0.3565051354432349,0.31193174766369136,0.0303030303030303,0.9337729580941466,Orthogonal + Recon,2
REACTOME_MOLECULES_ASSOCIATED_WITH_ELASTIC_FIBRES,embedding_2,10,-0.17497193227737803,0.6287532108728369,-0.0303030303030303,0.9337729580941466,Orthogonal + Recon,2
REACTOME_MOLECULES_ASSOCIATED_WITH_ELASTIC_FIBRES,embedding_3,10,0.4591780775787088,0.18188414411681303,-0.1515151515151515,0.6760651759978538,Orthogonal + Recon,2
REACTOME_MOLECULES_ASSOCIATED_WITH_ELASTIC_FIBRES,embedding_4,10,0.3530858739227012,0.31692741095862864,0.309090909090909,0.3848412302612835,Orthogonal + Recon,2
REACTOME_MOLECULES_ASSOCIATED_WITH_ELASTIC_FIBRES,embedding_5,10,-0.3749540904349237,0.2857003756053006,-0.309090909090909,0.3848412302612835,Orthogonal + Recon,2
REACTOME_MOLECULES_ASSOCIATED_WITH_ELASTIC_FIBRES,embedding_6,10,-0.37379797220027994,0.2873080833672655,-0.006060606060606061,0.9867429111949892,Orthogonal + Recon,2
REACTOME_MOLECULES_ASSOCIATED_WITH_ELASTIC_FIBRES,embedding_7,10,-0.24421479713952782,0.4965175151021617,0.0303030303030303,0.9337729580941466,Orthogonal + Recon,2
REACTOME_MOLECULES_ASSOCIATED_WITH_ELASTIC_FIBRES,embedding_8,10,0.23402106622969696,0.5152054854550185,0.309090909090909,0.3848412302612835,Orthogonal + Recon,2
REACTOME_MOLECULES_ASSOCIATED_WITH_ELASTIC_FIBRES,embedding_9,10,-0.3701057185163638,0.29247503523350193,-0.13939393939393938,0.7009318849100584,Orthogonal + Recon,2
REACTOME_MOLECULES_ASSOCIATED_WITH_ELASTIC_FIBRES,embedding_10,10,-0.26013550595096874,0.46792291848105505,-0.05454545454545454,0.8810361811618526,Orthogonal + Recon,2
REACTOME_MOLECULES_ASSOCIATED_WITH_ELASTIC_FIBRES,embedding_11,10,-0.16939378749151762,0.6399019083556385,0.05454545454545454,0.8810361811618526,Orthogonal + Recon,2
REACTOME_MOLECULES_ASSOCIATED_WITH_ELASTIC_FIBRES,embedding_12,10,-0.19085912913965025,0.5973746529663081,0.07878787878787878,0.8287173946974606,Orthogonal + Recon,2
REACTOME_MOLECULES_ASSOCIATED_WITH_ELASTIC_FIBRES,embedding_13,10,-0.5153427253528033,0.12738711314597104,-0.4545454545454545,0.186904810349332,Orthogonal + Recon,2
REACTOME_MOLECULES_ASSOCIATED_WITH_ELASTIC_FIBRES,embedding_14,10,0.4151846103910393,0.2328127955616453,0.38181818181818183,0.27625533338543595,Orthogonal + Recon,2
REACTOME_MOLECULES_ASSOCIATED_WITH_ELASTIC_FIBRES,embedding_15,10,-0.3225820148403847,0.36330999672774844,-0.28484848484848485,0.42503815489214547,Orthogonal + Recon,2
REACTOME_MOLECULES_ASSOCIATED_WITH_ELASTIC_FIBRES,embedding_16,10,-0.01154836498937835,0.9747413203825196,0.09090909090909088,0.8027717312071619,Orthogonal + Recon,2
REACTOME_MOLECULES_ASSOCIATED_WITH_ELASTIC_FIBRES,embedding_17,10,-0.015486713634438177,0.9661309378022049,-0.24848484848484845,0.48877630451924314,Orthogonal + Recon,2
REACTOME_MOLECULES_ASSOCIATED_WITH_ELASTIC_FIBRES,embedding_18,10,0.04978757603327996,0.8913592433515274,0.13939393939393938,0.7009318849100584,Orthogonal + Recon,2
REACTOME_MOLECULES_ASSOCIATED_WITH_ELASTIC_FIBRES,embedding_19,10,-0.1166360693798761,0.7483012955399734,0.2606060606060606,0.4670890543863402,Orthogonal + Recon,2
REACTOME_MOLECULES_ASSOCIATED_WITH_ELASTIC_FIBRES,embedding_20,10,0.3723043959632984,0.28939224692604715,0.0303030303030303,0.9337729580941466,Orthogonal + Recon,2
REACTOME_MOLECULES_ASSOCIATED_WITH_ELASTIC_FIBRES,embedding_21,10,0.4765160649379637,0.16380809157051673,0.19999999999999998,0.5795840000000001,Orthogonal + Recon,2
REACTOME_MOLECULES_ASSOCIATED_WITH_ELASTIC_FIBRES,embedding_22,10,0.4623219078933253,0.17852285845708402,0.09090909090909088,0.8027717312071619,Orthogonal + Recon,2
REACTOME_MOLECULES_ASSOCIATED_WITH_ELASTIC_FIBRES,embedding_23,10,-0.1512781025625793,0.6765488750276082,-0.0303030303030303,0.9337729580941466,Orthogonal + Recon,2
REACTOME_MOLECULES_ASSOCIATED_WITH_ELASTIC_FIBRES,embedding_24,10,-0.26131862520007126,0.4658275803546611,0.28484848484848485,0.42503815489214547,Orthogonal + Recon,2
REACTOME_MOLECULES_ASSOCIATED_WITH_ELASTIC_FIBRES,embedding_25,10,-0.43356458518998237,0.2106522700137979,-0.17575757575757575,0.6271883447764844,Orthogonal + Recon,2
REACTOME_MOLECULES_ASSOCIATED_WITH_ELASTIC_FIBRES,embedding_26,10,0.19259831763855234,0.5939745028982033,-0.01818181818181818,0.9602404181286243,Orthogonal + Recon,2
REACTOME_MOLECULES_ASSOCIATED_WITH_ELASTIC_FIBRES,embedding_27,10,-0.45390537378270013,0.1876048424500667,-0.13939393939393938,0.7009318849100584,Orthogonal + Recon,2
REACTOME_MOLECULES_ASSOCIATED_WITH_ELASTIC_FIBRES,embedding_28,10,0.4779979418860497,0.16231532087296274,0.18787878787878787,0.603217610029209,Orthogonal + Recon,2
REACTOME_MOLECULES_ASSOCIATED_WITH_ELASTIC_FIBRES,embedding_29,10,0.3381170120465212,0.3392837422557225,-0.04242424242424241,0.907363817812816,Orthogonal + Recon,2
REACTOME_MOLECULES_ASSOCIATED_WITH_ELASTIC_FIBRES,embedding_30,10,0.06267966388853685,0.8634256431505759,-0.07878787878787878,0.8287173946974606,Orthogonal + Recon,2
REACTOME_MOLECULES_ASSOCIATED_WITH_ELASTIC_FIBRES,embedding_31,10,0.4021878285101406,0.24924426235654212,0.17575757575757575,0.6271883447764844,Orthogonal + Recon,2
REACTOME_ECM_PROTEOGLYCANS,embedding_0,10,0.05319801014361953,0.8839581261988193,0.16363636363636364,0.6514773427962428,Orthogonal + Recon,2
REACTOME_ECM_PROTEOGLYCANS,embedding_1,10,-0.21991254291485557,0.5415387472753825,0.29696969696969694,0.4047016712701569,Orthogonal + Recon,2
REACTOME_ECM_PROTEOGLYCANS,embedding_2,10,-0.06529324189945387,0.8577783868943594,-0.16363636363636364,0.6514773427962428,Orthogonal + Recon,2
REACTOME_ECM_PROTEOGLYCANS,embedding_3,10,0.3431596561741124,0.33166451579689904,-0.3939393939393939,0.25999776683488757,Orthogonal + Recon,2
REACTOME_ECM_PROTEOGLYCANS,embedding_4,10,0.39176002900558,0.2628809965730696,0.16363636363636364,0.6514773427962428,Orthogonal + Recon,2
REACTOME_ECM_PROTEOGLYCANS,embedding_5,10,-0.2929473143872924,0.41139807819588203,-0.16363636363636364,0.6514773427962428,Orthogonal + Recon,2
REACTOME_ECM_PROTEOGLYCANS,embedding_6,10,-0.23781577089670414,0.508214902656282,0.05454545454545454,0.8810361811618526,Orthogonal + Recon,2
REACTOME_ECM_PROTEOGLYCANS,embedding_7,10,-0.1200476555232376,0.7411476469634373,0.09090909090909088,0.8027717312071619,Orthogonal + Recon,2
REACTOME_ECM_PROTEOGLYCANS,embedding_8,10,0.27154951238791836,0.447883629174827,0.16363636363636364,0.6514773427962428,Orthogonal + Recon,2
REACTOME_ECM_PROTEOGLYCANS,embedding_9,10,-0.36626324167292523,0.29790458074353593,-0.35757575757575755,0.3103760917056799,Orthogonal + Recon,2
REACTOME_ECM_PROTEOGLYCANS,embedding_10,10,-0.21831878720843234,0.5445466545954072,-0.2121212121212121,0.5563057751029299,Orthogonal + Recon,2
REACTOME_ECM_PROTEOGLYCANS,embedding_11,10,-0.10089090362063494,0.7815339493840503,0.18787878787878787,0.603217610029209,Orthogonal + Recon,2
REACTOME_ECM_PROTEOGLYCANS,embedding_12,10,-0.05401029255616952,0.8821965317221725,-0.0303030303030303,0.9337729580941466,Orthogonal + Recon,2
REACTOME_ECM_PROTEOGLYCANS,embedding_13,10,-0.5483837399159451,0.10072619210542202,-0.17575757575757575,0.6271883447764844,Orthogonal + Recon,2
REACTOME_ECM_PROTEOGLYCANS,embedding_14,10,0.4358644934686706,0.20796841856072712,0.13939393939393938,0.7009318849100584,Orthogonal + Recon,2
REACTOME_ECM_PROTEOGLYCANS,embedding_15,10,-0.24170028108807476,0.5011003216258019,0.01818181818181818,0.9602404181286243,Orthogonal + Recon,2
REACTOME_ECM_PROTEOGLYCANS,embedding_16,10,0.10007421277868436,0.78326689101367,-0.06666666666666665,0.8548130882487426,Orthogonal + Recon,2
REACTOME_ECM_PROTEOGLYCANS,embedding_17,10,-0.16679735846111865,0.6451136069638574,-0.1515151515151515,0.6760651759978538,Orthogonal + Recon,2
REACTOME_ECM_PROTEOGLYCANS,embedding_18,10,-0.04566382485265419,0.9003184109931703,-0.12727272727272726,0.7260570147627894,Orthogonal + Recon,2
REACTOME_ECM_PROTEOGLYCANS,embedding_19,10,-0.013892145438859922,0.9696167960114783,0.11515151515151514,0.7514196523258483,Orthogonal + Recon,2
REACTOME_ECM_PROTEOGLYCANS,embedding_20,10,0.341536791003628,0.3341068996453078,-0.18787878787878787,0.603217610029209,Orthogonal + Recon,2
REACTOME_ECM_PROTEOGLYCANS,embedding_21,10,0.548777095148348,0.1004322407384568,0.2121212121212121,0.5563057751029299,Orthogonal + Recon,2
REACTOME_ECM_PROTEOGLYCANS,embedding_22,10,0.41859516985801026,0.22860520508158744,-0.17575757575757575,0.6271883447764844,Orthogonal + Recon,2
REACTOME_ECM_PROTEOGLYCANS,embedding_23,10,-0.014143537560697424,0.9690671998677394,-0.0303030303030303,0.9337729580941466,Orthogonal + Recon,2
REACTOME_ECM_PROTEOGLYCANS,embedding_24,10,-0.20859746446291538,0.5630352813357958,0.11515151515151514,0.7514196523258483,Orthogonal + Recon,2
REACTOME_ECM_PROTEOGLYCANS,embedding_25,10,-0.3543219570929346,0.3151166492437155,0.12727272727272726,0.7260570147627894,Orthogonal + Recon,2
REACTOME_ECM_PROTEOGLYCANS,embedding_26,10,0.05812363250586648,0.8732832265688759,0.006060606060606061,0.9867429111949892,Orthogonal + Recon,2
REACTOME_ECM_PROTEOGLYCANS,embedding_27,10,-0.2962082328621267,0.4059653362541081,0.1515151515151515,0.6760651759978538,Orthogonal + Recon,2
REACTOME_ECM_PROTEOGLYCANS,embedding_28,10,0.39864454670677274,0.2538328014522885,-0.06666666666666665,0.8548130882487426,Orthogonal + Recon,2
REACTOME_ECM_PROTEOGLYCANS,embedding_29,10,0.29942698384386235,0.40063658463864366,-0.11515151515151514,0.7514196523258483,Orthogonal + Recon,2
REACTOME_ECM_PROTEOGLYCANS,embedding_30,10,-0.09244560013069228,0.7994946567041574,0.0303030303030303,0.9337729580941466,Orthogonal + Recon,2
REACTOME_ECM_PROTEOGLYCANS,embedding_31,10,0.3822862595570912,0.2756175183878006,-0.12727272727272726,0.7260570147627894,Orthogonal + Recon,2
REACTOME_ELASTIC_FIBRE_FORMATION,embedding_0,10,-0.08878835863636356,0.8072993811071394,-0.0303030303030303,0.9337729580941466,Orthogonal + Recon,3
REACTOME_ELASTIC_FIBRE_FORMATION,embedding_1,10,0.7621032551048665,0.010395701516501155,0.5878787878787878,0.07387770688865801,Orthogonal + Recon,3
REACTOME_ELASTIC_FIBRE_FORMATION,embedding_2,10,-0.7607573168227656,0.010614184506395064,-0.7454545454545454,0.013330146315440047,Orthogonal + Recon,3
REACTOME_ELASTIC_FIBRE_FORMATION,embedding_3,10,-0.10987767587120724,0.7625234837799566,-0.24848484848484845,0.48877630451924314,Orthogonal + Recon,3
REACTOME_ELASTIC_FIBRE_FORMATION,embedding_4,10,0.3016303991082597,0.3970081977052693,0.19999999999999998,0.5795840000000001,Orthogonal + Recon,3
REACTOME_ELASTIC_FIBRE_FORMATION,embedding_5,10,-0.7783267984283804,0.008005270974888281,-0.8424242424242423,0.0022200312259168407,Orthogonal + Recon,3
REACTOME_ELASTIC_FIBRE_FORMATION,embedding_6,10,0.8631667494720408,0.0012959565191949544,0.8666666666666665,0.0011735381801554687,Orthogonal + Recon,3
REACTOME_ELASTIC_FIBRE_FORMATION,embedding_7,10,-0.7448498579418166,0.013446511216544638,-0.5878787878787878,0.07387770688865801,Orthogonal + Recon,3
REACTOME_ELASTIC_FIBRE_FORMATION,embedding_8,10,0.8106413651789519,0.00444490704734654,0.8666666666666665,0.0011735381801554687,Orthogonal + Recon,3
REACTOME_ELASTIC_FIBRE_FORMATION,embedding_9,10,0.857782000611039,0.0015020540279569148,0.8545454545454544,0.0016368033159867143,Orthogonal + Recon,3
REACTOME_ELASTIC_FIBRE_FORMATION,embedding_10,10,-0.34346959556651363,0.33119911181519335,-0.29696969696969694,0.4047016712701569,Orthogonal + Recon,3
REACTOME_ELASTIC_FIBRE_FORMATION,embedding_11,10,-0.7443773305680621,0.01353793650415713,-0.6969696969696969,0.02509667588225183,Orthogonal + Recon,3
REACTOME_ELASTIC_FIBRE_FORMATION,embedding_12,10,0.7040286148910438,0.023056630061988985,0.6,0.06668799999999996,Orthogonal + Recon,3
REACTOME_ELASTIC_FIBRE_FORMATION,embedding_13,10,0.8116435258523015,0.004357176979891052,0.7333333333333332,0.01580059625057158,Orthogonal + Recon,3
REACTOME_ELASTIC_FIBRE_FORMATION,embedding_14,10,-0.8703135506827774,0.0010551566495229016,-0.8787878787878788,0.0008138621117322101,Orthogonal + Recon,3
REACTOME_ELASTIC_FIBRE_FORMATION,embedding_15,10,0.42978015237772893,0.21511166502821868,0.309090909090909,0.3848412302612835,Orthogonal + Recon,3
REACTOME_ELASTIC_FIBRE_FORMATION,embedding_16,10,0.6333641970914068,0.049307451593692674,0.5878787878787878,0.07387770688865801,Orthogonal + Recon,3
REACTOME_ELASTIC_FIBRE_FORMATION,embedding_17,10,-0.7836146242549282,0.007318608993986101,-0.6,0.06668799999999996,Orthogonal + Recon,3
REACTOME_ELASTIC_FIBRE_FORMATION,embedding_18,10,0.8526467478222164,0.0017198119461341874,0.8787878787878788,0.0008138621117322101,Orthogonal + Recon,3
REACTOME_ELASTIC_FIBRE_FORMATION,embedding_19,10,0.8067826332072319,0.004794525845571839,0.7939393939393938,0.0060999233136969115,Orthogonal + Recon,3
REACTOME_ELASTIC_FIBRE_FORMATION,embedding_20,10,0.5646692999380528,0.08900811244428858,0.5757575757575757,0.08155281477260236,Orthogonal + Recon,3
REACTOME_ELASTIC_FIBRE_FORMATION,embedding_21,10,0.8692929451284838,0.0010873672988872443,0.8787878787878788,0.0008138621117322101,Orthogonal + Recon,3
REACTOME_ELASTIC_FIBRE_FORMATION,embedding_22,10,0.423839728569002,0.22221985965193874,0.5030303030303029,0.13833369839449197,Orthogonal + Recon,3
REACTOME_ELASTIC_FIBRE_FORMATION,embedding_23,10,0.8656942906751405,0.001206667014904167,0.8545454545454544,0.0016368033159867143,Orthogonal + Recon,3
REACTOME_ELASTIC_FIBRE_FORMATION,embedding_24,10,0.7044314371076942,0.022943778268173707,0.6,0.06668799999999996,Orthogonal + Recon,3
REACTOME_ELASTIC_FIBRE_FORMATION,embedding_25,10,0.7502847559762873,0.012425789003406415,0.5757575757575757,0.08155281477260236,Orthogonal + Recon,3
REACTOME_ELASTIC_FIBRE_FORMATION,embedding_26,10,-0.884961998828932,0.000665417854994853,-0.8787878787878788,0.0008138621117322101,Orthogonal + Recon,3
REACTOME_ELASTIC_FIBRE_FORMATION,embedding_27,10,-0.833125425385788,0.002759383231753673,-0.8787878787878788,0.0008138621117322101,Orthogonal + Recon,3
REACTOME_ELASTIC_FIBRE_FORMATION,embedding_28,10,0.729238523283699,0.016702527694989373,0.6484848484848483,0.04254012768448945,Orthogonal + Recon,3
REACTOME_ELASTIC_FIBRE_FORMATION,embedding_29,10,0.590721433392241,0.07214843300839072,0.6,0.06668799999999996,Orthogonal + Recon,3
REACTOME_ELASTIC_FIBRE_FORMATION,embedding_30,10,-0.8385515348983136,0.002434414292719292,-0.8666666666666665,0.0011735381801554687,Orthogonal + Recon,3
REACTOME_ELASTIC_FIBRE_FORMATION,embedding_31,10,-0.6259833984217366,0.05285658845769259,-0.6606060606060605,0.03758837757140939,Orthogonal + Recon,3
REACTOME_NON_INTEGRIN_MEMBRANE_ECM_INTERACTIONS,embedding_0,10,0.12419889841351385,0.7324671070639076,0.07878787878787878,0.8287173946974606,Orthogonal + Recon,3
REACTOME_NON_INTEGRIN_MEMBRANE_ECM_INTERACTIONS,embedding_1,10,0.15729883901583278,0.6642969630611756,0.2121212121212121,0.5563057751029299,Orthogonal + Recon,3
REACTOME_NON_INTEGRIN_MEMBRANE_ECM_INTERACTIONS,embedding_2,10,-0.08333965901176231,0.8189554306456792,-0.1515151515151515,0.6760651759978538,Orthogonal + Recon,3
REACTOME_NON_INTEGRIN_MEMBRANE_ECM_INTERACTIONS,embedding_3,10,-0.04060278432716931,0.9113276895981867,-0.04242424242424241,0.907363817812816,Orthogonal + Recon,3
REACTOME_NON_INTEGRIN_MEMBRANE_ECM_INTERACTIONS,embedding_4,10,0.08000866594947902,0.8260971106734802,-0.006060606060606061,0.9867429111949892,Orthogonal + Recon,3
REACTOME_NON_INTEGRIN_MEMBRANE_ECM_INTERACTIONS,embedding_5,10,-0.20207341162070663,0.5755764171516777,-0.23636363636363633,0.5108853175152002,Orthogonal + Recon,3
REACTOME_NON_INTEGRIN_MEMBRANE_ECM_INTERACTIONS,embedding_6,10,0.17633568092272425,0.6260377128826802,0.2606060606060606,0.4670890543863402,Orthogonal + Recon,3
REACTOME_NON_INTEGRIN_MEMBRANE_ECM_INTERACTIONS,embedding_7,10,-0.1607002757081185,0.6574065099404189,-0.2121212121212121,0.5563057751029299,Orthogonal + Recon,3
REACTOME_NON_INTEGRIN_MEMBRANE_ECM_INTERACTIONS,embedding_8,10,0.16141822578088036,0.6559550693236037,0.309090909090909,0.3848412302612835,Orthogonal + Recon,3
REACTOME_NON_INTEGRIN_MEMBRANE_ECM_INTERACTIONS,embedding_9,10,0.14246003753591113,0.694616541901584,0.24848484848484845,0.48877630451924314,Orthogonal + Recon,3
REACTOME_NON_INTEGRIN_MEMBRANE_ECM_INTERACTIONS,embedding_10,10,-0.056060406901677656,0.87775253821944,-0.01818181818181818,0.9602404181286243,Orthogonal + Recon,3
REACTOME_NON_INTEGRIN_MEMBRANE_ECM_INTERACTIONS,embedding_11,10,-0.17153637659884702,0.6356118232877541,-0.22424242424242422,0.5334005612725947,Orthogonal + Recon,3
REACTOME_NON_INTEGRIN_MEMBRANE_ECM_INTERACTIONS,embedding_12,10,0.17051142648369952,0.6376628626350406,0.24848484848484845,0.48877630451924314,Orthogonal + Recon,3
REACTOME_NON_INTEGRIN_MEMBRANE_ECM_INTERACTIONS,embedding_13,10,0.17795990892147098,0.6228088225915188,0.2727272727272727,0.44583834154275137,Orthogonal + Recon,3
REACTOME_NON_INTEGRIN_MEMBRANE_ECM_INTERACTIONS,embedding_14,10,-0.21014000505568114,0.5600855490200394,-0.34545454545454546,0.32822651147136733,Orthogonal + Recon,3
REACTOME_NON_INTEGRIN_MEMBRANE_ECM_INTERACTIONS,embedding_15,10,0.09924210137265504,0.785033436672441,0.0303030303030303,0.9337729580941466,Orthogonal + Recon,3
REACTOME_NON_INTEGRIN_MEMBRANE_ECM_INTERACTIONS,embedding_16,10,0.1118660647974607,0.7583323266363606,0.23636363636363633,0.5108853175152002,Orthogonal + Recon,3
REACTOME_NON_INTEGRIN_MEMBRANE_ECM_INTERACTIONS,embedding_17,10,-0.14015604908035587,0.6993605851413143,-0.09090909090909088,0.8027717312071619,Orthogonal + Recon,3
REACTOME_NON_INTEGRIN_MEMBRANE_ECM_INTERACTIONS,embedding_18,10,0.18007120176877345,0.6186203131869245,0.32121212121212117,0.3654683104386702,Orthogonal + Recon,3
REACTOME_NON_INTEGRIN_MEMBRANE_ECM_INTERACTIONS,embedding_19,10,0.14397638350923367,0.6914994887102031,0.12727272727272726,0.7260570147627894,Orthogonal + Recon,3
REACTOME_NON_INTEGRIN_MEMBRANE_ECM_INTERACTIONS,embedding_20,10,0.07974887811682041,0.8266545877634329,0.19999999999999998,0.5795840000000001,Orthogonal + Recon,3
REACTOME_NON_INTEGRIN_MEMBRANE_ECM_INTERACTIONS,embedding_21,10,0.19396971208614755,0.5912983943469837,0.34545454545454546,0.32822651147136733,Orthogonal + Recon,3
REACTOME_NON_INTEGRIN_MEMBRANE_ECM_INTERACTIONS,embedding_22,10,0.06016445566218899,0.868865615390825,0.10303030303030303,0.7769984634438898,Orthogonal + Recon,3
REACTOME_NON_INTEGRIN_MEMBRANE_ECM_INTERACTIONS,embedding_23,10,0.1957703664832251,0.5877913755130368,0.18787878787878787,0.603217610029209,Orthogonal + Recon,3
REACTOME_NON_INTEGRIN_MEMBRANE_ECM_INTERACTIONS,embedding_24,10,0.16510504953260696,0.648518025362389,0.24848484848484845,0.48877630451924314,Orthogonal + Recon,3
REACTOME_NON_INTEGRIN_MEMBRANE_ECM_INTERACTIONS,embedding_25,10,0.12286178174981204,0.7352601798493705,0.19999999999999998,0.5795840000000001,Orthogonal + Recon,3
REACTOME_NON_INTEGRIN_MEMBRANE_ECM_INTERACTIONS,embedding_26,10,-0.1963455439815757,0.5866727600558957,-0.32121212121212117,0.3654683104386702,Orthogonal + Recon,3
REACTOME_NON_INTEGRIN_MEMBRANE_ECM_INTERACTIONS,embedding_27,10,-0.16492315525424764,0.6488842925939169,-0.32121212121212117,0.3654683104386702,Orthogonal + Recon,3
REACTOME_NON_INTEGRIN_MEMBRANE_ECM_INTERACTIONS,embedding_28,10,0.17671100153063757,0.6252910819423733,-0.01818181818181818,0.9602404181286243,Orthogonal + Recon,3
REACTOME_NON_INTEGRIN_MEMBRANE_ECM_INTERACTIONS,embedding_29,10,0.12737309872489794,0.7258479581109558,0.24848484848484845,0.48877630451924314,Orthogonal + Recon,3
REACTOME_NON_INTEGRIN_MEMBRANE_ECM_INTERACTIONS,embedding_30,10,-0.12884669010189054,0.7227806007077064,-0.2606060606060606,0.4670890543863402,Orthogonal + Recon,3
REACTOME_NON_INTEGRIN_MEMBRANE_ECM_INTERACTIONS,embedding_31,10,-0.12767897878769927,0.7252109625785557,-0.10303030303030303,0.7769984634438898,Orthogonal + Recon,3
REACTOME_COLLAGEN_FORMATION,embedding_0,10,0.0910171344678527,0.8025412042803652,0.22424242424242422,0.5334005612725947,Orthogonal + Recon,3
REACTOME_COLLAGEN_FORMATION,embedding_1,10,0.21683296785247602,0.5473567992239385,0.22424242424242422,0.5334005612725947,Orthogonal + Recon,3
REACTOME_COLLAGEN_FORMATION,embedding_2,10,-0.3410165193292537,0.33489185054192666,-0.24848484848484845,0.48877630451924314,Orthogonal + Recon,3
REACTOME_COLLAGEN_FORMATION,embedding_3,10,-0.26484544741265753,0.4596062578435232,-0.4545454545454545,0.186904810349332,Orthogonal + Recon,3
REACTOME_COLLAGEN_FORMATION,embedding_4,10,-0.02179932690875215,0.9523366268349657,-0.06666666666666665,0.8548130882487426,Orthogonal + Recon,3
REACTOME_COLLAGEN_FORMATION,embedding_5,10,-0.41081816496225604,0.23826302323457443,-0.4424242424242424,0.20042268671194224,Orthogonal + Recon,3
REACTOME_COLLAGEN_FORMATION,embedding_6,10,0.40918539196988607,0.24031931573696008,0.28484848484848485,0.42503815489214547,Orthogonal + Recon,3
REACTOME_COLLAGEN_FORMATION,embedding_7,10,-0.22681950003815393,0.5285804207405062,-0.22424242424242422,0.5334005612725947,Orthogonal + Recon,3
REACTOME_COLLAGEN_FORMATION,embedding_8,10,0.2583340797705362,0.4711212695671221,0.24848484848484845,0.48877630451924314,Orthogonal + Recon,3
REACTOME_COLLAGEN_FORMATION,embedding_9,10,0.43309841411385563,0.21119868239968528,0.2727272727272727,0.44583834154275137,Orthogonal + Recon,3
REACTOME_COLLAGEN_FORMATION,embedding_10,10,-0.009202002580770391,0.9798723237605435,0.06666666666666665,0.8548130882487426,Orthogonal + Recon,3
REACTOME_COLLAGEN_FORMATION,embedding_11,10,-0.21827440624980265,0.5446305097649868,-0.18787878787878787,0.603217610029209,Orthogonal + Recon,3
REACTOME_COLLAGEN_FORMATION,embedding_12,10,0.18637277115051723,0.6061779248510506,0.2121212121212121,0.5563057751029299,Orthogonal + Recon,3
REACTOME_COLLAGEN_FORMATION,embedding_13,10,0.2773528164525429,0.43784694483603803,0.2121212121212121,0.5563057751029299,Orthogonal + Recon,3
REACTOME_COLLAGEN_FORMATION,embedding_14,10,-0.49169764250622516,0.1489025731797572,-0.4545454545454545,0.186904810349332,Orthogonal + Recon,3
REACTOME_COLLAGEN_FORMATION,embedding_15,10,0.09136306840357197,0.8018031953519951,-0.006060606060606061,0.9867429111949892,Orthogonal + Recon,3
REACTOME_COLLAGEN_FORMATION,embedding_16,10,0.14333910286819468,0.6928089995445242,0.1515151515151515,0.6760651759978538,Orthogonal + Recon,3
REACTOME_COLLAGEN_FORMATION,embedding_17,10,-0.23988248885429597,0.5044244034771925,-0.18787878787878787,0.603217610029209,Orthogonal + Recon,3
REACTOME_COLLAGEN_FORMATION,embedding_18,10,0.2716014710015716,0.44779330880421137,0.2606060606060606,0.4670890543863402,Orthogonal + Recon,3
REACTOME_COLLAGEN_FORMATION,embedding_19,10,0.2569970493088855,0.47350130567508475,0.2727272727272727,0.44583834154275137,Orthogonal + Recon,3
REACTOME_COLLAGEN_FORMATION,embedding_20,10,0.2540207651244206,0.4788182196014381,0.16363636363636364,0.6514773427962428,Orthogonal + Recon,3
REACTOME_COLLAGEN_FORMATION,embedding_21,10,0.4677568017044694,0.1727994739353193,0.4545454545454545,0.186904810349332,Orthogonal + Recon,3
REACTOME_COLLAGEN_FORMATION,embedding_22,10,0.49339447230211847,0.14728985093121488,0.5757575757575757,0.08155281477260236,Orthogonal + Recon,3
REACTOME_COLLAGEN_FORMATION,embedding_23,10,0.330497357544234,0.35096444303525876,0.2727272727272727,0.44583834154275137,Orthogonal + Recon,3
REACTOME_COLLAGEN_FORMATION,embedding_24,10,0.18210078297616195,0.6146032047887554,0.2121212121212121,0.5563057751029299,Orthogonal + Recon,3
REACTOME_COLLAGEN_FORMATION,embedding_25,10,0.24386313881927474,0.49715735177574566,0.16363636363636364,0.6514773427962428,Orthogonal + Recon,3
REACTOME_COLLAGEN_FORMATION,embedding_26,10,-0.38598931594627284,0.27059991304759157,-0.2606060606060606,0.4670890543863402,Orthogonal + Recon,3
REACTOME_COLLAGEN_FORMATION,embedding_27,10,-0.28586841263146284,0.4233089161170957,-0.2606060606060606,0.4670890543863402,Orthogonal + Recon,3
REACTOME_COLLAGEN_FORMATION,embedding_28,10,0.3430780760802851,0.331787072191568,0.23636363636363633,0.5108853175152002,Orthogonal + Recon,3
REACTOME_COLLAGEN_FORMATION,embedding_29,10,0.22338205608573608,0.5350137198817891,0.2121212121212121,0.5563057751029299,Orthogonal + Recon,3
REACTOME_COLLAGEN_FORMATION,embedding_30,10,-0.43967565186186774,0.20356474461554652,-0.28484848484848485,0.42503815489214547,Orthogonal + Recon,3
REACTOME_COLLAGEN_FORMATION,embedding_31,10,-0.0018391372709494012,0.9959769008276511,-0.05454545454545454,0.8810361811618526,Orthogonal + Recon,3
REACTOME_COLLAGEN_DEGRADATION,embedding_0,10,0.18794590957783353,0.6030857925770158,0.18787878787878787,0.603217610029209,Orthogonal + Recon,3
REACTOME_COLLAGEN_DEGRADATION,embedding_1,10,0.010515368131255667,0.9770001754841937,0.13939393939393938,0.7009318849100584,Orthogonal + Recon,3
REACTOME_COLLAGEN_DEGRADATION,embedding_2,10,-0.2252851949387519,0.5314480392855992,-0.19999999999999998,0.5795840000000001,Orthogonal + Recon,3
REACTOME_COLLAGEN_DEGRADATION,embedding_3,10,-0.32699727115676414,0.35639708851310586,-0.406060606060606,0.24428229408662638,Orthogonal + Recon,3
REACTOME_COLLAGEN_DEGRADATION,embedding_4,10,-0.16776784185541044,0.6431639552708744,-0.04242424242424241,0.907363817812816,Orthogonal + Recon,3
REACTOME_COLLAGEN_DEGRADATION,embedding_5,10,-0.296759703094769,0.40504997281311783,-0.35757575757575755,0.3103760917056799,Orthogonal + Recon,3
REACTOME_COLLAGEN_DEGRADATION,embedding_6,10,0.24826365452680382,0.4891760289318291,0.22424242424242422,0.5334005612725947,Orthogonal + Recon,3
REACTOME_COLLAGEN_DEGRADATION,embedding_7,10,-0.021994130643644385,0.951911106325112,-0.13939393939393938,0.7009318849100584,Orthogonal + Recon,3
REACTOME_COLLAGEN_DEGRADATION,embedding_8,10,0.05868418128225526,0.8720695312321991,0.17575757575757575,0.6271883447764844,Orthogonal + Recon,3
REACTOME_COLLAGEN_DEGRADATION,embedding_9,10,0.280647875065896,0.4321946147709612,0.17575757575757575,0.6271883447764844,Orthogonal + Recon,3
REACTOME_COLLAGEN_DEGRADATION,embedding_10,10,0.14927517328900422,0.6806400951406897,0.06666666666666665,0.8548130882487426,Orthogonal + Recon,3
REACTOME_COLLAGEN_DEGRADATION,embedding_11,10,-0.015752189201998806,0.9655506349404146,-0.10303030303030303,0.7769984634438898,Orthogonal + Recon,3
REACTOME_COLLAGEN_DEGRADATION,embedding_12,10,-0.02341201725454,0.9488142744569799,0.12727272727272726,0.7260570147627894,Orthogonal + Recon,3
REACTOME_COLLAGEN_DEGRADATION,embedding_13,10,0.07242871111800842,0.8423907333713189,0.12727272727272726,0.7260570147627894,Orthogonal + Recon,3
REACTOME_COLLAGEN_DEGRADATION,embedding_14,10,-0.3288450913378042,0.35352376139049213,-0.28484848484848485,0.42503815489214547,Orthogonal + Recon,3
REACTOME_COLLAGEN_DEGRADATION,embedding_15,10,-0.07864728293298473,0.8290192662565932,0.006060606060606061,0.9867429111949892,Orthogonal + Recon,3
REACTOME_COLLAGEN_DEGRADATION,embedding_16,10,-0.05125642914134737,0.888170670310576,0.05454545454545454,0.8810361811618526,Orthogonal + Recon,3
REACTOME_COLLAGEN_DEGRADATION,embedding_17,10,-0.040506350654310505,0.911537599143299,-0.10303030303030303,0.7769984634438898,Orthogonal + Recon,3
REACTOME_COLLAGEN_DEGRADATION,embedding_18,10,0.08221147953812916,0.8213729407968411,0.18787878787878787,0.603217610029209,Orthogonal + Recon,3
REACTOME_COLLAGEN_DEGRADATION,embedding_19,10,0.06051476531951359,0.8681076526200275,0.2121212121212121,0.5563057751029299,Orthogonal + Recon,3
REACTOME_COLLAGEN_DEGRADATION,embedding_20,10,0.06815921869654219,0.8515924433163143,0.06666666666666665,0.8548130882487426,Orthogonal + Recon,3
REACTOME_COLLAGEN_DEGRADATION,embedding_21,10,0.30555805306086076,0.3905799210791626,0.28484848484848485,0.42503815489214547,Orthogonal + Recon,3
REACTOME_COLLAGEN_DEGRADATION,embedding_22,10,0.48753317593860424,0.15290592003014802,0.43030303030303024,0.21449233253280775,Orthogonal + Recon,3
REACTOME_COLLAGEN_DEGRADATION,embedding_23,10,0.135108935284582,0.7097854797767869,0.2121212121212121,0.5563057751029299,Orthogonal + Recon,3
REACTOME_COLLAGEN_DEGRADATION,embedding_24,10,-0.018272457913433675,0.9600423412677437,0.12727272727272726,0.7260570147627894,Orthogonal + Recon,3
REACTOME_COLLAGEN_DEGRADATION,embedding_25,10,0.04238303026755877,0.9074534839832098,0.06666666666666665,0.8548130882487426,Orthogonal + Recon,3
REACTOME_COLLAGEN_DEGRADATION,embedding_26,10,-0.20707260234625965,0.5659570658490356,-0.18787878787878787,0.603217610029209,Orthogonal + Recon,3
REACTOME_COLLAGEN_DEGRADATION,embedding_27,10,-0.0966456819408175,0.7905512029151589,-0.18787878787878787,0.603217610029209,Orthogonal + Recon,3
REACTOME_COLLAGEN_DEGRADATION,embedding_28,10,0.24125957307932372,0.5019053650892892,0.24848484848484845,0.48877630451924314,Orthogonal + Recon,3
REACTOME_COLLAGEN_DEGRADATION,embedding_29,10,0.03456230224052143,0.9244852133390251,0.12727272727272726,0.7260570147627894,Orthogonal + Recon,3
REACTOME_COLLAGEN_DEGRADATION,embedding_30,10,-0.29923741359896255,0.4009494916635895,-0.22424242424242422,0.5334005612725947,Orthogonal + Recon,3
REACTOME_COLLAGEN_DEGRADATION,embedding_31,10,0.1405703160701277,0.698506889708889,-0.04242424242424241,0.907363817812816,Orthogonal + Recon,3
REACTOME_DEGRADATION_OF_THE_EXTRACELLULAR_MATRIX,embedding_0,10,-0.015188412891638997,0.9667830102637454,0.05454545454545454,0.8810361811618526,Orthogonal + Recon,3
REACTOME_DEGRADATION_OF_THE_EXTRACELLULAR_MATRIX,embedding_1,10,0.18283503048590077,0.6131521860857319,0.17575757575757575,0.6271883447764844,Orthogonal + Recon,3
REACTOME_DEGRADATION_OF_THE_EXTRACELLULAR_MATRIX,embedding_2,10,-0.17730775692754686,0.6241045790246409,-0.19999999999999998,0.5795840000000001,Orthogonal + Recon,3
REACTOME_DEGRADATION_OF_THE_EXTRACELLULAR_MATRIX,embedding_3,10,-0.12966901705134143,0.721070425633147,-0.24848484848484845,0.48877630451924314,Orthogonal + Recon,3
REACTOME_DEGRADATION_OF_THE_EXTRACELLULAR_MATRIX,embedding_4,10,0.06524047302385631,0.8578923499467681,0.04242424242424241,0.907363817812816,Orthogonal + Recon,3
REACTOME_DEGRADATION_OF_THE_EXTRACELLULAR_MATRIX,embedding_5,10,-0.27910253903305865,0.4348412675942826,-0.309090909090909,0.3848412302612835,Orthogonal + Recon,3
REACTOME_DEGRADATION_OF_THE_EXTRACELLULAR_MATRIX,embedding_6,10,0.27375899331461356,0.44405016030576916,0.28484848484848485,0.42503815489214547,Orthogonal + Recon,3
REACTOME_DEGRADATION_OF_THE_EXTRACELLULAR_MATRIX,embedding_7,10,-0.19406857125325772,0.591105653812789,-0.17575757575757575,0.6271883447764844,Orthogonal + Recon,3
REACTOME_DEGRADATION_OF_THE_EXTRACELLULAR_MATRIX,embedding_8,10,0.20632178790007094,0.5673978287217484,0.2121212121212121,0.5563057751029299,Orthogonal + Recon,3
REACTOME_DEGRADATION_OF_THE_EXTRACELLULAR_MATRIX,embedding_9,10,0.27924293393834126,0.434600509661776,0.23636363636363633,0.5108853175152002,Orthogonal + Recon,3
REACTOME_DEGRADATION_OF_THE_EXTRACELLULAR_MATRIX,embedding_10,10,-0.045751793777529706,0.9001271825415218,-0.04242424242424241,0.907363817812816,Orthogonal + Recon,3
REACTOME_DEGRADATION_OF_THE_EXTRACELLULAR_MATRIX,embedding_11,10,-0.18391786100358842,0.6110145050497297,-0.16363636363636364,0.6514773427962428,Orthogonal + Recon,3
REACTOME_DEGRADATION_OF_THE_EXTRACELLULAR_MATRIX,embedding_12,10,0.1624520062774368,0.6538669522141742,0.23636363636363633,0.5108853175152002,Orthogonal + Recon,3
REACTOME_DEGRADATION_OF_THE_EXTRACELLULAR_MATRIX,embedding_13,10,0.22298868408526243,0.5357519308858327,0.1515151515151515,0.6760651759978538,Orthogonal + Recon,3
REACTOME_DEGRADATION_OF_THE_EXTRACELLULAR_MATRIX,embedding_14,10,-0.3266931016705783,0.3568711878268913,-0.28484848484848485,0.42503815489214547,Orthogonal + Recon,3
REACTOME_DEGRADATION_OF_THE_EXTRACELLULAR_MATRIX,embedding_15,10,0.1117782346293518,0.7585173376384323,0.11515151515151514,0.7514196523258483,Orthogonal + Recon,3
REACTOME_DEGRADATION_OF_THE_EXTRACELLULAR_MATRIX,embedding_16,10,0.14102368189655262,0.6975729705439064,0.16363636363636364,0.6514773427962428,Orthogonal + Recon,3
REACTOME_DEGRADATION_OF_THE_EXTRACELLULAR_MATRIX,embedding_17,10,-0.20022233356806945,0.5791537643173699,-0.07878787878787878,0.8287173946974606,Orthogonal + Recon,3
REACTOME_DEGRADATION_OF_THE_EXTRACELLULAR_MATRIX,embedding_18,10,0.19903091202883133,0.5814606685392889,0.2121212121212121,0.5563057751029299,Orthogonal + Recon,3
REACTOME_DEGRADATION_OF_THE_EXTRACELLULAR_MATRIX,embedding_19,10,0.20747474703322205,0.5651859539297327,0.17575757575757575,0.6271883447764844,Orthogonal + Recon,3
REACTOME_DEGRADATION_OF_THE_EXTRACELLULAR_MATRIX,embedding_20,10,0.16180691026041538,0.6551697189937342,0.10303030303030303,0.7769984634438898,Orthogonal + Recon,3
REACTOME_DEGRADATION_OF_THE_EXTRACELLULAR_MATRIX,embedding_21,10,0.30218379615826974,0.3960994056307985,0.28484848484848485,0.42503815489214547,Orthogonal + Recon,3
REACTOME_DEGRADATION_OF_THE_EXTRACELLULAR_MATRIX,embedding_22,10,0.2601401242701385,0.46791473122015126,0.34545454545454546,0.32822651147136733,Orthogonal + Recon,3
REACTOME_DEGRADATION_OF_THE_EXTRACELLULAR_MATRIX,embedding_23,10,0.2415552329640577,0.5013652214693924,0.2121212121212121,0.5563057751029299,Orthogonal + Recon,3
REACTOME_DEGRADATION_OF_THE_EXTRACELLULAR_MATRIX,embedding_24,10,0.18353950961070237,0.611761131730703,0.23636363636363633,0.5108853175152002,Orthogonal + Recon,3
REACTOME_DEGRADATION_OF_THE_EXTRACELLULAR_MATRIX,embedding_25,10,0.1995938662864667,0.5803702143482281,0.10303030303030303,0.7769984634438898,Orthogonal + Recon,3
REACTOME_DEGRADATION_OF_THE_EXTRACELLULAR_MATRIX,embedding_26,10,-0.2872473125298487,0.4209762912829499,-0.2121212121212121,0.5563057751029299,Orthogonal + Recon,3
REACTOME_DEGRADATION_OF_THE_EXTRACELLULAR_MATRIX,embedding_27,10,-0.23155723267409137,0.519765534451207,-0.2121212121212121,0.5563057751029299,Orthogonal + Recon,3
REACTOME_DEGRADATION_OF_THE_EXTRACELLULAR_MATRIX,embedding_28,10,0.22731656348651655,0.527652759090136,0.29696969696969694,0.4047016712701569,Orthogonal + Recon,3
REACTOME_DEGRADATION_OF_THE_EXTRACELLULAR_MATRIX,embedding_29,10,0.22687520093799207,0.5284764340860061,0.23636363636363633,0.5108853175152002,Orthogonal + Recon,3
REACTOME_DEGRADATION_OF_THE_EXTRACELLULAR_MATRIX,embedding_30,10,-0.2955791049597995,0.40701080205801554,-0.28484848484848485,0.42503815489214547,Orthogonal + Recon,3
REACTOME_DEGRADATION_OF_THE_EXTRACELLULAR_MATRIX,embedding_31,10,-0.014362800224866704,0.9685878550551252,-0.04242424242424241,0.907363817812816,Orthogonal + Recon,3
REACTOME_INTEGRIN_CELL_SURFACE_INTERACTIONS,embedding_0,10,0.34934376408429396,0.3224423383322341,0.406060606060606,0.24428229408662638,Orthogonal + Recon,3
REACTOME_INTEGRIN_CELL_SURFACE_INTERACTIONS,embedding_1,10,0.006549735253513912,0.9856730687549651,-0.006060606060606061,0.9867429111949892,Orthogonal + Recon,3
REACTOME_INTEGRIN_CELL_SURFACE_INTERACTIONS,embedding_2,10,-0.23176295961184135,0.5193841420816515,-0.12727272727272726,0.7260570147627894,Orthogonal + Recon,3
REACTOME_INTEGRIN_CELL_SURFACE_INTERACTIONS,embedding_3,10,-0.3985595244414354,0.2539434763331065,-0.43030303030303024,0.21449233253280775,Orthogonal + Recon,3
REACTOME_INTEGRIN_CELL_SURFACE_INTERACTIONS,embedding_4,10,-0.2094344870507379,0.5614339381005433,-0.2727272727272727,0.44583834154275137,Orthogonal + Recon,3
REACTOME_INTEGRIN_CELL_SURFACE_INTERACTIONS,embedding_5,10,-0.3584891080324464,0.3090521917791232,-0.309090909090909,0.3848412302612835,Orthogonal + Recon,3
REACTOME_INTEGRIN_CELL_SURFACE_INTERACTIONS,embedding_6,10,0.2808564434631845,0.431837976822642,0.12727272727272726,0.7260570147627894,Orthogonal + Recon,3
REACTOME_INTEGRIN_CELL_SURFACE_INTERACTIONS,embedding_7,10,-0.01612454385084644,0.96473672976227,0.006060606060606061,0.9867429111949892,Orthogonal + Recon,3
REACTOME_INTEGRIN_CELL_SURFACE_INTERACTIONS,embedding_8,10,0.055882827313639305,0.878137354106598,0.12727272727272726,0.7260570147627894,Orthogonal + Recon,3
REACTOME_INTEGRIN_CELL_SURFACE_INTERACTIONS,embedding_9,10,0.2994887303625963,0.4005346903278222,0.11515151515151514,0.7514196523258483,Orthogonal + Recon,3
REACTOME_INTEGRIN_CELL_SURFACE_INTERACTIONS,embedding_10,10,0.1959933029335621,0.5873577113193496,0.24848484848484845,0.48877630451924314,Orthogonal + Recon,3
REACTOME_INTEGRIN_CELL_SURFACE_INTERACTIONS,embedding_11,10,-0.010997586658247516,0.9759456886205184,-0.01818181818181818,0.9602404181286243,Orthogonal + Recon,3
REACTOME_INTEGRIN_CELL_SURFACE_INTERACTIONS,embedding_12,10,-0.015688124227962855,0.9656906731994788,0.04242424242424241,0.907363817812816,Orthogonal + Recon,3
REACTOME_INTEGRIN_CELL_SURFACE_INTERACTIONS,embedding_13,10,0.07554653574902837,0.8356819014557102,0.05454545454545454,0.8810361811618526,Orthogonal + Recon,3
REACTOME_INTEGRIN_CELL_SURFACE_INTERACTIONS,embedding_14,10,-0.39068084737422826,0.26431519949719295,-0.34545454545454546,0.32822651147136733,Orthogonal + Recon,3
REACTOME_INTEGRIN_CELL_SURFACE_INTERACTIONS,embedding_15,10,-0.11330690068144461,0.7552988418730617,-0.22424242424242422,0.5334005612725947,Orthogonal + Recon,3
REACTOME_INTEGRIN_CELL_SURFACE_INTERACTIONS,embedding_16,10,-0.0853814561774069,0.8145836855770163,0.01818181818181818,0.9602404181286243,Orthogonal + Recon,3
REACTOME_INTEGRIN_CELL_SURFACE_INTERACTIONS,embedding_17,10,-0.021595935896573874,0.9527809165804242,0.11515151515151514,0.7514196523258483,Orthogonal + Recon,3
REACTOME_INTEGRIN_CELL_SURFACE_INTERACTIONS,embedding_18,10,0.09831204178117044,0.7870089693066985,0.1515151515151515,0.6760651759978538,Orthogonal + Recon,3
REACTOME_INTEGRIN_CELL_SURFACE_INTERACTIONS,embedding_19,10,0.04332140472001686,0.9054120777266037,-0.0303030303030303,0.9337729580941466,Orthogonal + Recon,3
REACTOME_INTEGRIN_CELL_SURFACE_INTERACTIONS,embedding_20,10,0.032827746120643174,0.928266642914308,-0.0303030303030303,0.9337729580941466,Orthogonal + Recon,3
REACTOME_INTEGRIN_CELL_SURFACE_INTERACTIONS,embedding_21,10,0.35773582117311553,0.31014386449598513,0.34545454545454546,0.32822651147136733,Orthogonal + Recon,3
REACTOME_INTEGRIN_CELL_SURFACE_INTERACTIONS,embedding_22,10,0.547031581302798,0.10174080504308304,0.5515151515151515,0.09840117666963498,Orthogonal + Recon,3
REACTOME_INTEGRIN_CELL_SURFACE_INTERACTIONS,embedding_23,10,0.15261442921021123,0.6738234936323212,0.04242424242424241,0.907363817812816,Orthogonal + Recon,3
REACTOME_INTEGRIN_CELL_SURFACE_INTERACTIONS,embedding_24,10,-0.026333441767705364,0.9424355252984522,0.04242424242424241,0.907363817812816,Orthogonal + Recon,3
REACTOME_INTEGRIN_CELL_SURFACE_INTERACTIONS,embedding_25,10,0.013233433619468753,0.9710569329313435,-0.0303030303030303,0.9337729580941466,Orthogonal + Recon,3
REACTOME_INTEGRIN_CELL_SURFACE_INTERACTIONS,embedding_26,10,-0.2307603083839131,0.5212440205753787,-0.1515151515151515,0.6760651759978538,Orthogonal + Recon,3
REACTOME_INTEGRIN_CELL_SURFACE_INTERACTIONS,embedding_27,10,-0.09719019180535547,0.7893933381282913,-0.1515151515151515,0.6760651759978538,Orthogonal + Recon,3
REACTOME_INTEGRIN_CELL_SURFACE_INTERACTIONS,embedding_28,10,0.30318485420809177,0.3944580106614658,-0.04242424242424241,0.907363817812816,Orthogonal + Recon,3
REACTOME_INTEGRIN_CELL_SURFACE_INTERACTIONS,embedding_29,10,0.0026135988859643,0.9942827914907344,0.04242424242424241,0.907363817812816,Orthogonal + Recon,3
REACTOME_INTEGRIN_CELL_SURFACE_INTERACTIONS,embedding_30,10,-0.29768998662973617,0.40350806536736067,-0.12727272727272726,0.7260570147627894,Orthogonal + Recon,3
REACTOME_INTEGRIN_CELL_SURFACE_INTERACTIONS,embedding_31,10,0.12623356003866332,0.728222378316987,0.06666666666666665,0.8548130882487426,Orthogonal + Recon,3
REACTOME_EXTRACELLULAR_MATRIX_ORGANIZATION,embedding_0,10,0.1353108418109873,0.7093675925888671,0.12727272727272726,0.7260570147627894,Orthogonal + Recon,3
REACTOME_EXTRACELLULAR_MATRIX_ORGANIZATION,embedding_1,10,0.3874624767335292,0.26861777505259365,0.3696969696969697,0.2930500752928223,Orthogonal + Recon,3
REACTOME_EXTRACELLULAR_MATRIX_ORGANIZATION,embedding_2,10,-0.489353317288848,0.15114827324313673,-0.6848484848484848,0.02888279750673276,Orthogonal + Recon,3
REACTOME_EXTRACELLULAR_MATRIX_ORGANIZATION,embedding_3,10,-0.2650321404260461,0.4592779697219411,-0.3696969696969697,0.2930500752928223,Orthogonal + Recon,3
REACTOME_EXTRACELLULAR_MATRIX_ORGANIZATION,embedding_4,10,0.05322801530049796,0.8838930459127631,0.0303030303030303,0.9337729580941466,Orthogonal + Recon,3
REACTOME_EXTRACELLULAR_MATRIX_ORGANIZATION,embedding_5,10,-0.5935266725876683,0.07046794862220226,-0.7575757575757575,0.011143446799694208,Orthogonal + Recon,3
REACTOME_EXTRACELLULAR_MATRIX_ORGANIZATION,embedding_6,10,0.583258036240795,0.07674569950306746,0.7575757575757575,0.011143446799694208,Orthogonal + Recon,3
REACTOME_EXTRACELLULAR_MATRIX_ORGANIZATION,embedding_7,10,-0.38627295773480524,0.27021765375819473,-0.3696969696969697,0.2930500752928223,Orthogonal + Recon,3
REACTOME_EXTRACELLULAR_MATRIX_ORGANIZATION,embedding_8,10,0.43951475828320047,0.20374954951255628,0.6848484848484848,0.02888279750673276,Orthogonal + Recon,3
REACTOME_EXTRACELLULAR_MATRIX_ORGANIZATION,embedding_9,10,0.5865664362172819,0.0746850531229688,0.7212121212121211,0.018573155089460208,Orthogonal + Recon,3
REACTOME_EXTRACELLULAR_MATRIX_ORGANIZATION,embedding_10,10,-0.06419527250459414,0.8601501168392554,-0.10303030303030303,0.7769984634438898,Orthogonal + Recon,3
REACTOME_EXTRACELLULAR_MATRIX_ORGANIZATION,embedding_11,10,-0.38570589882498985,0.27098216438588274,-0.4666666666666666,0.17393859716506632,Orthogonal + Recon,3
REACTOME_EXTRACELLULAR_MATRIX_ORGANIZATION,embedding_12,10,0.34436593194803755,0.3298550725358595,0.41818181818181815,0.22911284098281892,Orthogonal + Recon,3
REACTOME_EXTRACELLULAR_MATRIX_ORGANIZATION,embedding_13,10,0.45302423358169164,0.18857102913033427,0.5030303030303029,0.13833369839449197,Orthogonal + Recon,3
REACTOME_EXTRACELLULAR_MATRIX_ORGANIZATION,embedding_14,10,-0.6452020094356468,0.043952861166093524,-0.7454545454545454,0.013330146315440047,Orthogonal + Recon,3
REACTOME_EXTRACELLULAR_MATRIX_ORGANIZATION,embedding_15,10,0.15867049870646788,0.6615155680222805,0.12727272727272726,0.7260570147627894,Orthogonal + Recon,3
REACTOME_EXTRACELLULAR_MATRIX_ORGANIZATION,embedding_16,10,0.27395853684071597,0.44370468831842713,0.3939393939393939,0.25999776683488757,Orthogonal + Recon,3
REACTOME_EXTRACELLULAR_MATRIX_ORGANIZATION,embedding_17,10,-0.40931249948630777,0.2401588819015134,-0.33333333333333326,0.34659350708733405,Orthogonal + Recon,3
REACTOME_EXTRACELLULAR_MATRIX_ORGANIZATION,embedding_18,10,0.48302386257013286,0.15731349520560356,0.7454545454545454,0.013330146315440047,Orthogonal + Recon,3
REACTOME_EXTRACELLULAR_MATRIX_ORGANIZATION,embedding_19,10,0.4322419430583844,0.21220470154443166,0.5636363636363636,0.08972402831709125,Orthogonal + Recon,3
REACTOME_EXTRACELLULAR_MATRIX_ORGANIZATION,embedding_20,10,0.283191687562117,0.4278541713889148,0.34545454545454546,0.32822651147136733,Orthogonal + Recon,3
REACTOME_EXTRACELLULAR_MATRIX_ORGANIZATION,embedding_21,10,0.6239249494161299,0.053875803248145976,0.7454545454545454,0.013330146315440047,Orthogonal + Recon,3
REACTOME_EXTRACELLULAR_MATRIX_ORGANIZATION,embedding_22,10,0.49514848129219097,0.1456340013909536,0.5151515151515151,0.12755286970323426,Orthogonal + Recon,3
REACTOME_EXTRACELLULAR_MATRIX_ORGANIZATION,embedding_23,10,0.5201395428623606,0.12327242789135268,0.6727272727272726,0.0330412225454377,Orthogonal + Recon,3
REACTOME_EXTRACELLULAR_MATRIX_ORGANIZATION,embedding_24,10,0.35118699569172057,0.3197196796053887,0.41818181818181815,0.22911284098281892,Orthogonal + Recon,3
REACTOME_EXTRACELLULAR_MATRIX_ORGANIZATION,embedding_25,10,0.38348794354951443,0.27398374307498563,0.34545454545454546,0.32822651147136733,Orthogonal + Recon,3
REACTOME_EXTRACELLULAR_MATRIX_ORGANIZATION,embedding_26,10,-0.577945770290842,0.08013086197659026,-0.7454545454545454,0.013330146315440047,Orthogonal + Recon,3
REACTOME_EXTRACELLULAR_MATRIX_ORGANIZATION,embedding_27,10,-0.47775562177697906,0.16255886138577116,-0.7454545454545454,0.013330146315440047,Orthogonal + Recon,3
REACTOME_EXTRACELLULAR_MATRIX_ORGANIZATION,embedding_28,10,0.5355416907089664,0.11062364227668042,0.6121212121212121,0.05997214247725524,Orthogonal + Recon,3
REACTOME_EXTRACELLULAR_MATRIX_ORGANIZATION,embedding_29,10,0.3124675843659207,0.37939494626889925,0.41818181818181815,0.22911284098281892,Orthogonal + Recon,3
REACTOME_EXTRACELLULAR_MATRIX_ORGANIZATION,embedding_30,10,-0.5838788013136816,0.07635628074014886,-0.7575757575757575,0.011143446799694208,Orthogonal + Recon,3
REACTOME_EXTRACELLULAR_MATRIX_ORGANIZATION,embedding_31,10,-0.24465626235624513,0.49571477247683987,-0.5757575757575757,0.08155281477260236,Orthogonal + Recon,3
REACTOME_ASSEMBLY_OF_COLLAGEN_FIBRILS_AND_OTHER_MULTIMERIC_STRUCTURES,embedding_0,10,0.2307948816235416,0.5211798430954857,0.16363636363636364,0.6514773427962428,Orthogonal + Recon,3
REACTOME_ASSEMBLY_OF_COLLAGEN_FIBRILS_AND_OTHER_MULTIMERIC_STRUCTURES,embedding_1,10,0.02792667689298433,0.9389580157459891,0.18787878787878787,0.603217610029209,Orthogonal + Recon,3
REACTOME_ASSEMBLY_OF_COLLAGEN_FIBRILS_AND_OTHER_MULTIMERIC_STRUCTURES,embedding_2,10,-0.2055204882693475,0.568937012841678,-0.05454545454545454,0.8810361811618526,Orthogonal + Recon,3
REACTOME_ASSEMBLY_OF_COLLAGEN_FIBRILS_AND_OTHER_MULTIMERIC_STRUCTURES,embedding_3,10,-0.33333991473065067,0.34658339582475733,-0.29696969696969694,0.4047016712701569,Orthogonal + Recon,3
REACTOME_ASSEMBLY_OF_COLLAGEN_FIBRILS_AND_OTHER_MULTIMERIC_STRUCTURES,embedding_4,10,-0.1588795012224955,0.6610920875049819,-0.0303030303030303,0.9337729580941466,Orthogonal + Recon,3
REACTOME_ASSEMBLY_OF_COLLAGEN_FIBRILS_AND_OTHER_MULTIMERIC_STRUCTURES,embedding_5,10,-0.29413099688150773,0.40942208152217313,-0.24848484848484845,0.48877630451924314,Orthogonal + Recon,3
REACTOME_ASSEMBLY_OF_COLLAGEN_FIBRILS_AND_OTHER_MULTIMERIC_STRUCTURES,embedding_6,10,0.25394210138295814,0.4789590981561457,0.07878787878787878,0.8287173946974606,Orthogonal + Recon,3
REACTOME_ASSEMBLY_OF_COLLAGEN_FIBRILS_AND_OTHER_MULTIMERIC_STRUCTURES,embedding_7,10,-0.038483505205606436,0.915941894480651,-0.18787878787878787,0.603217610029209,Orthogonal + Recon,3
REACTOME_ASSEMBLY_OF_COLLAGEN_FIBRILS_AND_OTHER_MULTIMERIC_STRUCTURES,embedding_8,10,0.06561738141218719,0.8570784063612409,0.09090909090909088,0.8027717312071619,Orthogonal + Recon,3
REACTOME_ASSEMBLY_OF_COLLAGEN_FIBRILS_AND_OTHER_MULTIMERIC_STRUCTURES,embedding_9,10,0.276860154871973,0.43869495499459293,0.04242424242424241,0.907363817812816,Orthogonal + Recon,3
REACTOME_ASSEMBLY_OF_COLLAGEN_FIBRILS_AND_OTHER_MULTIMERIC_STRUCTURES,embedding_10,10,0.13017444190908567,0.7200198563883685,0.06666666666666665,0.8548130882487426,Orthogonal + Recon,3
REACTOME_ASSEMBLY_OF_COLLAGEN_FIBRILS_AND_OTHER_MULTIMERIC_STRUCTURES,embedding_11,10,-0.029794035772580878,0.9348833702964958,-0.09090909090909088,0.8027717312071619,Orthogonal + Recon,3
REACTOME_ASSEMBLY_OF_COLLAGEN_FIBRILS_AND_OTHER_MULTIMERIC_STRUCTURES,embedding_12,10,0.012619106201452495,0.9724001005230802,0.16363636363636364,0.6514773427962428,Orthogonal + Recon,3
REACTOME_ASSEMBLY_OF_COLLAGEN_FIBRILS_AND_OTHER_MULTIMERIC_STRUCTURES,embedding_13,10,0.0884004715190866,0.8081280609285888,0.12727272727272726,0.7260570147627894,Orthogonal + Recon,3
REACTOME_ASSEMBLY_OF_COLLAGEN_FIBRILS_AND_OTHER_MULTIMERIC_STRUCTURES,embedding_14,10,-0.35510686799836017,0.31396963835285185,-0.23636363636363633,0.5108853175152002,Orthogonal + Recon,3
REACTOME_ASSEMBLY_OF_COLLAGEN_FIBRILS_AND_OTHER_MULTIMERIC_STRUCTURES,embedding_15,10,-0.058945267598508974,0.8715043113186632,-0.006060606060606061,0.9867429111949892,Orthogonal + Recon,3
REACTOME_ASSEMBLY_OF_COLLAGEN_FIBRILS_AND_OTHER_MULTIMERIC_STRUCTURES,embedding_16,10,-0.04194723080687068,0.9084017196218184,0.10303030303030303,0.7769984634438898,Orthogonal + Recon,3
REACTOME_ASSEMBLY_OF_COLLAGEN_FIBRILS_AND_OTHER_MULTIMERIC_STRUCTURES,embedding_17,10,-0.045942130426755864,0.8997134411153503,-0.10303030303030303,0.7769984634438898,Orthogonal + Recon,3
REACTOME_ASSEMBLY_OF_COLLAGEN_FIBRILS_AND_OTHER_MULTIMERIC_STRUCTURES,embedding_18,10,0.09432291366871096,0.7954945394758286,0.09090909090909088,0.8027717312071619,Orthogonal + Recon,3
REACTOME_ASSEMBLY_OF_COLLAGEN_FIBRILS_AND_OTHER_MULTIMERIC_STRUCTURES,embedding_19,10,0.06060759722104255,0.8679068090217286,0.09090909090909088,0.8027717312071619,Orthogonal + Recon,3
REACTOME_ASSEMBLY_OF_COLLAGEN_FIBRILS_AND_OTHER_MULTIMERIC_STRUCTURES,embedding_20,10,0.09201378966885036,0.8004153416824504,0.12727272727272726,0.7260570147627894,Orthogonal + Recon,3
REACTOME_ASSEMBLY_OF_COLLAGEN_FIBRILS_AND_OTHER_MULTIMERIC_STRUCTURES,embedding_21,10,0.3273128393893052,0.35590555706270344,0.23636363636363633,0.5108853175152002,Orthogonal + Recon,3
REACTOME_ASSEMBLY_OF_COLLAGEN_FIBRILS_AND_OTHER_MULTIMERIC_STRUCTURES,embedding_22,10,0.47372885094573364,0.16663802848480644,0.32121212121212117,0.3654683104386702,Orthogonal + Recon,3
REACTOME_ASSEMBLY_OF_COLLAGEN_FIBRILS_AND_OTHER_MULTIMERIC_STRUCTURES,embedding_23,10,0.14647050745519594,0.6863815632166094,0.06666666666666665,0.8548130882487426,Orthogonal + Recon,3
REACTOME_ASSEMBLY_OF_COLLAGEN_FIBRILS_AND_OTHER_MULTIMERIC_STRUCTURES,embedding_24,10,-0.003968705858544471,0.9913185926728971,0.16363636363636364,0.6514773427962428,Orthogonal + Recon,3
REACTOME_ASSEMBLY_OF_COLLAGEN_FIBRILS_AND_OTHER_MULTIMERIC_STRUCTURES,embedding_25,10,0.0473373084475116,0.8966813637669715,0.12727272727272726,0.7260570147627894,Orthogonal + Recon,3
REACTOME_ASSEMBLY_OF_COLLAGEN_FIBRILS_AND_OTHER_MULTIMERIC_STRUCTURES,embedding_26,10,-0.20616152349609795,0.5677055467986873,-0.09090909090909088,0.8027717312071619,Orthogonal + Recon,3
REACTOME_ASSEMBLY_OF_COLLAGEN_FIBRILS_AND_OTHER_MULTIMERIC_STRUCTURES,embedding_27,10,-0.09310648684248644,0.7980859776354776,-0.09090909090909088,0.8027717312071619,Orthogonal + Recon,3
REACTOME_ASSEMBLY_OF_COLLAGEN_FIBRILS_AND_OTHER_MULTIMERIC_STRUCTURES,embedding_28,10,0.24412704011490632,0.49667715479462554,-0.04242424242424241,0.907363817812816,Orthogonal + Recon,3
REACTOME_ASSEMBLY_OF_COLLAGEN_FIBRILS_AND_OTHER_MULTIMERIC_STRUCTURES,embedding_29,10,0.04567324486002921,0.9002979333885439,0.16363636363636364,0.6514773427962428,Orthogonal + Recon,3
REACTOME_ASSEMBLY_OF_COLLAGEN_FIBRILS_AND_OTHER_MULTIMERIC_STRUCTURES,embedding_30,10,-0.2828812298882393,0.42838280973289056,-0.07878787878787878,0.8287173946974606,Orthogonal + Recon,3
REACTOME_ASSEMBLY_OF_COLLAGEN_FIBRILS_AND_OTHER_MULTIMERIC_STRUCTURES,embedding_31,10,0.13486649494370243,0.7102873521045401,0.12727272727272726,0.7260570147627894,Orthogonal + Recon,3
REACTOME_MOLECULES_ASSOCIATED_WITH_ELASTIC_FIBRES,embedding_0,10,-0.07553141497064526,0.8357144151626366,-0.0303030303030303,0.9337729580941466,Orthogonal + Recon,3
REACTOME_MOLECULES_ASSOCIATED_WITH_ELASTIC_FIBRES,embedding_1,10,0.759887265458487,0.010757124357700047,0.5878787878787878,0.07387770688865801,Orthogonal + Recon,3
REACTOME_MOLECULES_ASSOCIATED_WITH_ELASTIC_FIBRES,embedding_2,10,-0.7865647119254093,0.006954234185567091,-0.7696969696969697,0.009221952722215994,Orthogonal + Recon,3
REACTOME_MOLECULES_ASSOCIATED_WITH_ELASTIC_FIBRES,embedding_3,10,-0.12392715529466704,0.7330345173094814,-0.2606060606060606,0.4670890543863402,Orthogonal + Recon,3
REACTOME_MOLECULES_ASSOCIATED_WITH_ELASTIC_FIBRES,embedding_4,10,0.2824117380335291,0.42918282214596626,0.17575757575757575,0.6271883447764844,Orthogonal + Recon,3
REACTOME_MOLECULES_ASSOCIATED_WITH_ELASTIC_FIBRES,embedding_5,10,-0.7931605454064212,0.006186417595303103,-0.8424242424242423,0.0022200312259168407,Orthogonal + Recon,3
REACTOME_MOLECULES_ASSOCIATED_WITH_ELASTIC_FIBRES,embedding_6,10,0.8732086721972306,0.0009675636144031008,0.8545454545454544,0.0016368033159867143,Orthogonal + Recon,3
REACTOME_MOLECULES_ASSOCIATED_WITH_ELASTIC_FIBRES,embedding_7,10,-0.7403260520600596,0.014339697704532472,-0.5878787878787878,0.07387770688865801,Orthogonal + Recon,3
REACTOME_MOLECULES_ASSOCIATED_WITH_ELASTIC_FIBRES,embedding_8,10,0.8144061642257321,0.004121752459065319,0.8545454545454544,0.0016368033159867143,Orthogonal + Recon,3
REACTOME_MOLECULES_ASSOCIATED_WITH_ELASTIC_FIBRES,embedding_9,10,0.8662201237083729,0.0011886686650680088,0.8424242424242423,0.0022200312259168407,Orthogonal + Recon,3
REACTOME_MOLECULES_ASSOCIATED_WITH_ELASTIC_FIBRES,embedding_10,10,-0.3256126679068266,0.35855778371946945,-0.29696969696969694,0.4047016712701569,Orthogonal + Recon,3
REACTOME_MOLECULES_ASSOCIATED_WITH_ELASTIC_FIBRES,embedding_11,10,-0.7387044182117231,0.014669713682649596,-0.6969696969696969,0.02509667588225183,Orthogonal + Recon,3
REACTOME_MOLECULES_ASSOCIATED_WITH_ELASTIC_FIBRES,embedding_12,10,0.6969819397549727,0.025093034325214966,0.5757575757575757,0.08155281477260236,Orthogonal + Recon,3
REACTOME_MOLECULES_ASSOCIATED_WITH_ELASTIC_FIBRES,embedding_13,10,0.8115348169739229,0.004366633031384477,0.7333333333333332,0.01580059625057158,Orthogonal + Recon,3
REACTOME_MOLECULES_ASSOCIATED_WITH_ELASTIC_FIBRES,embedding_14,10,-0.8710892779506869,0.0010311431761098413,-0.8787878787878788,0.0008138621117322101,Orthogonal + Recon,3
REACTOME_MOLECULES_ASSOCIATED_WITH_ELASTIC_FIBRES,embedding_15,10,0.40902858545106946,0.24051731822220562,0.28484848484848485,0.42503815489214547,Orthogonal + Recon,3
REACTOME_MOLECULES_ASSOCIATED_WITH_ELASTIC_FIBRES,embedding_16,10,0.6267655952304078,0.05247267310505243,0.5878787878787878,0.07387770688865801,Orthogonal + Recon,3
REACTOME_MOLECULES_ASSOCIATED_WITH_ELASTIC_FIBRES,embedding_17,10,-0.7879036117588543,0.00679318851978025,-0.6484848484848483,0.04254012768448945,Orthogonal + Recon,3
REACTOME_MOLECULES_ASSOCIATED_WITH_ELASTIC_FIBRES,embedding_18,10,0.8660872698792746,0.0011931974697673901,0.8787878787878788,0.0008138621117322101,Orthogonal + Recon,3
REACTOME_MOLECULES_ASSOCIATED_WITH_ELASTIC_FIBRES,embedding_19,10,0.8122443439309098,0.004305178801477126,0.8181818181818182,0.0038149200825507135,Orthogonal + Recon,3
REACTOME_MOLECULES_ASSOCIATED_WITH_ELASTIC_FIBRES,embedding_20,10,0.541272876449403,0.10613426041154032,0.6,0.06668799999999996,Orthogonal + Recon,3
REACTOME_MOLECULES_ASSOCIATED_WITH_ELASTIC_FIBRES,embedding_21,10,0.8734994644246671,0.0009590685896622463,0.8787878787878788,0.0008138621117322101,Orthogonal + Recon,3
REACTOME_MOLECULES_ASSOCIATED_WITH_ELASTIC_FIBRES,embedding_22,10,0.41549763757568753,0.23242480502433707,0.5151515151515151,0.12755286970323426,Orthogonal + Recon,3
REACTOME_MOLECULES_ASSOCIATED_WITH_ELASTIC_FIBRES,embedding_23,10,0.8702827475450023,0.0010561185144254866,0.8666666666666665,0.0011735381801554687,Orthogonal + Recon,3
REACTOME_MOLECULES_ASSOCIATED_WITH_ELASTIC_FIBRES,embedding_24,10,0.6997221846367655,0.02428705081621696,0.5757575757575757,0.08155281477260236,Orthogonal + Recon,3
REACTOME_MOLECULES_ASSOCIATED_WITH_ELASTIC_FIBRES,embedding_25,10,0.7472905456181921,0.012981147797657676,0.6,0.06668799999999996,Orthogonal + Recon,3
REACTOME_MOLECULES_ASSOCIATED_WITH_ELASTIC_FIBRES,embedding_26,10,-0.8901136059497846,0.0005575765006451156,-0.8787878787878788,0.0008138621117322101,Orthogonal + Recon,3
REACTOME_MOLECULES_ASSOCIATED_WITH_ELASTIC_FIBRES,embedding_27,10,-0.8406695270877897,0.0023154020195312306,-0.8787878787878788,0.0008138621117322101,Orthogonal + Recon,3
REACTOME_MOLECULES_ASSOCIATED_WITH_ELASTIC_FIBRES,embedding_28,10,0.7505310392915766,0.012380863451041118,0.6363636363636362,0.04791172612997547,Orthogonal + Recon,3
REACTOME_MOLECULES_ASSOCIATED_WITH_ELASTIC_FIBRES,embedding_29,10,0.566839427573089,0.08751596656425432,0.5757575757575757,0.08155281477260236,Orthogonal + Recon,3
REACTOME_MOLECULES_ASSOCIATED_WITH_ELASTIC_FIBRES,embedding_30,10,-0.848983864187408,0.0018884995933390175,-0.8545454545454544,0.0016368033159867143,Orthogonal + Recon,3
REACTOME_MOLECULES_ASSOCIATED_WITH_ELASTIC_FIBRES,embedding_31,10,-0.6655551714686596,0.035683779705442856,-0.6969696969696969,0.02509667588225183,Orthogonal + Recon,3
REACTOME_ECM_PROTEOGLYCANS,embedding_0,10,0.029385867536267055,0.9357738950367006,-0.006060606060606061,0.9867429111949892,Orthogonal + Recon,3
REACTOME_ECM_PROTEOGLYCANS,embedding_1,10,0.29344637985594946,0.410564406781831,0.22424242424242422,0.5334005612725947,Orthogonal + Recon,3
REACTOME_ECM_PROTEOGLYCANS,embedding_2,10,-0.24150766463499418,0.5014521078821338,-0.2121212121212121,0.5563057751029299,Orthogonal + Recon,3
REACTOME_ECM_PROTEOGLYCANS,embedding_3,10,-0.08206565415145886,0.8216855207977416,-0.0303030303030303,0.9337729580941466,Orthogonal + Recon,3
REACTOME_ECM_PROTEOGLYCANS,embedding_4,10,0.12424246721417198,0.7323761445545064,0.09090909090909088,0.8027717312071619,Orthogonal + Recon,3
REACTOME_ECM_PROTEOGLYCANS,embedding_5,10,-0.32858916419235146,0.3539210249312538,-0.2727272727272727,0.44583834154275137,Orthogonal + Recon,3
REACTOME_ECM_PROTEOGLYCANS,embedding_6,10,0.34250099190869665,0.33265468201495685,0.34545454545454546,0.32822651147136733,Orthogonal + Recon,3
REACTOME_ECM_PROTEOGLYCANS,embedding_7,10,-0.2945564930433329,0.4087128759001555,-0.22424242424242422,0.5334005612725947,Orthogonal + Recon,3
REACTOME_ECM_PROTEOGLYCANS,embedding_8,10,0.30551997334190006,0.3906420015380265,0.34545454545454546,0.32822651147136733,Orthogonal + Recon,3
REACTOME_ECM_PROTEOGLYCANS,embedding_9,10,0.32938667079961875,0.35268383484773014,0.28484848484848485,0.42503815489214547,Orthogonal + Recon,3
REACTOME_ECM_PROTEOGLYCANS,embedding_10,10,-0.12372144930439499,0.7334641169045053,-0.09090909090909088,0.8027717312071619,Orthogonal + Recon,3
REACTOME_ECM_PROTEOGLYCANS,embedding_11,10,-0.2922725983381888,0.4125264400285842,-0.23636363636363633,0.5108853175152002,Orthogonal + Recon,3
REACTOME_ECM_PROTEOGLYCANS,embedding_12,10,0.28735234830231404,0.42079885394341915,0.28484848484848485,0.42503815489214547,Orthogonal + Recon,3
REACTOME_ECM_PROTEOGLYCANS,embedding_13,10,0.32388230032105986,0.3612672527031324,0.2727272727272727,0.44583834154275137,Orthogonal + Recon,3
REACTOME_ECM_PROTEOGLYCANS,embedding_14,10,-0.3876708943361276,0.26833799260224067,-0.28484848484848485,0.42503815489214547,Orthogonal + Recon,3
REACTOME_ECM_PROTEOGLYCANS,embedding_15,10,0.17821880426429737,0.6222946832893772,0.13939393939393938,0.7009318849100584,Orthogonal + Recon,3
REACTOME_ECM_PROTEOGLYCANS,embedding_16,10,0.23211216535335333,0.5187370216722922,0.23636363636363633,0.5108853175152002,Orthogonal + Recon,3
REACTOME_ECM_PROTEOGLYCANS,embedding_17,10,-0.29421856914703687,0.4092760707299544,-0.07878787878787878,0.8287173946974606,Orthogonal + Recon,3
REACTOME_ECM_PROTEOGLYCANS,embedding_18,10,0.3201068674265925,0.36721431388607184,0.35757575757575755,0.3103760917056799,Orthogonal + Recon,3
REACTOME_ECM_PROTEOGLYCANS,embedding_19,10,0.2968020247700756,0.40497976543851866,0.17575757575757575,0.6271883447764844,Orthogonal + Recon,3
REACTOME_ECM_PROTEOGLYCANS,embedding_20,10,0.22270308056812063,0.5362881573446862,0.17575757575757575,0.6271883447764844,Orthogonal + Recon,3
REACTOME_ECM_PROTEOGLYCANS,embedding_21,10,0.3702753133612838,0.29223662155554136,0.28484848484848485,0.42503815489214547,Orthogonal + Recon,3
REACTOME_ECM_PROTEOGLYCANS,embedding_22,10,0.20932471699074234,0.561643843652093,0.0303030303030303,0.9337729580941466,Orthogonal + Recon,3
REACTOME_ECM_PROTEOGLYCANS,embedding_23,10,0.3410843129583221,0.3347895144508751,0.24848484848484845,0.48877630451924314,Orthogonal + Recon,3
REACTOME_ECM_PROTEOGLYCANS,embedding_24,10,0.28441149848880143,0.42578004961988636,0.28484848484848485,0.42503815489214547,Orthogonal + Recon,3
REACTOME_ECM_PROTEOGLYCANS,embedding_25,10,0.2778493677342506,0.4369930011829818,0.17575757575757575,0.6271883447764844,Orthogonal + Recon,3
REACTOME_ECM_PROTEOGLYCANS,embedding_26,10,-0.35840716535375966,0.3091708458703642,-0.35757575757575755,0.3103760917056799,Orthogonal + Recon,3
REACTOME_ECM_PROTEOGLYCANS,embedding_27,10,-0.31535341986619664,0.3747705106736693,-0.35757575757575755,0.3103760917056799,Orthogonal + Recon,3
REACTOME_ECM_PROTEOGLYCANS,embedding_28,10,0.2957105447468066,0.40679227363547926,0.16363636363636364,0.6514773427962428,Orthogonal + Recon,3
REACTOME_ECM_PROTEOGLYCANS,embedding_29,10,0.26457174491984026,0.4600877361075694,0.28484848484848485,0.42503815489214547,Orthogonal + Recon,3
REACTOME_ECM_PROTEOGLYCANS,embedding_30,10,-0.31838813144569716,0.3699376648308597,-0.34545454545454546,0.32822651147136733,Orthogonal + Recon,3
REACTOME_ECM_PROTEOGLYCANS,embedding_31,10,-0.17960557331420995,0.6195432106134952,-0.16363636363636364,0.6514773427962428,Orthogonal + Recon,3
REACTOME_ELASTIC_FIBRE_FORMATION,embedding_0,10,0.11965933601296211,0.741961012548356,0.406060606060606,0.24428229408662638,Orthogonal + Recon,4
REACTOME_ELASTIC_FIBRE_FORMATION,embedding_1,10,0.5121794934141873,0.13014642537517512,0.5151515151515151,0.12755286970323426,Orthogonal + Recon,4
REACTOME_ELASTIC_FIBRE_FORMATION,embedding_2,10,0.1130024030245399,0.7559396709375936,0.17575757575757575,0.6271883447764844,Orthogonal + Recon,4
REACTOME_ELASTIC_FIBRE_FORMATION,embedding_3,10,-0.29595345031214226,0.406388572025146,-0.4787878787878787,0.1615229280174558,Orthogonal + Recon,4
REACTOME_ELASTIC_FIBRE_FORMATION,embedding_4,10,0.3693817457708275,0.2934939544203505,0.5393939393939393,0.1075931877824148,Orthogonal + Recon,4
REACTOME_ELASTIC_FIBRE_FORMATION,embedding_5,10,-0.1955284367969274,0.5882621196705867,-0.32121212121212117,0.3654683104386702,Orthogonal + Recon,4
REACTOME_ELASTIC_FIBRE_FORMATION,embedding_6,10,0.31665705512931785,0.3726906452790255,0.4787878787878787,0.1615229280174558,Orthogonal + Recon,4
REACTOME_ELASTIC_FIBRE_FORMATION,embedding_7,10,-0.1513044385989057,0.6764951310114791,-0.006060606060606061,0.9867429111949892,Orthogonal + Recon,4
REACTOME_ELASTIC_FIBRE_FORMATION,embedding_8,10,-0.005660959235451976,0.9876170485072888,0.23636363636363633,0.5108853175152002,Orthogonal + Recon,4
REACTOME_ELASTIC_FIBRE_FORMATION,embedding_9,10,0.028095448842619598,0.9385896954450844,0.13939393939393938,0.7009318849100584,Orthogonal + Recon,4
REACTOME_ELASTIC_FIBRE_FORMATION,embedding_10,10,0.32741567817096595,0.35574544827722954,0.4787878787878787,0.1615229280174558,Orthogonal + Recon,4
REACTOME_ELASTIC_FIBRE_FORMATION,embedding_11,10,0.4771817295253972,0.16313651868887907,0.6606060606060605,0.03758837757140939,Orthogonal + Recon,4
REACTOME_ELASTIC_FIBRE_FORMATION,embedding_12,10,-0.45180114687071443,0.18991699963951442,-0.5636363636363636,0.08972402831709125,Orthogonal + Recon,4
REACTOME_ELASTIC_FIBRE_FORMATION,embedding_13,10,-0.04153937356122351,0.9092892515120281,-0.09090909090909088,0.8027717312071619,Orthogonal + Recon,4
REACTOME_ELASTIC_FIBRE_FORMATION,embedding_14,10,0.4323945450345237,0.21202525231332167,0.5878787878787878,0.07387770688865801,Orthogonal + Recon,4
REACTOME_ELASTIC_FIBRE_FORMATION,embedding_15,10,0.14096849097400274,0.6976866425715322,0.43030303030303024,0.21449233253280775,Orthogonal + Recon,4
REACTOME_ELASTIC_FIBRE_FORMATION,embedding_16,10,-0.2530813738507711,0.48050174977523863,-0.2727272727272727,0.44583834154275137,Orthogonal + Recon,4
REACTOME_ELASTIC_FIBRE_FORMATION,embedding_17,10,-0.04833700369345633,0.8945095096315773,0.06666666666666665,0.8548130882487426,Orthogonal + Recon,4
REACTOME_ELASTIC_FIBRE_FORMATION,embedding_18,10,0.470287913137225,0.17017178856672618,0.6,0.06668799999999996,Orthogonal + Recon,4
REACTOME_ELASTIC_FIBRE_FORMATION,embedding_19,10,-0.3725158392499702,0.28909670337008725,-0.5272727272727272,0.11730806555020223,Orthogonal + Recon,4
REACTOME_ELASTIC_FIBRE_FORMATION,embedding_20,10,0.07888524332137234,0.8285083563837542,-0.04242424242424241,0.907363817812816,Orthogonal + Recon,4
REACTOME_ELASTIC_FIBRE_FORMATION,embedding_21,10,-0.06801738234567727,0.851898415097587,0.06666666666666665,0.8548130882487426,Orthogonal + Recon,4
REACTOME_ELASTIC_FIBRE_FORMATION,embedding_22,10,0.6009181340606586,0.06616286387856596,0.6,0.06668799999999996,Orthogonal + Recon,4
REACTOME_ELASTIC_FIBRE_FORMATION,embedding_23,10,-0.08725312712323416,0.8105802441022484,0.07878787878787878,0.8287173946974606,Orthogonal + Recon,4
REACTOME_ELASTIC_FIBRE_FORMATION,embedding_24,10,-0.23988252903046345,0.5044243299072617,-0.33333333333333326,0.34659350708733405,Orthogonal + Recon,4
REACTOME_ELASTIC_FIBRE_FORMATION,embedding_25,10,-0.05686874371010769,0.876001160603071,0.16363636363636364,0.6514773427962428,Orthogonal + Recon,4
REACTOME_ELASTIC_FIBRE_FORMATION,embedding_26,10,-0.2897348332015385,0.4167835352197703,-0.5151515151515151,0.12755286970323426,Orthogonal + Recon,4
REACTOME_ELASTIC_FIBRE_FORMATION,embedding_27,10,-0.5564711104761051,0.09479164665866023,-0.5878787878787878,0.07387770688865801,Orthogonal + Recon,4
REACTOME_ELASTIC_FIBRE_FORMATION,embedding_28,10,-0.35434859327919965,0.31507768916233825,-0.4787878787878787,0.1615229280174558,Orthogonal + Recon,4
REACTOME_ELASTIC_FIBRE_FORMATION,embedding_29,10,-0.1367463446896559,0.7063985405119018,-0.4787878787878787,0.1615229280174558,Orthogonal + Recon,4
REACTOME_ELASTIC_FIBRE_FORMATION,embedding_30,10,0.29170309381961834,0.4134799881947804,0.23636363636363633,0.5108853175152002,Orthogonal + Recon,4
REACTOME_ELASTIC_FIBRE_FORMATION,embedding_31,10,-0.3327084960297514,0.34755415119901034,-0.4787878787878787,0.1615229280174558,Orthogonal + Recon,4
REACTOME_NON_INTEGRIN_MEMBRANE_ECM_INTERACTIONS,embedding_0,10,0.39501517445441825,0.2585810033698321,0.2606060606060606,0.4670890543863402,Orthogonal + Recon,4
REACTOME_NON_INTEGRIN_MEMBRANE_ECM_INTERACTIONS,embedding_1,10,0.6295224212745857,0.05113434557504129,0.6969696969696969,0.02509667588225183,Orthogonal + Recon,4
REACTOME_NON_INTEGRIN_MEMBRANE_ECM_INTERACTIONS,embedding_2,10,-0.37852030746876,0.2807717928876502,-0.05454545454545454,0.8810361811618526,Orthogonal + Recon,4
REACTOME_NON_INTEGRIN_MEMBRANE_ECM_INTERACTIONS,embedding_3,10,-0.5973445456367578,0.06822213720235541,-0.7454545454545454,0.013330146315440047,Orthogonal + Recon,4
REACTOME_NON_INTEGRIN_MEMBRANE_ECM_INTERACTIONS,embedding_4,10,0.5916713157317961,0.07157651521852534,0.6363636363636362,0.04791172612997547,Orthogonal + Recon,4
REACTOME_NON_INTEGRIN_MEMBRANE_ECM_INTERACTIONS,embedding_5,10,0.3322479515492581,0.3482630696914183,0.17575757575757575,0.6271883447764844,Orthogonal + Recon,4
REACTOME_NON_INTEGRIN_MEMBRANE_ECM_INTERACTIONS,embedding_6,10,0.6056359408680683,0.06350715268836003,0.7454545454545454,0.013330146315440047,Orthogonal + Recon,4
REACTOME_NON_INTEGRIN_MEMBRANE_ECM_INTERACTIONS,embedding_7,10,0.013282206877199457,0.970950297679664,0.05454545454545454,0.8810361811618526,Orthogonal + Recon,4
REACTOME_NON_INTEGRIN_MEMBRANE_ECM_INTERACTIONS,embedding_8,10,0.6630158347401618,0.03665264821048997,0.7575757575757575,0.011143446799694208,Orthogonal + Recon,4
REACTOME_NON_INTEGRIN_MEMBRANE_ECM_INTERACTIONS,embedding_9,10,-0.45293626908023416,0.18866764393023758,-0.07878787878787878,0.8287173946974606,Orthogonal + Recon,4
REACTOME_NON_INTEGRIN_MEMBRANE_ECM_INTERACTIONS,embedding_10,10,0.5885169416801542,0.07348717805573846,0.7454545454545454,0.013330146315440047,Orthogonal + Recon,4
REACTOME_NON_INTEGRIN_MEMBRANE_ECM_INTERACTIONS,embedding_11,10,0.2382484444293934,0.5074203656797414,0.49090909090909085,0.14965567342083677,Orthogonal + Recon,4
REACTOME_NON_INTEGRIN_MEMBRANE_ECM_INTERACTIONS,embedding_12,10,-0.6538262677441006,0.04030720038888975,-0.5272727272727272,0.11730806555020223,Orthogonal + Recon,4
REACTOME_NON_INTEGRIN_MEMBRANE_ECM_INTERACTIONS,embedding_13,10,0.3749545104802895,0.2856997923692443,0.1515151515151515,0.6760651759978538,Orthogonal + Recon,4
REACTOME_NON_INTEGRIN_MEMBRANE_ECM_INTERACTIONS,embedding_14,10,0.5530039056324153,0.09730786657318852,0.6484848484848483,0.04254012768448945,Orthogonal + Recon,4
REACTOME_NON_INTEGRIN_MEMBRANE_ECM_INTERACTIONS,embedding_15,10,-0.4422080682676565,0.2006687786747569,-0.04242424242424241,0.907363817812816,Orthogonal + Recon,4
REACTOME_NON_INTEGRIN_MEMBRANE_ECM_INTERACTIONS,embedding_16,10,0.27654506492589004,0.4392377083692259,0.05454545454545454,0.8810361811618526,Orthogonal + Recon,4
REACTOME_NON_INTEGRIN_MEMBRANE_ECM_INTERACTIONS,embedding_17,10,-0.5261343430257704,0.11824757458082859,-0.2727272727272727,0.44583834154275137,Orthogonal + Recon,4
REACTOME_NON_INTEGRIN_MEMBRANE_ECM_INTERACTIONS,embedding_18,10,0.1883221979039094,0.6023470075247872,0.1515151515151515,0.6760651759978538,Orthogonal + Recon,4
REACTOME_NON_INTEGRIN_MEMBRANE_ECM_INTERACTIONS,embedding_19,10,-0.590516077187614,0.07227246622946637,-0.709090909090909,0.021665923367532435,Orthogonal + Recon,4
REACTOME_NON_INTEGRIN_MEMBRANE_ECM_INTERACTIONS,embedding_20,10,0.5281983555321124,0.1165475903210551,0.19999999999999998,0.5795840000000001,Orthogonal + Recon,4
REACTOME_NON_INTEGRIN_MEMBRANE_ECM_INTERACTIONS,embedding_21,10,-0.5027999243113985,0.13854382713394292,-0.309090909090909,0.3848412302612835,Orthogonal + Recon,4
REACTOME_NON_INTEGRIN_MEMBRANE_ECM_INTERACTIONS,embedding_22,10,0.5525352453683285,0.09765120410510696,0.6,0.06668799999999996,Orthogonal + Recon,4
REACTOME_NON_INTEGRIN_MEMBRANE_ECM_INTERACTIONS,embedding_23,10,-0.5166498722404822,0.12625754343031753,-0.23636363636363633,0.5108853175152002,Orthogonal + Recon,4
REACTOME_NON_INTEGRIN_MEMBRANE_ECM_INTERACTIONS,embedding_24,10,-0.5921730898346779,0.07127559541327011,-0.7818181818181817,0.007547007781067878,Orthogonal + Recon,4
REACTOME_NON_INTEGRIN_MEMBRANE_ECM_INTERACTIONS,embedding_25,10,-0.542324921656639,0.10532286199607441,-0.34545454545454546,0.32822651147136733,Orthogonal + Recon,4
REACTOME_NON_INTEGRIN_MEMBRANE_ECM_INTERACTIONS,embedding_26,10,-0.7100664392643669,0.02140474200046917,-0.7696969696969697,0.009221952722215994,Orthogonal + Recon,4
REACTOME_NON_INTEGRIN_MEMBRANE_ECM_INTERACTIONS,embedding_27,10,-0.2909628166780553,0.41472102246730314,-0.2727272727272727,0.44583834154275137,Orthogonal + Recon,4
REACTOME_NON_INTEGRIN_MEMBRANE_ECM_INTERACTIONS,embedding_28,10,-0.6122161277587638,0.059921391321932645,-0.7454545454545454,0.013330146315440047,Orthogonal + Recon,4
REACTOME_NON_INTEGRIN_MEMBRANE_ECM_INTERACTIONS,embedding_29,10,-0.5951283471821419,0.06952000577939622,-0.7454545454545454,0.013330146315440047,Orthogonal + Recon,4
REACTOME_NON_INTEGRIN_MEMBRANE_ECM_INTERACTIONS,embedding_30,10,0.5241831247183614,0.11986880492494187,0.6727272727272726,0.0330412225454377,Orthogonal + Recon,4
REACTOME_NON_INTEGRIN_MEMBRANE_ECM_INTERACTIONS,embedding_31,10,-0.6381105292141274,0.0471111204406969,-0.7454545454545454,0.013330146315440047,Orthogonal + Recon,4
REACTOME_COLLAGEN_FORMATION,embedding_0,10,-0.1327029514255355,0.714770494530539,0.18787878787878787,0.603217610029209,Orthogonal + Recon,4
REACTOME_COLLAGEN_FORMATION,embedding_1,10,-0.4932227460130579,0.1474525796220389,-0.49090909090909085,0.14965567342083677,Orthogonal + Recon,4
REACTOME_COLLAGEN_FORMATION,embedding_2,10,0.15898073121521403,0.6608870065837198,-0.29696969696969694,0.4047016712701569,Orthogonal + Recon,4
REACTOME_COLLAGEN_FORMATION,embedding_3,10,0.5216721565535286,0.12197539637424978,0.4545454545454545,0.186904810349332,Orthogonal + Recon,4
REACTOME_COLLAGEN_FORMATION,embedding_4,10,-0.6106821767543568,0.060745061833204064,-0.5151515151515151,0.12755286970323426,Orthogonal + Recon,4
REACTOME_COLLAGEN_FORMATION,embedding_5,10,-0.20862166154617262,0.5629889642151401,0.18787878787878787,0.603217610029209,Orthogonal + Recon,4
REACTOME_COLLAGEN_FORMATION,embedding_6,10,-0.5577881693094365,0.09384680808275585,-0.4545454545454545,0.186904810349332,Orthogonal + Recon,4
REACTOME_COLLAGEN_FORMATION,embedding_7,10,-0.3491909004026583,0.32266867463679877,-0.22424242424242422,0.5334005612725947,Orthogonal + Recon,4
REACTOME_COLLAGEN_FORMATION,embedding_8,10,-0.4922584290979336,0.14836840200043064,-0.5757575757575757,0.08155281477260236,Orthogonal + Recon,4
REACTOME_COLLAGEN_FORMATION,embedding_9,10,0.26982307025970426,0.4508894148650676,-0.12727272727272726,0.7260570147627894,Orthogonal + Recon,4
REACTOME_COLLAGEN_FORMATION,embedding_10,10,-0.6150968730380427,0.05839449668010917,-0.4545454545454545,0.186904810349332,Orthogonal + Recon,4
REACTOME_COLLAGEN_FORMATION,embedding_11,10,-0.4418203361137254,0.20111061144865489,-0.4666666666666666,0.17393859716506632,Orthogonal + Recon,4
REACTOME_COLLAGEN_FORMATION,embedding_12,10,0.6597822814020187,0.0379119177987544,0.4787878787878787,0.1615229280174558,Orthogonal + Recon,4
REACTOME_COLLAGEN_FORMATION,embedding_13,10,-0.2911189265581565,0.41445916677433237,-0.05454545454545454,0.8810361811618526,Orthogonal + Recon,4
REACTOME_COLLAGEN_FORMATION,embedding_14,10,-0.6116997090211738,0.060197861119672354,-0.38181818181818183,0.27625533338543595,Orthogonal + Recon,4
REACTOME_COLLAGEN_FORMATION,embedding_15,10,0.09780253321669635,0.7880916773930987,-0.32121212121212117,0.3654683104386702,Orthogonal + Recon,4
REACTOME_COLLAGEN_FORMATION,embedding_16,10,-0.22816072959381392,0.526078824807376,0.01818181818181818,0.9602404181286243,Orthogonal + Recon,4
REACTOME_COLLAGEN_FORMATION,embedding_17,10,0.46212033660863444,0.17873725960529604,0.2727272727272727,0.44583834154275137,Orthogonal + Recon,4
REACTOME_COLLAGEN_FORMATION,embedding_18,10,-0.2834213142684924,0.42746336466023216,-0.38181818181818183,0.27625533338543595,Orthogonal + Recon,4
REACTOME_COLLAGEN_FORMATION,embedding_19,10,0.585507138542608,0.07534088315242354,0.4666666666666666,0.17393859716506632,Orthogonal + Recon,4
REACTOME_COLLAGEN_FORMATION,embedding_20,10,-0.40729339963616085,0.2427144780907014,-0.1515151515151515,0.6760651759978538,Orthogonal + Recon,4
REACTOME_COLLAGEN_FORMATION,embedding_21,10,0.3955850839237933,0.25783218506056516,0.18787878787878787,0.603217610029209,Orthogonal + Recon,4
REACTOME_COLLAGEN_FORMATION,embedding_22,10,-0.5296021483529778,0.11540015737437812,-0.406060606060606,0.24428229408662638,Orthogonal + Recon,4
REACTOME_COLLAGEN_FORMATION,embedding_23,10,0.45326317947123645,0.18830873234644485,0.24848484848484845,0.48877630451924314,Orthogonal + Recon,4
REACTOME_COLLAGEN_FORMATION,embedding_24,10,0.5331193601868588,0.11255637626123967,0.4787878787878787,0.1615229280174558,Orthogonal + Recon,4
REACTOME_COLLAGEN_FORMATION,embedding_25,10,0.4327419512361572,0.2116170527905389,0.24848484848484845,0.48877630451924314,Orthogonal + Recon,4
REACTOME_COLLAGEN_FORMATION,embedding_26,10,0.48284444998252163,0.1574904262854575,0.406060606060606,0.24428229408662638,Orthogonal + Recon,4
REACTOME_COLLAGEN_FORMATION,embedding_27,10,0.43927172598004716,0.20402888455948462,0.49090909090909085,0.14965567342083677,Orthogonal + Recon,4
REACTOME_COLLAGEN_FORMATION,embedding_28,10,0.5887474138784227,0.07334646719059046,0.4545454545454545,0.186904810349332,Orthogonal + Recon,4
REACTOME_COLLAGEN_FORMATION,embedding_29,10,0.4460912562571432,0.19627491403718197,0.4545454545454545,0.186904810349332,Orthogonal + Recon,4
REACTOME_COLLAGEN_FORMATION,embedding_30,10,-0.44759744174064053,0.1945858970548877,-0.5757575757575757,0.08155281477260236,Orthogonal + Recon,4
REACTOME_COLLAGEN_FORMATION,embedding_31,10,0.5567756421817799,0.09457264388848771,0.4545454545454545,0.186904810349332,Orthogonal + Recon,4
REACTOME_COLLAGEN_DEGRADATION,embedding_0,10,-0.1367606546737663,0.7063689610280124,0.12727272727272726,0.7260570147627894,Orthogonal + Recon,4
REACTOME_COLLAGEN_DEGRADATION,embedding_1,10,-0.6297425507384392,0.05102847045110753,-0.6363636363636362,0.04791172612997547,Orthogonal + Recon,4
REACTOME_COLLAGEN_DEGRADATION,embedding_2,10,0.12095224683798392,0.7392538059388964,-0.22424242424242422,0.5334005612725947,Orthogonal + Recon,4
REACTOME_COLLAGEN_DEGRADATION,embedding_3,10,0.5919819271851117,0.07139014055814889,0.6,0.06668799999999996,Orthogonal + Recon,4
REACTOME_COLLAGEN_DEGRADATION,embedding_4,10,-0.6988311566243435,0.024547146738901512,-0.6363636363636362,0.04791172612997547,Orthogonal + Recon,4
REACTOME_COLLAGEN_DEGRADATION,embedding_5,10,-0.13747296902631995,0.7048970181077439,0.11515151515151514,0.7514196523258483,Orthogonal + Recon,4
REACTOME_COLLAGEN_DEGRADATION,embedding_6,10,-0.6348530804504735,0.048611292239394116,-0.6,0.06668799999999996,Orthogonal + Recon,4
REACTOME_COLLAGEN_DEGRADATION,embedding_7,10,-0.2175045307295352,0.5460859572665826,-0.22424242424242422,0.5334005612725947,Orthogonal + Recon,4
REACTOME_COLLAGEN_DEGRADATION,embedding_8,10,-0.5302898659859469,0.11484061908149673,-0.6969696969696969,0.02509667588225183,Orthogonal + Recon,4
REACTOME_COLLAGEN_DEGRADATION,embedding_9,10,0.2535192722504446,0.47971665018853715,-0.06666666666666665,0.8548130882487426,Orthogonal + Recon,4
REACTOME_COLLAGEN_DEGRADATION,embedding_10,10,-0.6962148296171448,0.025321908578986096,-0.6,0.06668799999999996,Orthogonal + Recon,4
REACTOME_COLLAGEN_DEGRADATION,embedding_11,10,-0.511201349689219,0.131007072470786,-0.6,0.06668799999999996,Orthogonal + Recon,4
REACTOME_COLLAGEN_DEGRADATION,embedding_12,10,0.7951138722587834,0.005971124525209932,0.5757575757575757,0.08155281477260236,Orthogonal + Recon,4
REACTOME_COLLAGEN_DEGRADATION,embedding_13,10,-0.24679830068763597,0.4918276427703747,-0.10303030303030303,0.7769984634438898,Orthogonal + Recon,4
REACTOME_COLLAGEN_DEGRADATION,embedding_14,10,-0.71695749934987,0.019621344983312607,-0.5515151515151515,0.09840117666963498,Orthogonal + Recon,4
REACTOME_COLLAGEN_DEGRADATION,embedding_15,10,0.09447820950565677,0.7951638310743617,-0.406060606060606,0.24428229408662638,Orthogonal + Recon,4
REACTOME_COLLAGEN_DEGRADATION,embedding_16,10,-0.1318313291519346,0.7165788389333132,-0.006060606060606061,0.9867429111949892,Orthogonal + Recon,4
REACTOME_COLLAGEN_DEGRADATION,embedding_17,10,0.462606478471637,0.17822043464624743,0.33333333333333326,0.34659350708733405,Orthogonal + Recon,4
REACTOME_COLLAGEN_DEGRADATION,embedding_18,10,-0.4556485641375258,0.1857019917112684,-0.4545454545454545,0.186904810349332,Orthogonal + Recon,4
REACTOME_COLLAGEN_DEGRADATION,embedding_19,10,0.6753580959433341,0.032106194329287664,0.6121212121212121,0.05997214247725524,Orthogonal + Recon,4
REACTOME_COLLAGEN_DEGRADATION,embedding_20,10,-0.41724859631762723,0.2302612756315005,-0.18787878787878787,0.603217610029209,Orthogonal + Recon,4
REACTOME_COLLAGEN_DEGRADATION,embedding_21,10,0.3975971289656255,0.2551981074605528,0.24848484848484845,0.48877630451924314,Orthogonal + Recon,4
REACTOME_COLLAGEN_DEGRADATION,embedding_22,10,-0.690765208263148,0.026989205649592528,-0.5636363636363636,0.08972402831709125,Orthogonal + Recon,4
REACTOME_COLLAGEN_DEGRADATION,embedding_23,10,0.4592006120888943,0.1818599189457627,0.29696969696969694,0.4047016712701569,Orthogonal + Recon,4
REACTOME_COLLAGEN_DEGRADATION,embedding_24,10,0.5892215623838538,0.07305753488689362,0.6363636363636362,0.04791172612997547,Orthogonal + Recon,4
REACTOME_COLLAGEN_DEGRADATION,embedding_25,10,0.4417484274473197,0.20119261566758379,0.309090909090909,0.3848412302612835,Orthogonal + Recon,4
REACTOME_COLLAGEN_DEGRADATION,embedding_26,10,0.6096916071479612,0.061280897317420646,0.5757575757575757,0.08155281477260236,Orthogonal + Recon,4
REACTOME_COLLAGEN_DEGRADATION,embedding_27,10,0.5945408380694734,0.069866748023175,0.5636363636363636,0.08972402831709125,Orthogonal + Recon,4
REACTOME_COLLAGEN_DEGRADATION,embedding_28,10,0.6798673708140126,0.030545659979928988,0.6,0.06668799999999996,Orthogonal + Recon,4
REACTOME_COLLAGEN_DEGRADATION,embedding_29,10,0.48387092887462374,0.15647976486164875,0.6,0.06668799999999996,Orthogonal + Recon,4
REACTOME_COLLAGEN_DEGRADATION,embedding_30,10,-0.5009350703831112,0.14025196355184608,-0.6848484848484848,0.02888279750673276,Orthogonal + Recon,4
REACTOME_COLLAGEN_DEGRADATION,embedding_31,10,0.644830793427801,0.04411456129463269,0.6,0.06668799999999996,Orthogonal + Recon,4
REACTOME_DEGRADATION_OF_THE_EXTRACELLULAR_MATRIX,embedding_0,10,-0.12822758717104638,0.7240688653893126,0.2121212121212121,0.5563057751029299,Orthogonal + Recon,4
REACTOME_DEGRADATION_OF_THE_EXTRACELLULAR_MATRIX,embedding_1,10,-0.5227111061264418,0.12110099293526039,-0.5636363636363636,0.08972402831709125,Orthogonal + Recon,4
REACTOME_DEGRADATION_OF_THE_EXTRACELLULAR_MATRIX,embedding_2,10,0.15064641737904494,0.6778383500902077,-0.24848484848484845,0.48877630451924314,Orthogonal + Recon,4
REACTOME_DEGRADATION_OF_THE_EXTRACELLULAR_MATRIX,embedding_3,10,0.5551903214391186,0.09571625638318118,0.5393939393939393,0.1075931877824148,Orthogonal + Recon,4
REACTOME_DEGRADATION_OF_THE_EXTRACELLULAR_MATRIX,embedding_4,10,-0.6449605184053121,0.04405800841965646,-0.5393939393939393,0.1075931877824148,Orthogonal + Recon,4
REACTOME_DEGRADATION_OF_THE_EXTRACELLULAR_MATRIX,embedding_5,10,-0.2095387816609405,0.5612345309177064,0.05454545454545454,0.8810361811618526,Orthogonal + Recon,4
REACTOME_DEGRADATION_OF_THE_EXTRACELLULAR_MATRIX,embedding_6,10,-0.595915220536738,0.06905736208140625,-0.5393939393939393,0.1075931877824148,Orthogonal + Recon,4
REACTOME_DEGRADATION_OF_THE_EXTRACELLULAR_MATRIX,embedding_7,10,-0.34338983069180656,0.33131885430155084,-0.2727272727272727,0.44583834154275137,Orthogonal + Recon,4
REACTOME_DEGRADATION_OF_THE_EXTRACELLULAR_MATRIX,embedding_8,10,-0.5218578772975421,0.12181880231119538,-0.6969696969696969,0.02509667588225183,Orthogonal + Recon,4
REACTOME_DEGRADATION_OF_THE_EXTRACELLULAR_MATRIX,embedding_9,10,0.2711373643354406,0.44860036415097704,-0.09090909090909088,0.8027717312071619,Orthogonal + Recon,4
REACTOME_DEGRADATION_OF_THE_EXTRACELLULAR_MATRIX,embedding_10,10,-0.6620511774317331,0.037025318441413574,-0.5393939393939393,0.1075931877824148,Orthogonal + Recon,4
REACTOME_DEGRADATION_OF_THE_EXTRACELLULAR_MATRIX,embedding_11,10,-0.47821284307787787,0.16209952083349938,-0.5030303030303029,0.13833369839449197,Orthogonal + Recon,4
REACTOME_DEGRADATION_OF_THE_EXTRACELLULAR_MATRIX,embedding_12,10,0.6949171118217363,0.025712347369219082,0.4787878787878787,0.1615229280174558,Orthogonal + Recon,4
REACTOME_DEGRADATION_OF_THE_EXTRACELLULAR_MATRIX,embedding_13,10,-0.2919251671694248,0.4131080366515921,-0.11515151515151514,0.7514196523258483,Orthogonal + Recon,4
REACTOME_DEGRADATION_OF_THE_EXTRACELLULAR_MATRIX,embedding_14,10,-0.657958690758245,0.038634807544627774,-0.4787878787878787,0.1615229280174558,Orthogonal + Recon,4
REACTOME_DEGRADATION_OF_THE_EXTRACELLULAR_MATRIX,embedding_15,10,0.092900727730243,0.7985244968220984,-0.35757575757575755,0.3103760917056799,Orthogonal + Recon,4
REACTOME_DEGRADATION_OF_THE_EXTRACELLULAR_MATRIX,embedding_16,10,-0.2100157729691783,0.5603228910362391,-0.05454545454545454,0.8810361811618526,Orthogonal + Recon,4
REACTOME_DEGRADATION_OF_THE_EXTRACELLULAR_MATRIX,embedding_17,10,0.4792130157319771,0.16109743358628026,0.309090909090909,0.3848412302612835,Orthogonal + Recon,4
REACTOME_DEGRADATION_OF_THE_EXTRACELLULAR_MATRIX,embedding_18,10,-0.340376446622663,0.33585884711352526,-0.41818181818181815,0.22911284098281892,Orthogonal + Recon,4
REACTOME_DEGRADATION_OF_THE_EXTRACELLULAR_MATRIX,embedding_19,10,0.6242463413033632,0.0537158192620095,0.5030303030303029,0.13833369839449197,Orthogonal + Recon,4
REACTOME_DEGRADATION_OF_THE_EXTRACELLULAR_MATRIX,embedding_20,10,-0.41820389412295944,0.22908571344873166,-0.19999999999999998,0.5795840000000001,Orthogonal + Recon,4
REACTOME_DEGRADATION_OF_THE_EXTRACELLULAR_MATRIX,embedding_21,10,0.41439340104601047,0.23379511313708098,0.2606060606060606,0.4670890543863402,Orthogonal + Recon,4
REACTOME_DEGRADATION_OF_THE_EXTRACELLULAR_MATRIX,embedding_22,10,-0.5832276738914163,0.0767647793641393,-0.5030303030303029,0.13833369839449197,Orthogonal + Recon,4
REACTOME_DEGRADATION_OF_THE_EXTRACELLULAR_MATRIX,embedding_23,10,0.47331261297092464,0.16706313948129664,0.29696969696969694,0.4047016712701569,Orthogonal + Recon,4
REACTOME_DEGRADATION_OF_THE_EXTRACELLULAR_MATRIX,embedding_24,10,0.5709627425216632,0.08472525761972859,0.6121212121212121,0.05997214247725524,Orthogonal + Recon,4
REACTOME_DEGRADATION_OF_THE_EXTRACELLULAR_MATRIX,embedding_25,10,0.452754967680007,0.18886686591760737,0.38181818181818183,0.27625533338543595,Orthogonal + Recon,4
REACTOME_DEGRADATION_OF_THE_EXTRACELLULAR_MATRIX,embedding_26,10,0.5218248003940181,0.12184668259046313,0.49090909090909085,0.14965567342083677,Orthogonal + Recon,4
REACTOME_DEGRADATION_OF_THE_EXTRACELLULAR_MATRIX,embedding_27,10,0.4875374678483861,0.152901760997618,0.5272727272727272,0.11730806555020223,Orthogonal + Recon,4
REACTOME_DEGRADATION_OF_THE_EXTRACELLULAR_MATRIX,embedding_28,10,0.6325095421362364,0.049710047704383475,0.5393939393939393,0.1075931877824148,Orthogonal + Recon,4
REACTOME_DEGRADATION_OF_THE_EXTRACELLULAR_MATRIX,embedding_29,10,0.46757938971243806,0.17298455503958748,0.5393939393939393,0.1075931877824148,Orthogonal + Recon,4
REACTOME_DEGRADATION_OF_THE_EXTRACELLULAR_MATRIX,embedding_30,10,-0.47799923366547853,0.16231402317531612,-0.6484848484848483,0.04254012768448945,Orthogonal + Recon,4
REACTOME_DEGRADATION_OF_THE_EXTRACELLULAR_MATRIX,embedding_31,10,0.5925055429254609,0.0710766738798082,0.5393939393939393,0.1075931877824148,Orthogonal + Recon,4
REACTOME_INTEGRIN_CELL_SURFACE_INTERACTIONS,embedding_0,10,-0.30344446815285614,0.39403286874193166,-0.16363636363636364,0.6514773427962428,Orthogonal + Recon,4
REACTOME_INTEGRIN_CELL_SURFACE_INTERACTIONS,embedding_1,10,-0.5220248901872356,0.12167808896746085,-0.4787878787878787,0.1615229280174558,Orthogonal + Recon,4
REACTOME_INTEGRIN_CELL_SURFACE_INTERACTIONS,embedding_2,10,0.3075478842307918,0.38734260610042326,0.07878787878787878,0.8287173946974606,Orthogonal + Recon,4
REACTOME_INTEGRIN_CELL_SURFACE_INTERACTIONS,embedding_3,10,0.5388599596186107,0.10801009572228945,0.4787878787878787,0.1615229280174558,Orthogonal + Recon,4
REACTOME_INTEGRIN_CELL_SURFACE_INTERACTIONS,embedding_4,10,-0.5519603613415138,0.09807341037637679,-0.41818181818181815,0.22911284098281892,Orthogonal + Recon,4
REACTOME_INTEGRIN_CELL_SURFACE_INTERACTIONS,embedding_5,10,-0.35090707094496976,0.32013238526286125,-0.2606060606060606,0.4670890543863402,Orthogonal + Recon,4
REACTOME_INTEGRIN_CELL_SURFACE_INTERACTIONS,embedding_6,10,-0.5373273895220364,0.10921230125529295,-0.4787878787878787,0.1615229280174558,Orthogonal + Recon,4
REACTOME_INTEGRIN_CELL_SURFACE_INTERACTIONS,embedding_7,10,-0.292089628183331,0.4128326821482954,-0.34545454545454546,0.32822651147136733,Orthogonal + Recon,4
REACTOME_INTEGRIN_CELL_SURFACE_INTERACTIONS,embedding_8,10,-0.4802147636210754,0.16009751078274448,-0.4545454545454545,0.186904810349332,Orthogonal + Recon,4
REACTOME_INTEGRIN_CELL_SURFACE_INTERACTIONS,embedding_9,10,0.3967362086818363,0.2563233532530519,0.22424242424242422,0.5334005612725947,Orthogonal + Recon,4
REACTOME_INTEGRIN_CELL_SURFACE_INTERACTIONS,embedding_10,10,-0.5612494061781361,0.09139246685717259,-0.4787878787878787,0.1615229280174558,Orthogonal + Recon,4
REACTOME_INTEGRIN_CELL_SURFACE_INTERACTIONS,embedding_11,10,-0.3433390215102553,0.3313951403313683,-0.33333333333333326,0.34659350708733405,Orthogonal + Recon,4
REACTOME_INTEGRIN_CELL_SURFACE_INTERACTIONS,embedding_12,10,0.5524912308518771,0.09768348834078783,0.4787878787878787,0.1615229280174558,Orthogonal + Recon,4
REACTOME_INTEGRIN_CELL_SURFACE_INTERACTIONS,embedding_13,10,-0.39798839370334527,0.2546876200431042,-0.309090909090909,0.3848412302612835,Orthogonal + Recon,4
REACTOME_INTEGRIN_CELL_SURFACE_INTERACTIONS,embedding_14,10,-0.5106780908970333,0.13146891423481485,-0.406060606060606,0.24428229408662638,Orthogonal + Recon,4
REACTOME_INTEGRIN_CELL_SURFACE_INTERACTIONS,embedding_15,10,0.2684111015612024,0.4533544406792286,0.09090909090909088,0.8027717312071619,Orthogonal + Recon,4
REACTOME_INTEGRIN_CELL_SURFACE_INTERACTIONS,embedding_16,10,-0.3087598684808288,0.38537721054841517,-0.2121212121212121,0.5563057751029299,Orthogonal + Recon,4
REACTOME_INTEGRIN_CELL_SURFACE_INTERACTIONS,embedding_17,10,0.4883643470168138,0.1521017595972143,0.3696969696969697,0.2930500752928223,Orthogonal + Recon,4
REACTOME_INTEGRIN_CELL_SURFACE_INTERACTIONS,embedding_18,10,-0.05106755836588403,0.8885805892534201,-0.05454545454545454,0.8810361811618526,Orthogonal + Recon,4
REACTOME_INTEGRIN_CELL_SURFACE_INTERACTIONS,embedding_19,10,0.5275703664943456,0.1170631949100881,0.3939393939393939,0.25999776683488757,Orthogonal + Recon,4
REACTOME_INTEGRIN_CELL_SURFACE_INTERACTIONS,embedding_20,10,-0.48007163122225327,0.16024015310696568,-0.38181818181818183,0.27625533338543595,Orthogonal + Recon,4
REACTOME_INTEGRIN_CELL_SURFACE_INTERACTIONS,embedding_21,10,0.4639669211399667,0.17677883828175497,0.32121212121212117,0.3654683104386702,Orthogonal + Recon,4
REACTOME_INTEGRIN_CELL_SURFACE_INTERACTIONS,embedding_22,10,-0.4097494213003662,0.2396078623148703,-0.3939393939393939,0.25999776683488757,Orthogonal + Recon,4
REACTOME_INTEGRIN_CELL_SURFACE_INTERACTIONS,embedding_23,10,0.4920719938593722,0.14854585941199638,0.4424242424242424,0.20042268671194224,Orthogonal + Recon,4
REACTOME_INTEGRIN_CELL_SURFACE_INTERACTIONS,embedding_24,10,0.5435442966232084,0.10438732047887192,0.5030303030303029,0.13833369839449197,Orthogonal + Recon,4
REACTOME_INTEGRIN_CELL_SURFACE_INTERACTIONS,embedding_25,10,0.4970962170483712,0.1438086146769047,0.5393939393939393,0.1075931877824148,Orthogonal + Recon,4
REACTOME_INTEGRIN_CELL_SURFACE_INTERACTIONS,embedding_26,10,0.5059457700288315,0.13569137911716717,0.4424242424242424,0.20042268671194224,Orthogonal + Recon,4
REACTOME_INTEGRIN_CELL_SURFACE_INTERACTIONS,embedding_27,10,0.2734336390391477,0.4446137123999613,0.2121212121212121,0.5563057751029299,Orthogonal + Recon,4
REACTOME_INTEGRIN_CELL_SURFACE_INTERACTIONS,embedding_28,10,0.5454822819389283,0.10291127064230277,0.4787878787878787,0.1615229280174558,Orthogonal + Recon,4
REACTOME_INTEGRIN_CELL_SURFACE_INTERACTIONS,embedding_29,10,0.4953091618727092,0.14548288273488608,0.4787878787878787,0.1615229280174558,Orthogonal + Recon,4
REACTOME_INTEGRIN_CELL_SURFACE_INTERACTIONS,embedding_30,10,-0.5048841835463226,0.13664988566318856,-0.7212121212121211,0.018573155089460208,Orthogonal + Recon,4
REACTOME_INTEGRIN_CELL_SURFACE_INTERACTIONS,embedding_31,10,0.5349105599147249,0.11112518698220837,0.4787878787878787,0.1615229280174558,Orthogonal + Recon,4
REACTOME_EXTRACELLULAR_MATRIX_ORGANIZATION,embedding_0,10,-0.14628457875595924,0.686762694848566,0.0303030303030303,0.9337729580941466,Orthogonal + Recon,4
REACTOME_EXTRACELLULAR_MATRIX_ORGANIZATION,embedding_1,10,-0.22922904678228032,0.5240897140822909,-0.41818181818181815,0.22911284098281892,Orthogonal + Recon,4
REACTOME_EXTRACELLULAR_MATRIX_ORGANIZATION,embedding_2,10,0.2221408468197434,0.5373443918033718,-0.07878787878787878,0.8287173946974606,Orthogonal + Recon,4
REACTOME_EXTRACELLULAR_MATRIX_ORGANIZATION,embedding_3,10,0.3313554961347494,0.34963891406487085,0.3939393939393939,0.25999776683488757,Orthogonal + Recon,4
REACTOME_EXTRACELLULAR_MATRIX_ORGANIZATION,embedding_4,10,-0.3565907158400152,0.3118072456437039,-0.43030303030303024,0.21449233253280775,Orthogonal + Recon,4
REACTOME_EXTRACELLULAR_MATRIX_ORGANIZATION,embedding_5,10,-0.3086538416273525,0.38554895306279824,-0.07878787878787878,0.8287173946974606,Orthogonal + Recon,4
REACTOME_EXTRACELLULAR_MATRIX_ORGANIZATION,embedding_6,10,-0.3408597558499279,0.33512855025211735,-0.3939393939393939,0.25999776683488757,Orthogonal + Recon,4
REACTOME_EXTRACELLULAR_MATRIX_ORGANIZATION,embedding_7,10,-0.4174294746682757,0.23003843023570095,-0.38181818181818183,0.27625533338543595,Orthogonal + Recon,4
REACTOME_EXTRACELLULAR_MATRIX_ORGANIZATION,embedding_8,10,-0.35291218643579086,0.3171822839653543,-0.5030303030303029,0.13833369839449197,Orthogonal + Recon,4
REACTOME_EXTRACELLULAR_MATRIX_ORGANIZATION,embedding_9,10,0.2723503717174559,0.44649240206564,0.09090909090909088,0.8027717312071619,Orthogonal + Recon,4
REACTOME_EXTRACELLULAR_MATRIX_ORGANIZATION,embedding_10,10,-0.3741610513553774,0.2868026594574454,-0.3939393939393939,0.25999776683488757,Orthogonal + Recon,4
REACTOME_EXTRACELLULAR_MATRIX_ORGANIZATION,embedding_11,10,-0.2280166142964416,0.52634738989867,-0.34545454545454546,0.32822651147136733,Orthogonal + Recon,4
REACTOME_EXTRACELLULAR_MATRIX_ORGANIZATION,embedding_12,10,0.3189799203999382,0.3689988437266575,0.4424242424242424,0.20042268671194224,Orthogonal + Recon,4
REACTOME_EXTRACELLULAR_MATRIX_ORGANIZATION,embedding_13,10,-0.31596551926163857,0.37379323461138764,-0.2606060606060606,0.4670890543863402,Orthogonal + Recon,4
REACTOME_EXTRACELLULAR_MATRIX_ORGANIZATION,embedding_14,10,-0.32162217513706187,0.3648215886680578,-0.29696969696969694,0.4047016712701569,Orthogonal + Recon,4
REACTOME_EXTRACELLULAR_MATRIX_ORGANIZATION,embedding_15,10,0.1440003512967985,0.691450253042388,-0.07878787878787878,0.8287173946974606,Orthogonal + Recon,4
REACTOME_EXTRACELLULAR_MATRIX_ORGANIZATION,embedding_16,10,-0.3265233861032027,0.35713585568424167,-0.2121212121212121,0.5563057751029299,Orthogonal + Recon,4
REACTOME_EXTRACELLULAR_MATRIX_ORGANIZATION,embedding_17,10,0.3761148792107382,0.28409106070481893,0.38181818181818183,0.27625533338543595,Orthogonal + Recon,4
REACTOME_EXTRACELLULAR_MATRIX_ORGANIZATION,embedding_18,10,0.0576470469342268,0.8743153128594435,-0.12727272727272726,0.7260570147627894,Orthogonal + Recon,4
REACTOME_EXTRACELLULAR_MATRIX_ORGANIZATION,embedding_19,10,0.3320890849980781,0.34850778362059925,0.35757575757575755,0.3103760917056799,Orthogonal + Recon,4
REACTOME_EXTRACELLULAR_MATRIX_ORGANIZATION,embedding_20,10,-0.3344743748367609,0.34484271825233936,-0.34545454545454546,0.32822651147136733,Orthogonal + Recon,4
REACTOME_EXTRACELLULAR_MATRIX_ORGANIZATION,embedding_21,10,0.33416489154457363,0.3453171373222612,0.33333333333333326,0.34659350708733405,Orthogonal + Recon,4
REACTOME_EXTRACELLULAR_MATRIX_ORGANIZATION,embedding_22,10,-0.1768395651299671,0.6250353989145304,-0.309090909090909,0.3848412302612835,Orthogonal + Recon,4
REACTOME_EXTRACELLULAR_MATRIX_ORGANIZATION,embedding_23,10,0.3641713401335706,0.30088288934807084,0.406060606060606,0.24428229408662638,Orthogonal + Recon,4
REACTOME_EXTRACELLULAR_MATRIX_ORGANIZATION,embedding_24,10,0.3608032283127354,0.3057112303154852,0.43030303030303024,0.21449233253280775,Orthogonal + Recon,4
REACTOME_EXTRACELLULAR_MATRIX_ORGANIZATION,embedding_25,10,0.35606965779875027,0.3125656832506021,0.4545454545454545,0.186904810349332,Orthogonal + Recon,4
REACTOME_EXTRACELLULAR_MATRIX_ORGANIZATION,embedding_26,10,0.22057534185656819,0.5402897943166994,0.28484848484848485,0.42503815489214547,Orthogonal + Recon,4
REACTOME_EXTRACELLULAR_MATRIX_ORGANIZATION,embedding_27,10,0.11116482625596236,0.759809766937074,0.2606060606060606,0.4670890543863402,Orthogonal + Recon,4
REACTOME_EXTRACELLULAR_MATRIX_ORGANIZATION,embedding_28,10,0.341033553986288,0.33486613481188277,0.3939393939393939,0.25999776683488757,Orthogonal + Recon,4
REACTOME_EXTRACELLULAR_MATRIX_ORGANIZATION,embedding_29,10,0.3251086792717446,0.3593458921798006,0.3939393939393939,0.25999776683488757,Orthogonal + Recon,4
REACTOME_EXTRACELLULAR_MATRIX_ORGANIZATION,embedding_30,10,-0.30417267005452786,0.3928415517223469,-0.5757575757575757,0.08155281477260236,Orthogonal + Recon,4
REACTOME_EXTRACELLULAR_MATRIX_ORGANIZATION,embedding_31,10,0.3271429348653242,0.3561701592568836,0.3939393939393939,0.25999776683488757,Orthogonal + Recon,4
REACTOME_ASSEMBLY_OF_COLLAGEN_FIBRILS_AND_OTHER_MULTIMERIC_STRUCTURES,embedding_0,10,-0.03955841278111799,0.9136012592784875,0.24848484848484845,0.48877630451924314,Orthogonal + Recon,4
REACTOME_ASSEMBLY_OF_COLLAGEN_FIBRILS_AND_OTHER_MULTIMERIC_STRUCTURES,embedding_1,10,-0.43221662441161984,0.21223448294834676,-0.38181818181818183,0.27625533338543595,Orthogonal + Recon,4
REACTOME_ASSEMBLY_OF_COLLAGEN_FIBRILS_AND_OTHER_MULTIMERIC_STRUCTURES,embedding_2,10,0.059668017005035844,0.869939921185344,-0.28484848484848485,0.42503815489214547,Orthogonal + Recon,4
REACTOME_ASSEMBLY_OF_COLLAGEN_FIBRILS_AND_OTHER_MULTIMERIC_STRUCTURES,embedding_3,10,0.44799653447666754,0.19413978782922933,0.33333333333333326,0.34659350708733405,Orthogonal + Recon,4
REACTOME_ASSEMBLY_OF_COLLAGEN_FIBRILS_AND_OTHER_MULTIMERIC_STRUCTURES,embedding_4,10,-0.565185580277988,0.08865166017595455,-0.41818181818181815,0.22911284098281892,Orthogonal + Recon,4
REACTOME_ASSEMBLY_OF_COLLAGEN_FIBRILS_AND_OTHER_MULTIMERIC_STRUCTURES,embedding_5,10,-0.10744259229460588,0.767663761690272,0.2121212121212121,0.5563057751029299,Orthogonal + Recon,4
REACTOME_ASSEMBLY_OF_COLLAGEN_FIBRILS_AND_OTHER_MULTIMERIC_STRUCTURES,embedding_6,10,-0.4965288812765205,0.14433886372225252,-0.33333333333333326,0.34659350708733405,Orthogonal + Recon,4
REACTOME_ASSEMBLY_OF_COLLAGEN_FIBRILS_AND_OTHER_MULTIMERIC_STRUCTURES,embedding_7,10,-0.32548454768116947,0.3587580485538252,-0.2121212121212121,0.5563057751029299,Orthogonal + Recon,4
REACTOME_ASSEMBLY_OF_COLLAGEN_FIBRILS_AND_OTHER_MULTIMERIC_STRUCTURES,embedding_8,10,-0.4111448115635264,0.23785284087138414,-0.4666666666666666,0.17393859716506632,Orthogonal + Recon,4
REACTOME_ASSEMBLY_OF_COLLAGEN_FIBRILS_AND_OTHER_MULTIMERIC_STRUCTURES,embedding_9,10,0.16560782506115862,0.6475059761040788,-0.12727272727272726,0.7260570147627894,Orthogonal + Recon,4
REACTOME_ASSEMBLY_OF_COLLAGEN_FIBRILS_AND_OTHER_MULTIMERIC_STRUCTURES,embedding_10,10,-0.5655889948290826,0.08837377055436531,-0.33333333333333326,0.34659350708733405,Orthogonal + Recon,4
REACTOME_ASSEMBLY_OF_COLLAGEN_FIBRILS_AND_OTHER_MULTIMERIC_STRUCTURES,embedding_11,10,-0.44663902376078835,0.19565966853499492,-0.35757575757575755,0.3103760917056799,Orthogonal + Recon,4
REACTOME_ASSEMBLY_OF_COLLAGEN_FIBRILS_AND_OTHER_MULTIMERIC_STRUCTURES,embedding_12,10,0.6354094956291454,0.04835281941794044,0.41818181818181815,0.22911284098281892,Orthogonal + Recon,4
REACTOME_ASSEMBLY_OF_COLLAGEN_FIBRILS_AND_OTHER_MULTIMERIC_STRUCTURES,embedding_13,10,-0.19437565741188417,0.5905070911068291,-0.05454545454545454,0.8810361811618526,Orthogonal + Recon,4
REACTOME_ASSEMBLY_OF_COLLAGEN_FIBRILS_AND_OTHER_MULTIMERIC_STRUCTURES,embedding_14,10,-0.5868702814440756,0.07449762343715768,-0.24848484848484845,0.48877630451924314,Orthogonal + Recon,4
REACTOME_ASSEMBLY_OF_COLLAGEN_FIBRILS_AND_OTHER_MULTIMERIC_STRUCTURES,embedding_15,10,-0.0022512240371118063,0.9950754723764221,-0.32121212121212117,0.3654683104386702,Orthogonal + Recon,4
REACTOME_ASSEMBLY_OF_COLLAGEN_FIBRILS_AND_OTHER_MULTIMERIC_STRUCTURES,embedding_16,10,-0.14134441649100787,0.6969124881568793,-0.01818181818181818,0.9602404181286243,Orthogonal + Recon,4
REACTOME_ASSEMBLY_OF_COLLAGEN_FIBRILS_AND_OTHER_MULTIMERIC_STRUCTURES,embedding_17,10,0.37884401635807174,0.28032671438353696,0.24848484848484845,0.48877630451924314,Orthogonal + Recon,4
REACTOME_ASSEMBLY_OF_COLLAGEN_FIBRILS_AND_OTHER_MULTIMERIC_STRUCTURES,embedding_18,10,-0.36034452871541195,0.3063719449370323,-0.309090909090909,0.3848412302612835,Orthogonal + Recon,4
REACTOME_ASSEMBLY_OF_COLLAGEN_FIBRILS_AND_OTHER_MULTIMERIC_STRUCTURES,embedding_19,10,0.5402164206945407,0.10695301579279792,0.35757575757575755,0.3103760917056799,Orthogonal + Recon,4
REACTOME_ASSEMBLY_OF_COLLAGEN_FIBRILS_AND_OTHER_MULTIMERIC_STRUCTURES,embedding_20,10,-0.3170508707894434,0.37206346190322637,-0.13939393939393938,0.7009318849100584,Orthogonal + Recon,4
REACTOME_ASSEMBLY_OF_COLLAGEN_FIBRILS_AND_OTHER_MULTIMERIC_STRUCTURES,embedding_21,10,0.30408681207441407,0.39298192225639744,0.13939393939393938,0.7009318849100584,Orthogonal + Recon,4
REACTOME_ASSEMBLY_OF_COLLAGEN_FIBRILS_AND_OTHER_MULTIMERIC_STRUCTURES,embedding_22,10,-0.5288109030783064,0.11604603311835529,-0.2727272727272727,0.44583834154275137,Orthogonal + Recon,4
REACTOME_ASSEMBLY_OF_COLLAGEN_FIBRILS_AND_OTHER_MULTIMERIC_STRUCTURES,embedding_23,10,0.36830097331284817,0.2950185590315292,0.23636363636363633,0.5108853175152002,Orthogonal + Recon,4
REACTOME_ASSEMBLY_OF_COLLAGEN_FIBRILS_AND_OTHER_MULTIMERIC_STRUCTURES,embedding_24,10,0.4590885841610997,0.18198037062934475,0.34545454545454546,0.32822651147136733,Orthogonal + Recon,4
REACTOME_ASSEMBLY_OF_COLLAGEN_FIBRILS_AND_OTHER_MULTIMERIC_STRUCTURES,embedding_25,10,0.33890824746222675,0.3380823472207043,0.19999999999999998,0.5795840000000001,Orthogonal + Recon,4
REACTOME_ASSEMBLY_OF_COLLAGEN_FIBRILS_AND_OTHER_MULTIMERIC_STRUCTURES,embedding_26,10,0.3956450550402986,0.2577534572763647,0.309090909090909,0.3848412302612835,Orthogonal + Recon,4
REACTOME_ASSEMBLY_OF_COLLAGEN_FIBRILS_AND_OTHER_MULTIMERIC_STRUCTURES,embedding_27,10,0.4922325369712938,0.1483930395771609,0.3939393939393939,0.25999776683488757,Orthogonal + Recon,4
REACTOME_ASSEMBLY_OF_COLLAGEN_FIBRILS_AND_OTHER_MULTIMERIC_STRUCTURES,embedding_28,10,0.534174734230665,0.11171172967366932,0.33333333333333326,0.34659350708733405,Orthogonal + Recon,4
REACTOME_ASSEMBLY_OF_COLLAGEN_FIBRILS_AND_OTHER_MULTIMERIC_STRUCTURES,embedding_29,10,0.3608013518841821,0.3057139316030541,0.33333333333333326,0.34659350708733405,Orthogonal + Recon,4
REACTOME_ASSEMBLY_OF_COLLAGEN_FIBRILS_AND_OTHER_MULTIMERIC_STRUCTURES,embedding_30,10,-0.3690391030765361,0.2939768504628455,-0.4666666666666666,0.17393859716506632,Orthogonal + Recon,4
REACTOME_ASSEMBLY_OF_COLLAGEN_FIBRILS_AND_OTHER_MULTIMERIC_STRUCTURES,embedding_31,10,0.49727235707703493,0.1436442310985518,0.33333333333333326,0.34659350708733405,Orthogonal + Recon,4
REACTOME_MOLECULES_ASSOCIATED_WITH_ELASTIC_FIBRES,embedding_0,10,0.02921000628442561,0.9361576017374879,0.3696969696969697,0.2930500752928223,Orthogonal + Recon,4
REACTOME_MOLECULES_ASSOCIATED_WITH_ELASTIC_FIBRES,embedding_1,10,0.5325249056957385,0.11303389318961071,0.5636363636363636,0.08972402831709125,Orthogonal + Recon,4
REACTOME_MOLECULES_ASSOCIATED_WITH_ELASTIC_FIBRES,embedding_2,10,0.200355744918049,0.578895658671279,0.22424242424242422,0.5334005612725947,Orthogonal + Recon,4
REACTOME_MOLECULES_ASSOCIATED_WITH_ELASTIC_FIBRES,embedding_3,10,-0.3142629882367767,0.37651460552778265,-0.5393939393939393,0.1075931877824148,Orthogonal + Recon,4
REACTOME_MOLECULES_ASSOCIATED_WITH_ELASTIC_FIBRES,embedding_4,10,0.4332821479446058,0.21098322539413114,0.5878787878787878,0.07387770688865801,Orthogonal + Recon,4
REACTOME_MOLECULES_ASSOCIATED_WITH_ELASTIC_FIBRES,embedding_5,10,-0.2703971420537578,0.44988893025934695,-0.33333333333333326,0.34659350708733405,Orthogonal + Recon,4
REACTOME_MOLECULES_ASSOCIATED_WITH_ELASTIC_FIBRES,embedding_6,10,0.3555332662263758,0.3133474505324915,0.5393939393939393,0.1075931877824148,Orthogonal + Recon,4
REACTOME_MOLECULES_ASSOCIATED_WITH_ELASTIC_FIBRES,embedding_7,10,-0.11681926733466955,0.7479167087277206,0.05454545454545454,0.8810361811618526,Orthogonal + Recon,4
REACTOME_MOLECULES_ASSOCIATED_WITH_ELASTIC_FIBRES,embedding_8,10,1.2905718618708498e-05,0.9999717687405265,0.33333333333333326,0.34659350708733405,Orthogonal + Recon,4
REACTOME_MOLECULES_ASSOCIATED_WITH_ELASTIC_FIBRES,embedding_9,10,0.09449883193404332,0.795119917035743,0.17575757575757575,0.6271883447764844,Orthogonal + Recon,4
REACTOME_MOLECULES_ASSOCIATED_WITH_ELASTIC_FIBRES,embedding_10,10,0.39471027149609683,0.25898211552341066,0.5393939393939393,0.1075931877824148,Orthogonal + Recon,4
REACTOME_MOLECULES_ASSOCIATED_WITH_ELASTIC_FIBRES,embedding_11,10,0.5636470394142481,0.089716610279275,0.7212121212121211,0.018573155089460208,Orthogonal + Recon,4
REACTOME_MOLECULES_ASSOCIATED_WITH_ELASTIC_FIBRES,embedding_12,10,-0.5472906508510285,0.10154590937020752,-0.6,0.06668799999999996,Orthogonal + Recon,4
REACTOME_MOLECULES_ASSOCIATED_WITH_ELASTIC_FIBRES,embedding_13,10,-0.09604988616230045,0.7918185466701555,-0.07878787878787878,0.8287173946974606,Orthogonal + Recon,4
REACTOME_MOLECULES_ASSOCIATED_WITH_ELASTIC_FIBRES,embedding_14,10,0.5228863098881037,0.12095392302689388,0.6484848484848483,0.04254012768448945,Orthogonal + Recon,4
REACTOME_MOLECULES_ASSOCIATED_WITH_ELASTIC_FIBRES,embedding_15,10,0.2359367398170787,0.5116714727907252,0.5030303030303029,0.13833369839449197,Orthogonal + Recon,4
REACTOME_MOLECULES_ASSOCIATED_WITH_ELASTIC_FIBRES,embedding_16,10,-0.31422624522114617,0.37657344369770607,-0.2606060606060606,0.4670890543863402,Orthogonal + Recon,4
REACTOME_MOLECULES_ASSOCIATED_WITH_ELASTIC_FIBRES,embedding_17,10,-0.04234029988319303,0.907546454388092,0.04242424242424241,0.907363817812816,Orthogonal + Recon,4
REACTOME_MOLECULES_ASSOCIATED_WITH_ELASTIC_FIBRES,embedding_18,10,0.6205867734027147,0.055556198973325345,0.6727272727272726,0.0330412225454377,Orthogonal + Recon,4
REACTOME_MOLECULES_ASSOCIATED_WITH_ELASTIC_FIBRES,embedding_19,10,-0.4352861489145944,0.2086414427046713,-0.5757575757575757,0.08155281477260236,Orthogonal + Recon,4
REACTOME_MOLECULES_ASSOCIATED_WITH_ELASTIC_FIBRES,embedding_20,10,0.051334459358776945,0.8880013230469052,-0.01818181818181818,0.9602404181286243,Orthogonal + Recon,4
REACTOME_MOLECULES_ASSOCIATED_WITH_ELASTIC_FIBRES,embedding_21,10,-0.041781313618829904,0.9087627585057685,0.0303030303030303,0.9337729580941466,Orthogonal + Recon,4
REACTOME_MOLECULES_ASSOCIATED_WITH_ELASTIC_FIBRES,embedding_22,10,0.7003497685795987,0.02410499608480944,0.6727272727272726,0.0330412225454377,Orthogonal + Recon,4
REACTOME_MOLECULES_ASSOCIATED_WITH_ELASTIC_FIBRES,embedding_23,10,-0.07836176784168786,0.8296323540324541,0.05454545454545454,0.8810361811618526,Orthogonal + Recon,4
REACTOME_MOLECULES_ASSOCIATED_WITH_ELASTIC_FIBRES,embedding_24,10,-0.2615507563369177,0.4654169581021548,-0.406060606060606,0.24428229408662638,Orthogonal + Recon,4
REACTOME_MOLECULES_ASSOCIATED_WITH_ELASTIC_FIBRES,embedding_25,10,-0.0372620473628335,0.9186023515424779,0.11515151515151514,0.7514196523258483,Orthogonal + Recon,4
REACTOME_MOLECULES_ASSOCIATED_WITH_ELASTIC_FIBRES,embedding_26,10,-0.3007673142082483,0.3984275603346319,-0.5515151515151515,0.09840117666963498,Orthogonal + Recon,4
REACTOME_MOLECULES_ASSOCIATED_WITH_ELASTIC_FIBRES,embedding_27,10,-0.7008363052225458,0.02396450439431671,-0.6727272727272726,0.0330412225454377,Orthogonal + Recon,4
REACTOME_MOLECULES_ASSOCIATED_WITH_ELASTIC_FIBRES,embedding_28,10,-0.40993510794061777,0.2393739007010372,-0.5393939393939393,0.1075931877824148,Orthogonal + Recon,4
REACTOME_MOLECULES_ASSOCIATED_WITH_ELASTIC_FIBRES,embedding_29,10,-0.12448137665672762,0.7318774051578394,-0.5393939393939393,0.1075931877824148,Orthogonal + Recon,4
REACTOME_MOLECULES_ASSOCIATED_WITH_ELASTIC_FIBRES,embedding_30,10,0.2918341205084937,0.4132605119481638,0.28484848484848485,0.42503815489214547,Orthogonal + Recon,4
REACTOME_MOLECULES_ASSOCIATED_WITH_ELASTIC_FIBRES,embedding_31,10,-0.3696555034430188,0.2931084450207614,-0.5393939393939393,0.1075931877824148,Orthogonal + Recon,4
REACTOME_ECM_PROTEOGLYCANS,embedding_0,10,0.2790241415700974,0.43497573516368127,0.49090909090909085,0.14965567342083677,Orthogonal + Recon,4
REACTOME_ECM_PROTEOGLYCANS,embedding_1,10,0.37137505525654796,0.2906931487149967,0.49090909090909085,0.14965567342083677,Orthogonal + Recon,4
REACTOME_ECM_PROTEOGLYCANS,embedding_2,10,-0.17150789527959218,0.6356687875382903,-0.06666666666666665,0.8548130882487426,Orthogonal + Recon,4
REACTOME_ECM_PROTEOGLYCANS,embedding_3,10,-0.24844473349919838,0.48884878675737475,-0.5151515151515151,0.12755286970323426,Orthogonal + Recon,4
REACTOME_ECM_PROTEOGLYCANS,embedding_4,10,0.2003863684403226,0.5788364186419872,0.38181818181818183,0.27625533338543595,Orthogonal + Recon,4
REACTOME_ECM_PROTEOGLYCANS,embedding_5,10,0.07273610546430452,0.8417288797873881,0.10303030303030303,0.7769984634438898,Orthogonal + Recon,4
REACTOME_ECM_PROTEOGLYCANS,embedding_6,10,0.23146636567989282,0.5199340273361085,0.5151515151515151,0.12755286970323426,Orthogonal + Recon,4
REACTOME_ECM_PROTEOGLYCANS,embedding_7,10,-0.29079128420945627,0.4150088376230794,-0.2121212121212121,0.5563057751029299,Orthogonal + Recon,4
REACTOME_ECM_PROTEOGLYCANS,embedding_8,10,0.21234028410560016,0.5558884371679298,0.32121212121212117,0.3654683104386702,Orthogonal + Recon,4
REACTOME_ECM_PROTEOGLYCANS,embedding_9,10,-0.1925357853878612,0.5940966322193801,-0.006060606060606061,0.9867429111949892,Orthogonal + Recon,4
REACTOME_ECM_PROTEOGLYCANS,embedding_10,10,0.18264337310930961,0.6135308226711161,0.5151515151515151,0.12755286970323426,Orthogonal + Recon,4
REACTOME_ECM_PROTEOGLYCANS,embedding_11,10,0.05525911753612189,0.8794891180856454,0.28484848484848485,0.42503815489214547,Orthogonal + Recon,4
REACTOME_ECM_PROTEOGLYCANS,embedding_12,10,-0.2460554139111975,0.49317426963079664,-0.35757575757575755,0.3103760917056799,Orthogonal + Recon,4
REACTOME_ECM_PROTEOGLYCANS,embedding_13,10,0.10553863269968129,0.7716885771253318,-0.04242424242424241,0.907363817812816,Orthogonal + Recon,4
REACTOME_ECM_PROTEOGLYCANS,embedding_14,10,0.1855515651258703,0.607794315749651,0.4787878787878787,0.1615229280174558,Orthogonal + Recon,4
REACTOME_ECM_PROTEOGLYCANS,embedding_15,10,-0.257877031722275,0.4719342638659809,-0.24848484848484845,0.48877630451924314,Orthogonal + Recon,4
REACTOME_ECM_PROTEOGLYCANS,embedding_16,10,-0.012569267301736822,0.9725090712469905,-0.1515151515151515,0.6760651759978538,Orthogonal + Recon,4
REACTOME_ECM_PROTEOGLYCANS,embedding_17,10,-0.13955401110916976,0.7006017678892116,0.10303030303030303,0.7769984634438898,Orthogonal + Recon,4
REACTOME_ECM_PROTEOGLYCANS,embedding_18,10,0.11439754136498319,0.7530046442944012,0.10303030303030303,0.7769984634438898,Orthogonal + Recon,4
REACTOME_ECM_PROTEOGLYCANS,embedding_19,10,-0.21410523199994258,0.5525306228553692,-0.4424242424242424,0.20042268671194224,Orthogonal + Recon,4
REACTOME_ECM_PROTEOGLYCANS,embedding_20,10,0.19349209299812356,0.5922299076659627,-0.0303030303030303,0.9337729580941466,Orthogonal + Recon,4
REACTOME_ECM_PROTEOGLYCANS,embedding_21,10,-0.1752639648745758,0.6281713765661567,0.006060606060606061,0.9867429111949892,Orthogonal + Recon,4
REACTOME_ECM_PROTEOGLYCANS,embedding_22,10,0.29031399246525985,0.4158101828784717,0.41818181818181815,0.22911284098281892,Orthogonal + Recon,4
REACTOME_ECM_PROTEOGLYCANS,embedding_23,10,-0.1547079612686475,0.6695606946529096,0.07878787878787878,0.8287173946974606,Orthogonal + Recon,4
REACTOME_ECM_PROTEOGLYCANS,embedding_24,10,-0.21466510557748672,0.5514671255601862,-0.4666666666666666,0.17393859716506632,Orthogonal + Recon,4
REACTOME_ECM_PROTEOGLYCANS,embedding_25,10,-0.18061386551011183,0.6175453336251562,-0.04242424242424241,0.907363817812816,Orthogonal + Recon,4
REACTOME_ECM_PROTEOGLYCANS,embedding_26,10,-0.38483866827445967,0.2721536485451855,-0.6484848484848483,0.04254012768448945,Orthogonal + Recon,4
REACTOME_ECM_PROTEOGLYCANS,embedding_27,10,-0.11913498813397375,0.7430596651679422,-0.12727272727272726,0.7260570147627894,Orthogonal + Recon,4
REACTOME_ECM_PROTEOGLYCANS,embedding_28,10,-0.22916432169995488,0.5242101387719017,-0.5151515151515151,0.12755286970323426,Orthogonal + Recon,4
REACTOME_ECM_PROTEOGLYCANS,embedding_29,10,-0.2388863184798985,0.5062499603030525,-0.5151515151515151,0.12755286970323426,Orthogonal + Recon,4
REACTOME_ECM_PROTEOGLYCANS,embedding_30,10,0.23646594309963004,0.5106969884338006,0.33333333333333326,0.34659350708733405,Orthogonal + Recon,4
REACTOME_ECM_PROTEOGLYCANS,embedding_31,10,-0.2625028595877369,0.46373444082240084,-0.5151515151515151,0.12755286970323426,Orthogonal + Recon,4
