Model,Pathway,Embedding,N,Pearson_r,Pearson_p,Spearman_rho,Spearman_p
Baseline,REACTOME_ELASTIC_FIBRE_FORMATION,embedding_0,52,-0.01817405494154422,0.898244216014561,0.07239819004524886,0.6100164930584998
Baseline,REACTOME_ELASTIC_FIBRE_FORMATION,embedding_1,52,-0.10238350638708942,0.4701396005292448,-0.03013745411081704,0.8320372548081505
Baseline,REACTOME_ELASTIC_FIBRE_FORMATION,embedding_2,52,-0.20274614414622885,0.14944281219459085,-0.15504140698369331,0.2724254300407472
Baseline,REACTOME_ELASTIC_FIBRE_FORMATION,embedding_3,52,-0.31753844983253,0.021798561252648573,-0.37402885682574916,0.006304419664426395
Baseline,REACTOME_ELASTIC_FIBRE_FORMATION,embedding_4,52,0.15222568371200512,0.2813353976774624,0.0904977375565611,0.5234502789418363
Baseline,REACTOME_ELASTIC_FIBRE_FORMATION,embedding_5,52,0.20640534644147485,0.14208001125659947,0.2265004695637326,0.10638089671244087
Baseline,REACTOME_ELASTIC_FIBRE_FORMATION,embedding_6,52,0.06975611689912974,0.6231506893797872,-0.05028600700076837,0.7233188066985506
Baseline,REACTOME_ELASTIC_FIBRE_FORMATION,embedding_7,52,-0.05465987684925145,0.700337935525352,-0.03457696576453514,0.8077345802457403
Baseline,REACTOME_ELASTIC_FIBRE_FORMATION,embedding_8,52,0.22669873052706985,0.10606679951073993,0.08844873217792196,0.5329348411220906
Baseline,REACTOME_ELASTIC_FIBRE_FORMATION,embedding_9,52,-0.017836955279917546,0.90012194222083,0.12396482540766669,0.38126014687638765
Baseline,REACTOME_ELASTIC_FIBRE_FORMATION,embedding_10,52,-0.10448211295519295,0.46103894946007645,-0.1795440963032528,0.20279931619765343
Baseline,REACTOME_ELASTIC_FIBRE_FORMATION,embedding_11,52,-0.015580669906298418,0.9127034599364264,-0.04012635533168274,0.7776099291906903
Baseline,REACTOME_ELASTIC_FIBRE_FORMATION,embedding_12,52,0.17472179548995317,0.2153956104783895,0.11986681465038845,0.3973198123160191
Baseline,REACTOME_ELASTIC_FIBRE_FORMATION,embedding_13,52,0.30747688164282055,0.02659788372564658,0.29001963630154526,0.03701678351007989
Baseline,REACTOME_ELASTIC_FIBRE_FORMATION,embedding_14,52,-0.0020551409792149127,0.9884633243986263,0.06360454196192265,0.6541796160630742
Baseline,REACTOME_ELASTIC_FIBRE_FORMATION,embedding_15,52,-0.23699938630093595,0.09070743762958243,-0.21224280713736873,0.13089848399682816
Baseline,REACTOME_ELASTIC_FIBRE_FORMATION,embedding_16,52,-0.12161957343941271,0.3904031050142004,-0.151114146674635,0.28490489571485306
Baseline,REACTOME_ELASTIC_FIBRE_FORMATION,embedding_17,52,-0.05932159772197012,0.6761345975362241,0.027405446939298212,0.8470720521767376
Baseline,REACTOME_ELASTIC_FIBRE_FORMATION,embedding_18,52,0.23001002939219364,0.10092559032091761,0.2522837872449415,0.07117956000913286
Baseline,REACTOME_ELASTIC_FIBRE_FORMATION,embedding_19,52,0.06636180317620713,0.6401960334558559,0.11551267822078032,0.4148090988488151
Baseline,REACTOME_ELASTIC_FIBRE_FORMATION,embedding_20,52,0.04631581926477641,0.7443908831695025,0.04550499445061043,0.7487178910183686
Baseline,REACTOME_ELASTIC_FIBRE_FORMATION,embedding_21,52,0.0002845156007275974,0.9984027991245392,0.042687612054981644,0.7638119494016434
Baseline,REACTOME_ELASTIC_FIBRE_FORMATION,embedding_22,52,-0.04650185067032553,0.7433992140895481,-0.018270297959532143,0.8977082201602024
Baseline,REACTOME_ELASTIC_FIBRE_FORMATION,embedding_23,52,-0.3090072122727858,0.025815424071497478,-0.2993255357295313,0.031107877349322924
Baseline,REACTOME_ELASTIC_FIBRE_FORMATION,embedding_24,52,0.21263839660471012,0.13016540702023194,0.16656706223853837,0.23792059654394337
Baseline,REACTOME_ELASTIC_FIBRE_FORMATION,embedding_25,52,-0.3218333809927967,0.019984689439683498,-0.30444804917612905,0.02820515671126567
Baseline,REACTOME_ELASTIC_FIBRE_FORMATION,embedding_26,52,0.013931623227303694,0.921912503771777,-0.02757619738751814,0.8461307362617853
Baseline,REACTOME_ELASTIC_FIBRE_FORMATION,embedding_27,52,0.17737428108694375,0.20840111110227572,0.3247673525143004,0.018820426466599902
Baseline,REACTOME_ELASTIC_FIBRE_FORMATION,embedding_28,52,0.01118591365529801,0.9372677840625063,-0.07692307692307693,0.5878046148022049
Baseline,REACTOME_ELASTIC_FIBRE_FORMATION,embedding_29,52,0.21811455806161387,0.12033219518533776,0.21087680355160932,0.13345373903726385
Baseline,REACTOME_ELASTIC_FIBRE_FORMATION,embedding_30,52,-0.1445128170999644,0.3067135943924861,-0.15444378041492357,0.2743006998419455
Baseline,REACTOME_ELASTIC_FIBRE_FORMATION,embedding_31,52,0.19973245564988934,0.15571572346448173,0.08631435157517288,0.5429033900481453
Baseline,REACTOME_NON_INTEGRIN_MEMBRANE_ECM_INTERACTIONS,embedding_0,52,0.1064551229911318,0.4525707833668373,0.09621787757192861,0.4974246641564496
Baseline,REACTOME_NON_INTEGRIN_MEMBRANE_ECM_INTERACTIONS,embedding_1,52,0.06458970212210499,0.6491694845797766,0.04644412191582002,0.7437069020316298
Baseline,REACTOME_NON_INTEGRIN_MEMBRANE_ECM_INTERACTIONS,embedding_2,52,-0.40500962482175623,0.0028981561631928605,-0.33748826090668493,0.014414703704445397
Baseline,REACTOME_NON_INTEGRIN_MEMBRANE_ECM_INTERACTIONS,embedding_3,52,-0.07405426705776078,0.6018451629327359,-0.13352685050798258,0.3453208039980191
Baseline,REACTOME_NON_INTEGRIN_MEMBRANE_ECM_INTERACTIONS,embedding_4,52,0.17544168291580858,0.21348129103183594,0.10356014684538546,0.4650252680088308
Baseline,REACTOME_NON_INTEGRIN_MEMBRANE_ECM_INTERACTIONS,embedding_5,52,-0.05181111110288193,0.7152769942385614,-0.11824468539229915,0.4037844169357798
Baseline,REACTOME_NON_INTEGRIN_MEMBRANE_ECM_INTERACTIONS,embedding_6,52,-0.21631783031768795,0.12349424763473871,-0.316400580551524,0.022301749758101518
Baseline,REACTOME_NON_INTEGRIN_MEMBRANE_ECM_INTERACTIONS,embedding_7,52,0.0914418369569062,0.5191086173410231,0.014086911978143943,0.9210448471531073
Baseline,REACTOME_NON_INTEGRIN_MEMBRANE_ECM_INTERACTIONS,embedding_8,52,0.1069876082405093,0.45030004561875037,0.10688978058567401,0.4507167533676859
Baseline,REACTOME_NON_INTEGRIN_MEMBRANE_ECM_INTERACTIONS,embedding_9,52,0.007917837012913202,0.9555734572114246,0.17314095449500555,0.2196413661377263
Baseline,REACTOME_NON_INTEGRIN_MEMBRANE_ECM_INTERACTIONS,embedding_10,52,-0.15568114852506226,0.2704274578766641,-0.13429522752497225,0.342526821412225
Baseline,REACTOME_NON_INTEGRIN_MEMBRANE_ECM_INTERACTIONS,embedding_11,52,0.002190593907818235,0.9877030066179872,0.04448049176129087,0.7541961772529935
Baseline,REACTOME_NON_INTEGRIN_MEMBRANE_ECM_INTERACTIONS,embedding_12,52,0.03561022204421714,0.8021031803825923,0.04354136429608128,0.7592285049880272
Baseline,REACTOME_NON_INTEGRIN_MEMBRANE_ECM_INTERACTIONS,embedding_13,52,0.02077788537586809,0.8837596233301632,-0.03380858874754546,0.8119286379281327
Baseline,REACTOME_NON_INTEGRIN_MEMBRANE_ECM_INTERACTIONS,embedding_14,52,0.04026422015591071,0.7768654485172706,0.0762400751301972,0.5911340208880014
Baseline,REACTOME_NON_INTEGRIN_MEMBRANE_ECM_INTERACTIONS,embedding_15,52,0.03477724500969391,0.8066422641050445,0.01579441646034321,0.9115106056478497
Baseline,REACTOME_NON_INTEGRIN_MEMBRANE_ECM_INTERACTIONS,embedding_16,52,-0.06473890521605925,0.6484120303321577,-0.15982241953385126,0.2577298049455155
Baseline,REACTOME_NON_INTEGRIN_MEMBRANE_ECM_INTERACTIONS,embedding_17,52,0.06047709979291524,0.6701840218252848,0.02962520276615726,0.834851913727837
Baseline,REACTOME_NON_INTEGRIN_MEMBRANE_ECM_INTERACTIONS,embedding_18,52,0.04343463541085038,0.7598010437142807,0.10005976265687697,0.48032776064942573
Baseline,REACTOME_NON_INTEGRIN_MEMBRANE_ECM_INTERACTIONS,embedding_19,52,0.046280251555183824,0.7445805291862743,-0.013147784512934345,0.9262934603352633
Baseline,REACTOME_NON_INTEGRIN_MEMBRANE_ECM_INTERACTIONS,embedding_20,52,-0.1580076987717243,0.2632437093131552,-0.15598053444890292,0.2694958023486874
Baseline,REACTOME_NON_INTEGRIN_MEMBRANE_ECM_INTERACTIONS,embedding_21,52,0.18723256256096743,0.18380804181650975,0.09937676086399727,0.48334432382469694
Baseline,REACTOME_NON_INTEGRIN_MEMBRANE_ECM_INTERACTIONS,embedding_22,52,-0.2609466091020337,0.0616942130221887,-0.21027917698283957,0.1345833583427923
Baseline,REACTOME_NON_INTEGRIN_MEMBRANE_ECM_INTERACTIONS,embedding_23,52,-0.06034970990781823,0.670839075941859,-0.09621787757192861,0.4974246641564496
Baseline,REACTOME_NON_INTEGRIN_MEMBRANE_ECM_INTERACTIONS,embedding_24,52,0.22001494216647224,0.11705499725216895,0.1769828395799539,0.20942315914710785
Baseline,REACTOME_NON_INTEGRIN_MEMBRANE_ECM_INTERACTIONS,embedding_25,52,-0.40512179017051486,0.0028896234363539066,-0.33800051225134464,0.014257555667666413
Baseline,REACTOME_NON_INTEGRIN_MEMBRANE_ECM_INTERACTIONS,embedding_26,52,-0.15886755791029392,0.26062132510361397,-0.09963288653632715,0.48221194554324176
Baseline,REACTOME_NON_INTEGRIN_MEMBRANE_ECM_INTERACTIONS,embedding_27,52,-0.01978596751047719,0.8892732852170511,0.10637752924101425,0.45290219801437337
Baseline,REACTOME_NON_INTEGRIN_MEMBRANE_ECM_INTERACTIONS,embedding_28,52,0.07097053366945515,0.6170988450684856,0.018270297959532143,0.8977082201602024
Baseline,REACTOME_NON_INTEGRIN_MEMBRANE_ECM_INTERACTIONS,embedding_29,52,0.15522421233957465,0.27185351515225303,0.05745752582600529,0.6857754921863055
Baseline,REACTOME_NON_INTEGRIN_MEMBRANE_ECM_INTERACTIONS,embedding_30,52,0.10565241733316688,0.45600567540907855,0.1470161359173568,0.2983205130521296
Baseline,REACTOME_NON_INTEGRIN_MEMBRANE_ECM_INTERACTIONS,embedding_31,52,0.3789149420996863,0.005604037218856927,0.26056518398360795,0.06208932154309688
Baseline,REACTOME_COLLAGEN_FORMATION,embedding_0,52,-0.12553479237470508,0.3752114882740609,-0.056518398360795696,0.690651588714529
Baseline,REACTOME_COLLAGEN_FORMATION,embedding_1,52,-0.3432049145368705,0.012742276620499628,-0.3098266882950567,0.02540442065293105
Baseline,REACTOME_COLLAGEN_FORMATION,embedding_2,52,-0.03886184094933051,0.7844475622995098,-0.05515239477503628,0.6977663209185412
Baseline,REACTOME_COLLAGEN_FORMATION,embedding_3,52,-0.3628800763380507,0.00819458016779597,-0.33953726628532405,0.01379487328075985
Baseline,REACTOME_COLLAGEN_FORMATION,embedding_4,52,-0.062421457988681296,0.66021631750558,-0.02629556902586869,0.8531957068436622
Baseline,REACTOME_COLLAGEN_FORMATION,embedding_5,52,0.19370458669006077,0.1688401363695392,0.2841287458379578,0.04121521996135511
Baseline,REACTOME_COLLAGEN_FORMATION,embedding_6,52,0.2429984144877262,0.0825969453843789,0.23751387347391786,0.08998840887679463
Baseline,REACTOME_COLLAGEN_FORMATION,embedding_7,52,-0.10488182667745571,0.45931647403565756,-0.10202339281140613,0.47171085284358316
Baseline,REACTOME_COLLAGEN_FORMATION,embedding_8,52,-0.01086837973578187,0.9390451476235961,-0.0774353282677367,0.5853130930858873
Baseline,REACTOME_COLLAGEN_FORMATION,embedding_9,52,0.057164908978106985,0.6872934555811209,0.07504482199265772,0.5969806149083707
Baseline,REACTOME_COLLAGEN_FORMATION,embedding_10,52,0.0938692141347734,0.5080291455222833,-0.00520788867070776,0.9707705123262118
Baseline,REACTOME_COLLAGEN_FORMATION,embedding_11,52,-0.049572892228212456,0.7270892824229979,-0.08136258857679501,0.5663714855024
Baseline,REACTOME_COLLAGEN_FORMATION,embedding_12,52,0.1401292060768477,0.3217725680731831,0.10893878596431315,0.4420331280081139
Baseline,REACTOME_COLLAGEN_FORMATION,embedding_13,52,0.22775709689861395,0.10440211882669763,0.4338768889268334,0.0013115865593777377
Baseline,REACTOME_COLLAGEN_FORMATION,embedding_14,52,-0.3356413617457733,0.014993649403098504,-0.31836421070605303,0.02143942063702029
Baseline,REACTOME_COLLAGEN_FORMATION,embedding_15,52,-0.08339814639016584,0.5566673429835391,-0.07239819004524886,0.6100164930584998
Baseline,REACTOME_COLLAGEN_FORMATION,embedding_16,52,0.0486390216095581,0.7320366626258713,0.17843421838982326,0.2056512432478854
Baseline,REACTOME_COLLAGEN_FORMATION,embedding_17,52,-0.1470508157955192,0.29820529375655813,-0.16101767267139075,0.254140844267367
Baseline,REACTOME_COLLAGEN_FORMATION,embedding_18,52,0.030089627919481998,0.8322999567849918,-0.01920942542474174,0.8924804500309262
Baseline,REACTOME_COLLAGEN_FORMATION,embedding_19,52,0.09361172741977615,0.509198680917802,0.20823017160420043,0.13851077384599444
Baseline,REACTOME_COLLAGEN_FORMATION,embedding_20,52,0.24760131529819632,0.07676941850742841,0.27132246222146333,0.05169787334743738
Baseline,REACTOME_COLLAGEN_FORMATION,embedding_21,52,-0.1386861898766932,0.3268303876228045,0.04900537863911892,0.7300945070994753
Baseline,REACTOME_COLLAGEN_FORMATION,embedding_22,52,0.26628120934687494,0.05637680862185852,0.20037565098608381,0.15436093411398524
Baseline,REACTOME_COLLAGEN_FORMATION,embedding_23,52,-0.30075573157355784,0.030273484978410908,-0.22479296508153335,0.10911570135451469
Baseline,REACTOME_COLLAGEN_FORMATION,embedding_24,52,-0.2403195937934578,0.08614519929544336,-0.24246563647229574,0.08329333208039354
Baseline,REACTOME_COLLAGEN_FORMATION,embedding_25,52,0.04838951766047528,0.7333603033070397,0.09451037308972936,0.5051228745783689
Baseline,REACTOME_COLLAGEN_FORMATION,embedding_26,52,-0.008092055725025417,0.954596938463241,-0.11517117732434047,0.41619920799117904
Baseline,REACTOME_COLLAGEN_FORMATION,embedding_27,52,0.07903768557949789,0.5775503296388216,0.18594723811150005,0.18689060847893654
Baseline,REACTOME_COLLAGEN_FORMATION,embedding_28,52,0.0698296474556392,0.6227835539631362,0.03346708785110561,0.813794351909642
Baseline,REACTOME_COLLAGEN_FORMATION,embedding_29,52,0.020260444557810786,0.8866351988679945,0.15060189532997523,0.28655985118312416
Baseline,REACTOME_COLLAGEN_FORMATION,embedding_30,52,-0.3192501535440395,0.021059672752449844,-0.3470502860070007,0.011713426189677068
Baseline,REACTOME_COLLAGEN_FORMATION,embedding_31,52,0.046191682249867125,0.7450528434398656,0.027917698283957997,0.8442487443717931
Baseline,REACTOME_COLLAGEN_DEGRADATION,embedding_0,52,-0.12640558151993003,0.3718815062714268,-0.12618458123452575,0.3727249454975895
Baseline,REACTOME_COLLAGEN_DEGRADATION,embedding_1,52,-0.36960086916643153,0.0070039105375894915,-0.3769316144454879,0.005879669743499984
Baseline,REACTOME_COLLAGEN_DEGRADATION,embedding_2,52,0.14956006670823488,0.28994512140428275,0.1323315973704431,0.34969490990647434
Baseline,REACTOME_COLLAGEN_DEGRADATION,embedding_3,52,-0.29764819977607304,0.03211074584994876,-0.2922393921284043,0.03552929003967651
Baseline,REACTOME_COLLAGEN_DEGRADATION,embedding_4,52,-0.1482188452420255,0.2943415036805451,-0.13574660633484162,0.3372876629335749
Baseline,REACTOME_COLLAGEN_DEGRADATION,embedding_5,52,0.15445773982282401,0.2742567998588117,0.2288056006147016,0.102772861278638
Baseline,REACTOME_COLLAGEN_DEGRADATION,embedding_6,52,0.23467628315279937,0.09401006176254834,0.24792965081533339,0.07636647774578406
Baseline,REACTOME_COLLAGEN_DEGRADATION,embedding_7,52,-0.07232252831344198,0.6103909580510938,-0.02211218304448049,0.876351462760927
Baseline,REACTOME_COLLAGEN_DEGRADATION,embedding_8,52,0.02850784230584349,0.8409985315161076,-0.037906599504823696,0.7896236070103577
Baseline,REACTOME_COLLAGEN_DEGRADATION,embedding_9,52,0.0785417566542114,0.5799478749365257,-0.019636301545291557,0.8901056741904081
Baseline,REACTOME_COLLAGEN_DEGRADATION,embedding_10,52,0.06885210752990577,0.6276717765509383,0.03824810040126355,0.7877721131413665
Baseline,REACTOME_COLLAGEN_DEGRADATION,embedding_11,52,-0.09275581525666735,0.5130961401543608,-0.1428327499359686,0.3124307117455514
Baseline,REACTOME_COLLAGEN_DEGRADATION,embedding_12,52,0.09375124348115121,0.5085648126302156,0.07880133185349611,0.5786924063397674
Baseline,REACTOME_COLLAGEN_DEGRADATION,embedding_13,52,0.20741915458120092,0.14008870991648564,0.3918722786647315,0.004065680330205874
Baseline,REACTOME_COLLAGEN_DEGRADATION,embedding_14,52,-0.34416902352361745,0.012477302307543025,-0.33834201314778445,0.014153606306024222
Baseline,REACTOME_COLLAGEN_DEGRADATION,embedding_15,52,-0.06606930808579811,0.6416736843466846,-0.046358746691710064,0.7441620153633997
Baseline,REACTOME_COLLAGEN_DEGRADATION,embedding_16,52,0.007802276508739219,0.9562212247643997,0.10373089729360539,0.46428559269189573
Baseline,REACTOME_COLLAGEN_DEGRADATION,embedding_17,52,-0.06496729160336957,0.6472532721072204,-0.046785622812259876,0.7418873181407533
Baseline,REACTOME_COLLAGEN_DEGRADATION,embedding_18,52,0.09732373647336465,0.4924714717148571,0.10654827968923417,0.45217307255173234
Baseline,REACTOME_COLLAGEN_DEGRADATION,embedding_19,52,0.09779484545994444,0.4903691699217636,0.1849227354221805,0.1893740348120397
Baseline,REACTOME_COLLAGEN_DEGRADATION,embedding_20,52,0.23277595799262332,0.09678053468640363,0.23922137795611711,0.08763390176694143
Baseline,REACTOME_COLLAGEN_DEGRADATION,embedding_21,52,-0.18343195616932054,0.1930297178090809,-0.033125586954665755,0.8156610908392268
Baseline,REACTOME_COLLAGEN_DEGRADATION,embedding_22,52,0.27167188255255115,0.05138560958858653,0.20080252710663365,0.15346659365318852
Baseline,REACTOME_COLLAGEN_DEGRADATION,embedding_23,52,-0.25810287290959455,0.0646890601007556,-0.22641509433962265,0.10651637340737118
Baseline,REACTOME_COLLAGEN_DEGRADATION,embedding_24,52,-0.29911179991960124,0.03123420133360554,-0.337317510458465,0.014467414410621673
Baseline,REACTOME_COLLAGEN_DEGRADATION,embedding_25,52,0.11637069341008564,0.41132824010242164,0.13455135319730213,0.3415986171603691
Baseline,REACTOME_COLLAGEN_DEGRADATION,embedding_26,52,0.02682776152133455,0.8502582875404281,-0.042687612054981644,0.7638119494016434
Baseline,REACTOME_COLLAGEN_DEGRADATION,embedding_27,52,0.033168159963415135,0.8154283193422193,0.061982412703833346,0.6624620447499034
Baseline,REACTOME_COLLAGEN_DEGRADATION,embedding_28,52,0.045656618413833144,0.7479081540506831,0.03064970545547682,0.8292246827319036
Baseline,REACTOME_COLLAGEN_DEGRADATION,embedding_29,52,-0.0779687157961537,0.5827238351594151,0.04670024758814991,0.7423420834109116
Baseline,REACTOME_COLLAGEN_DEGRADATION,embedding_30,52,-0.295435984733698,0.033474357703536066,-0.29181251600785446,0.035811441276949275
Baseline,REACTOME_COLLAGEN_DEGRADATION,embedding_31,52,-0.12110110629782025,0.3924416428157153,-0.12755058482028514,0.36753004629436514
Baseline,REACTOME_DEGRADATION_OF_THE_EXTRACELLULAR_MATRIX,embedding_0,52,-0.10642945117508387,0.45268041687052146,-0.0992913856398873,0.4837220940447031
Baseline,REACTOME_DEGRADATION_OF_THE_EXTRACELLULAR_MATRIX,embedding_1,52,-0.31513014866967554,0.022875094184725747,-0.3253649790830701,0.018590464761090362
Baseline,REACTOME_DEGRADATION_OF_THE_EXTRACELLULAR_MATRIX,embedding_2,52,0.04667041842140547,0.7425009939778682,0.07794757961239648,0.5828263392335251
Baseline,REACTOME_DEGRADATION_OF_THE_EXTRACELLULAR_MATRIX,embedding_3,52,-0.3168222241347149,0.022114160439866828,-0.32075471698113206,0.020427779525792264
Baseline,REACTOME_DEGRADATION_OF_THE_EXTRACELLULAR_MATRIX,embedding_4,52,-0.07947293244921774,0.5754498847799462,-0.09348587040040979,0.5097708356448194
Baseline,REACTOME_DEGRADATION_OF_THE_EXTRACELLULAR_MATRIX,embedding_5,52,0.15690116440754912,0.2666442975150634,0.17843421838982326,0.2056512432478854
Baseline,REACTOME_DEGRADATION_OF_THE_EXTRACELLULAR_MATRIX,embedding_6,52,0.1929230602823633,0.17059895355748306,0.16289592760180996,0.24856946984309114
Baseline,REACTOME_DEGRADATION_OF_THE_EXTRACELLULAR_MATRIX,embedding_7,52,-0.05818634266487648,0.6820000734887015,-0.02219755826859045,0.8758778010386571
Baseline,REACTOME_DEGRADATION_OF_THE_EXTRACELLULAR_MATRIX,embedding_8,52,0.06001801639357629,0.6725458213033084,-0.011867156151284898,0.9334556325299008
Baseline,REACTOME_DEGRADATION_OF_THE_EXTRACELLULAR_MATRIX,embedding_9,52,0.035797601093527656,0.801082994626291,0.008708272859216255,0.9511435004057796
Baseline,REACTOME_DEGRADATION_OF_THE_EXTRACELLULAR_MATRIX,embedding_10,52,0.02991564002233636,0.8332557987998587,0.004524886877828054,0.9746025373434626
Baseline,REACTOME_DEGRADATION_OF_THE_EXTRACELLULAR_MATRIX,embedding_11,52,-0.0578171432479551,0.6839116435469448,-0.08802185605737214,0.5349213454091922
Baseline,REACTOME_DEGRADATION_OF_THE_EXTRACELLULAR_MATRIX,embedding_12,52,0.10343005382237655,0.4655892452428265,0.07897208230171603,0.577867225797909
Baseline,REACTOME_DEGRADATION_OF_THE_EXTRACELLULAR_MATRIX,embedding_13,52,0.22208311812754217,0.11356613393315482,0.35277042602236824,0.010315410432745193
Baseline,REACTOME_DEGRADATION_OF_THE_EXTRACELLULAR_MATRIX,embedding_14,52,-0.2974502258636165,0.03223086593771634,-0.2968496542303424,0.03259754703789664
Baseline,REACTOME_DEGRADATION_OF_THE_EXTRACELLULAR_MATRIX,embedding_15,52,-0.09934784779951152,0.4834722416124949,-0.07572782378553744,0.5936365784190294
Baseline,REACTOME_DEGRADATION_OF_THE_EXTRACELLULAR_MATRIX,embedding_16,52,0.0027598870558900304,0.9845076042636309,0.05711602492956543,0.6875471632314549
Baseline,REACTOME_DEGRADATION_OF_THE_EXTRACELLULAR_MATRIX,embedding_17,52,-0.07736138067163924,0.5856724703345851,-0.05873815418765474,0.6791466979122988
Baseline,REACTOME_DEGRADATION_OF_THE_EXTRACELLULAR_MATRIX,embedding_18,52,0.08838418577807176,0.5332349809132713,0.09903525996755742,0.4848563360711633
Baseline,REACTOME_DEGRADATION_OF_THE_EXTRACELLULAR_MATRIX,embedding_19,52,0.09953182131185115,0.4826586061976815,0.16007854520618114,0.256957887354207
Baseline,REACTOME_DEGRADATION_OF_THE_EXTRACELLULAR_MATRIX,embedding_20,52,0.19680936225389697,0.16198311811104066,0.19499701186715612,0.1659605533568684
Baseline,REACTOME_DEGRADATION_OF_THE_EXTRACELLULAR_MATRIX,embedding_21,52,-0.12758145826035347,0.3674131426628084,-0.007427644497566805,0.9583213929325958
Baseline,REACTOME_DEGRADATION_OF_THE_EXTRACELLULAR_MATRIX,embedding_22,52,0.20135544166222594,0.15231387865920903,0.17228720225390592,0.22195840013550625
Baseline,REACTOME_DEGRADATION_OF_THE_EXTRACELLULAR_MATRIX,embedding_23,52,-0.267384947902764,0.055324224043339865,-0.2158285665499872,0.12436609925228015
Baseline,REACTOME_DEGRADATION_OF_THE_EXTRACELLULAR_MATRIX,embedding_24,52,-0.20625674708617744,0.14237364922609422,-0.2841287458379578,0.04121521996135511
Baseline,REACTOME_DEGRADATION_OF_THE_EXTRACELLULAR_MATRIX,embedding_25,52,-0.0027446693056167194,0.9845930175108915,0.025441816784769058,0.8579120743519719
Baseline,REACTOME_DEGRADATION_OF_THE_EXTRACELLULAR_MATRIX,embedding_26,52,-0.010072544618426688,0.9435010281529441,-0.07888670707760607,0.5782797489604199
Baseline,REACTOME_DEGRADATION_OF_THE_EXTRACELLULAR_MATRIX,embedding_27,52,0.0603460938374826,0.6708576737544005,0.11491505165201057,0.4172435370804324
Baseline,REACTOME_DEGRADATION_OF_THE_EXTRACELLULAR_MATRIX,embedding_28,52,0.05740491808884981,0.6860483068177301,0.031759583368906344,0.8231380972520099
Baseline,REACTOME_DEGRADATION_OF_THE_EXTRACELLULAR_MATRIX,embedding_29,52,0.01624738662866534,0.9089833595404377,0.0899854862119013,0.5258135222698962
Baseline,REACTOME_DEGRADATION_OF_THE_EXTRACELLULAR_MATRIX,embedding_30,52,-0.2684767299164607,0.0542987214131811,-0.25279603858960126,0.07058820632742493
Baseline,REACTOME_DEGRADATION_OF_THE_EXTRACELLULAR_MATRIX,embedding_31,52,-0.007082302477985122,0.9602576117127615,-0.03304021173055579,0.8161279345567598
Baseline,REACTOME_INTEGRIN_CELL_SURFACE_INTERACTIONS,embedding_0,52,-0.03427879905764644,0.8093614442128078,-0.009305899427985998,0.9477950976490529
Baseline,REACTOME_INTEGRIN_CELL_SURFACE_INTERACTIONS,embedding_1,52,-0.27251331916908983,0.05063992773539216,-0.30863143515751723,0.026005748903709443
Baseline,REACTOME_INTEGRIN_CELL_SURFACE_INTERACTIONS,embedding_2,52,-0.04382790648220287,0.7576920055574283,-0.06821480406386067,0.630867204179105
Baseline,REACTOME_INTEGRIN_CELL_SURFACE_INTERACTIONS,embedding_3,52,-0.2647504282993695,0.05786333581772605,-0.33774438657901473,0.014335945553011573
Baseline,REACTOME_INTEGRIN_CELL_SURFACE_INTERACTIONS,embedding_4,52,-0.06438997388301416,0.6501839888586549,-0.030564330231366857,0.8296932983832335
Baseline,REACTOME_INTEGRIN_CELL_SURFACE_INTERACTIONS,embedding_5,52,0.08943783567709672,0.5283459143780059,0.16528643387688893,0.2415992453415194
Baseline,REACTOME_INTEGRIN_CELL_SURFACE_INTERACTIONS,embedding_6,52,0.11565821937524579,0.4142174706974854,0.05942115598053444,0.6756211155502916
Baseline,REACTOME_INTEGRIN_CELL_SURFACE_INTERACTIONS,embedding_7,52,0.01589402033872885,0.9109548126779928,-0.025441816784769058,0.8579120743519719
Baseline,REACTOME_INTEGRIN_CELL_SURFACE_INTERACTIONS,embedding_8,52,-0.008123371706495802,0.9544214152424666,-0.048663877742679065,0.7319048408868285
Baseline,REACTOME_INTEGRIN_CELL_SURFACE_INTERACTIONS,embedding_9,52,-0.0825200030480494,0.5608440786224376,-0.0469563732604798,0.7409780498660563
Baseline,REACTOME_INTEGRIN_CELL_SURFACE_INTERACTIONS,embedding_10,52,0.009128675852479694,0.9487879613617547,-0.03987022965935285,0.7789935527768476
Baseline,REACTOME_INTEGRIN_CELL_SURFACE_INTERACTIONS,embedding_11,52,-0.021881815778223186,0.8776297541112072,-0.042089985486211894,0.7670251528702301
Baseline,REACTOME_INTEGRIN_CELL_SURFACE_INTERACTIONS,embedding_12,52,0.1861968065012277,0.18628919621789392,0.19448476052249636,0.16709755747559552
Baseline,REACTOME_INTEGRIN_CELL_SURFACE_INTERACTIONS,embedding_13,52,0.11327940260068596,0.42394797911641424,0.27721335268505076,0.046634804797109825
Baseline,REACTOME_INTEGRIN_CELL_SURFACE_INTERACTIONS,embedding_14,52,-0.21048945577080824,0.13418508014729588,-0.21062067787927943,0.13393698734691933
Baseline,REACTOME_INTEGRIN_CELL_SURFACE_INTERACTIONS,embedding_15,52,-0.1315141243734399,0.3527060478583428,-0.13651498335183126,0.3345343231091683
Baseline,REACTOME_INTEGRIN_CELL_SURFACE_INTERACTIONS,embedding_16,52,-0.012462838610541047,0.9301234740598415,0.030905831127806708,0.8278191898722701
Baseline,REACTOME_INTEGRIN_CELL_SURFACE_INTERACTIONS,embedding_17,52,-0.033150089000133914,0.8155271219219521,-0.06889780585674038,0.6274429049761823
Baseline,REACTOME_INTEGRIN_CELL_SURFACE_INTERACTIONS,embedding_18,52,0.03143018400673947,0.8249434684717164,0.04260223683087167,0.7642707384557992
Baseline,REACTOME_INTEGRIN_CELL_SURFACE_INTERACTIONS,embedding_19,52,0.04331139017110473,0.7604623419230487,0.10714590625800392,0.44962620616004256
Baseline,REACTOME_INTEGRIN_CELL_SURFACE_INTERACTIONS,embedding_20,52,0.05185376680473405,0.7150525075922345,0.049944506104328525,0.7251236297347088
Baseline,REACTOME_INTEGRIN_CELL_SURFACE_INTERACTIONS,embedding_21,52,-0.10477544428266213,0.45977456314724674,-0.05796977717066508,0.6831211258324861
Baseline,REACTOME_INTEGRIN_CELL_SURFACE_INTERACTIONS,embedding_22,52,0.11750378304852192,0.40675729723842013,0.11423204985913087,0.4200357259572578
Baseline,REACTOME_INTEGRIN_CELL_SURFACE_INTERACTIONS,embedding_23,52,-0.19665446838836112,0.16232030076032694,-0.22359771194399383,0.11106191293339523
Baseline,REACTOME_INTEGRIN_CELL_SURFACE_INTERACTIONS,embedding_24,52,-0.07658428880072608,0.5894550429948402,-0.13301459916332278,0.34719126244111165
Baseline,REACTOME_INTEGRIN_CELL_SURFACE_INTERACTIONS,embedding_25,52,-0.004482299205770833,0.974841497904406,-0.010245026893195595,0.9425351497492844
Baseline,REACTOME_INTEGRIN_CELL_SURFACE_INTERACTIONS,embedding_26,52,-0.014522224835113066,0.9186130795198546,-0.06590967301289165,0.6424807232988468
Baseline,REACTOME_INTEGRIN_CELL_SURFACE_INTERACTIONS,embedding_27,52,0.10715291641447845,0.44959637830702814,0.19661914112524545,0.16239727521703048
Baseline,REACTOME_INTEGRIN_CELL_SURFACE_INTERACTIONS,embedding_28,52,0.011518024366844182,0.9354091527661397,0.002475881499188935,0.986101680436726
Baseline,REACTOME_INTEGRIN_CELL_SURFACE_INTERACTIONS,embedding_29,52,0.06999232232542715,0.6219716473761473,0.14103987022965936,0.3186063024053392
Baseline,REACTOME_INTEGRIN_CELL_SURFACE_INTERACTIONS,embedding_30,52,-0.1990476953331327,0.15716765718159137,-0.25706479979509944,0.06581084276311763
Baseline,REACTOME_INTEGRIN_CELL_SURFACE_INTERACTIONS,embedding_31,52,0.08004821341946704,0.572679036277286,0.08614360112695296,0.5437047469032825
Baseline,REACTOME_EXTRACELLULAR_MATRIX_ORGANIZATION,embedding_0,52,-0.06839217211817686,0.6299772084966068,-0.03876035174592333,0.7849970544027929
Baseline,REACTOME_EXTRACELLULAR_MATRIX_ORGANIZATION,embedding_1,52,-0.24482486897853542,0.0802442891156884,-0.2448561427473747,0.08020447000855886
Baseline,REACTOME_EXTRACELLULAR_MATRIX_ORGANIZATION,embedding_2,52,-0.16192206940323325,0.2514477486392996,-0.12080594211559804,0.39360497573855113
Baseline,REACTOME_EXTRACELLULAR_MATRIX_ORGANIZATION,embedding_3,52,-0.339255201207909,0.013878820496324268,-0.38956714761376243,0.004308537400703583
Baseline,REACTOME_EXTRACELLULAR_MATRIX_ORGANIZATION,embedding_4,52,0.025825112873985204,0.8557940204065486,0.0043541364296081275,0.975560635776769
Baseline,REACTOME_EXTRACELLULAR_MATRIX_ORGANIZATION,embedding_5,52,0.16610133680157163,0.23925394499375102,0.19644839067702552,0.16276969928988202
Baseline,REACTOME_EXTRACELLULAR_MATRIX_ORGANIZATION,embedding_6,52,0.10739851787299486,0.4485520438021755,-0.008196021514556475,0.9540142279604464
Baseline,REACTOME_EXTRACELLULAR_MATRIX_ORGANIZATION,embedding_7,52,-0.04736294475090088,0.7388144175393597,-0.09041236233245112,0.5238437855488414
Baseline,REACTOME_EXTRACELLULAR_MATRIX_ORGANIZATION,embedding_8,52,0.08653894800912873,0.5418501956415296,-0.00939127465209596,0.9473168260289273
Baseline,REACTOME_EXTRACELLULAR_MATRIX_ORGANIZATION,embedding_9,52,-0.03484165096657753,0.806291073810736,0.035174592333304874,0.8044762294570651
Baseline,REACTOME_EXTRACELLULAR_MATRIX_ORGANIZATION,embedding_10,52,-0.026279795080507394,0.8532828009562018,-0.10398702296593529,0.46317727130080977
Baseline,REACTOME_EXTRACELLULAR_MATRIX_ORGANIZATION,embedding_11,52,-0.0395764194543394,0.7805815895365348,-0.08332621873132416,0.557008900833389
Baseline,REACTOME_EXTRACELLULAR_MATRIX_ORGANIZATION,embedding_12,52,0.16725883729757096,0.23594948587959672,0.11662255613420985,0.4103096659026053
Baseline,REACTOME_EXTRACELLULAR_MATRIX_ORGANIZATION,embedding_13,52,0.2323407605094473,0.0974238276900734,0.35814906514129596,0.009134630961163296
Baseline,REACTOME_EXTRACELLULAR_MATRIX_ORGANIZATION,embedding_14,52,-0.19523163480931544,0.16544166746525593,-0.18526423631862032,0.18854361967060848
Baseline,REACTOME_EXTRACELLULAR_MATRIX_ORGANIZATION,embedding_15,52,-0.1686515864087761,0.23201510271946302,-0.15401690429437376,0.2756454008013658
Baseline,REACTOME_EXTRACELLULAR_MATRIX_ORGANIZATION,embedding_16,52,-0.03445201339853776,0.8084162504736476,0.00648851703235721,0.9635872961094597
Baseline,REACTOME_EXTRACELLULAR_MATRIX_ORGANIZATION,embedding_17,52,-0.0858974419174745,0.5448610114894845,-0.05737215060189532,0.6862182533978463
Baseline,REACTOME_EXTRACELLULAR_MATRIX_ORGANIZATION,embedding_18,52,0.10583021774602655,0.4552436185641279,0.09732775548535813,0.49245351726797637
Baseline,REACTOME_EXTRACELLULAR_MATRIX_ORGANIZATION,embedding_19,52,0.07778270064137119,0.5836262320271484,0.15990779475796124,0.25747232599175607
Baseline,REACTOME_EXTRACELLULAR_MATRIX_ORGANIZATION,embedding_20,52,0.09614866630320895,0.49773551756533135,0.09690087936480833,0.4943624344293639
Baseline,REACTOME_EXTRACELLULAR_MATRIX_ORGANIZATION,embedding_21,52,-0.05907525504578156,0.6774057628547302,0.03321096217877572,0.8151943105605712
Baseline,REACTOME_EXTRACELLULAR_MATRIX_ORGANIZATION,embedding_22,52,0.08963112841022182,0.5274514216604994,0.1211474430120379,0.39225919932226117
Baseline,REACTOME_EXTRACELLULAR_MATRIX_ORGANIZATION,embedding_23,52,-0.2885119723603358,0.038056122888028586,-0.26321181593101683,0.059389134903830784
Baseline,REACTOME_EXTRACELLULAR_MATRIX_ORGANIZATION,embedding_24,52,-0.004727118265486149,0.9734678421705442,-0.08213096559378469,0.5626991575686782
Baseline,REACTOME_EXTRACELLULAR_MATRIX_ORGANIZATION,embedding_25,52,-0.15247094755258278,0.280551758604485,-0.09263211815931016,0.513660647361649
Baseline,REACTOME_EXTRACELLULAR_MATRIX_ORGANIZATION,embedding_26,52,-0.026701933746687626,0.850952609537792,-0.11414667463502091,0.4203854964507908
Baseline,REACTOME_EXTRACELLULAR_MATRIX_ORGANIZATION,embedding_27,52,0.12638236660941313,0.37197005111949355,0.2334158627166396,0.09584063925874792
Baseline,REACTOME_EXTRACELLULAR_MATRIX_ORGANIZATION,embedding_28,52,0.06361890699410419,0.6541064519119014,0.05259113805173738,0.7111756927415447
Baseline,REACTOME_EXTRACELLULAR_MATRIX_ORGANIZATION,embedding_29,52,0.1398925931095381,0.32259849017598274,0.17186032613335608,0.22312326036224442
Baseline,REACTOME_EXTRACELLULAR_MATRIX_ORGANIZATION,embedding_30,52,-0.22443651767265482,0.10969334223228225,-0.24519764364381455,0.07977066862326175
Baseline,REACTOME_EXTRACELLULAR_MATRIX_ORGANIZATION,embedding_31,52,0.15714658401621698,0.2658875599518503,0.0794843336463758,0.5753949111555123
Baseline,REACTOME_ASSEMBLY_OF_COLLAGEN_FIBRILS_AND_OTHER_MULTIMERIC_STRUCTURES,embedding_0,52,-0.026908973251767207,0.849810218157139,0.07103218645948944,0.6167922756141138
Baseline,REACTOME_ASSEMBLY_OF_COLLAGEN_FIBRILS_AND_OTHER_MULTIMERIC_STRUCTURES,embedding_1,52,-0.28025874499379994,0.04418051785390269,-0.26730982668829506,0.055395356365455305
Baseline,REACTOME_ASSEMBLY_OF_COLLAGEN_FIBRILS_AND_OTHER_MULTIMERIC_STRUCTURES,embedding_2,52,-0.06877632766673941,0.6280513824537938,-0.12601383078630582,0.3733773943179659
Baseline,REACTOME_ASSEMBLY_OF_COLLAGEN_FIBRILS_AND_OTHER_MULTIMERIC_STRUCTURES,embedding_3,52,-0.3185786102961879,0.021346994889019796,-0.31221719457013575,0.024236714314878834
Baseline,REACTOME_ASSEMBLY_OF_COLLAGEN_FIBRILS_AND_OTHER_MULTIMERIC_STRUCTURES,embedding_4,52,-0.0011462802913738209,0.9935651267598576,0.03568684367796465,0.8016859740472927
Baseline,REACTOME_ASSEMBLY_OF_COLLAGEN_FIBRILS_AND_OTHER_MULTIMERIC_STRUCTURES,embedding_5,52,0.07692990177044959,0.587771388422377,0.09852300862289765,0.487129004727197
Baseline,REACTOME_ASSEMBLY_OF_COLLAGEN_FIBRILS_AND_OTHER_MULTIMERIC_STRUCTURES,embedding_6,52,0.09896231644826495,0.48517961885219774,0.07282506616579869,0.6079056545711582
Baseline,REACTOME_ASSEMBLY_OF_COLLAGEN_FIBRILS_AND_OTHER_MULTIMERIC_STRUCTURES,embedding_7,52,-0.04529075006430433,0.7498625058994807,-0.013062409288824383,0.9267707646253097
Baseline,REACTOME_ASSEMBLY_OF_COLLAGEN_FIBRILS_AND_OTHER_MULTIMERIC_STRUCTURES,embedding_8,52,0.04570429943924734,0.7476535726121265,0.08153333902501494,0.5655544499280764
Baseline,REACTOME_ASSEMBLY_OF_COLLAGEN_FIBRILS_AND_OTHER_MULTIMERIC_STRUCTURES,embedding_9,52,0.11331460972520423,0.4238030266947131,0.14565013233159738,0.3028818072393826
Baseline,REACTOME_ASSEMBLY_OF_COLLAGEN_FIBRILS_AND_OTHER_MULTIMERIC_STRUCTURES,embedding_10,52,-0.01260710969571084,0.9293166196866166,-0.059848032101084254,0.6734211190010935
Baseline,REACTOME_ASSEMBLY_OF_COLLAGEN_FIBRILS_AND_OTHER_MULTIMERIC_STRUCTURES,embedding_11,52,-0.1164465140974045,0.4110214558048114,-0.16050542132673096,0.25567481893169425
Baseline,REACTOME_ASSEMBLY_OF_COLLAGEN_FIBRILS_AND_OTHER_MULTIMERIC_STRUCTURES,embedding_12,52,0.06934160299916184,0.6252220396887561,0.03047895500725689,0.8301619727886226
Baseline,REACTOME_ASSEMBLY_OF_COLLAGEN_FIBRILS_AND_OTHER_MULTIMERIC_STRUCTURES,embedding_13,52,0.16728069992013742,0.23588737471719992,0.2769572270127209,0.04684618979903696
Baseline,REACTOME_ASSEMBLY_OF_COLLAGEN_FIBRILS_AND_OTHER_MULTIMERIC_STRUCTURES,embedding_14,52,-0.27777182510298376,0.046176585904728916,-0.26568769743020576,0.05694946110131521
Baseline,REACTOME_ASSEMBLY_OF_COLLAGEN_FIBRILS_AND_OTHER_MULTIMERIC_STRUCTURES,embedding_15,52,0.03521610813800023,0.8042500005978337,0.08537522410996329,0.5473178984653955
Baseline,REACTOME_ASSEMBLY_OF_COLLAGEN_FIBRILS_AND_OTHER_MULTIMERIC_STRUCTURES,embedding_16,52,0.014287102812846375,0.9199264403051399,0.10842653461965338,0.4441952858460718
Baseline,REACTOME_ASSEMBLY_OF_COLLAGEN_FIBRILS_AND_OTHER_MULTIMERIC_STRUCTURES,embedding_17,52,-0.010654124036245898,0.9402445888484203,-0.016221292580893023,0.9091289214645097
Baseline,REACTOME_ASSEMBLY_OF_COLLAGEN_FIBRILS_AND_OTHER_MULTIMERIC_STRUCTURES,embedding_18,52,0.019498108054574234,0.8908743616664351,-0.004866387774267907,0.9726864484128634
Baseline,REACTOME_ASSEMBLY_OF_COLLAGEN_FIBRILS_AND_OTHER_MULTIMERIC_STRUCTURES,embedding_19,52,0.130014505897868,0.35827105237594215,0.2248783403056433,0.10897769336796612
Baseline,REACTOME_ASSEMBLY_OF_COLLAGEN_FIBRILS_AND_OTHER_MULTIMERIC_STRUCTURES,embedding_20,52,0.09460282261939869,0.5047045174276966,0.07248356526935884,0.6095940728985528
Baseline,REACTOME_ASSEMBLY_OF_COLLAGEN_FIBRILS_AND_OTHER_MULTIMERIC_STRUCTURES,embedding_21,52,-0.05894455800988417,0.6780805413580842,0.07513019721676768,0.5965621561685893
Baseline,REACTOME_ASSEMBLY_OF_COLLAGEN_FIBRILS_AND_OTHER_MULTIMERIC_STRUCTURES,embedding_22,52,0.11998774580273505,0.3968403073492164,-0.00623239136002732,0.9650237282460941
Baseline,REACTOME_ASSEMBLY_OF_COLLAGEN_FIBRILS_AND_OTHER_MULTIMERIC_STRUCTURES,embedding_23,52,-0.21873639237182524,0.11925227002076098,-0.2130111841543584,0.12947741617577707
Baseline,REACTOME_ASSEMBLY_OF_COLLAGEN_FIBRILS_AND_OTHER_MULTIMERIC_STRUCTURES,embedding_24,52,-0.18827828261869659,0.18132718291809619,-0.19491163664304617,0.16614966115600033
Baseline,REACTOME_ASSEMBLY_OF_COLLAGEN_FIBRILS_AND_OTHER_MULTIMERIC_STRUCTURES,embedding_25,52,-0.06537188125478606,0.6452025511441688,-0.11568342866900025,0.41411504353918993
Baseline,REACTOME_ASSEMBLY_OF_COLLAGEN_FIBRILS_AND_OTHER_MULTIMERIC_STRUCTURES,embedding_26,52,-0.08546337855582917,0.5469027841825859,-0.1641765559634594,0.2448186492114282
Baseline,REACTOME_ASSEMBLY_OF_COLLAGEN_FIBRILS_AND_OTHER_MULTIMERIC_STRUCTURES,embedding_27,52,-0.051110831394655006,0.7189657983462783,0.027149321266968326,0.848484422433068
Baseline,REACTOME_ASSEMBLY_OF_COLLAGEN_FIBRILS_AND_OTHER_MULTIMERIC_STRUCTURES,embedding_28,52,0.14069013970082106,0.319819924039508,0.07504482199265772,0.5969806149083707
Baseline,REACTOME_ASSEMBLY_OF_COLLAGEN_FIBRILS_AND_OTHER_MULTIMERIC_STRUCTURES,embedding_29,52,-0.029942481402280494,0.8331083239570491,0.09638862802014854,0.4966581896826786
Baseline,REACTOME_ASSEMBLY_OF_COLLAGEN_FIBRILS_AND_OTHER_MULTIMERIC_STRUCTURES,embedding_30,52,-0.19033716228923683,0.17651331677363125,-0.13668573380005122,0.3339243829211601
Baseline,REACTOME_ASSEMBLY_OF_COLLAGEN_FIBRILS_AND_OTHER_MULTIMERIC_STRUCTURES,embedding_31,52,0.07889164151062075,0.5782559026979788,0.04712712370869973,0.7400691322338244
Baseline,REACTOME_MOLECULES_ASSOCIATED_WITH_ELASTIC_FIBRES,embedding_0,52,0.014057447927942317,0.9212094669022836,0.08170408947323486,0.564737963805881
Baseline,REACTOME_MOLECULES_ASSOCIATED_WITH_ELASTIC_FIBRES,embedding_1,52,-0.07543646964765677,0.5950620569964169,0.02219755826859045,0.8758778010386571
Baseline,REACTOME_MOLECULES_ASSOCIATED_WITH_ELASTIC_FIBRES,embedding_2,52,-0.1618421618052613,0.2516849155030794,-0.1416374967984291,0.31653921874310936
Baseline,REACTOME_MOLECULES_ASSOCIATED_WITH_ELASTIC_FIBRES,embedding_3,52,-0.29271059972835645,0.035219974783986,-0.3158883292068641,0.022531453585264965
Baseline,REACTOME_MOLECULES_ASSOCIATED_WITH_ELASTIC_FIBRES,embedding_4,52,0.16791813030223368,0.23408137987261624,0.08972936053957142,0.5269971241339895
Baseline,REACTOME_MOLECULES_ASSOCIATED_WITH_ELASTIC_FIBRES,embedding_5,52,0.1560035357171957,0.26942431341751055,0.14616238367625714,0.30116608102687475
Baseline,REACTOME_MOLECULES_ASSOCIATED_WITH_ELASTIC_FIBRES,embedding_6,52,0.02431337059414036,0.8641534559706365,-0.14872364039955605,0.2926817807710923
Baseline,REACTOME_MOLECULES_ASSOCIATED_WITH_ELASTIC_FIBRES,embedding_7,52,-0.04681500505347288,0.7417308289691784,-0.00520788867070776,0.9707705123262118
Baseline,REACTOME_MOLECULES_ASSOCIATED_WITH_ELASTIC_FIBRES,embedding_8,52,0.25828536423516074,0.06449344328457088,0.10910953641253308,0.44131370882301857
Baseline,REACTOME_MOLECULES_ASSOCIATED_WITH_ELASTIC_FIBRES,embedding_9,52,-0.016818815782887103,0.9057964746033388,0.08776573038504226,0.536114983450626
Baseline,REACTOME_MOLECULES_ASSOCIATED_WITH_ELASTIC_FIBRES,embedding_10,52,-0.12660624690747949,0.37111666929799314,-0.17860496883804317,0.20521065592138446
Baseline,REACTOME_MOLECULES_ASSOCIATED_WITH_ELASTIC_FIBRES,embedding_11,52,-0.0332027137267136,0.8152394053531965,-0.0764962008025271,0.5898845085245139
Baseline,REACTOME_MOLECULES_ASSOCIATED_WITH_ELASTIC_FIBRES,embedding_12,52,0.12870043031834102,0.36319127917176874,0.05950653120464441,0.6751809005452416
Baseline,REACTOME_MOLECULES_ASSOCIATED_WITH_ELASTIC_FIBRES,embedding_13,52,0.26673845431451115,0.055938810891634466,0.19875352172799454,0.1577944550172218
Baseline,REACTOME_MOLECULES_ASSOCIATED_WITH_ELASTIC_FIBRES,embedding_14,52,0.023437156153013675,0.869005451101166,0.12439170152821649,0.3796097924210038
Baseline,REACTOME_MOLECULES_ASSOCIATED_WITH_ELASTIC_FIBRES,embedding_15,52,-0.22184782517929416,0.11395900500135461,-0.1762998377870742,0.2112148853215605
Baseline,REACTOME_MOLECULES_ASSOCIATED_WITH_ELASTIC_FIBRES,embedding_16,52,-0.14342742259513472,0.3103993611694815,-0.1757875864424144,0.21256571387368509
Baseline,REACTOME_MOLECULES_ASSOCIATED_WITH_ELASTIC_FIBRES,embedding_17,52,-0.009155338857917205,0.9486385816287858,0.07538632288909757,0.5953075576731353
Baseline,REACTOME_MOLECULES_ASSOCIATED_WITH_ELASTIC_FIBRES,embedding_18,52,0.2232100090683558,0.11169887669749365,0.24801502603944334,0.07626197776828618
Baseline,REACTOME_MOLECULES_ASSOCIATED_WITH_ELASTIC_FIBRES,embedding_19,52,0.06770956186248099,0.6334052472131633,0.07991120976692563,0.5733383587920081
Baseline,REACTOME_MOLECULES_ASSOCIATED_WITH_ELASTIC_FIBRES,embedding_20,52,-0.012201242061695235,0.9315866630835866,-0.0176726713907624,0.901037240132261
Baseline,REACTOME_MOLECULES_ASSOCIATED_WITH_ELASTIC_FIBRES,embedding_21,52,0.009082122713265172,0.949048779932993,0.014172287202253905,0.9205678624414716
Baseline,REACTOME_MOLECULES_ASSOCIATED_WITH_ELASTIC_FIBRES,embedding_22,52,-0.08074384531069263,0.5693367431475762,-0.0855459745581832,0.5465139814884841
Baseline,REACTOME_MOLECULES_ASSOCIATED_WITH_ELASTIC_FIBRES,embedding_23,52,-0.2797605527916164,0.044574620559883434,-0.2840433706138479,0.04127882689071778
Baseline,REACTOME_MOLECULES_ASSOCIATED_WITH_ELASTIC_FIBRES,embedding_24,52,0.22784085037015592,0.1042712488769172,0.2095107999658499,0.13604623788417566
Baseline,REACTOME_MOLECULES_ASSOCIATED_WITH_ELASTIC_FIBRES,embedding_25,52,-0.3494383664824205,0.011111123270145896,-0.34261077435328263,0.012907962036725212
Baseline,REACTOME_MOLECULES_ASSOCIATED_WITH_ELASTIC_FIBRES,embedding_26,52,0.011956437732850095,0.9329561313015884,-0.005293263894817723,0.9702915534418958
Baseline,REACTOME_MOLECULES_ASSOCIATED_WITH_ELASTIC_FIBRES,embedding_27,52,0.1348940784667507,0.34035901854367534,0.25433279262358066,0.06883755922533187
Baseline,REACTOME_MOLECULES_ASSOCIATED_WITH_ELASTIC_FIBRES,embedding_28,52,0.018581843766858175,0.8959734732514499,-0.07145906258003927,0.6146714064011018
Baseline,REACTOME_MOLECULES_ASSOCIATED_WITH_ELASTIC_FIBRES,embedding_29,52,0.19144781532920496,0.17395517916093628,0.1630666780500299,0.2480671214679363
Baseline,REACTOME_MOLECULES_ASSOCIATED_WITH_ELASTIC_FIBRES,embedding_30,52,-0.09566098379468822,0.49992871923660265,-0.051395884914197894,0.7174634742639427
Baseline,REACTOME_MOLECULES_ASSOCIATED_WITH_ELASTIC_FIBRES,embedding_31,52,0.1624710057076198,0.249822584502371,0.04473661743362076,0.752825468998526
Baseline,REACTOME_ECM_PROTEOGLYCANS,embedding_0,52,0.06797657204395305,0.6320634196719621,0.04755399982924955,0.7377983797232
Baseline,REACTOME_ECM_PROTEOGLYCANS,embedding_1,52,-0.06855363713195864,0.6291674634958074,-0.07086143601126953,0.6176414934303565
Baseline,REACTOME_ECM_PROTEOGLYCANS,embedding_2,52,-0.2226260646920405,0.11266351822295137,-0.17553146077008452,0.2132433919919731
Baseline,REACTOME_ECM_PROTEOGLYCANS,embedding_3,52,-0.2274663060782985,0.10485747944611293,-0.24938102962520273,0.07460530780199037
Baseline,REACTOME_ECM_PROTEOGLYCANS,embedding_4,52,0.15114758947507068,0.284797068854193,0.042004610262101935,0.7674845005765611
Baseline,REACTOME_ECM_PROTEOGLYCANS,embedding_5,52,0.0024901148939050883,0.9860217894164173,-0.04354136429608128,0.7592285049880272
Baseline,REACTOME_ECM_PROTEOGLYCANS,embedding_6,52,-0.10259966140439383,0.46919781819866824,-0.20472978741569195,0.1454171988017563
Baseline,REACTOME_ECM_PROTEOGLYCANS,embedding_7,52,0.019572600948835173,0.8904599899883706,0.03688209681550414,0.795184964601656
Baseline,REACTOME_ECM_PROTEOGLYCANS,embedding_8,52,0.16955919950814732,0.22947562007470962,0.10424314863826517,0.4620703813730581
Baseline,REACTOME_ECM_PROTEOGLYCANS,embedding_9,52,0.12535154939702384,0.37591449520015047,0.2190728250661658,0.11867107333035191
Baseline,REACTOME_ECM_PROTEOGLYCANS,embedding_10,52,-0.12643978218078225,0.3717510833560642,-0.13984461709211984,0.3227661187834424
Baseline,REACTOME_ECM_PROTEOGLYCANS,embedding_11,52,-0.08442659100471718,0.5517944977335781,-0.05216426193118757,0.7134191679487777
Baseline,REACTOME_ECM_PROTEOGLYCANS,embedding_12,52,-0.0006299251745621971,0.9964637633387781,0.010074276444975666,0.9434913297458645
Baseline,REACTOME_ECM_PROTEOGLYCANS,embedding_13,52,0.11235248476227533,0.42777432561006945,0.12618458123452575,0.3727249454975895
Baseline,REACTOME_ECM_PROTEOGLYCANS,embedding_14,52,-0.06141171726539646,0.6653855676557532,-0.03389396397165542,0.8114623707427027
Baseline,REACTOME_ECM_PROTEOGLYCANS,embedding_15,52,0.030578447251170288,0.8296158074835005,0.03782122428071373,0.7900866609298139
Baseline,REACTOME_ECM_PROTEOGLYCANS,embedding_16,52,-0.1039262854986246,0.4634399684663393,-0.11551267822078032,0.4148090988488151
Baseline,REACTOME_ECM_PROTEOGLYCANS,embedding_17,52,0.060766866906420754,0.6686949104596172,0.022795184837360198,0.8725633850291283
Baseline,REACTOME_ECM_PROTEOGLYCANS,embedding_18,52,0.08005178851820245,0.5726618359854938,0.1011696405703065,0.475447144811212
Baseline,REACTOME_ECM_PROTEOGLYCANS,embedding_19,52,0.09057251255615538,0.5231057511304213,0.07845983095705626,0.5803443759541498
Baseline,REACTOME_ECM_PROTEOGLYCANS,embedding_20,52,-0.09862485220816519,0.4866767187992758,-0.10005976265687697,0.48032776064942573
Baseline,REACTOME_ECM_PROTEOGLYCANS,embedding_21,52,0.07107437937221177,0.6165825080256548,0.05028600700076837,0.7233188066985506
Baseline,REACTOME_ECM_PROTEOGLYCANS,embedding_22,52,-0.14577460593563202,0.30246431896517634,-0.14889439084777598,0.2921217498659971
Baseline,REACTOME_ECM_PROTEOGLYCANS,embedding_23,52,-0.15980146832651845,0.2577930171181317,-0.14121062067787926,0.3180148344652859
Baseline,REACTOME_ECM_PROTEOGLYCANS,embedding_24,52,0.07075274030200793,0.6181823438132582,0.020660804234611117,0.8844101501090302
Baseline,REACTOME_ECM_PROTEOGLYCANS,embedding_25,52,-0.3584404823073705,0.009074141474377202,-0.29266626824895414,0.03524898005413766
Baseline,REACTOME_ECM_PROTEOGLYCANS,embedding_26,52,-0.10028226517908727,0.47934720350487653,-0.10740203193033382,0.44853711119648765
Baseline,REACTOME_ECM_PROTEOGLYCANS,embedding_27,52,-0.08338997956259796,0.5567061192450542,0.03739434816016392,0.7924030056631859
Baseline,REACTOME_ECM_PROTEOGLYCANS,embedding_28,52,0.15941825432028325,0.25895105689939213,0.10330402117305558,0.4661359712592872
Baseline,REACTOME_ECM_PROTEOGLYCANS,embedding_29,52,0.04358240707689573,0.7590083682563241,0.05711602492956543,0.6875471632314549
Baseline,REACTOME_ECM_PROTEOGLYCANS,embedding_30,52,0.011415021131019398,0.9359855661656444,0.06292154016904294,0.65766199652825
Baseline,REACTOME_ECM_PROTEOGLYCANS,embedding_31,52,0.21489688912332394,0.12603917897063127,0.1318193460257833,0.3515799171752896
Orthogonal,REACTOME_ELASTIC_FIBRE_FORMATION,embedding_0,52,0.20034756308136098,0.15441991491891385,0.17826346794160333,0.20609249660401419
Orthogonal,REACTOME_ELASTIC_FIBRE_FORMATION,embedding_1,52,-0.29745792373920416,0.03222618830898317,-0.24997865619397253,0.07388953795447284
Orthogonal,REACTOME_ELASTIC_FIBRE_FORMATION,embedding_2,52,0.14176227873680364,0.31610869954063264,0.10646290446512421,0.4525375548445064
Orthogonal,REACTOME_ELASTIC_FIBRE_FORMATION,embedding_3,52,0.2150755953493494,0.12571695300436986,0.2726030905831128,0.05056089381088548
Orthogonal,REACTOME_ELASTIC_FIBRE_FORMATION,embedding_4,52,-0.1702861457112837,0.2274555185116468,-0.20618116622556135,0.1425231730915143
Orthogonal,REACTOME_ELASTIC_FIBRE_FORMATION,embedding_5,52,0.34492196320402885,0.012273668374262161,0.30308204559036966,0.028956149698913983
Orthogonal,REACTOME_ELASTIC_FIBRE_FORMATION,embedding_6,52,0.03184800428096899,0.822653634216112,-0.027405446939298212,0.8470720521767376
Orthogonal,REACTOME_ELASTIC_FIBRE_FORMATION,embedding_7,52,-0.214754133184287,0.126297030646335,-0.20652266712200118,0.14184849988632556
Orthogonal,REACTOME_ELASTIC_FIBRE_FORMATION,embedding_8,52,-0.006327377379679975,0.9644910041328191,-0.02800307350806796,0.8437783806471071
Orthogonal,REACTOME_ELASTIC_FIBRE_FORMATION,embedding_9,52,-0.30838335559141217,0.02613204044611315,-0.25322291471015107,0.07009840189865954
Orthogonal,REACTOME_ELASTIC_FIBRE_FORMATION,embedding_10,52,0.1749256155188349,0.21485240108219356,0.18142235123367195,0.19803682657173904
Orthogonal,REACTOME_ELASTIC_FIBRE_FORMATION,embedding_11,52,0.07603288193738189,0.5921456779908789,-0.023990437974899685,0.8659411116073366
Orthogonal,REACTOME_ELASTIC_FIBRE_FORMATION,embedding_12,52,-0.08219677378519274,0.5623851573156278,-0.06326304106548279,0.6559198998520677
Orthogonal,REACTOME_ELASTIC_FIBRE_FORMATION,embedding_13,52,-0.21414061332004827,0.12740973150364665,-0.22470758985742337,0.10925384330574865
Orthogonal,REACTOME_ELASTIC_FIBRE_FORMATION,embedding_14,52,-0.40983417617907797,0.002550631230905234,-0.42730299667036625,0.0015807894780856039
Orthogonal,REACTOME_ELASTIC_FIBRE_FORMATION,embedding_15,52,0.20309272512693352,0.14873357933540676,0.24366088960983523,0.08173742489127277
Orthogonal,REACTOME_ELASTIC_FIBRE_FORMATION,embedding_16,52,-0.3750776687544188,0.006147959317582019,-0.4166310936566208,0.002123770516689474
Orthogonal,REACTOME_ELASTIC_FIBRE_FORMATION,embedding_17,52,0.15427226196216584,0.2748404763774371,0.1179031844958593,0.40515312359580236
Orthogonal,REACTOME_ELASTIC_FIBRE_FORMATION,embedding_18,52,-0.1005925321319521,0.4779816434340639,-0.11611030478955008,0.41238282275255544
Orthogonal,REACTOME_ELASTIC_FIBRE_FORMATION,embedding_19,52,0.2065919495078458,0.14171191550884898,0.12387945018355671,0.38159072944738603
Orthogonal,REACTOME_ELASTIC_FIBRE_FORMATION,embedding_20,52,0.06194990803269383,0.6626284242931622,0.048151626398019294,0.7346230539429863
Orthogonal,REACTOME_ELASTIC_FIBRE_FORMATION,embedding_21,52,-0.0724241697640817,0.6098879370720758,-0.09194911636643045,0.5167832447945336
Orthogonal,REACTOME_ELASTIC_FIBRE_FORMATION,embedding_22,52,-0.08118987234125416,0.5671984854703995,-0.13523435499018183,0.3391310454720311
Orthogonal,REACTOME_ELASTIC_FIBRE_FORMATION,embedding_23,52,-0.03503798379014938,0.8052207517962336,0.004268761205498164,0.9760396978993529
Orthogonal,REACTOME_ELASTIC_FIBRE_FORMATION,embedding_24,52,0.2295394226363373,0.10164429769160876,0.2364893707845983,0.09142463138272654
Orthogonal,REACTOME_ELASTIC_FIBRE_FORMATION,embedding_25,52,0.22520480170629076,0.10845120678991804,0.20455903696747202,0.14576051997193984
Orthogonal,REACTOME_ELASTIC_FIBRE_FORMATION,embedding_26,52,0.118071838453565,0.40447683705488174,0.032954836506445824,0.8165948415578986
Orthogonal,REACTOME_ELASTIC_FIBRE_FORMATION,embedding_27,52,0.054829856162651965,0.6994500337111567,0.13514897976607188,0.3394388840430278
Orthogonal,REACTOME_ELASTIC_FIBRE_FORMATION,embedding_28,52,0.2739598323235305,0.04937858389494432,0.23290361137197985,0.0965924682927755
Orthogonal,REACTOME_ELASTIC_FIBRE_FORMATION,embedding_29,52,-0.2839457844992284,0.041351629980909535,-0.28899513361222573,0.037720457786496804
Orthogonal,REACTOME_ELASTIC_FIBRE_FORMATION,embedding_30,52,-0.32326312846575794,0.019409939278600477,-0.32946298984034833,0.01707689636523448
Orthogonal,REACTOME_ELASTIC_FIBRE_FORMATION,embedding_31,52,-0.05903578365057612,0.6776095241355822,-0.08861948262614189,0.5321412538540128
Orthogonal,REACTOME_NON_INTEGRIN_MEMBRANE_ECM_INTERACTIONS,embedding_0,52,0.09361173389425081,0.5091986514927835,-0.0010245026893195594,0.9942487374758626
Orthogonal,REACTOME_NON_INTEGRIN_MEMBRANE_ECM_INTERACTIONS,embedding_1,52,-0.40636747439405085,0.0027963444444428246,-0.31520532741398444,0.022840823922821097
Orthogonal,REACTOME_NON_INTEGRIN_MEMBRANE_ECM_INTERACTIONS,embedding_2,52,0.23235806254331942,0.09739818936347827,0.2171091949116366,0.12209386649223904
Orthogonal,REACTOME_NON_INTEGRIN_MEMBRANE_ECM_INTERACTIONS,embedding_3,52,-0.07445282380798039,0.599885793731569,-0.07333731751045847,0.605376826345619
Orthogonal,REACTOME_NON_INTEGRIN_MEMBRANE_ECM_INTERACTIONS,embedding_4,52,-0.20979553326957698,0.13550276471624983,-0.2169384444634167,0.12239499973898679
Orthogonal,REACTOME_NON_INTEGRIN_MEMBRANE_ECM_INTERACTIONS,embedding_5,52,0.2295657941074872,0.10160391915212547,0.20916929906941004,0.13670021407457988
Orthogonal,REACTOME_NON_INTEGRIN_MEMBRANE_ECM_INTERACTIONS,embedding_6,52,0.01740966044100146,0.9025028551721849,0.07034918466660975,0.6201921182679293
Orthogonal,REACTOME_NON_INTEGRIN_MEMBRANE_ECM_INTERACTIONS,embedding_7,52,-0.12106860788185392,0.39256962995501354,-0.09570562622726884,0.4997277471150814
Orthogonal,REACTOME_NON_INTEGRIN_MEMBRANE_ECM_INTERACTIONS,embedding_8,52,0.1819307179788209,0.19676156934966865,0.2188166993938359,0.11911334133136746
Orthogonal,REACTOME_NON_INTEGRIN_MEMBRANE_ECM_INTERACTIONS,embedding_9,52,-0.12914417349544824,0.36152522881565585,-0.08793648083326218,0.5353190803135461
Orthogonal,REACTOME_NON_INTEGRIN_MEMBRANE_ECM_INTERACTIONS,embedding_10,52,0.12439168340315615,0.37960986240411293,0.13216084692222316,0.3503225533909855
Orthogonal,REACTOME_NON_INTEGRIN_MEMBRANE_ECM_INTERACTIONS,embedding_11,52,-0.07595826176371834,0.5925102126825494,-0.09536412533082898,0.5012661791557189
Orthogonal,REACTOME_NON_INTEGRIN_MEMBRANE_ECM_INTERACTIONS,embedding_12,52,0.1128604793590682,0.4256748982888271,0.19576538888414582,0.16426564247184983
Orthogonal,REACTOME_NON_INTEGRIN_MEMBRANE_ECM_INTERACTIONS,embedding_13,52,-0.15584901269025533,0.26990482001868565,-0.2677367028088449,0.05499212842093725
Orthogonal,REACTOME_NON_INTEGRIN_MEMBRANE_ECM_INTERACTIONS,embedding_14,52,-0.23627514164569036,0.09172719935268306,-0.311704943225476,0.02448306450063475
Orthogonal,REACTOME_NON_INTEGRIN_MEMBRANE_ECM_INTERACTIONS,embedding_15,52,0.29331909352930674,0.03482384053750212,0.27866473149492016,0.04545161012664444
Orthogonal,REACTOME_NON_INTEGRIN_MEMBRANE_ECM_INTERACTIONS,embedding_16,52,-0.13617406726657258,0.33575419582685384,-0.18936224707589858,0.17878112352124
Orthogonal,REACTOME_NON_INTEGRIN_MEMBRANE_ECM_INTERACTIONS,embedding_17,52,0.17802884152989126,0.20669990520568599,0.06215316315205327,0.6615883009828909
Orthogonal,REACTOME_NON_INTEGRIN_MEMBRANE_ECM_INTERACTIONS,embedding_18,52,-0.05189743197096841,0.7148227331305871,-0.034320840092205235,0.8091320104094577
Orthogonal,REACTOME_NON_INTEGRIN_MEMBRANE_ECM_INTERACTIONS,embedding_19,52,0.2688400578625051,0.05396088042320887,0.12174506958080765,0.3899106119845075
Orthogonal,REACTOME_NON_INTEGRIN_MEMBRANE_ECM_INTERACTIONS,embedding_20,52,-0.16061604351903186,0.25534302558543637,-0.16221292580893024,0.25058575955087836
Orthogonal,REACTOME_NON_INTEGRIN_MEMBRANE_ECM_INTERACTIONS,embedding_21,52,0.06273710503067907,0.6586036056241047,0.09297361905575002,0.512102927367877
Orthogonal,REACTOME_NON_INTEGRIN_MEMBRANE_ECM_INTERACTIONS,embedding_22,52,0.02347045550452427,0.8688209689297113,-0.04567574489883036,0.7478060295521067
Orthogonal,REACTOME_NON_INTEGRIN_MEMBRANE_ECM_INTERACTIONS,embedding_23,52,0.006580249205671577,0.9630728612898345,-0.011781780927174933,0.933933302733478
Orthogonal,REACTOME_NON_INTEGRIN_MEMBRANE_ECM_INTERACTIONS,embedding_24,52,-0.12480435616428388,0.37801847602037764,-0.11150004268761206,0.4313103781143073
Orthogonal,REACTOME_NON_INTEGRIN_MEMBRANE_ECM_INTERACTIONS,embedding_25,52,-0.005829117800114291,0.9672856326702995,0.04576112012294032,0.7473502270017778
Orthogonal,REACTOME_NON_INTEGRIN_MEMBRANE_ECM_INTERACTIONS,embedding_26,52,0.24009086654148742,0.08645360921120215,0.0992913856398873,0.4837220940447031
Orthogonal,REACTOME_NON_INTEGRIN_MEMBRANE_ECM_INTERACTIONS,embedding_27,52,0.0468633498389147,0.7414733682410357,0.03799197472893366,0.7891606251203659
Orthogonal,REACTOME_NON_INTEGRIN_MEMBRANE_ECM_INTERACTIONS,embedding_28,52,0.06787033759798304,0.6325971476810586,0.06608042346111158,0.6416175055677068
Orthogonal,REACTOME_NON_INTEGRIN_MEMBRANE_ECM_INTERACTIONS,embedding_29,52,-0.07950685629210322,0.5752863198545863,-0.023734312302569796,0.8673594180374762
Orthogonal,REACTOME_NON_INTEGRIN_MEMBRANE_ECM_INTERACTIONS,embedding_30,52,-0.4213862099723376,0.0018641509700894688,-0.381285750875096,0.005289437530301969
Orthogonal,REACTOME_NON_INTEGRIN_MEMBRANE_ECM_INTERACTIONS,embedding_31,52,-0.11026911935616465,0.4364453031275742,-0.12080594211559804,0.39360497573855113
Orthogonal,REACTOME_COLLAGEN_FORMATION,embedding_0,52,-0.19367592462150773,0.16890440612304558,-0.11636643046187996,0.41134549267859444
Orthogonal,REACTOME_COLLAGEN_FORMATION,embedding_1,52,-0.08426885895429162,0.5525405226012474,-0.03252796038589601,0.8189303203787903
Orthogonal,REACTOME_COLLAGEN_FORMATION,embedding_2,52,-0.29929130435427576,0.03112808043590589,-0.3267309826688295,0.01807377375518475
Orthogonal,REACTOME_COLLAGEN_FORMATION,embedding_3,52,0.3618369643009844,0.008394300612441459,0.39776316912831894,0.0034989322922583375
Orthogonal,REACTOME_COLLAGEN_FORMATION,embedding_4,52,-0.3122190714416315,0.02423581554102382,-0.31571757875864426,0.022608463199576562
Orthogonal,REACTOME_COLLAGEN_FORMATION,embedding_5,52,-0.031738952315601913,0.8232511453393159,0.048663877742679065,0.7319048408868285
Orthogonal,REACTOME_COLLAGEN_FORMATION,embedding_6,52,0.0958419545598288,0.4991142792190397,0.01869717408008196,0.8953314137650662
Orthogonal,REACTOME_COLLAGEN_FORMATION,embedding_7,52,0.1703022760244739,0.22741083402383577,0.11150004268761206,0.4313103781143073
Orthogonal,REACTOME_COLLAGEN_FORMATION,embedding_8,52,-0.2236064080242107,0.11104765793914112,-0.2497225305216426,0.0741956270598426
Orthogonal,REACTOME_COLLAGEN_FORMATION,embedding_9,52,0.06880297542274434,0.6279178843218912,0.07009305899427985,0.6214690963976789
Orthogonal,REACTOME_COLLAGEN_FORMATION,embedding_10,52,0.1421446268718332,0.3147918543996753,0.19678989157346535,0.16202547491520974
Orthogonal,REACTOME_COLLAGEN_FORMATION,embedding_11,52,0.018072134778265424,0.8988118780560144,0.05429864253393665,0.7022261924249275
Orthogonal,REACTOME_COLLAGEN_FORMATION,embedding_12,52,-0.16507191113323877,0.24221924409424903,-0.20011952531375393,0.15489937807726253
Orthogonal,REACTOME_COLLAGEN_FORMATION,embedding_13,52,-0.0437576428275293,0.7580686884023073,0.02236830871681038,0.8749306070750623
Orthogonal,REACTOME_COLLAGEN_FORMATION,embedding_14,52,-0.03491792629285369,0.8058752116699672,-0.0704345598907197,0.619766705279146
Orthogonal,REACTOME_COLLAGEN_FORMATION,embedding_15,52,0.12190251200332643,0.38929326829478306,0.16887219328950737,0.23139607724150213
Orthogonal,REACTOME_COLLAGEN_FORMATION,embedding_16,52,-0.08004123507009105,0.5727126107611407,-0.15982241953385126,0.2577298049455155
Orthogonal,REACTOME_COLLAGEN_FORMATION,embedding_17,52,0.06875854248294655,0.6281404880350968,0.11363442329036114,0.4224875997704918
Orthogonal,REACTOME_COLLAGEN_FORMATION,embedding_18,52,-0.18544824294872614,0.1880972586712119,-0.20071715188252368,0.15364515541310445
Orthogonal,REACTOME_COLLAGEN_FORMATION,embedding_19,52,0.1419309513769143,0.3155273425418007,0.15154102279518483,0.2835305641407546
Orthogonal,REACTOME_COLLAGEN_FORMATION,embedding_20,52,0.12055249437417935,0.39460550520454774,0.13924699052335013,0.32485884608346904
Orthogonal,REACTOME_COLLAGEN_FORMATION,embedding_21,52,-0.36570645460894696,0.007674007365955946,-0.4061299410910953,0.002813922855654903
Orthogonal,REACTOME_COLLAGEN_FORMATION,embedding_22,52,0.16419950915969422,0.24475177509067425,0.12379407495944675,0.3819214825012226
Orthogonal,REACTOME_COLLAGEN_FORMATION,embedding_23,52,-0.170878228409978,0.22581929477302365,-0.10219414325962604,0.470965482531847
Orthogonal,REACTOME_COLLAGEN_FORMATION,embedding_24,52,0.034603599478476355,0.8075892998788562,0.05745752582600529,0.6857754921863055
Orthogonal,REACTOME_COLLAGEN_FORMATION,embedding_25,52,0.08305210195100673,0.5583114867748546,0.010842653461965338,0.9391891608144691
Orthogonal,REACTOME_COLLAGEN_FORMATION,embedding_26,52,0.0037274918509753053,0.979077086134281,0.04183385981388201,0.7684034334909465
Orthogonal,REACTOME_COLLAGEN_FORMATION,embedding_27,52,-0.24181366752331665,0.08415177621011237,-0.15307777682916418,0.2786190701148536
Orthogonal,REACTOME_COLLAGEN_FORMATION,embedding_28,52,4.187139645393063e-05,0.9997649440899802,0.02219755826859045,0.8758778010386571
Orthogonal,REACTOME_COLLAGEN_FORMATION,embedding_29,52,-0.07754418667630959,0.5847842339101126,-0.21727994535985656,0.12179329507400448
Orthogonal,REACTOME_COLLAGEN_FORMATION,embedding_30,52,0.13332554746726005,0.34605510701652287,0.09399812174506958,0.5074441455456241
Orthogonal,REACTOME_COLLAGEN_FORMATION,embedding_31,52,-0.28590632915313635,0.039909050509227155,-0.30888756082984714,0.02587589839615172
Orthogonal,REACTOME_COLLAGEN_DEGRADATION,embedding_0,52,-0.16205769405608333,0.25104555889709446,-0.06479979509946213,0.6481030140109332
Orthogonal,REACTOME_COLLAGEN_DEGRADATION,embedding_1,52,0.09794460114795418,0.4897018737101419,0.12968496542303423,0.3595010978119453
Orthogonal,REACTOME_COLLAGEN_DEGRADATION,embedding_2,52,-0.37253975092923525,0.006532526563216222,-0.4019465551097071,0.0031399564614088306
Orthogonal,REACTOME_COLLAGEN_DEGRADATION,embedding_3,52,0.2619094917219994,0.060705759659291925,0.3131563220353453,0.023790481780994927
Orthogonal,REACTOME_COLLAGEN_DEGRADATION,embedding_4,52,-0.3545315577873179,0.009915066018216862,-0.3422692734568428,0.013004028649731806
Orthogonal,REACTOME_COLLAGEN_DEGRADATION,embedding_5,52,-0.1689307969874925,0.23123182597675357,-0.16468880730811916,0.24332916173741145
Orthogonal,REACTOME_COLLAGEN_DEGRADATION,embedding_6,52,0.007119006886497114,0.9600518112117806,-0.079057457525826,0.577454836955587
Orthogonal,REACTOME_COLLAGEN_DEGRADATION,embedding_7,52,0.17802964392007095,0.20669782580652757,0.11961068897805856,0.3983364959465898
Orthogonal,REACTOME_COLLAGEN_DEGRADATION,embedding_8,52,-0.28576720050798243,0.04001003861447168,-0.32425510116964057,0.01901945194044595
Orthogonal,REACTOME_COLLAGEN_DEGRADATION,embedding_9,52,0.1137107927534209,0.42217382754862376,0.10817040894732348,0.445278555829407
Orthogonal,REACTOME_COLLAGEN_DEGRADATION,embedding_10,52,0.07387738259819891,0.6027156510050107,0.132587723042773,0.34875474314556
Orthogonal,REACTOME_COLLAGEN_DEGRADATION,embedding_11,52,0.014952854833954126,0.9162081975173475,0.040211730555792705,0.777148873016672
Orthogonal,REACTOME_COLLAGEN_DEGRADATION,embedding_12,52,-0.20487122052558826,0.14513327975685814,-0.21403568684367796,0.1276007679422241
Orthogonal,REACTOME_COLLAGEN_DEGRADATION,embedding_13,52,0.013020590098605178,0.9270045710494637,0.06420216853069238,0.6511385056291743
Orthogonal,REACTOME_COLLAGEN_DEGRADATION,embedding_14,52,0.013017550076489772,0.9270215677122848,0.039272603090583114,0.7822246431250756
Orthogonal,REACTOME_COLLAGEN_DEGRADATION,embedding_15,52,0.014755979129340773,0.9173075720845542,0.045590369674720396,0.7482619176058009
Orthogonal,REACTOME_COLLAGEN_DEGRADATION,embedding_16,52,-0.02322793128424706,0.870164738354368,-0.09604712712370869,0.49819174896587426
Orthogonal,REACTOME_COLLAGEN_DEGRADATION,embedding_17,52,0.07338047888347404,0.6051639607457837,0.11739093315119951,0.40721121744712074
Orthogonal,REACTOME_COLLAGEN_DEGRADATION,embedding_18,52,-0.06066774781733155,0.6692041409922423,-0.10731665670622385,0.44889998139085396
Orthogonal,REACTOME_COLLAGEN_DEGRADATION,embedding_19,52,0.10290918980044636,0.4678509738368603,0.1432596260565184,0.3109716816102432
Orthogonal,REACTOME_COLLAGEN_DEGRADATION,embedding_20,52,0.1818154891495704,0.19705011289937144,0.22470758985742337,0.10925384330574865
Orthogonal,REACTOME_COLLAGEN_DEGRADATION,embedding_21,52,-0.28502713769718113,0.040550760099023836,-0.2915563903355246,0.03598161951031044
Orthogonal,REACTOME_COLLAGEN_DEGRADATION,embedding_22,52,0.1477790327448564,0.29579254654313003,0.09562025100315888,0.50011212714299
Orthogonal,REACTOME_COLLAGEN_DEGRADATION,embedding_23,52,-0.1690385605997493,0.23093000162278263,-0.1127806710492615,0.4260043414074306
Orthogonal,REACTOME_COLLAGEN_DEGRADATION,embedding_24,52,0.009101122784799668,0.9489423295102981,0.010842653461965338,0.9391891608144691
Orthogonal,REACTOME_COLLAGEN_DEGRADATION,embedding_25,52,-0.0265324688162583,0.851887899870299,-0.07692307692307693,0.5878046148022049
Orthogonal,REACTOME_COLLAGEN_DEGRADATION,embedding_26,52,0.05642605686743701,0.6911317168671187,0.10142576624263637,0.4743246073085833
Orthogonal,REACTOME_COLLAGEN_DEGRADATION,embedding_27,52,-0.23757275774578507,0.08990639882444762,-0.1274652095961752,0.3678534402675493
Orthogonal,REACTOME_COLLAGEN_DEGRADATION,embedding_28,52,0.09224247975593933,0.5154408572985872,0.151114146674635,0.28490489571485306
Orthogonal,REACTOME_COLLAGEN_DEGRADATION,embedding_29,52,0.00577879723478154,0.9675678918849158,-0.11576880389311021,0.4137682658624915
Orthogonal,REACTOME_COLLAGEN_DEGRADATION,embedding_30,52,0.18020547730509628,0.20111318375086168,0.17706821480406384,0.20919994613600723
Orthogonal,REACTOME_COLLAGEN_DEGRADATION,embedding_31,52,-0.37995503235293654,0.005464060205582968,-0.3851276359600444,0.004812409758375347
Orthogonal,REACTOME_DEGRADATION_OF_THE_EXTRACELLULAR_MATRIX,embedding_0,52,-0.10350151826857926,0.46527938809020425,-0.05446939298215658,0.7013334166431027
Orthogonal,REACTOME_DEGRADATION_OF_THE_EXTRACELLULAR_MATRIX,embedding_1,52,-0.038956919287699746,0.7839328749932344,-0.0038418850849483476,0.9784351308725872
Orthogonal,REACTOME_DEGRADATION_OF_THE_EXTRACELLULAR_MATRIX,embedding_2,52,-0.25623320289642304,0.0667206682771391,-0.290788013318535,0.036496169685093914
Orthogonal,REACTOME_DEGRADATION_OF_THE_EXTRACELLULAR_MATRIX,embedding_3,52,0.25957012445426936,0.06312963922914147,0.2959105267651327,0.03317787365916917
Orthogonal,REACTOME_DEGRADATION_OF_THE_EXTRACELLULAR_MATRIX,embedding_4,52,-0.35074898155790235,0.010792050223318153,-0.3700162212925809,0.006935543240341894
Orthogonal,REACTOME_DEGRADATION_OF_THE_EXTRACELLULAR_MATRIX,embedding_5,52,-0.04981231274846231,0.7258226663940068,-0.06633654913344146,0.6403235594704599
Orthogonal,REACTOME_DEGRADATION_OF_THE_EXTRACELLULAR_MATRIX,embedding_6,52,0.030911018420120458,0.8277907300474917,-0.014684538546913685,0.9177065418085671
Orthogonal,REACTOME_DEGRADATION_OF_THE_EXTRACELLULAR_MATRIX,embedding_7,52,0.12673862062578803,0.370612644858607,0.11303679672159139,0.42494758394807775
Orthogonal,REACTOME_DEGRADATION_OF_THE_EXTRACELLULAR_MATRIX,embedding_8,52,-0.20216251338512592,0.15064278627026145,-0.2381115000426876,0.08915878031518978
Orthogonal,REACTOME_DEGRADATION_OF_THE_EXTRACELLULAR_MATRIX,embedding_9,52,0.030011372784761074,0.8327298394696014,0.04806625117390933,0.7350764040783534
Orthogonal,REACTOME_DEGRADATION_OF_THE_EXTRACELLULAR_MATRIX,embedding_10,52,0.11655300689209716,0.41059078910107416,0.17817809271749335,0.20631337314514553
Orthogonal,REACTOME_DEGRADATION_OF_THE_EXTRACELLULAR_MATRIX,embedding_11,52,0.007495041572044736,0.9579435472257908,0.002219755826859045,0.9875393177483123
Orthogonal,REACTOME_DEGRADATION_OF_THE_EXTRACELLULAR_MATRIX,embedding_12,52,-0.1893626884799525,0.17878009201337622,-0.15956629386152138,0.2585032805754276
Orthogonal,REACTOME_DEGRADATION_OF_THE_EXTRACELLULAR_MATRIX,embedding_13,52,-0.06317118813369611,0.6563882908191606,-0.03679672159139418,0.7956488710355163
Orthogonal,REACTOME_DEGRADATION_OF_THE_EXTRACELLULAR_MATRIX,embedding_14,52,-0.08739873401239848,0.5378275818662329,-0.07103218645948944,0.6167922756141138
Orthogonal,REACTOME_DEGRADATION_OF_THE_EXTRACELLULAR_MATRIX,embedding_15,52,0.05613990319080856,0.6926203328485718,0.09203449159054042,0.5163923992853428
Orthogonal,REACTOME_DEGRADATION_OF_THE_EXTRACELLULAR_MATRIX,embedding_16,52,-0.08503533478761134,0.5489198313961177,-0.144284128745838,0.307487823472365
Orthogonal,REACTOME_DEGRADATION_OF_THE_EXTRACELLULAR_MATRIX,embedding_17,52,0.12152209914219782,0.3907858828111124,0.13309997438743276,0.3468790860599452
Orthogonal,REACTOME_DEGRADATION_OF_THE_EXTRACELLULAR_MATRIX,embedding_18,52,-0.075801563357749,0.5932760408355777,-0.10782890805088363,0.4467251845046918
Orthogonal,REACTOME_DEGRADATION_OF_THE_EXTRACELLULAR_MATRIX,embedding_19,52,0.16982691329448119,0.22873023883993976,0.19644839067702552,0.16276969928988202
Orthogonal,REACTOME_DEGRADATION_OF_THE_EXTRACELLULAR_MATRIX,embedding_20,52,0.13978709182066082,0.3229671851661105,0.16246905148126015,0.24982835747540677
Orthogonal,REACTOME_DEGRADATION_OF_THE_EXTRACELLULAR_MATRIX,embedding_21,52,-0.25960960258566657,0.06308810112848666,-0.26380944249978655,0.05879268545936641
Orthogonal,REACTOME_DEGRADATION_OF_THE_EXTRACELLULAR_MATRIX,embedding_22,52,0.13962677741554919,0.3235279451214583,0.07760607871595662,0.5844836442477414
Orthogonal,REACTOME_DEGRADATION_OF_THE_EXTRACELLULAR_MATRIX,embedding_23,52,-0.16180583841037643,0.2517927738408231,-0.10390164774182532,0.463546552799629
Orthogonal,REACTOME_DEGRADATION_OF_THE_EXTRACELLULAR_MATRIX,embedding_24,52,0.04296689670184972,0.7623116930814893,0.03380858874754546,0.8119286379281327
Orthogonal,REACTOME_DEGRADATION_OF_THE_EXTRACELLULAR_MATRIX,embedding_25,52,-0.010281152175137446,0.9423328631794989,-0.056518398360795696,0.690651588714529
Orthogonal,REACTOME_DEGRADATION_OF_THE_EXTRACELLULAR_MATRIX,embedding_26,52,0.08844303110266451,0.5329613476999538,0.10432852386237514,0.46170173646909685
Orthogonal,REACTOME_DEGRADATION_OF_THE_EXTRACELLULAR_MATRIX,embedding_27,52,-0.19596159411670994,0.16383488021004233,-0.09596175189959874,0.4985755200532227
Orthogonal,REACTOME_DEGRADATION_OF_THE_EXTRACELLULAR_MATRIX,embedding_28,52,0.11455769736751786,0.41870311641953145,0.14103987022965936,0.3186063024053392
Orthogonal,REACTOME_DEGRADATION_OF_THE_EXTRACELLULAR_MATRIX,embedding_29,52,-0.06468037719259553,0.6487091155576241,-0.13958849141978996,0.3236619557481736
Orthogonal,REACTOME_DEGRADATION_OF_THE_EXTRACELLULAR_MATRIX,embedding_30,52,0.06956813037742571,0.6240897121281948,0.07291044138990864,0.6074838661285256
Orthogonal,REACTOME_DEGRADATION_OF_THE_EXTRACELLULAR_MATRIX,embedding_31,52,-0.29621544044918147,0.0329885221382925,-0.3142661999487748,0.023272043802748537
Orthogonal,REACTOME_INTEGRIN_CELL_SURFACE_INTERACTIONS,embedding_0,52,-0.0843305695557115,0.5522485929923279,-0.05028600700076837,0.7233188066985506
Orthogonal,REACTOME_INTEGRIN_CELL_SURFACE_INTERACTIONS,embedding_1,52,-0.11492292262551068,0.41721142161322533,-0.10697515580978399,0.4503530763712752
Orthogonal,REACTOME_INTEGRIN_CELL_SURFACE_INTERACTIONS,embedding_2,52,-0.12586920857400805,0.37393054128213665,-0.15162639801929478,0.2832562211517816
Orthogonal,REACTOME_INTEGRIN_CELL_SURFACE_INTERACTIONS,embedding_3,52,0.1447418207600189,0.30593955378922566,0.24314863826517544,0.0824014192778828
Orthogonal,REACTOME_INTEGRIN_CELL_SURFACE_INTERACTIONS,embedding_4,52,-0.21866777667521203,0.11937107058083841,-0.29872790916076153,0.03146216332771384
Orthogonal,REACTOME_INTEGRIN_CELL_SURFACE_INTERACTIONS,embedding_5,52,-0.035537923549087524,0.8024968973135707,0.025868692905318878,0.8555532652010012
Orthogonal,REACTOME_INTEGRIN_CELL_SURFACE_INTERACTIONS,embedding_6,52,0.1299152564116536,0.35864124136960096,0.11406129941091095,0.4207354327571987
Orthogonal,REACTOME_INTEGRIN_CELL_SURFACE_INTERACTIONS,embedding_7,52,0.10718075117297383,0.4494779535864708,0.09297361905575002,0.512102927367877
Orthogonal,REACTOME_INTEGRIN_CELL_SURFACE_INTERACTIONS,embedding_8,52,-0.12589139202200555,0.37384566274978337,-0.14351575172884828,0.31009835919148343
Orthogonal,REACTOME_INTEGRIN_CELL_SURFACE_INTERACTIONS,embedding_9,52,-0.0008222048578775745,0.9953843653431668,-0.002988132843848715,0.9832265416165227
Orthogonal,REACTOME_INTEGRIN_CELL_SURFACE_INTERACTIONS,embedding_10,52,0.15155090749128944,0.2834987919330984,0.22513446597797318,0.10856447245930254
Orthogonal,REACTOME_INTEGRIN_CELL_SURFACE_INTERACTIONS,embedding_11,52,-0.09016263662177024,0.5249956507171304,-0.06462904465124221,0.6489697215155319
Orthogonal,REACTOME_INTEGRIN_CELL_SURFACE_INTERACTIONS,embedding_12,52,-0.1265440831433987,0.3713535054900068,-0.12225732092546743,0.3879041513916217
Orthogonal,REACTOME_INTEGRIN_CELL_SURFACE_INTERACTIONS,embedding_13,52,-0.13319250003800528,0.34654095966505255,-0.15085802100230514,0.2857315882372599
Orthogonal,REACTOME_INTEGRIN_CELL_SURFACE_INTERACTIONS,embedding_14,52,-0.052427719350952376,0.7120342650482722,-0.15691966191411252,0.26658721148323583
Orthogonal,REACTOME_INTEGRIN_CELL_SURFACE_INTERACTIONS,embedding_15,52,0.046168870329695536,0.7451745078127485,0.12831896183727481,0.36462723431379285
Orthogonal,REACTOME_INTEGRIN_CELL_SURFACE_INTERACTIONS,embedding_16,52,-0.05832636538098627,0.6812756071332848,-0.23153760778622043,0.09861971403593774
Orthogonal,REACTOME_INTEGRIN_CELL_SURFACE_INTERACTIONS,embedding_17,52,0.008944915641042824,0.9498175268299406,0.011013403910185264,0.9382333526251974
Orthogonal,REACTOME_INTEGRIN_CELL_SURFACE_INTERACTIONS,embedding_18,52,-0.01635792560222596,0.9083667665584078,-0.04755399982924955,0.7377983797232
Orthogonal,REACTOME_INTEGRIN_CELL_SURFACE_INTERACTIONS,embedding_19,52,0.09999127995703061,0.48062977357557957,0.076752326474857,0.5886361776184683
Orthogonal,REACTOME_INTEGRIN_CELL_SURFACE_INTERACTIONS,embedding_20,52,-0.08637703282715392,0.5426093609833837,-0.0443951165371809,0.7546532471444287
Orthogonal,REACTOME_INTEGRIN_CELL_SURFACE_INTERACTIONS,embedding_21,52,-0.19988510756681205,0.1553933972473119,-0.24212413557585588,0.08374212269487098
Orthogonal,REACTOME_INTEGRIN_CELL_SURFACE_INTERACTIONS,embedding_22,52,0.16649821251329366,0.23811738868977672,0.12106206778792794,0.39259538949619033
Orthogonal,REACTOME_INTEGRIN_CELL_SURFACE_INTERACTIONS,embedding_23,52,-0.09647147994079058,0.49628649930337576,-0.03329633740288568,0.8147275938760019
Orthogonal,REACTOME_INTEGRIN_CELL_SURFACE_INTERACTIONS,embedding_24,52,0.11601947179678632,0.4127510647282137,0.12037906599504825,0.39529100292839736
Orthogonal,REACTOME_INTEGRIN_CELL_SURFACE_INTERACTIONS,embedding_25,52,0.052303873973234494,0.712685162203771,0.039955604883462816,0.7785322692204482
Orthogonal,REACTOME_INTEGRIN_CELL_SURFACE_INTERACTIONS,embedding_26,52,0.10871482997067482,0.442977702797418,0.05353026551694697,0.7062486001907085
Orthogonal,REACTOME_INTEGRIN_CELL_SURFACE_INTERACTIONS,embedding_27,52,-0.18088790739598795,0.19938380831716698,-0.132587723042773,0.34875474314556
Orthogonal,REACTOME_INTEGRIN_CELL_SURFACE_INTERACTIONS,embedding_28,52,0.1036553267894809,0.46461287885107516,0.13147784512934346,0.3528400489423167
Orthogonal,REACTOME_INTEGRIN_CELL_SURFACE_INTERACTIONS,embedding_29,52,-0.05946660671811274,0.6753867473134519,-0.18867924528301888,0.1803823623628984
Orthogonal,REACTOME_INTEGRIN_CELL_SURFACE_INTERACTIONS,embedding_30,52,0.004421938110394277,0.975180189362465,0.0109280286860753,0.9387112460175231
Orthogonal,REACTOME_INTEGRIN_CELL_SURFACE_INTERACTIONS,embedding_31,52,-0.2010572390080018,0.15293477444826764,-0.25014940664219243,0.07368603520678606
Orthogonal,REACTOME_EXTRACELLULAR_MATRIX_ORGANIZATION,embedding_0,52,-0.0325379572540609,0.8188756086859419,-0.07265431571757876,0.6087496110477532
Orthogonal,REACTOME_EXTRACELLULAR_MATRIX_ORGANIZATION,embedding_1,52,-0.24515212136974532,0.07982838756571325,-0.1709211986681465,0.2257008641379123
Orthogonal,REACTOME_EXTRACELLULAR_MATRIX_ORGANIZATION,embedding_2,52,-0.06517828358630463,0.6461835036102179,-0.1258430803380859,0.3740305282278775
Orthogonal,REACTOME_EXTRACELLULAR_MATRIX_ORGANIZATION,embedding_3,52,0.23996775581608876,0.08661996606203014,0.3204132160846922,0.0205697799184594
Orthogonal,REACTOME_EXTRACELLULAR_MATRIX_ORGANIZATION,embedding_4,52,-0.2981064702406706,0.03183411813908749,-0.3467087851105609,0.011801810525291022
Orthogonal,REACTOME_EXTRACELLULAR_MATRIX_ORGANIZATION,embedding_5,52,0.12129355468376596,0.3916842343763074,0.11969606420216851,0.3979974326984469
Orthogonal,REACTOME_EXTRACELLULAR_MATRIX_ORGANIZATION,embedding_6,52,0.09392075367521666,0.507795211036905,0.04319986339964143,0.7610609085733337
Orthogonal,REACTOME_EXTRACELLULAR_MATRIX_ORGANIZATION,embedding_7,52,0.0028961502173656395,0.9837428026071228,0.025356441560659092,0.8583839845161959
Orthogonal,REACTOME_EXTRACELLULAR_MATRIX_ORGANIZATION,embedding_8,52,-0.09380784622897834,0.5083077617814551,-0.1262699564586357,0.3723989780705008
Orthogonal,REACTOME_EXTRACELLULAR_MATRIX_ORGANIZATION,embedding_9,52,-0.09895312904049218,0.4852203451023861,-0.034491590540425165,0.8082003244371538
Orthogonal,REACTOME_EXTRACELLULAR_MATRIX_ORGANIZATION,embedding_10,52,0.17953707907998684,0.20281725935293887,0.2227439597028942,0.11246825146913461
Orthogonal,REACTOME_EXTRACELLULAR_MATRIX_ORGANIZATION,embedding_11,52,-0.02327599098817398,0.8698984218810603,-0.04499274310595065,0.7514555159281097
Orthogonal,REACTOME_EXTRACELLULAR_MATRIX_ORGANIZATION,embedding_12,52,-0.11049914877501193,0.4354831249200838,-0.10373089729360539,0.46428559269189573
Orthogonal,REACTOME_EXTRACELLULAR_MATRIX_ORGANIZATION,embedding_13,52,-0.15877843961478125,0.26089229965881366,-0.14197899769486894,0.3153618679754817
Orthogonal,REACTOME_EXTRACELLULAR_MATRIX_ORGANIZATION,embedding_14,52,-0.21874747056491906,0.11923309776889368,-0.27217621446256296,0.050937607968535026
Orthogonal,REACTOME_EXTRACELLULAR_MATRIX_ORGANIZATION,embedding_15,52,0.17296452386675928,0.22011880322384836,0.2204388286519252,0.11633336513664959
Orthogonal,REACTOME_EXTRACELLULAR_MATRIX_ORGANIZATION,embedding_16,52,-0.2078341100829369,0.13927969470992418,-0.31913258772304276,0.021109736500497394
Orthogonal,REACTOME_EXTRACELLULAR_MATRIX_ORGANIZATION,embedding_17,52,0.1045191504081717,0.4608791979740789,0.0916076154699906,0.5183481115704829
Orthogonal,REACTOME_EXTRACELLULAR_MATRIX_ORGANIZATION,embedding_18,52,-0.13239942630912205,0.34944577686651057,-0.1795440963032528,0.20279931619765343
Orthogonal,REACTOME_EXTRACELLULAR_MATRIX_ORGANIZATION,embedding_19,52,0.19235886504241975,0.1718769150227315,0.12891658840604456,0.36237912439601705
Orthogonal,REACTOME_EXTRACELLULAR_MATRIX_ORGANIZATION,embedding_20,52,0.028984924519117453,0.8383729224649273,0.058140527618885,0.6822371786453975
Orthogonal,REACTOME_EXTRACELLULAR_MATRIX_ORGANIZATION,embedding_21,52,-0.22440327270105645,0.10974733661850632,-0.2620165627934773,0.06059663575124193
Orthogonal,REACTOME_EXTRACELLULAR_MATRIX_ORGANIZATION,embedding_22,52,0.09330296905614575,0.5106028990059349,0.05993340732519423,0.6729814438794512
Orthogonal,REACTOME_EXTRACELLULAR_MATRIX_ORGANIZATION,embedding_23,52,-0.11033713262122882,0.43616069033845517,-0.0658242977887817,0.6429125079010316
Orthogonal,REACTOME_EXTRACELLULAR_MATRIX_ORGANIZATION,embedding_24,52,0.10896906673624066,0.4419054992310352,0.11056091522240245,0.435224967459087
Orthogonal,REACTOME_EXTRACELLULAR_MATRIX_ORGANIZATION,embedding_25,52,0.10749055941266832,0.44816101356056437,0.059762656876974296,0.6738609023574665
Orthogonal,REACTOME_EXTRACELLULAR_MATRIX_ORGANIZATION,embedding_26,52,0.1191321204260978,0.4002402271507697,0.04874925296678903,0.7314521213260967
Orthogonal,REACTOME_EXTRACELLULAR_MATRIX_ORGANIZATION,embedding_27,52,-0.12017571380032971,0.3960956665863436,-0.06975155809784,0.6231734543016259
Orthogonal,REACTOME_EXTRACELLULAR_MATRIX_ORGANIZATION,embedding_28,52,0.168604585329566,0.2321471354512012,0.1802270980961325,0.2010582313517616
Orthogonal,REACTOME_EXTRACELLULAR_MATRIX_ORGANIZATION,embedding_29,52,-0.15890681541808754,0.2605020179998678,-0.21796294715273626,0.12059661639777983
Orthogonal,REACTOME_EXTRACELLULAR_MATRIX_ORGANIZATION,embedding_30,52,-0.12731160883785345,0.3684356991454927,-0.10799965849910356,0.4460015462619181
Orthogonal,REACTOME_EXTRACELLULAR_MATRIX_ORGANIZATION,embedding_31,52,-0.2195926993090802,0.11777721419004465,-0.2838726201656279,0.04140628258721809
Orthogonal,REACTOME_ASSEMBLY_OF_COLLAGEN_FIBRILS_AND_OTHER_MULTIMERIC_STRUCTURES,embedding_0,52,-0.13856636053818008,0.3272526327159834,-0.036967472039614105,0.7947211283743061
Orthogonal,REACTOME_ASSEMBLY_OF_COLLAGEN_FIBRILS_AND_OTHER_MULTIMERIC_STRUCTURES,embedding_1,52,-0.054547026168932575,0.7009276404120464,-0.023563561854349865,0.8683051860051171
Orthogonal,REACTOME_ASSEMBLY_OF_COLLAGEN_FIBRILS_AND_OTHER_MULTIMERIC_STRUCTURES,embedding_2,52,-0.26104981025710544,0.06158765715457022,-0.2481004012635533,0.07615759090134726
Orthogonal,REACTOME_ASSEMBLY_OF_COLLAGEN_FIBRILS_AND_OTHER_MULTIMERIC_STRUCTURES,embedding_3,52,0.20343486369960379,0.14803588446186464,0.21941432596260566,0.11808332589572147
Orthogonal,REACTOME_ASSEMBLY_OF_COLLAGEN_FIBRILS_AND_OTHER_MULTIMERIC_STRUCTURES,embedding_4,52,-0.3735818751558781,0.006372148554358279,-0.38222487834030566,0.0051691608956499135
Orthogonal,REACTOME_ASSEMBLY_OF_COLLAGEN_FIBRILS_AND_OTHER_MULTIMERIC_STRUCTURES,embedding_5,52,-0.034444576026190964,0.8084568290697578,0.051395884914197894,0.7174634742639427
Orthogonal,REACTOME_ASSEMBLY_OF_COLLAGEN_FIBRILS_AND_OTHER_MULTIMERIC_STRUCTURES,embedding_6,52,0.02423349235778667,0.8645955749126709,-0.02808844873217792,0.84330807093916
Orthogonal,REACTOME_ASSEMBLY_OF_COLLAGEN_FIBRILS_AND_OTHER_MULTIMERIC_STRUCTURES,embedding_7,52,0.15512117364507672,0.27217577830667766,0.10441389908648509,0.4613332508753011
Orthogonal,REACTOME_ASSEMBLY_OF_COLLAGEN_FIBRILS_AND_OTHER_MULTIMERIC_STRUCTURES,embedding_8,52,-0.16433685522355582,0.2443518771774443,-0.1589686672927516,0.2603141189287417
Orthogonal,REACTOME_ASSEMBLY_OF_COLLAGEN_FIBRILS_AND_OTHER_MULTIMERIC_STRUCTURES,embedding_9,52,0.07560607309508025,0.5942320712332327,0.051139759241868005,0.7188132911233585
Orthogonal,REACTOME_ASSEMBLY_OF_COLLAGEN_FIBRILS_AND_OTHER_MULTIMERIC_STRUCTURES,embedding_10,52,0.1194570947400012,0.39894691205532684,0.16981132075471697,0.22877360642318958
Orthogonal,REACTOME_ASSEMBLY_OF_COLLAGEN_FIBRILS_AND_OTHER_MULTIMERIC_STRUCTURES,embedding_11,52,0.010705338118609492,0.9399578713220099,0.06608042346111158,0.6416175055677068
Orthogonal,REACTOME_ASSEMBLY_OF_COLLAGEN_FIBRILS_AND_OTHER_MULTIMERIC_STRUCTURES,embedding_12,52,-0.15396252763575202,0.2758170051123222,-0.13822248783403057,0.3284662498145051
Orthogonal,REACTOME_ASSEMBLY_OF_COLLAGEN_FIBRILS_AND_OTHER_MULTIMERIC_STRUCTURES,embedding_13,52,-0.04215981402056786,0.7666495106311616,-0.05950653120464441,0.6751809005452416
Orthogonal,REACTOME_ASSEMBLY_OF_COLLAGEN_FIBRILS_AND_OTHER_MULTIMERIC_STRUCTURES,embedding_14,52,-0.05923169760515908,0.6765983921932185,-0.1234525740630069,0.38324619887639877
Orthogonal,REACTOME_ASSEMBLY_OF_COLLAGEN_FIBRILS_AND_OTHER_MULTIMERIC_STRUCTURES,embedding_15,52,0.09352930950317209,0.5095733216122996,0.13309997438743276,0.3468790860599452
Orthogonal,REACTOME_ASSEMBLY_OF_COLLAGEN_FIBRILS_AND_OTHER_MULTIMERIC_STRUCTURES,embedding_16,52,-0.03456304437428391,0.8078105205687852,-0.099974387432767,0.48070428606976634
Orthogonal,REACTOME_ASSEMBLY_OF_COLLAGEN_FIBRILS_AND_OTHER_MULTIMERIC_STRUCTURES,embedding_17,52,0.12067430264574862,0.3941244596175739,0.17851959361393324,0.20543086635136754
Orthogonal,REACTOME_ASSEMBLY_OF_COLLAGEN_FIBRILS_AND_OTHER_MULTIMERIC_STRUCTURES,embedding_18,52,-0.1000885993401253,0.4802006191136484,-0.07982583454281568,0.5737493987752327
Orthogonal,REACTOME_ASSEMBLY_OF_COLLAGEN_FIBRILS_AND_OTHER_MULTIMERIC_STRUCTURES,embedding_19,52,0.16350638348284555,0.24677667899693637,0.18680099035259964,0.18483897352016115
Orthogonal,REACTOME_ASSEMBLY_OF_COLLAGEN_FIBRILS_AND_OTHER_MULTIMERIC_STRUCTURES,embedding_20,52,0.07924686861390214,0.5765404026698615,0.11209766925638179,0.428829618253049
Orthogonal,REACTOME_ASSEMBLY_OF_COLLAGEN_FIBRILS_AND_OTHER_MULTIMERIC_STRUCTURES,embedding_21,52,-0.23052603791822085,0.10014206452199101,-0.18910612140356867,0.17938038231781095
Orthogonal,REACTOME_ASSEMBLY_OF_COLLAGEN_FIBRILS_AND_OTHER_MULTIMERIC_STRUCTURES,embedding_22,52,0.17368875427419203,0.21816356506423948,0.12251344659779732,0.3869032132671625
Orthogonal,REACTOME_ASSEMBLY_OF_COLLAGEN_FIBRILS_AND_OTHER_MULTIMERIC_STRUCTURES,embedding_23,52,-0.14499300125504494,0.305092000003024,-0.11158541791172202,0.4309554907144171
Orthogonal,REACTOME_ASSEMBLY_OF_COLLAGEN_FIBRILS_AND_OTHER_MULTIMERIC_STRUCTURES,embedding_24,52,-0.07397380584860959,0.6022410624255894,-0.10629215401690428,0.4532670020002889
Orthogonal,REACTOME_ASSEMBLY_OF_COLLAGEN_FIBRILS_AND_OTHER_MULTIMERIC_STRUCTURES,embedding_25,52,0.014080266794102998,0.9210819744349567,-0.05831127806710493,0.6813536540053365
Orthogonal,REACTOME_ASSEMBLY_OF_COLLAGEN_FIBRILS_AND_OTHER_MULTIMERIC_STRUCTURES,embedding_26,52,0.08931022399095745,0.5289368679495543,0.1331853496115427,0.3465670829766698
Orthogonal,REACTOME_ASSEMBLY_OF_COLLAGEN_FIBRILS_AND_OTHER_MULTIMERIC_STRUCTURES,embedding_27,52,-0.21097447527818028,0.1332698006496287,-0.1276359600443951,0.36720682411035543
Orthogonal,REACTOME_ASSEMBLY_OF_COLLAGEN_FIBRILS_AND_OTHER_MULTIMERIC_STRUCTURES,embedding_28,52,0.0033857655001521486,0.9809948726245525,-0.016989669597882694,0.9048438988153493
Orthogonal,REACTOME_ASSEMBLY_OF_COLLAGEN_FIBRILS_AND_OTHER_MULTIMERIC_STRUCTURES,embedding_29,52,0.0007521311738488985,0.9957777362380189,-0.0504567574489883,0.7224169536915428
Orthogonal,REACTOME_ASSEMBLY_OF_COLLAGEN_FIBRILS_AND_OTHER_MULTIMERIC_STRUCTURES,embedding_30,52,0.05060585718840818,0.7216297589757306,-0.03073508067958678,0.8287561259916625
Orthogonal,REACTOME_ASSEMBLY_OF_COLLAGEN_FIBRILS_AND_OTHER_MULTIMERIC_STRUCTURES,embedding_31,52,-0.3783904580454752,0.005675805225099128,-0.362759327243234,0.008217486498155199
Orthogonal,REACTOME_MOLECULES_ASSOCIATED_WITH_ELASTIC_FIBRES,embedding_0,52,0.21609501434898906,0.12389072275329291,0.17467770852898487,0.2155132345920144
Orthogonal,REACTOME_MOLECULES_ASSOCIATED_WITH_ELASTIC_FIBRES,embedding_1,52,-0.26216437823322386,0.060446245342109635,-0.20882779817297017,0.1373565393620403
Orthogonal,REACTOME_MOLECULES_ASSOCIATED_WITH_ELASTIC_FIBRES,embedding_2,52,0.15532578103989073,0.27153609756049324,0.13899086485102025,0.32575834429224704
Orthogonal,REACTOME_MOLECULES_ASSOCIATED_WITH_ELASTIC_FIBRES,embedding_3,52,0.15335685910924415,0.2777331777483666,0.1955946384359259,0.16464119227560886
Orthogonal,REACTOME_MOLECULES_ASSOCIATED_WITH_ELASTIC_FIBRES,embedding_4,52,-0.15809342163735035,0.2629814836350821,-0.16340817894646972,0.2470644922954378
Orthogonal,REACTOME_MOLECULES_ASSOCIATED_WITH_ELASTIC_FIBRES,embedding_5,52,0.32933455648771204,0.01712268971823028,0.2711517117732434,0.051851025562749516
Orthogonal,REACTOME_MOLECULES_ASSOCIATED_WITH_ELASTIC_FIBRES,embedding_6,52,0.025264695039141104,0.8588911666192728,-0.06753180227098096,0.6342992057858501
Orthogonal,REACTOME_MOLECULES_ASSOCIATED_WITH_ELASTIC_FIBRES,embedding_7,52,-0.22871091033624702,0.10291918899343305,-0.23708699735336805,0.0905846800732468
Orthogonal,REACTOME_MOLECULES_ASSOCIATED_WITH_ELASTIC_FIBRES,embedding_8,52,0.015491709915548458,0.913199974858785,0.026124818577648767,0.8541385788113807
Orthogonal,REACTOME_MOLECULES_ASSOCIATED_WITH_ELASTIC_FIBRES,embedding_9,52,-0.3217492536664539,0.02001895206341678,-0.2600529326389482,0.0626231405203461
Orthogonal,REACTOME_MOLECULES_ASSOCIATED_WITH_ELASTIC_FIBRES,embedding_10,52,0.12025382235875916,0.39578647801625166,0.11030478955007256,0.43629602234659726
Orthogonal,REACTOME_MOLECULES_ASSOCIATED_WITH_ELASTIC_FIBRES,embedding_11,52,0.07373306401849924,0.6034262819565233,-0.06386066763425254,0.6528755977201148
Orthogonal,REACTOME_MOLECULES_ASSOCIATED_WITH_ELASTIC_FIBRES,embedding_12,52,-0.05851495022374517,0.6803003345882934,0.0016221292580893025,0.9908939495604243
Orthogonal,REACTOME_MOLECULES_ASSOCIATED_WITH_ELASTIC_FIBRES,embedding_13,52,-0.23282667990238368,0.09670577424684275,-0.19286263126440706,0.17073550063717965
Orthogonal,REACTOME_MOLECULES_ASSOCIATED_WITH_ELASTIC_FIBRES,embedding_14,52,-0.42761126302052016,0.0015671409181050337,-0.47033210962178773,0.00043417468291437604
Orthogonal,REACTOME_MOLECULES_ASSOCIATED_WITH_ELASTIC_FIBRES,embedding_15,52,0.15155324662826275,0.28349127362773047,0.18867924528301888,0.1803823623628984
Orthogonal,REACTOME_MOLECULES_ASSOCIATED_WITH_ELASTIC_FIBRES,embedding_16,52,-0.37538935753726266,0.006102120258536452,-0.4122769572270127,0.002389183155405687
Orthogonal,REACTOME_MOLECULES_ASSOCIATED_WITH_ELASTIC_FIBRES,embedding_17,52,0.14208657715901546,0.31499155796754563,0.09408349696917954,0.5070568902521644
Orthogonal,REACTOME_MOLECULES_ASSOCIATED_WITH_ELASTIC_FIBRES,embedding_18,52,-0.05090843170839159,0.7200331500679722,-0.09613250234781866,0.49780813030781845
Orthogonal,REACTOME_MOLECULES_ASSOCIATED_WITH_ELASTIC_FIBRES,embedding_19,52,0.17527091136085118,0.2139343247546342,0.09143686502177067,0.519131434624143
Orthogonal,REACTOME_MOLECULES_ASSOCIATED_WITH_ELASTIC_FIBRES,embedding_20,52,0.07914430546450678,0.5770354723668087,0.07888670707760607,0.5782797489604199
Orthogonal,REACTOME_MOLECULES_ASSOCIATED_WITH_ELASTIC_FIBRES,embedding_21,52,0.01062920351265002,0.9403841069220141,0.03893110219414326,0.7840726215400495
Orthogonal,REACTOME_MOLECULES_ASSOCIATED_WITH_ELASTIC_FIBRES,embedding_22,52,-0.0990859687589274,0.4846316634126922,-0.15854179117220185,0.2616127735342676
Orthogonal,REACTOME_MOLECULES_ASSOCIATED_WITH_ELASTIC_FIBRES,embedding_23,52,-0.03159801071509307,0.8240235314483161,0.025783317681208916,0.8560249276078951
Orthogonal,REACTOME_MOLECULES_ASSOCIATED_WITH_ELASTIC_FIBRES,embedding_24,52,0.22951539640204957,0.10168109611731821,0.20472978741569195,0.1454171988017563
Orthogonal,REACTOME_MOLECULES_ASSOCIATED_WITH_ELASTIC_FIBRES,embedding_25,52,0.19526181080000263,0.1653750170520118,0.1824468539229915,0.19547279909814602
Orthogonal,REACTOME_MOLECULES_ASSOCIATED_WITH_ELASTIC_FIBRES,embedding_26,52,0.10913204291188497,0.44121893120905226,0.018867924528301886,0.8943809450609499
Orthogonal,REACTOME_MOLECULES_ASSOCIATED_WITH_ELASTIC_FIBRES,embedding_27,52,0.07836245216183331,0.5808158264432483,0.17194570135746606,0.22288994969252707
Orthogonal,REACTOME_MOLECULES_ASSOCIATED_WITH_ELASTIC_FIBRES,embedding_28,52,0.3120698722192345,0.024307349731924728,0.2959105267651327,0.03317787365916917
Orthogonal,REACTOME_MOLECULES_ASSOCIATED_WITH_ELASTIC_FIBRES,embedding_29,52,-0.22801294519658175,0.1040027366669014,-0.1950823870912661,0.1657716025816501
Orthogonal,REACTOME_MOLECULES_ASSOCIATED_WITH_ELASTIC_FIBRES,embedding_30,52,-0.3445580731852075,0.012371723872618045,-0.35814906514129596,0.009134630961163296
Orthogonal,REACTOME_MOLECULES_ASSOCIATED_WITH_ELASTIC_FIBRES,embedding_31,52,-0.05044536666078949,0.7224771048169183,-0.08272859216255442,0.5598506299720983
Orthogonal,REACTOME_ECM_PROTEOGLYCANS,embedding_0,52,0.06066121309118125,0.6692377187440582,0.03193033381712627,0.8222026050887895
Orthogonal,REACTOME_ECM_PROTEOGLYCANS,embedding_1,52,-0.24495642262771483,0.08007689431661139,-0.17057969777170667,0.22664326462070314
Orthogonal,REACTOME_ECM_PROTEOGLYCANS,embedding_2,52,0.026759697129569538,0.8506338552551799,0.031247332024246566,0.8259460314693221
Orthogonal,REACTOME_ECM_PROTEOGLYCANS,embedding_3,52,0.01445260536500013,0.9190019424712316,0.016562793477332877,0.9072241431461094
Orthogonal,REACTOME_ECM_PROTEOGLYCANS,embedding_4,52,-0.3239550104447694,0.019136873026636664,-0.37197985144711004,0.0066201371505504964
Orthogonal,REACTOME_ECM_PROTEOGLYCANS,embedding_5,52,0.1637326901825456,0.2461142972214182,0.11482967642790061,0.4175919793314443
Orthogonal,REACTOME_ECM_PROTEOGLYCANS,embedding_6,52,-0.013975803887336468,0.9216656406019126,-0.028942200973277554,0.8386079796704035
Orthogonal,REACTOME_ECM_PROTEOGLYCANS,embedding_7,52,-0.08188292151446817,0.5638834234604405,-0.05105438401775804,0.7192634194042817
Orthogonal,REACTOME_ECM_PROTEOGLYCANS,embedding_8,52,0.06043695121426086,0.6703904444345208,0.07632545035430717,0.5907173856719592
Orthogonal,REACTOME_ECM_PROTEOGLYCANS,embedding_9,52,-0.13066347193502267,0.3558562331577425,-0.060701784342183894,0.669029259568283
Orthogonal,REACTOME_ECM_PROTEOGLYCANS,embedding_10,52,0.09626900577305382,0.49719509289039976,0.17843421838982326,0.2056512432478854
Orthogonal,REACTOME_ECM_PROTEOGLYCANS,embedding_11,52,-0.00012338405647281496,0.9993073517721632,-0.056518398360795696,0.690651588714529
Orthogonal,REACTOME_ECM_PROTEOGLYCANS,embedding_12,52,0.002380029126009084,0.9866396963905892,0.055664646119696064,0.695095237067627
Orthogonal,REACTOME_ECM_PROTEOGLYCANS,embedding_13,52,-0.14639176732840492,0.30039982587154723,-0.17314095449500555,0.2196413661377263
Orthogonal,REACTOME_ECM_PROTEOGLYCANS,embedding_14,52,-0.26318711553233465,0.05941389101763866,-0.332621873132417,0.015982929880822068
Orthogonal,REACTOME_ECM_PROTEOGLYCANS,embedding_15,52,0.16575172657105752,0.24025821317805227,0.1727140783744557,0.2207977701599814
Orthogonal,REACTOME_ECM_PROTEOGLYCANS,embedding_16,52,-0.18396393708682265,0.19171947211578474,-0.2197558268590455,0.11749779510783587
Orthogonal,REACTOME_ECM_PROTEOGLYCANS,embedding_17,52,0.1636586574457149,0.24633085204305333,0.11073166567062237,0.43451174901118716
Orthogonal,REACTOME_ECM_PROTEOGLYCANS,embedding_18,52,-0.04319790901252254,0.761071399049785,-0.05284726372406727,0.7098307695368349
Orthogonal,REACTOME_ECM_PROTEOGLYCANS,embedding_19,52,0.22178575549222973,0.11406281614552985,0.19636301545291554,0.16295614538417982
Orthogonal,REACTOME_ECM_PROTEOGLYCANS,embedding_20,52,0.0283490422302701,0.841872865456432,-0.0043541364296081275,0.975560635776769
Orthogonal,REACTOME_ECM_PROTEOGLYCANS,embedding_21,52,0.023877885583570357,0.8665643238098597,0.024588064543669422,0.8626333649246322
Orthogonal,REACTOME_ECM_PROTEOGLYCANS,embedding_22,52,0.014494952828825068,0.9187654063995039,-0.023734312302569796,0.8673594180374762
Orthogonal,REACTOME_ECM_PROTEOGLYCANS,embedding_23,52,-0.03787831603536519,0.7897770015225546,-0.013745411081704089,0.9229530597632585
Orthogonal,REACTOME_ECM_PROTEOGLYCANS,embedding_24,52,-0.08613148753137878,0.5437616194512572,-0.11781780927174933,0.40549571992767075
Orthogonal,REACTOME_ECM_PROTEOGLYCANS,embedding_25,52,0.024703822447734107,0.8619929355409544,0.008196021514556475,0.9540142279604464
Orthogonal,REACTOME_ECM_PROTEOGLYCANS,embedding_26,52,0.1689189214499611,0.23126510359925218,0.15990779475796124,0.25747232599175607
Orthogonal,REACTOME_ECM_PROTEOGLYCANS,embedding_27,52,0.015414142917405425,0.9136329285664564,0.034235464868095276,0.8095979518817866
Orthogonal,REACTOME_ECM_PROTEOGLYCANS,embedding_28,52,0.12748686196694287,0.36777140669985775,0.1199521898744984,0.3969812552612062
Orthogonal,REACTOME_ECM_PROTEOGLYCANS,embedding_29,52,-0.02808332123238034,0.8433363154625788,-0.02014855288995133,0.8872572064534184
Orthogonal,REACTOME_ECM_PROTEOGLYCANS,embedding_30,52,-0.2801922712441824,0.04423293751283862,-0.2742252198412021,0.04914996713063935
Orthogonal,REACTOME_ECM_PROTEOGLYCANS,embedding_31,52,-0.25569159698552907,0.06731860365255313,-0.2592845556219585,0.06343076208593867
Orthogonal + Recon,REACTOME_ELASTIC_FIBRE_FORMATION,embedding_0,52,0.23037185439080107,0.10037568806675101,0.18705711602492958,0.18422664601771052
Orthogonal + Recon,REACTOME_ELASTIC_FIBRE_FORMATION,embedding_1,52,0.37715905374778186,0.0058474715176463745,0.4077520703491846,0.002695800450216197
Orthogonal + Recon,REACTOME_ELASTIC_FIBRE_FORMATION,embedding_2,52,0.11562228005012962,0.41436351986150105,0.048663877742679065,0.7319048408868285
Orthogonal + Recon,REACTOME_ELASTIC_FIBRE_FORMATION,embedding_3,52,-0.030284979453740327,0.8312270353124029,-0.1353197302142918,0.338823380631754
Orthogonal + Recon,REACTOME_ELASTIC_FIBRE_FORMATION,embedding_4,52,-0.11742860038827187,0.40705967460550596,-0.10876803551609322,0.44275319754554265
Orthogonal + Recon,REACTOME_ELASTIC_FIBRE_FORMATION,embedding_5,52,0.0003819418955481701,0.9978558728888525,-0.021002305131050968,0.8825129140314726
Orthogonal + Recon,REACTOME_ELASTIC_FIBRE_FORMATION,embedding_6,52,0.02625997940767981,0.8533922134820151,0.10219414325962604,0.470965482531847
Orthogonal + Recon,REACTOME_ELASTIC_FIBRE_FORMATION,embedding_7,52,-0.14299818836875347,0.31186473763534744,-0.2509177836591821,0.07277576559112871
Orthogonal + Recon,REACTOME_ELASTIC_FIBRE_FORMATION,embedding_8,52,0.2684242843859923,0.054347628971914724,0.31486382651754463,0.022996845889044704
Orthogonal + Recon,REACTOME_ELASTIC_FIBRE_FORMATION,embedding_9,52,0.1927590159075754,0.1709698174742137,0.1360027320071715,0.33636831806349865
Orthogonal + Recon,REACTOME_ELASTIC_FIBRE_FORMATION,embedding_10,52,-0.21433154338808563,0.12706266450931952,-0.1997780244173141,0.15561945304000738
Orthogonal + Recon,REACTOME_ELASTIC_FIBRE_FORMATION,embedding_11,52,-0.04050198784878711,0.7755819517721583,0.013660035857594125,0.9234301805294447
Orthogonal + Recon,REACTOME_ELASTIC_FIBRE_FORMATION,embedding_12,52,-0.014497377685818415,0.9187518623246334,0.03500384188508495,0.8054068534014132
Orthogonal + Recon,REACTOME_ELASTIC_FIBRE_FORMATION,embedding_13,52,0.1371158216054066,0.33239114420467786,0.23768462392213777,0.08975075981782721
Orthogonal + Recon,REACTOME_ELASTIC_FIBRE_FORMATION,embedding_14,52,-0.17964691549401643,0.20253653439796737,-0.19969264919320412,0.1557998560525171
Orthogonal + Recon,REACTOME_ELASTIC_FIBRE_FORMATION,embedding_15,52,0.2780424735703862,0.04595584857541094,0.320925467429352,0.020357090741292154
Orthogonal + Recon,REACTOME_ELASTIC_FIBRE_FORMATION,embedding_16,52,0.1493284613139703,0.2907012211487873,0.14547938188337745,0.303455113562715
Orthogonal + Recon,REACTOME_ELASTIC_FIBRE_FORMATION,embedding_17,52,0.09528297583609545,0.5016321079655619,0.013147784512934345,0.9262934603352633
Orthogonal + Recon,REACTOME_ELASTIC_FIBRE_FORMATION,embedding_18,52,0.48925478302664344,0.00023260968410648044,0.5211303679672159,7.46097627194892e-05
Orthogonal + Recon,REACTOME_ELASTIC_FIBRE_FORMATION,embedding_19,52,-0.09192908144899486,0.5168749856391798,0.03688209681550414,0.795184964601656
Orthogonal + Recon,REACTOME_ELASTIC_FIBRE_FORMATION,embedding_20,52,0.14929415314417166,0.2908133329782282,0.28071373687355927,0.043823085039067705
Orthogonal + Recon,REACTOME_ELASTIC_FIBRE_FORMATION,embedding_21,52,-0.07827973992093565,0.5812164066555952,0.021941432596260566,0.8772989148761359
Orthogonal + Recon,REACTOME_ELASTIC_FIBRE_FORMATION,embedding_22,52,-0.007317471519037089,0.9589390711114554,0.04652949713992999,0.7432518754998726
Orthogonal + Recon,REACTOME_ELASTIC_FIBRE_FORMATION,embedding_23,52,0.19604758539310602,0.16364634949440005,0.18850849483479892,0.18078428095680668
Orthogonal + Recon,REACTOME_ELASTIC_FIBRE_FORMATION,embedding_24,52,0.06698846619391063,0.6370348644651505,0.12106206778792794,0.39259538949619033
Orthogonal + Recon,REACTOME_ELASTIC_FIBRE_FORMATION,embedding_25,52,0.053161502528712164,0.7081818896398582,0.11525655254845042,0.4158514310069412
Orthogonal + Recon,REACTOME_ELASTIC_FIBRE_FORMATION,embedding_26,52,0.012640808346890478,0.9291281658187336,-0.06249466404849313,0.6598421545696151
Orthogonal + Recon,REACTOME_ELASTIC_FIBRE_FORMATION,embedding_27,52,-0.11744368222199857,0.40699900651201204,-0.17297020404678562,0.2201034209098097
Orthogonal + Recon,REACTOME_ELASTIC_FIBRE_FORMATION,embedding_28,52,-0.025009252922864385,0.8603035679094213,-0.050712883121318185,0.721064875462705
Orthogonal + Recon,REACTOME_ELASTIC_FIBRE_FORMATION,embedding_29,52,0.00016652785434247142,0.9990651530274539,-0.05335951506872705,0.7071435547208487
Orthogonal + Recon,REACTOME_ELASTIC_FIBRE_FORMATION,embedding_30,52,-0.15358043675176783,0.27702481727849354,-0.13514897976607188,0.3394388840430278
Orthogonal + Recon,REACTOME_ELASTIC_FIBRE_FORMATION,embedding_31,52,-0.05041127463221307,0.7226571439016198,-0.06343379151370272,0.6550495308483076
Orthogonal + Recon,REACTOME_NON_INTEGRIN_MEMBRANE_ECM_INTERACTIONS,embedding_0,52,0.11620235618683795,0.41200983403348745,0.10373089729360539,0.46428559269189573
Orthogonal + Recon,REACTOME_NON_INTEGRIN_MEMBRANE_ECM_INTERACTIONS,embedding_1,52,0.10411230504284669,0.46263566489593044,0.19115512678220778,0.17462669996295715
Orthogonal + Recon,REACTOME_NON_INTEGRIN_MEMBRANE_ECM_INTERACTIONS,embedding_2,52,0.08346658381304185,0.5563424509025084,0.24767352514300348,0.07668065712614729
Orthogonal + Recon,REACTOME_NON_INTEGRIN_MEMBRANE_ECM_INTERACTIONS,embedding_3,52,0.133703935447476,0.3446756395201407,0.025868692905318878,0.8555532652010012
Orthogonal + Recon,REACTOME_NON_INTEGRIN_MEMBRANE_ECM_INTERACTIONS,embedding_4,52,-0.040090803032342796,0.7778019464904444,-0.0036711346367284212,0.9793933580367848
Orthogonal + Recon,REACTOME_NON_INTEGRIN_MEMBRANE_ECM_INTERACTIONS,embedding_5,52,0.12033328374132779,0.39547207947197444,0.10005976265687697,0.48032776064942573
Orthogonal + Recon,REACTOME_NON_INTEGRIN_MEMBRANE_ECM_INTERACTIONS,embedding_6,52,0.016707829372522395,0.9064153370690953,0.06795867839153077,0.6321533054099562
Orthogonal + Recon,REACTOME_NON_INTEGRIN_MEMBRANE_ECM_INTERACTIONS,embedding_7,52,-0.28643388648323775,0.039528020107586485,-0.2544181678476906,0.06874132461215163
Orthogonal + Recon,REACTOME_NON_INTEGRIN_MEMBRANE_ECM_INTERACTIONS,embedding_8,52,0.22671359088663712,0.10604328557251896,0.3738581063775292,0.0063302181143177075
Orthogonal + Recon,REACTOME_NON_INTEGRIN_MEMBRANE_ECM_INTERACTIONS,embedding_9,52,-0.12362558772430784,0.3825747207517354,-0.14778451293434644,0.29577443761573746
Orthogonal + Recon,REACTOME_NON_INTEGRIN_MEMBRANE_ECM_INTERACTIONS,embedding_10,52,-0.16542802874412182,0.24119061152654042,-0.10868266029198326,0.4431134760535652
Orthogonal + Recon,REACTOME_NON_INTEGRIN_MEMBRANE_ECM_INTERACTIONS,embedding_11,52,-0.043718315756551024,0.7582795448079289,0.011696405703064969,0.9344109960036215
Orthogonal + Recon,REACTOME_NON_INTEGRIN_MEMBRANE_ECM_INTERACTIONS,embedding_12,52,0.14958314899881278,0.28986983728735666,0.11636643046187996,0.41134549267859444
Orthogonal + Recon,REACTOME_NON_INTEGRIN_MEMBRANE_ECM_INTERACTIONS,embedding_13,52,0.20708310941006183,0.14074644279010728,0.1832152309399812,0.1935653270001647
Orthogonal + Recon,REACTOME_NON_INTEGRIN_MEMBRANE_ECM_INTERACTIONS,embedding_14,52,0.04094678907979785,0.7731824625608883,0.01144028003073508,0.9358442125524046
Orthogonal + Recon,REACTOME_NON_INTEGRIN_MEMBRANE_ECM_INTERACTIONS,embedding_15,52,0.12323009605275277,0.38411067953702194,0.20003415008964395,0.15507916637493493
Orthogonal + Recon,REACTOME_NON_INTEGRIN_MEMBRANE_ECM_INTERACTIONS,embedding_16,52,0.022748141356695197,0.8728242086451827,0.02390506275078972,0.8664138341329425
Orthogonal + Recon,REACTOME_NON_INTEGRIN_MEMBRANE_ECM_INTERACTIONS,embedding_17,52,0.12035616043701589,0.3953815922033346,-0.009476649876205924,0.9468385728166144
Orthogonal + Recon,REACTOME_NON_INTEGRIN_MEMBRANE_ECM_INTERACTIONS,embedding_18,52,0.35426055735442585,0.009975782785813134,0.3187910868266029,0.021255730278214018
Orthogonal + Recon,REACTOME_NON_INTEGRIN_MEMBRANE_ECM_INTERACTIONS,embedding_19,52,0.05637877657542318,0.6913775966539331,0.04243148638265175,0.7651885571669288
Orthogonal + Recon,REACTOME_NON_INTEGRIN_MEMBRANE_ECM_INTERACTIONS,embedding_20,52,0.22757331629802466,0.10468973055669811,0.2753350977546316,0.048203181886673815
Orthogonal + Recon,REACTOME_NON_INTEGRIN_MEMBRANE_ECM_INTERACTIONS,embedding_21,52,-0.1031320437960305,0.46688256147666624,-0.09741313070946811,0.4920721942616777
Orthogonal + Recon,REACTOME_NON_INTEGRIN_MEMBRANE_ECM_INTERACTIONS,embedding_22,52,-0.1868177376655923,0.18479889064442345,-0.09459574831383934,0.5047365241636601
Orthogonal + Recon,REACTOME_NON_INTEGRIN_MEMBRANE_ECM_INTERACTIONS,embedding_23,52,0.011810439337515485,0.9337729577490375,0.026893195594638437,0.8498972645291782
Orthogonal + Recon,REACTOME_NON_INTEGRIN_MEMBRANE_ECM_INTERACTIONS,embedding_24,52,-0.20078243313319447,0.15350860630224994,-0.19115512678220778,0.17462669996295715
Orthogonal + Recon,REACTOME_NON_INTEGRIN_MEMBRANE_ECM_INTERACTIONS,embedding_25,52,-0.3374355876950568,0.014430946396359785,-0.3187910868266029,0.021255730278214018
Orthogonal + Recon,REACTOME_NON_INTEGRIN_MEMBRANE_ECM_INTERACTIONS,embedding_26,52,0.223868170431055,0.1106192207690285,0.11226841970460172,0.4281223103797257
Orthogonal + Recon,REACTOME_NON_INTEGRIN_MEMBRANE_ECM_INTERACTIONS,embedding_27,52,-0.12496379316467343,0.37740470924041447,-0.16178604968838042,0.25185154743075927
Orthogonal + Recon,REACTOME_NON_INTEGRIN_MEMBRANE_ECM_INTERACTIONS,embedding_28,52,-0.19985301554151974,0.15546111911272587,-0.251173909331512,0.07247433315038479
Orthogonal + Recon,REACTOME_NON_INTEGRIN_MEMBRANE_ECM_INTERACTIONS,embedding_29,52,0.017503611339117424,0.9019792813602945,-0.042260735934431824,0.7661066956986888
Orthogonal + Recon,REACTOME_NON_INTEGRIN_MEMBRANE_ECM_INTERACTIONS,embedding_30,52,-0.3268093197422773,0.018044516172876494,-0.27618884999573123,0.04748503886156178
Orthogonal + Recon,REACTOME_NON_INTEGRIN_MEMBRANE_ECM_INTERACTIONS,embedding_31,52,-0.03984945896246818,0.7791057885724255,0.04781012550157944,0.736436991004324
Orthogonal + Recon,REACTOME_COLLAGEN_FORMATION,embedding_0,52,0.25403475233090855,0.06917435065850813,0.2502347818663024,0.07358445059408367
Orthogonal + Recon,REACTOME_COLLAGEN_FORMATION,embedding_1,52,0.2532339132649428,0.07008581780937961,0.2364893707845983,0.09142463138272654
Orthogonal + Recon,REACTOME_COLLAGEN_FORMATION,embedding_2,52,0.05068345026866146,0.7212202075396793,-0.10646290446512421,0.4525375548445064
Orthogonal + Recon,REACTOME_COLLAGEN_FORMATION,embedding_3,52,-0.0914030385573549,0.5192866848959927,-0.088363356953812,0.533331852316245
Orthogonal + Recon,REACTOME_COLLAGEN_FORMATION,embedding_4,52,-0.37422195410008174,0.006275355440153608,-0.4179117220182703,0.002050865680947411
Orthogonal + Recon,REACTOME_COLLAGEN_FORMATION,embedding_5,52,0.16245215585163966,0.24987827256191084,0.24468539229915479,0.08042206644516127
Orthogonal + Recon,REACTOME_COLLAGEN_FORMATION,embedding_6,52,-0.1386622871779575,0.3269145866437882,-0.14249124903952873,0.31360107905195206
Orthogonal + Recon,REACTOME_COLLAGEN_FORMATION,embedding_7,52,0.09752668795821767,0.49156523615069275,-0.09527875010671903,0.5016511668752013
Orthogonal + Recon,REACTOME_COLLAGEN_FORMATION,embedding_8,52,0.023427159332315706,0.8690608359678501,0.03474771621275506,0.8068032902233052
Orthogonal + Recon,REACTOME_COLLAGEN_FORMATION,embedding_9,52,0.2875736990426985,0.03871500215461385,0.1815931016818919,0.19760784048575059
Orthogonal + Recon,REACTOME_COLLAGEN_FORMATION,embedding_10,52,-0.18946737283302642,0.17853557855597585,-0.23068385554512078,0.09990337003373702
Orthogonal + Recon,REACTOME_COLLAGEN_FORMATION,embedding_11,52,0.014773327787937905,0.9172106891662553,-0.07726457781951677,0.5861430716879978
Orthogonal + Recon,REACTOME_COLLAGEN_FORMATION,embedding_12,52,-0.17986154119318426,0.20198877667490367,-0.04191923503799197,0.7679439274994524
Orthogonal + Recon,REACTOME_COLLAGEN_FORMATION,embedding_13,52,-0.07359797241684253,0.6040918096622971,0.05122513446597796,0.7183632574138141
Orthogonal + Recon,REACTOME_COLLAGEN_FORMATION,embedding_14,52,-0.4429750609056804,0.0010066839274820891,-0.4845043968240416,0.0002729933936078575
Orthogonal + Recon,REACTOME_COLLAGEN_FORMATION,embedding_15,52,0.1349439888124927,0.34017873188690917,0.08853410740203192,0.5325379749383004
Orthogonal + Recon,REACTOME_COLLAGEN_FORMATION,embedding_16,52,0.014630316159098804,0.918009367584042,0.09493724921027918,0.5031926342325653
Orthogonal + Recon,REACTOME_COLLAGEN_FORMATION,embedding_17,52,0.23646219428381776,0.09146297116349025,0.19755826859045506,0.16036008034089155
Orthogonal + Recon,REACTOME_COLLAGEN_FORMATION,embedding_18,52,0.12120588322462629,0.392029171348917,0.17322632971911547,0.21941059206521166
Orthogonal + Recon,REACTOME_COLLAGEN_FORMATION,embedding_19,52,-0.13521215483616222,0.3392110761464952,0.030564330231366857,0.8296932983832335
Orthogonal + Recon,REACTOME_COLLAGEN_FORMATION,embedding_20,52,-0.09451924629999409,0.5050827134078189,-0.032442585161786046,0.819397603817358
Orthogonal + Recon,REACTOME_COLLAGEN_FORMATION,embedding_21,52,-0.03800119605100973,0.7891106230659043,0.008537522410996328,0.9521003430745681
Orthogonal + Recon,REACTOME_COLLAGEN_FORMATION,embedding_22,52,-0.01832156706559433,0.8974227111193329,-0.09135148979766072,0.5195233182720157
Orthogonal + Recon,REACTOME_COLLAGEN_FORMATION,embedding_23,52,0.15439844229517527,0.2744433126871077,0.14573550755570733,0.3025954161246721
Orthogonal + Recon,REACTOME_COLLAGEN_FORMATION,embedding_24,52,0.20781309621166788,0.1393205802424158,0.2572355502433194,0.06562526236478508
Orthogonal + Recon,REACTOME_COLLAGEN_FORMATION,embedding_25,52,0.18822476711324077,0.1814535546832966,0.22368308716810384,0.11092202274908944
Orthogonal + Recon,REACTOME_COLLAGEN_FORMATION,embedding_26,52,-0.0006842337869061685,0.9961588910583148,0.015709041236233245,0.9119870356754751
Orthogonal + Recon,REACTOME_COLLAGEN_FORMATION,embedding_27,52,0.06298077537045943,0.6573596907084043,0.10227951848373601,0.4705930338295574
Orthogonal + Recon,REACTOME_COLLAGEN_FORMATION,embedding_28,52,0.23962697633127747,0.08708176111488689,0.21164518056859902,0.13201184300923113
Orthogonal + Recon,REACTOME_COLLAGEN_FORMATION,embedding_29,52,-0.10942388073711094,0.4399909908723081,-0.11286604627337146,0.42565192383713624
Orthogonal + Recon,REACTOME_COLLAGEN_FORMATION,embedding_30,52,-0.0689577301145559,0.6271428381359588,-0.052932638948177235,0.7093826562784928
Orthogonal + Recon,REACTOME_COLLAGEN_FORMATION,embedding_31,52,0.131079584145466,0.35431311884287964,0.08981473576368137,0.5266024437293322
Orthogonal + Recon,REACTOME_COLLAGEN_DEGRADATION,embedding_0,52,0.1823890546420218,0.19561682242687975,0.21198668146503885,0.1313747700814349
Orthogonal + Recon,REACTOME_COLLAGEN_DEGRADATION,embedding_1,52,0.17616158494230308,0.21157886948980636,0.17015282165115683,0.227825087618326
Orthogonal + Recon,REACTOME_COLLAGEN_DEGRADATION,embedding_2,52,-0.0019803210026374295,0.9888833046451133,-0.1524801502603944,0.28052238316811806
Orthogonal + Recon,REACTOME_COLLAGEN_DEGRADATION,embedding_3,52,-0.16507155699146786,0.24222026850660958,-0.1481260138307863,0.29464738999568085
Orthogonal + Recon,REACTOME_COLLAGEN_DEGRADATION,embedding_4,52,-0.2005269037001635,0.1540436091378822,-0.26269956458635707,0.05990424316257738
Orthogonal + Recon,REACTOME_COLLAGEN_DEGRADATION,embedding_5,52,0.10096497714586679,0.4763451502866634,0.17228720225390592,0.22195840013550625
Orthogonal + Recon,REACTOME_COLLAGEN_DEGRADATION,embedding_6,52,-0.11450914835211298,0.4189016347589265,-0.09280286860753009,0.5128814885855824
Orthogonal + Recon,REACTOME_COLLAGEN_DEGRADATION,embedding_7,52,0.1202779547049292,0.3956909800020691,-0.01502603944335354,0.9157995664934138
Orthogonal + Recon,REACTOME_COLLAGEN_DEGRADATION,embedding_8,52,0.024414427069347454,0.8635941764613462,0.00700076837701699,0.9607147801033975
Orthogonal + Recon,REACTOME_COLLAGEN_DEGRADATION,embedding_9,52,0.26689833596599805,0.05578630924553833,0.1816784769060019,0.197393594868101
Orthogonal + Recon,REACTOME_COLLAGEN_DEGRADATION,embedding_10,52,-0.19866778110156513,0.15797748827653202,-0.2600529326389482,0.0626231405203461
Orthogonal + Recon,REACTOME_COLLAGEN_DEGRADATION,embedding_11,52,-0.0343290664612238,0.8090871178672617,-0.10082813967386664,0.4769460568507524
Orthogonal + Recon,REACTOME_COLLAGEN_DEGRADATION,embedding_12,52,-0.21401309432894777,0.12764192969499724,-0.09741313070946811,0.4920721942616777
Orthogonal + Recon,REACTOME_COLLAGEN_DEGRADATION,embedding_13,52,-0.09047608709161253,0.5235500551087131,-0.0067446427046871,0.9621509785572988
Orthogonal + Recon,REACTOME_COLLAGEN_DEGRADATION,embedding_14,52,-0.4046531970902686,0.002925418768870057,-0.42661999487748653,0.001611408096023345
Orthogonal + Recon,REACTOME_COLLAGEN_DEGRADATION,embedding_15,52,0.21073872987306738,0.1337140884882733,0.19687526679757536,0.1618398085344491
Orthogonal + Recon,REACTOME_COLLAGEN_DEGRADATION,embedding_16,52,0.11644986677142334,0.4110078933176419,0.1822761034747716,0.1958984900216295
Orthogonal + Recon,REACTOME_COLLAGEN_DEGRADATION,embedding_17,52,0.1743826303228682,0.21630165901940548,0.16263980192948005,0.2493242851609927
Orthogonal + Recon,REACTOME_COLLAGEN_DEGRADATION,embedding_18,52,0.02853350476321049,0.8408572549590294,0.12012294032271834,0.39630464762204565
Orthogonal + Recon,REACTOME_COLLAGEN_DEGRADATION,embedding_19,52,-0.0707036680451572,0.6184265843449799,0.04746862460513959,0.738252353474461
Orthogonal + Recon,REACTOME_COLLAGEN_DEGRADATION,embedding_20,52,-0.22900366775245656,0.10246730105602972,-0.1997780244173141,0.15561945304000738
Orthogonal + Recon,REACTOME_COLLAGEN_DEGRADATION,embedding_21,52,0.03644091055645213,0.7975830069179055,0.050627507897208227,0.7215154745154274
Orthogonal + Recon,REACTOME_COLLAGEN_DEGRADATION,embedding_22,52,-0.0035346233612236887,0.980159460651032,-0.07120293690770937,0.6159435545584004
Orthogonal + Recon,REACTOME_COLLAGEN_DEGRADATION,embedding_23,52,-0.0041875733611761844,0.9764952713443821,0.02561256723298898,0.8569684018769274
Orthogonal + Recon,REACTOME_COLLAGEN_DEGRADATION,embedding_24,52,0.30387033700824506,0.028520757771782385,0.3315973704430974,0.016330990837456396
Orthogonal + Recon,REACTOME_COLLAGEN_DEGRADATION,embedding_25,52,0.2777901387793716,0.04616162225816048,0.304704174848459,0.02806617305909107
Orthogonal + Recon,REACTOME_COLLAGEN_DEGRADATION,embedding_26,52,0.1218057554651652,0.3896725896966555,0.11363442329036114,0.4224875997704918
Orthogonal + Recon,REACTOME_COLLAGEN_DEGRADATION,embedding_27,52,0.14734515169115944,0.2972285622184344,0.19115512678220778,0.17462669996295715
Orthogonal + Recon,REACTOME_COLLAGEN_DEGRADATION,embedding_28,52,0.1798170619398715,0.20210220845331986,0.13122171945701355,0.35378696344265714
Orthogonal + Recon,REACTOME_COLLAGEN_DEGRADATION,embedding_29,52,-0.03651470986446731,0.7971817453807885,-0.0832408435072142,0.5574144446379367
Orthogonal + Recon,REACTOME_COLLAGEN_DEGRADATION,embedding_30,52,-0.0443908636339932,0.7546760179206077,-0.01690429437377273,0.9053198820427173
Orthogonal + Recon,REACTOME_COLLAGEN_DEGRADATION,embedding_31,52,0.3262071810298199,0.018270441810828524,0.25826005293263893,0.06452054676695658
Orthogonal + Recon,REACTOME_DEGRADATION_OF_THE_EXTRACELLULAR_MATRIX,embedding_0,52,0.19671018881756128,0.1621989459610313,0.21121830444804918,0.13281144442860876
Orthogonal + Recon,REACTOME_DEGRADATION_OF_THE_EXTRACELLULAR_MATRIX,embedding_1,52,0.2318871578481431,0.09809784841695529,0.23478186630239903,0.09385796019564542
Orthogonal + Recon,REACTOME_DEGRADATION_OF_THE_EXTRACELLULAR_MATRIX,embedding_2,52,0.04312619611308224,0.7614563586166498,-0.058567403739434816,0.6800291616097671
Orthogonal + Recon,REACTOME_DEGRADATION_OF_THE_EXTRACELLULAR_MATRIX,embedding_3,52,-0.10426017340307353,0.4619968567846818,-0.11943993852983863,0.399015128357039
Orthogonal + Recon,REACTOME_DEGRADATION_OF_THE_EXTRACELLULAR_MATRIX,embedding_4,52,-0.21982416128520263,0.11738089598121038,-0.2793477332877999,0.04490336224926717
Orthogonal + Recon,REACTOME_DEGRADATION_OF_THE_EXTRACELLULAR_MATRIX,embedding_5,52,0.1416774742337548,0.3164012491041661,0.2131819346025783,0.12916320676809023
Orthogonal + Recon,REACTOME_DEGRADATION_OF_THE_EXTRACELLULAR_MATRIX,embedding_6,52,-0.11997893337967468,0.3968752381090197,-0.10492615043114487,0.45912568641778617
Orthogonal + Recon,REACTOME_DEGRADATION_OF_THE_EXTRACELLULAR_MATRIX,embedding_7,52,0.04190877011025593,0.7680002475183865,-0.08622897635106293,0.5433039971520724
Orthogonal + Recon,REACTOME_DEGRADATION_OF_THE_EXTRACELLULAR_MATRIX,embedding_8,52,0.062413391906459954,0.6602575490382813,0.06292154016904294,0.65766199652825
Orthogonal + Recon,REACTOME_DEGRADATION_OF_THE_EXTRACELLULAR_MATRIX,embedding_9,52,0.23789236886196244,0.08946228304619615,0.10492615043114487,0.45912568641778617
Orthogonal + Recon,REACTOME_DEGRADATION_OF_THE_EXTRACELLULAR_MATRIX,embedding_10,52,-0.23075454294845962,0.09979660018279753,-0.29394689661060364,0.0344190091648629
Orthogonal + Recon,REACTOME_DEGRADATION_OF_THE_EXTRACELLULAR_MATRIX,embedding_11,52,-0.037646581107640215,0.7910341056745427,-0.06044565866985401,0.6703456732854947
Orthogonal + Recon,REACTOME_DEGRADATION_OF_THE_EXTRACELLULAR_MATRIX,embedding_12,52,-0.16174105057698504,0.25198523178835597,-0.06992230854605992,0.6223210299645863
Orthogonal + Recon,REACTOME_DEGRADATION_OF_THE_EXTRACELLULAR_MATRIX,embedding_13,52,-0.03982790640424292,0.7792222539275975,0.02834457440450781,0.8418974675026132
Orthogonal + Recon,REACTOME_DEGRADATION_OF_THE_EXTRACELLULAR_MATRIX,embedding_14,52,-0.37169248186532844,0.0066654998925646065,-0.3961410398702297,0.0036475804607617695
Orthogonal + Recon,REACTOME_DEGRADATION_OF_THE_EXTRACELLULAR_MATRIX,embedding_15,52,0.22396621445891007,0.11045907434450036,0.23964825407666696,0.08705287106946695
Orthogonal + Recon,REACTOME_DEGRADATION_OF_THE_EXTRACELLULAR_MATRIX,embedding_16,52,0.10472038862727094,0.46001173351648283,0.13950311619568,0.3239609168094789
Orthogonal + Recon,REACTOME_DEGRADATION_OF_THE_EXTRACELLULAR_MATRIX,embedding_17,52,0.20044552091639342,0.1542142886926391,0.16443268163578928,0.2440731317910594
Orthogonal + Recon,REACTOME_DEGRADATION_OF_THE_EXTRACELLULAR_MATRIX,embedding_18,52,0.1500713278715042,0.28828060482718887,0.21659694356697687,0.12299895397050782
Orthogonal + Recon,REACTOME_DEGRADATION_OF_THE_EXTRACELLULAR_MATRIX,embedding_19,52,-0.07797530329691718,0.582691889448089,0.030905831127806708,0.8278191898722701
Orthogonal + Recon,REACTOME_DEGRADATION_OF_THE_EXTRACELLULAR_MATRIX,embedding_20,52,-0.14180202247686535,0.3159716550806031,-0.0922906172628703,0.5152207549420955
Orthogonal + Recon,REACTOME_DEGRADATION_OF_THE_EXTRACELLULAR_MATRIX,embedding_21,52,0.003441319379337183,0.9806830937606785,0.029881328438487148,0.8334443255373433
Orthogonal + Recon,REACTOME_DEGRADATION_OF_THE_EXTRACELLULAR_MATRIX,embedding_22,52,-0.03646967688622729,0.7974265924790367,-0.07231281482113891,0.6104390392248265
Orthogonal + Recon,REACTOME_DEGRADATION_OF_THE_EXTRACELLULAR_MATRIX,embedding_23,52,0.05295008259410465,0.7092911109185472,0.061982412703833346,0.6624620447499034
Orthogonal + Recon,REACTOME_DEGRADATION_OF_THE_EXTRACELLULAR_MATRIX,embedding_24,52,0.23288097610874767,0.09662579519086639,0.2755912234269615,0.047986816185220625
Orthogonal + Recon,REACTOME_DEGRADATION_OF_THE_EXTRACELLULAR_MATRIX,embedding_25,52,0.20831942971194353,0.13833792523777727,0.23204985913088022,0.09785567193000673
Orthogonal + Recon,REACTOME_DEGRADATION_OF_THE_EXTRACELLULAR_MATRIX,embedding_26,52,0.11826801068774108,0.40369102916194555,0.11235379492871168,0.42776890347970653
Orthogonal + Recon,REACTOME_DEGRADATION_OF_THE_EXTRACELLULAR_MATRIX,embedding_27,52,0.10292901648996282,0.46776477322212884,0.13899086485102025,0.32575834429224704
Orthogonal + Recon,REACTOME_DEGRADATION_OF_THE_EXTRACELLULAR_MATRIX,embedding_28,52,0.12484769475345395,0.3778515813306855,0.08059421155980533,0.5700549236279902
Orthogonal + Recon,REACTOME_DEGRADATION_OF_THE_EXTRACELLULAR_MATRIX,embedding_29,52,-0.01838340855847435,0.897078343369122,-0.06701955092632117,0.6368782251555118
Orthogonal + Recon,REACTOME_DEGRADATION_OF_THE_EXTRACELLULAR_MATRIX,embedding_30,52,-0.09216412521036833,0.5157992242411393,-0.06975155809784,0.6231734543016259
Orthogonal + Recon,REACTOME_DEGRADATION_OF_THE_EXTRACELLULAR_MATRIX,embedding_31,52,0.22866521715539542,0.10298985746966684,0.19892427217621445,0.15743041262338303
Orthogonal + Recon,REACTOME_INTEGRIN_CELL_SURFACE_INTERACTIONS,embedding_0,52,0.11702489711283058,0.4086855517434095,0.16195680013660035,0.2513447144840392
Orthogonal + Recon,REACTOME_INTEGRIN_CELL_SURFACE_INTERACTIONS,embedding_1,52,0.15287293797686502,0.2792704761386429,0.2516861606761718,0.07187444168789546
Orthogonal + Recon,REACTOME_INTEGRIN_CELL_SURFACE_INTERACTIONS,embedding_2,52,0.09804526267598279,0.4892536025828982,0.09374199607273967,0.5086068142939539
Orthogonal + Recon,REACTOME_INTEGRIN_CELL_SURFACE_INTERACTIONS,embedding_3,52,-0.011831132946487022,0.9336571777753138,-0.06770255271920089,0.6334404865991099
Orthogonal + Recon,REACTOME_INTEGRIN_CELL_SURFACE_INTERACTIONS,embedding_4,52,-0.2471707266453246,0.07730039138896264,-0.33526850507982586,0.01511290657515855
Orthogonal + Recon,REACTOME_INTEGRIN_CELL_SURFACE_INTERACTIONS,embedding_5,52,0.04895846375382626,0.7303431219254817,0.1072312814821139,0.4492630130652664
Orthogonal + Recon,REACTOME_INTEGRIN_CELL_SURFACE_INTERACTIONS,embedding_6,52,-0.12318254665869356,0.3842955917086695,-0.1076581576026637,0.4474494700884446
Orthogonal + Recon,REACTOME_INTEGRIN_CELL_SURFACE_INTERACTIONS,embedding_7,52,0.06450081039828381,0.6496209254921756,-0.038333475625373516,0.7873094208830657
Orthogonal + Recon,REACTOME_INTEGRIN_CELL_SURFACE_INTERACTIONS,embedding_8,52,0.009917688753242795,0.9443682696153836,0.07820370528472638,0.5815847573590993
Orthogonal + Recon,REACTOME_INTEGRIN_CELL_SURFACE_INTERACTIONS,embedding_9,52,0.21180614485792443,0.1317112741713864,0.15478528131136343,0.27322807281038586
Orthogonal + Recon,REACTOME_INTEGRIN_CELL_SURFACE_INTERACTIONS,embedding_10,52,-0.10634197194281894,0.45305411300159315,-0.20481516263980193,0.14524576353287508
Orthogonal + Recon,REACTOME_INTEGRIN_CELL_SURFACE_INTERACTIONS,embedding_11,52,0.03131860841569829,0.8255551958154499,0.02083155468283104,0.8834614510535391
Orthogonal + Recon,REACTOME_INTEGRIN_CELL_SURFACE_INTERACTIONS,embedding_12,52,-0.11147843590852743,0.4314002191340509,-0.03910185264236319,0.7831484840459979
Orthogonal + Recon,REACTOME_INTEGRIN_CELL_SURFACE_INTERACTIONS,embedding_13,52,-0.08721418930907548,0.5386897698719852,-0.0073422692734568425,0.9588000418950715
Orthogonal + Recon,REACTOME_INTEGRIN_CELL_SURFACE_INTERACTIONS,embedding_14,52,-0.2591898432580823,0.06353088684062058,-0.3435499018184923,0.012646911382145933
Orthogonal + Recon,REACTOME_INTEGRIN_CELL_SURFACE_INTERACTIONS,embedding_15,52,0.09965031766640915,0.48213493020303283,0.17279945359856572,0.2205661514178632
Orthogonal + Recon,REACTOME_INTEGRIN_CELL_SURFACE_INTERACTIONS,embedding_16,52,0.009038110146053158,0.949295369566727,0.060872534790403825,0.6681521978013389
Orthogonal + Recon,REACTOME_INTEGRIN_CELL_SURFACE_INTERACTIONS,embedding_17,52,0.2076791208721374,0.1395814593435145,0.20344915905404254,0.1480067859858436
Orthogonal + Recon,REACTOME_INTEGRIN_CELL_SURFACE_INTERACTIONS,embedding_18,52,0.18386106610353553,0.19197234286147444,0.2808844873217793,0.04368955921877978
Orthogonal + Recon,REACTOME_INTEGRIN_CELL_SURFACE_INTERACTIONS,embedding_19,52,-0.10256558809202701,0.46934620761437906,-0.05327413984461708,0.7075911792788452
Orthogonal + Recon,REACTOME_INTEGRIN_CELL_SURFACE_INTERACTIONS,embedding_20,52,-0.10700167700318024,0.4502401355743194,0.0318449585930163,0.8226703206187564
Orthogonal + Recon,REACTOME_INTEGRIN_CELL_SURFACE_INTERACTIONS,embedding_21,52,0.039436203387411335,0.781339767232593,0.0061470161359173554,0.965502563641211
Orthogonal + Recon,REACTOME_INTEGRIN_CELL_SURFACE_INTERACTIONS,embedding_22,52,-0.012875687556354126,0.9278147521431195,-0.04191923503799197,0.7679439274994524
Orthogonal + Recon,REACTOME_INTEGRIN_CELL_SURFACE_INTERACTIONS,embedding_23,52,0.14511637941001085,0.30467624111197206,0.17553146077008452,0.2132433919919731
Orthogonal + Recon,REACTOME_INTEGRIN_CELL_SURFACE_INTERACTIONS,embedding_24,52,0.04677655786785763,0.7419355999247839,0.1106462904465124,0.4348682763844709
Orthogonal + Recon,REACTOME_INTEGRIN_CELL_SURFACE_INTERACTIONS,embedding_25,52,0.06833289722926192,0.6302745795974292,0.09288824383164004,0.5124921332406945
Orthogonal + Recon,REACTOME_INTEGRIN_CELL_SURFACE_INTERACTIONS,embedding_26,52,0.01760843353325025,0.9013951722998319,-0.002134380602749082,0.9880185391275629
Orthogonal + Recon,REACTOME_INTEGRIN_CELL_SURFACE_INTERACTIONS,embedding_27,52,0.04865103556796924,0.7319729469752237,0.0520788867070776,0.7138681522330899
Orthogonal + Recon,REACTOME_INTEGRIN_CELL_SURFACE_INTERACTIONS,embedding_28,52,0.15942200487957986,0.25893970612487804,0.09220524203876035,0.5156111542755537
Orthogonal + Recon,REACTOME_INTEGRIN_CELL_SURFACE_INTERACTIONS,embedding_29,52,-0.03257197431459716,0.8186894436904852,-0.12319644839067702,0.38424152458116223
Orthogonal + Recon,REACTOME_INTEGRIN_CELL_SURFACE_INTERACTIONS,embedding_30,52,-0.108347718100753,0.44452848068357553,-0.10603602834457439,0.4543623782418411
Orthogonal + Recon,REACTOME_INTEGRIN_CELL_SURFACE_INTERACTIONS,embedding_31,52,0.08757440285103911,0.5370074862969194,0.05899427985998463,0.6778238018216226
Orthogonal + Recon,REACTOME_EXTRACELLULAR_MATRIX_ORGANIZATION,embedding_0,52,0.22315559356990947,0.11178850003440027,0.20472978741569195,0.1454171988017563
Orthogonal + Recon,REACTOME_EXTRACELLULAR_MATRIX_ORGANIZATION,embedding_1,52,0.2924011140614774,0.035422878492714485,0.3259626056518398,0.018362891018709863
Orthogonal + Recon,REACTOME_EXTRACELLULAR_MATRIX_ORGANIZATION,embedding_2,52,0.1187950521757219,0.4015842512051878,0.0794843336463758,0.5753949111555123
Orthogonal + Recon,REACTOME_EXTRACELLULAR_MATRIX_ORGANIZATION,embedding_3,52,-0.03404249226979027,0.810651354744576,-0.10868266029198326,0.4431134760535652
Orthogonal + Recon,REACTOME_EXTRACELLULAR_MATRIX_ORGANIZATION,embedding_4,52,-0.26668370328034496,0.05599111197563747,-0.3309997438743277,0.016536992430441703
Orthogonal + Recon,REACTOME_EXTRACELLULAR_MATRIX_ORGANIZATION,embedding_5,52,0.1192703698523055,0.39968973122655155,0.15230939981217448,0.2810677557848349
Orthogonal + Recon,REACTOME_EXTRACELLULAR_MATRIX_ORGANIZATION,embedding_6,52,-0.08998756268773465,0.5258039318975288,-0.07606932468197729,0.5919676840690055
Orthogonal + Recon,REACTOME_EXTRACELLULAR_MATRIX_ORGANIZATION,embedding_7,52,-0.050027863234311305,0.724682952493043,-0.18611798855971995,0.18647898241984884
Orthogonal + Recon,REACTOME_EXTRACELLULAR_MATRIX_ORGANIZATION,embedding_8,52,0.1388575749854185,0.3262270710229329,0.1972167676940152,0.16109870013169653
Orthogonal + Recon,REACTOME_EXTRACELLULAR_MATRIX_ORGANIZATION,embedding_9,52,0.23109994598480646,0.09927615436624654,0.13728336036882094,0.331795073291691
Orthogonal + Recon,REACTOME_EXTRACELLULAR_MATRIX_ORGANIZATION,embedding_10,52,-0.20223246999445385,0.15049857750779266,-0.22590284299496285,0.10733201991808906
Orthogonal + Recon,REACTOME_EXTRACELLULAR_MATRIX_ORGANIZATION,embedding_11,52,-0.013694631243270156,0.923236840450528,-0.02561256723298898,0.8569684018769274
Orthogonal + Recon,REACTOME_EXTRACELLULAR_MATRIX_ORGANIZATION,embedding_12,52,-0.08048077731740605,0.5705996403060867,0.028771450525057623,0.8395475569123954
Orthogonal + Recon,REACTOME_EXTRACELLULAR_MATRIX_ORGANIZATION,embedding_13,52,0.021352401884563908,0.8805686012724057,0.11653718091009989,0.41065477438633047
Orthogonal + Recon,REACTOME_EXTRACELLULAR_MATRIX_ORGANIZATION,embedding_14,52,-0.3306452860582733,0.016660216033981337,-0.40988645095193377,0.0025470774742330643
Orthogonal + Recon,REACTOME_EXTRACELLULAR_MATRIX_ORGANIZATION,embedding_15,52,0.19794229657103302,0.15953244841428876,0.22590284299496285,0.10733201991808906
Orthogonal + Recon,REACTOME_EXTRACELLULAR_MATRIX_ORGANIZATION,embedding_16,52,0.05159363829737996,0.7164218718909576,0.06573892256467173,0.6433444094992438
Orthogonal + Recon,REACTOME_EXTRACELLULAR_MATRIX_ORGANIZATION,embedding_17,52,0.19853194163029586,0.15826778825642335,0.15273627593272432,0.2797056317440882
Orthogonal + Recon,REACTOME_EXTRACELLULAR_MATRIX_ORGANIZATION,embedding_18,52,0.34364299280088995,0.01262128331413162,0.3939212840433706,0.003860004140739518
Orthogonal + Recon,REACTOME_EXTRACELLULAR_MATRIX_ORGANIZATION,embedding_19,52,-0.09515652997026715,0.5022025656675041,0.05455476820626654,0.7008871785572904
Orthogonal + Recon,REACTOME_EXTRACELLULAR_MATRIX_ORGANIZATION,embedding_20,52,0.002433978937205282,0.9863368772834552,0.09886450951933749,0.4856132728348652
Orthogonal + Recon,REACTOME_EXTRACELLULAR_MATRIX_ORGANIZATION,embedding_21,52,-0.02300023331645771,0.8714266900224328,0.048663877742679065,0.7319048408868285
Orthogonal + Recon,REACTOME_EXTRACELLULAR_MATRIX_ORGANIZATION,embedding_22,52,-0.0609996305126414,0.6674996540663456,-0.09988901220865705,0.48108096734073613
Orthogonal + Recon,REACTOME_EXTRACELLULAR_MATRIX_ORGANIZATION,embedding_23,52,0.172355719759512,0.22177182355939684,0.19610688978058566,0.16351642058688096
Orthogonal + Recon,REACTOME_EXTRACELLULAR_MATRIX_ORGANIZATION,embedding_24,52,0.08652494429141637,0.5419158340148474,0.18210535302655168,0.19632483926528477
Orthogonal + Recon,REACTOME_EXTRACELLULAR_MATRIX_ORGANIZATION,embedding_25,52,0.06408879663381473,0.6517149845915404,0.11056091522240245,0.435224967459087
Orthogonal + Recon,REACTOME_EXTRACELLULAR_MATRIX_ORGANIZATION,embedding_26,52,0.05536352657082548,0.6966649530029039,0.01280628361649449,0.92820283016306
Orthogonal + Recon,REACTOME_EXTRACELLULAR_MATRIX_ORGANIZATION,embedding_27,52,0.0073061738204660935,0.9590024123364785,0.021599931699820715,0.8791943292489852
Orthogonal + Recon,REACTOME_EXTRACELLULAR_MATRIX_ORGANIZATION,embedding_28,52,0.09764060805276359,0.49105693148866336,0.05233501237940749,0.7125214882102509
Orthogonal + Recon,REACTOME_EXTRACELLULAR_MATRIX_ORGANIZATION,embedding_29,52,-0.014359056441559163,0.919524494117082,-0.05165201058652779,0.7161145122913124
Orthogonal + Recon,REACTOME_EXTRACELLULAR_MATRIX_ORGANIZATION,embedding_30,52,-0.18175087970685672,0.19721203222844957,-0.18287373004354135,0.1944114495816544
Orthogonal + Recon,REACTOME_EXTRACELLULAR_MATRIX_ORGANIZATION,embedding_31,52,0.06153780753709981,0.664739213734723,0.060360283445744047,0.6707846962972046
Orthogonal + Recon,REACTOME_ASSEMBLY_OF_COLLAGEN_FIBRILS_AND_OTHER_MULTIMERIC_STRUCTURES,embedding_0,52,0.21274399774987926,0.12997023823810402,0.24289251259284556,0.08273500264184419
Orthogonal + Recon,REACTOME_ASSEMBLY_OF_COLLAGEN_FIBRILS_AND_OTHER_MULTIMERIC_STRUCTURES,embedding_1,52,0.16678994091576094,0.2372843095848031,0.18910612140356867,0.17938038231781095
Orthogonal + Recon,REACTOME_ASSEMBLY_OF_COLLAGEN_FIBRILS_AND_OTHER_MULTIMERIC_STRUCTURES,embedding_2,52,0.010929827134722346,0.938701178862494,-0.11354904806625117,0.4228385299251196
Orthogonal + Recon,REACTOME_ASSEMBLY_OF_COLLAGEN_FIBRILS_AND_OTHER_MULTIMERIC_STRUCTURES,embedding_3,52,-0.07437117292678955,0.6002869745760226,-0.02808844873217792,0.84330807093916
Orthogonal + Recon,REACTOME_ASSEMBLY_OF_COLLAGEN_FIBRILS_AND_OTHER_MULTIMERIC_STRUCTURES,embedding_4,52,-0.2479812590590567,0.07630329530466473,-0.2655169469819858,0.057115076626894815
Orthogonal + Recon,REACTOME_ASSEMBLY_OF_COLLAGEN_FIBRILS_AND_OTHER_MULTIMERIC_STRUCTURES,embedding_5,52,0.11499407323955646,0.4169211740992729,0.19081362588576792,0.17541258137363552
Orthogonal + Recon,REACTOME_ASSEMBLY_OF_COLLAGEN_FIBRILS_AND_OTHER_MULTIMERIC_STRUCTURES,embedding_6,52,-0.09339079617076557,0.5102032658885832,-0.04823700162212925,0.7341697934643628
Orthogonal + Recon,REACTOME_ASSEMBLY_OF_COLLAGEN_FIBRILS_AND_OTHER_MULTIMERIC_STRUCTURES,embedding_7,52,0.015552981045910057,0.9128579970263686,-0.16340817894646972,0.2470644922954378
Orthogonal + Recon,REACTOME_ASSEMBLY_OF_COLLAGEN_FIBRILS_AND_OTHER_MULTIMERIC_STRUCTURES,embedding_8,52,0.10825141346653731,0.44493579371714786,0.15956629386152138,0.2585032805754276
Orthogonal + Recon,REACTOME_ASSEMBLY_OF_COLLAGEN_FIBRILS_AND_OTHER_MULTIMERIC_STRUCTURES,embedding_9,52,0.15905381527445586,0.26005559768884157,0.02518569111243917,0.8593279518965115
Orthogonal + Recon,REACTOME_ASSEMBLY_OF_COLLAGEN_FIBRILS_AND_OTHER_MULTIMERIC_STRUCTURES,embedding_10,52,-0.2444806568513184,0.08068358443320017,-0.32562110475539996,0.018492641890092996
Orthogonal + Recon,REACTOME_ASSEMBLY_OF_COLLAGEN_FIBRILS_AND_OTHER_MULTIMERIC_STRUCTURES,embedding_11,52,0.0016247995322719727,0.9908789602338642,-0.058567403739434816,0.6800291616097671
Orthogonal + Recon,REACTOME_ASSEMBLY_OF_COLLAGEN_FIBRILS_AND_OTHER_MULTIMERIC_STRUCTURES,embedding_12,52,-0.09106932840136195,0.5208195288123065,0.011525655254845044,0.9353664510792123
Orthogonal + Recon,REACTOME_ASSEMBLY_OF_COLLAGEN_FIBRILS_AND_OTHER_MULTIMERIC_STRUCTURES,embedding_13,52,0.0017220525766472074,0.9903330418183977,0.11824468539229915,0.4037844169357798
Orthogonal + Recon,REACTOME_ASSEMBLY_OF_COLLAGEN_FIBRILS_AND_OTHER_MULTIMERIC_STRUCTURES,embedding_14,52,-0.32578101530440196,0.018431788483839952,-0.33578075642448557,0.014949271264515293
Orthogonal + Recon,REACTOME_ASSEMBLY_OF_COLLAGEN_FIBRILS_AND_OTHER_MULTIMERIC_STRUCTURES,embedding_15,52,0.20819337485194245,0.1385820778146834,0.21096217877571927,0.1332929473262241
Orthogonal + Recon,REACTOME_ASSEMBLY_OF_COLLAGEN_FIBRILS_AND_OTHER_MULTIMERIC_STRUCTURES,embedding_16,52,0.05601141614693826,0.6932891175021786,0.12934346452659437,0.36077849744691115
Orthogonal + Recon,REACTOME_ASSEMBLY_OF_COLLAGEN_FIBRILS_AND_OTHER_MULTIMERIC_STRUCTURES,embedding_17,52,0.22701437510367742,0.10556820786911708,0.21540169042943735,0.1251305739672492
Orthogonal + Recon,REACTOME_ASSEMBLY_OF_COLLAGEN_FIBRILS_AND_OTHER_MULTIMERIC_STRUCTURES,embedding_18,52,0.1588573940489957,0.2606522199660807,0.23486724152650898,0.09373510985284365
Orthogonal + Recon,REACTOME_ASSEMBLY_OF_COLLAGEN_FIBRILS_AND_OTHER_MULTIMERIC_STRUCTURES,embedding_19,52,-0.023743921419757986,0.8673061996519392,0.08990011098779134,0.5262079097456174
Orthogonal + Recon,REACTOME_ASSEMBLY_OF_COLLAGEN_FIBRILS_AND_OTHER_MULTIMERIC_STRUCTURES,embedding_20,52,-0.09962453606271623,0.4822488424403478,-0.0636899171860326,0.6537448293132762
Orthogonal + Recon,REACTOME_ASSEMBLY_OF_COLLAGEN_FIBRILS_AND_OTHER_MULTIMERIC_STRUCTURES,embedding_21,52,-0.01575916598694825,0.9117073145387392,-0.03397933919576539,0.8109961683907488
Orthogonal + Recon,REACTOME_ASSEMBLY_OF_COLLAGEN_FIBRILS_AND_OTHER_MULTIMERIC_STRUCTURES,embedding_22,52,-0.10786175296582927,0.4465859378715721,-0.11568342866900025,0.41411504353918993
Orthogonal + Recon,REACTOME_ASSEMBLY_OF_COLLAGEN_FIBRILS_AND_OTHER_MULTIMERIC_STRUCTURES,embedding_23,52,0.03930697037744358,0.7820387357607652,-0.00572014001536754,0.9678969182124948
Orthogonal + Recon,REACTOME_ASSEMBLY_OF_COLLAGEN_FIBRILS_AND_OTHER_MULTIMERIC_STRUCTURES,embedding_24,52,0.18949538735293298,0.17847018538686865,0.16725006403141807,0.23597441366238528
Orthogonal + Recon,REACTOME_ASSEMBLY_OF_COLLAGEN_FIBRILS_AND_OTHER_MULTIMERIC_STRUCTURES,embedding_25,52,0.11365898958874958,0.42238665201810466,0.07692307692307693,0.5878046148022049
Orthogonal + Recon,REACTOME_ASSEMBLY_OF_COLLAGEN_FIBRILS_AND_OTHER_MULTIMERIC_STRUCTURES,embedding_26,52,0.16030066092666323,0.2562897308023954,0.22060957910014511,0.11604363587788401
Orthogonal + Recon,REACTOME_ASSEMBLY_OF_COLLAGEN_FIBRILS_AND_OTHER_MULTIMERIC_STRUCTURES,embedding_27,52,0.025229269028322863,0.8590870195609382,-0.013660035857594125,0.9234301805294447
Orthogonal + Recon,REACTOME_ASSEMBLY_OF_COLLAGEN_FIBRILS_AND_OTHER_MULTIMERIC_STRUCTURES,embedding_28,52,0.12420971296231872,0.38031286056104663,0.05839665329121489,0.6809120504675462
Orthogonal + Recon,REACTOME_ASSEMBLY_OF_COLLAGEN_FIBRILS_AND_OTHER_MULTIMERIC_STRUCTURES,embedding_29,52,-0.06824238217210879,0.6307287888876232,-0.10364552206949544,0.46465535095496013
Orthogonal + Recon,REACTOME_ASSEMBLY_OF_COLLAGEN_FIBRILS_AND_OTHER_MULTIMERIC_STRUCTURES,embedding_30,52,-0.1805359874615932,0.20027430349969083,-0.16725006403141807,0.23597441366238528
Orthogonal + Recon,REACTOME_ASSEMBLY_OF_COLLAGEN_FIBRILS_AND_OTHER_MULTIMERIC_STRUCTURES,embedding_31,52,0.22747912830209527,0.10483736846472849,0.2084009220524204,0.1381802558322245
Orthogonal + Recon,REACTOME_MOLECULES_ASSOCIATED_WITH_ELASTIC_FIBRES,embedding_0,52,0.19048812445533478,0.1761640222135183,0.13591735678306155,0.3366745925063179
Orthogonal + Recon,REACTOME_MOLECULES_ASSOCIATED_WITH_ELASTIC_FIBRES,embedding_1,52,0.3266077844067601,0.01811986771747523,0.33723213523435497,0.01449383149846803
Orthogonal + Recon,REACTOME_MOLECULES_ASSOCIATED_WITH_ELASTIC_FIBRES,embedding_2,52,0.11109641435683515,0.4329904015779775,0.06343379151370272,0.6550495308483076
Orthogonal + Recon,REACTOME_MOLECULES_ASSOCIATED_WITH_ELASTIC_FIBRES,embedding_3,52,-0.02389026810737726,0.8664957567730998,-0.13352685050798258,0.3453208039980191
Orthogonal + Recon,REACTOME_MOLECULES_ASSOCIATED_WITH_ELASTIC_FIBRES,embedding_4,52,-0.030788415751358895,0.8284634421453495,-0.001195253137539486,0.9932902140670998
Orthogonal + Recon,REACTOME_MOLECULES_ASSOCIATED_WITH_ELASTIC_FIBRES,embedding_5,52,-0.0676372114812089,0.6337690370210631,-0.11243917015282165,0.42741566133967734
Orthogonal + Recon,REACTOME_MOLECULES_ASSOCIATED_WITH_ELASTIC_FIBRES,embedding_6,52,0.034898920592243074,0.8059788280330269,0.13216084692222316,0.3503225533909855
Orthogonal + Recon,REACTOME_MOLECULES_ASSOCIATED_WITH_ELASTIC_FIBRES,embedding_7,52,-0.15779093336272484,0.26390757365571527,-0.24656364722957394,0.07805392442485821
Orthogonal + Recon,REACTOME_MOLECULES_ASSOCIATED_WITH_ELASTIC_FIBRES,embedding_8,52,0.2913781737637024,0.03610042637792864,0.3333902501494066,0.01572605176480219
Orthogonal + Recon,REACTOME_MOLECULES_ASSOCIATED_WITH_ELASTIC_FIBRES,embedding_9,52,0.16327708637598948,0.24744904743795648,0.09493724921027918,0.5031926342325653
Orthogonal + Recon,REACTOME_MOLECULES_ASSOCIATED_WITH_ELASTIC_FIBRES,embedding_10,52,-0.20859982310550396,0.1377959907350559,-0.13053871766413386,0.35631967253369745
Orthogonal + Recon,REACTOME_MOLECULES_ASSOCIATED_WITH_ELASTIC_FIBRES,embedding_11,52,-0.035124317256269855,0.8047502107949359,0.03568684367796465,0.8016859740472927
Orthogonal + Recon,REACTOME_MOLECULES_ASSOCIATED_WITH_ELASTIC_FIBRES,embedding_12,52,0.006037383575689699,0.9661174663744106,0.06889780585674038,0.6274429049761823
Orthogonal + Recon,REACTOME_MOLECULES_ASSOCIATED_WITH_ELASTIC_FIBRES,embedding_13,52,0.12732548144147127,0.3683830890274076,0.23000085375224108,0.10093956566890394
Orthogonal + Recon,REACTOME_MOLECULES_ASSOCIATED_WITH_ELASTIC_FIBRES,embedding_14,52,-0.11353654917973197,0.4228899197961524,-0.10176726713907623,0.4728300895595072
Orthogonal + Recon,REACTOME_MOLECULES_ASSOCIATED_WITH_ELASTIC_FIBRES,embedding_15,52,0.3016313140752928,0.029771922561211923,0.3452574063006915,0.012183870319844827
Orthogonal + Recon,REACTOME_MOLECULES_ASSOCIATED_WITH_ELASTIC_FIBRES,embedding_16,52,0.15771140800753625,0.2641514079739964,0.13216084692222316,0.3503225533909855
Orthogonal + Recon,REACTOME_MOLECULES_ASSOCIATED_WITH_ELASTIC_FIBRES,embedding_17,52,0.06557271649933089,0.6441855584101075,-0.016818919149662766,0.9057958982539048
Orthogonal + Recon,REACTOME_MOLECULES_ASSOCIATED_WITH_ELASTIC_FIBRES,embedding_18,52,0.495043051485701,0.00019077912816070462,0.5222402458806453,7.156552601528592e-05
Orthogonal + Recon,REACTOME_MOLECULES_ASSOCIATED_WITH_ELASTIC_FIBRES,embedding_19,52,-0.051576482706368165,0.7165122132201429,0.08452147186886365,0.5513459711923363
Orthogonal + Recon,REACTOME_MOLECULES_ASSOCIATED_WITH_ELASTIC_FIBRES,embedding_20,52,0.11969588133689318,0.39799815875808814,0.24639289678135404,0.07826690865937126
Orthogonal + Recon,REACTOME_MOLECULES_ASSOCIATED_WITH_ELASTIC_FIBRES,embedding_21,52,-0.04920925889548802,0.7290144095237918,0.04362673952019124,0.7587706083911631
Orthogonal + Recon,REACTOME_MOLECULES_ASSOCIATED_WITH_ELASTIC_FIBRES,embedding_22,52,-0.0015053644472608945,0.9915494005395421,0.05335951506872705,0.7071435547208487
Orthogonal + Recon,REACTOME_MOLECULES_ASSOCIATED_WITH_ELASTIC_FIBRES,embedding_23,52,0.15287133873930245,0.2792755658053361,0.14684538546913684,0.2988882291053422
Orthogonal + Recon,REACTOME_MOLECULES_ASSOCIATED_WITH_ELASTIC_FIBRES,embedding_24,52,0.08324250745925252,0.5574065393102106,0.12097669256381798,0.3929317489820868
Orthogonal + Recon,REACTOME_MOLECULES_ASSOCIATED_WITH_ELASTIC_FIBRES,embedding_25,52,0.052261819984381376,0.7129062325562712,0.08964398531546144,0.5273919508724065
Orthogonal + Recon,REACTOME_MOLECULES_ASSOCIATED_WITH_ELASTIC_FIBRES,embedding_26,52,0.057140851639714045,0.6874183086260968,-0.034320840092205235,0.8091320104094577
Orthogonal + Recon,REACTOME_MOLECULES_ASSOCIATED_WITH_ELASTIC_FIBRES,embedding_27,52,-0.13579918421049086,0.3370988107690996,-0.18628873900793988,0.18606800628364184
Orthogonal + Recon,REACTOME_MOLECULES_ASSOCIATED_WITH_ELASTIC_FIBRES,embedding_28,52,-0.06288411774602284,0.6578530092059648,-0.13899086485102025,0.32575834429224704
Orthogonal + Recon,REACTOME_MOLECULES_ASSOCIATED_WITH_ELASTIC_FIBRES,embedding_29,52,0.04855310756927049,0.7324923572243365,-0.01144028003073508,0.9358442125524046
Orthogonal + Recon,REACTOME_MOLECULES_ASSOCIATED_WITH_ELASTIC_FIBRES,embedding_30,52,-0.15496158577283922,0.27267540455345274,-0.15145564757107488,0.2838050815612323
Orthogonal + Recon,REACTOME_MOLECULES_ASSOCIATED_WITH_ELASTIC_FIBRES,embedding_31,52,-0.013794823644455459,0.9226769291588155,-0.0572014001536754,0.6871040890523463
Orthogonal + Recon,REACTOME_ECM_PROTEOGLYCANS,embedding_0,52,0.18771213625244493,0.1826672958477591,0.14727226158968665,0.2974702491231803
Orthogonal + Recon,REACTOME_ECM_PROTEOGLYCANS,embedding_1,52,0.17431998711493862,0.21646929518479768,0.24545376931614446,0.07944653267167075
Orthogonal + Recon,REACTOME_ECM_PROTEOGLYCANS,embedding_2,52,0.05696201153996145,0.6883467138964323,0.09664475369247844,0.4955096236993326
Orthogonal + Recon,REACTOME_ECM_PROTEOGLYCANS,embedding_3,52,-0.014823299084068932,0.9169316330475238,-0.07051993511482968,0.6193414156765529
Orthogonal + Recon,REACTOME_ECM_PROTEOGLYCANS,embedding_4,52,-0.028031272236419855,0.8436230352696932,-0.06667805002988132,0.6385999466806969
Orthogonal + Recon,REACTOME_ECM_PROTEOGLYCANS,embedding_5,52,0.04940507202066811,0.7279775399630637,0.13642960812772134,0.33483955413735844
Orthogonal + Recon,REACTOME_ECM_PROTEOGLYCANS,embedding_6,52,0.002293264974371746,0.9871267055674465,0.05839665329121489,0.6809120504675462
Orthogonal + Recon,REACTOME_ECM_PROTEOGLYCANS,embedding_7,52,-0.18739802650345322,0.183413881688059,-0.24340476393750532,0.08206889406354302
Orthogonal + Recon,REACTOME_ECM_PROTEOGLYCANS,embedding_8,52,0.2868242449743352,0.039248013512311476,0.3449159054042517,0.012275295257419721
Orthogonal + Recon,REACTOME_ECM_PROTEOGLYCANS,embedding_9,52,0.0006764149601986638,0.9962027835766692,-0.11918381285750873,0.4000343411549714
Orthogonal + Recon,REACTOME_ECM_PROTEOGLYCANS,embedding_10,52,-0.2641754404827726,0.05842979565577794,-0.23384273883718942,0.09521759125914465
Orthogonal + Recon,REACTOME_ECM_PROTEOGLYCANS,embedding_11,52,0.0011574361191231536,0.9935025026296884,0.03688209681550414,0.795184964601656
Orthogonal + Recon,REACTOME_ECM_PROTEOGLYCANS,embedding_12,52,0.04619121687739941,0.7450553253810445,0.07547169811320754,0.5948896177779227
Orthogonal + Recon,REACTOME_ECM_PROTEOGLYCANS,embedding_13,52,0.14984393551004752,0.28902015477001497,0.20037565098608381,0.15436093411398524
Orthogonal + Recon,REACTOME_ECM_PROTEOGLYCANS,embedding_14,52,-0.1064952036846948,0.45239964470495325,-0.13882011440280032,0.32635888126420454
Orthogonal + Recon,REACTOME_ECM_PROTEOGLYCANS,embedding_15,52,0.27173139067771707,0.05133258228378852,0.31033893963971654,0.02515030294122573
Orthogonal + Recon,REACTOME_ECM_PROTEOGLYCANS,embedding_16,52,0.09105322445639331,0.5208935568049263,0.10441389908648509,0.4613332508753011
Orthogonal + Recon,REACTOME_ECM_PROTEOGLYCANS,embedding_17,52,0.1115329092431779,0.4311737390979066,0.0546401434303765,0.700441040521739
Orthogonal + Recon,REACTOME_ECM_PROTEOGLYCANS,embedding_18,52,0.3591884125920122,0.008920477768892317,0.36216170067446424,0.008331677021646425
Orthogonal + Recon,REACTOME_ECM_PROTEOGLYCANS,embedding_19,52,0.05131215468254279,0.7179046500122348,0.12063519166737813,0.39427887928783933
Orthogonal + Recon,REACTOME_ECM_PROTEOGLYCANS,embedding_20,52,0.09683656641851707,0.4946503631568203,0.12703833347562538,0.36947298600126566
Orthogonal + Recon,REACTOME_ECM_PROTEOGLYCANS,embedding_21,52,-0.06437236643516225,0.6502734547356236,-0.03474771621275506,0.8068032902233052
Orthogonal + Recon,REACTOME_ECM_PROTEOGLYCANS,embedding_22,52,-0.14030606205040064,0.3211561088548443,-0.09920601041577734,0.48410001954075776
Orthogonal + Recon,REACTOME_ECM_PROTEOGLYCANS,embedding_23,52,-0.026838356036967895,0.850199831769249,-0.00017075044821992656,0.9990414484208014
Orthogonal + Recon,REACTOME_ECM_PROTEOGLYCANS,embedding_24,52,0.056454463034641224,0.6909840066060443,0.031759583368906344,0.8231380972520099
Orthogonal + Recon,REACTOME_ECM_PROTEOGLYCANS,embedding_25,52,-0.08678490380313172,0.540697976537937,-0.07589857423375736,0.5928018701995286
Orthogonal + Recon,REACTOME_ECM_PROTEOGLYCANS,embedding_26,52,0.263852336330732,0.05875006227130514,0.16767694015196788,0.23476360949058075
Orthogonal + Recon,REACTOME_ECM_PROTEOGLYCANS,embedding_27,52,-0.1072780628916961,0.4490640696273547,-0.10885341074020319,0.44239308151131596
Orthogonal + Recon,REACTOME_ECM_PROTEOGLYCANS,embedding_28,52,-0.12335045235279439,0.38364286866094716,-0.18663023990437974,0.18524800222429083
Orthogonal + Recon,REACTOME_ECM_PROTEOGLYCANS,embedding_29,52,0.008137188883431715,0.9543439719065792,-0.08913173397080167,0.5297639794131893
Orthogonal + Recon,REACTOME_ECM_PROTEOGLYCANS,embedding_30,52,-0.269794575264811,0.0530814200369126,-0.24861265260821308,0.07553364062744457
Orthogonal + Recon,REACTOME_ECM_PROTEOGLYCANS,embedding_31,52,0.13134412882890495,0.3533342133319766,0.12276957227012719,0.3859038045431262
