protein,missingness_percentage
A1BG,0.0
A2M,0.0
A2ML1,96.15384615384616
A4GALT,53.84615384615385
AAAS,13.461538461538462
AACS,42.30769230769231
AAGAB,19.230769230769234
AAK1,5.769230769230769
AAMDC,3.8461538461538463
AAMP,9.615384615384617
AAR2,32.69230769230769
AARS1,0.0
AARS2,9.615384615384617
AARSD1,5.769230769230769
AASDHPPT,13.461538461538462
AASS,13.461538461538462
AATF,55.769230769230774
ABAT,15.384615384615385
ABCA1,23.076923076923077
ABCA2,78.84615384615384
ABCA6,19.230769230769234
ABCA8,15.384615384615385
ABCA9,78.84615384615384
ABCB1,53.84615384615385
ABCB10,3.8461538461538463
ABCB11,80.76923076923077
ABCB6,0.0
ABCB7,3.8461538461538463
ABCB8,61.53846153846154
ABCC1,1.9230769230769231
ABCC10,94.23076923076923
ABCC2,98.07692307692307
ABCC3,36.53846153846153
ABCC4,1.9230769230769231
ABCC9,61.53846153846154
ABCD1,15.384615384615385
ABCD2,80.76923076923077
ABCD3,1.9230769230769231
ABCD4,57.692307692307686
ABCE1,0.0
ABCF1,0.0
ABCF2,17.307692307692307
ABCF3,11.538461538461538
ABCG1,90.38461538461539
ABCG2,55.769230769230774
ABHD10,0.0
ABHD11,5.769230769230769
ABHD12,0.0
ABHD13,80.76923076923077
ABHD14B,0.0
ABHD15,84.61538461538461
ABHD16A,0.0
ABHD17B,53.84615384615385
ABHD4,42.30769230769231
ABHD5,32.69230769230769
ABHD6,23.076923076923077
ABI1,0.0
ABI2,36.53846153846153
ABI3,5.769230769230769
ABI3BP,0.0
ABITRAM,100.0
ABL1,53.84615384615385
ABL2,82.6923076923077
ABLIM1,5.769230769230769
ABLIM2,19.230769230769234
ABLIM3,21.153846153846153
ABR,0.0
ABRACL,36.53846153846153
ABRAXAS2,0.0
ABT1,96.15384615384616
ABTB2,96.15384615384616
ACAA1,0.0
ACAA2,0.0
ACACA,13.461538461538462
ACACB,46.15384615384615
ACAD10,82.6923076923077
ACAD11,32.69230769230769
ACAD8,9.615384615384617
ACAD9,3.8461538461538463
ACADL,44.230769230769226
ACADM,0.0
ACADS,0.0
ACADSB,3.8461538461538463
ACADVL,0.0
ACAN,9.615384615384617
ACAP1,17.307692307692307
ACAP2,1.9230769230769231
ACAT1,0.0
ACAT2,0.0
ACBD3,3.8461538461538463
ACBD5,11.538461538461538
ACBD6,28.846153846153843
ACE,0.0
ACHE,30.76923076923077
ACIN1,5.769230769230769
ACLY,0.0
ACO1,0.0
ACO2,0.0
ACOT1,0.0
ACOT11,59.61538461538461
ACOT13,0.0
ACOT7,0.0
ACOT8,11.538461538461538
ACOT9,0.0
ACOX1,0.0
ACOX2,25.0
ACOX3,7.6923076923076925
ACP1,0.0
ACP2,0.0
ACP3,40.38461538461539
ACP5,28.846153846153843
ACP6,57.692307692307686
ACSF2,5.769230769230769
ACSF3,9.615384615384617
ACSL1,0.0
ACSL3,0.0
ACSL4,0.0
ACSL5,3.8461538461538463
ACSL6,55.769230769230774
ACSM5,86.53846153846155
ACSS1,0.0
ACSS2,5.769230769230769
ACSS3,19.230769230769234
ACTA1,80.76923076923077
ACTA2,0.0
ACTB,0.0
ACTBL2,0.0
ACTC1,92.3076923076923
ACTG1,3.8461538461538463
ACTG2,19.230769230769234
ACTL6A,1.9230769230769231
ACTL8,100.0
ACTMAP,94.23076923076923
ACTN1,0.0
ACTN2,50.0
ACTN4,0.0
ACTR10,1.9230769230769231
ACTR1A,0.0
ACTR1B,0.0
ACTR2,0.0
ACTR3,0.0
ACTR3B,100.0
ACTR5,59.61538461538461
ACTR6,71.15384615384616
ACTR8,53.84615384615385
ACVR1,38.46153846153847
ACVRL1,55.769230769230774
ACY1,5.769230769230769
ACYP1,0.0
ACYP2,3.8461538461538463
ADA,1.9230769230769231
ADA2,0.0
ADAL,86.53846153846155
ADAM10,0.0
ADAM15,21.153846153846153
ADAM17,5.769230769230769
ADAM22,76.92307692307693
ADAM28,84.61538461538461
ADAM8,32.69230769230769
ADAM9,1.9230769230769231
ADAMDEC1,5.769230769230769
ADAMTS1,32.69230769230769
ADAMTS13,36.53846153846153
ADAMTS2,63.46153846153846
ADAMTS4,46.15384615384615
ADAMTS7,46.15384615384615
ADAMTS8,96.15384615384616
ADAMTSL1,46.15384615384615
ADAMTSL2,32.69230769230769
ADAMTSL3,25.0
ADAMTSL4,0.0
ADAMTSL5,92.3076923076923
ADAP1,34.61538461538461
ADAP2,25.0
ADAR,1.9230769230769231
ADARB1,30.76923076923077
ADAT2,98.07692307692307
ADAT3,86.53846153846155
ADCK1,78.84615384615384
ADCK5,42.30769230769231
ADCY3,36.53846153846153
ADCY5,50.0
ADCY6,26.923076923076923
ADCY7,44.230769230769226
ADCY9,76.92307692307693
ADD1,0.0
ADD2,0.0
ADD3,0.0
ADGRA2,51.92307692307693
ADGRE2,32.69230769230769
ADGRE3,67.3076923076923
ADGRE5,0.0
ADGRF5,11.538461538461538
ADGRG1,88.46153846153845
ADGRG3,34.61538461538461
ADGRG6,53.84615384615385
ADGRL2,34.61538461538461
ADGRL3,69.23076923076923
ADGRL4,86.53846153846155
ADH1B,0.0
ADH1C,40.38461538461539
ADH4,86.53846153846155
ADH5,0.0
ADHFE1,63.46153846153846
ADI1,1.9230769230769231
ADIPOQ,0.0
ADIRF,1.9230769230769231
ADK,0.0
ADNP,25.0
ADO,9.615384615384617
ADPGK,0.0
ADPRH,3.8461538461538463
ADPRS,0.0
ADRA2A,28.846153846153843
ADRM1,0.0
ADSL,0.0
ADSS1,9.615384615384617
ADSS2,0.0
AEBP1,0.0
AFAP1,15.384615384615385
AFAP1L1,65.38461538461539
AFAP1L2,13.461538461538462
AFDN,11.538461538461538
AFF1,55.769230769230774
AFF4,80.76923076923077
AFG1L,63.46153846153846
AFG3L2,1.9230769230769231
AFM,0.0
AFMID,53.84615384615385
AFP,94.23076923076923
AFTPH,44.230769230769226
AGA,1.9230769230769231
AGAP2,57.692307692307686
AGAP3,13.461538461538462
AGFG1,0.0
AGFG2,19.230769230769234
AGK,1.9230769230769231
AGL,0.0
AGMAT,92.3076923076923
AGO1,7.6923076923076925
AGO2,0.0
AGO3,13.461538461538462
AGPAT1,15.384615384615385
AGPAT2,5.769230769230769
AGPAT3,17.307692307692307
AGPAT4,23.076923076923077
AGPAT5,38.46153846153847
AGPS,1.9230769230769231
AGR2,94.23076923076923
AGRN,0.0
AGT,0.0
AGTPBP1,76.92307692307693
AGTRAP,0.0
AHCTF1,19.230769230769234
AHCY,0.0
AHCYL1,0.0
AHCYL2,11.538461538461538
AHNAK,0.0
AHNAK2,3.8461538461538463
AHR,28.846153846153843
AHSA1,0.0
AHSG,0.0
AHSP,0.0
AIDA,0.0
AIF1,0.0
AIF1L,21.153846153846153
AIFM1,0.0
AIFM2,5.769230769230769
AIG1,15.384615384615385
AIMP1,0.0
AIMP2,5.769230769230769
AIP,0.0
AJUBA,100.0
AK1,0.0
AK2,0.0
AK3,0.0
AK4,1.9230769230769231
AK5,82.6923076923077
AK6,55.769230769230774
AKAP1,40.38461538461539
AKAP10,44.230769230769226
AKAP11,53.84615384615385
AKAP12,1.9230769230769231
AKAP13,9.615384615384617
AKAP17A,65.38461538461539
AKAP2,3.8461538461538463
AKAP5,92.3076923076923
AKAP7,63.46153846153846
AKAP8,55.769230769230774
AKAP8L,30.76923076923077
AKAP9,28.846153846153843
AKR1A1,0.0
AKR1B1,0.0
AKR1B10,3.8461538461538463
AKR1C1,34.61538461538461
AKR1C2,7.6923076923076925
AKR1C3,0.0
AKR1D1,61.53846153846154
AKR1E2,23.076923076923077
AKR7A2,0.0
AKR7A3,100.0
AKT1,1.9230769230769231
AKT1S1,61.53846153846154
AKT2,7.6923076923076925
AKT3,34.61538461538461
AKTIP,40.38461538461539
ALAD,0.0
ALB;cRAP-ALB,0.0
ALCAM,1.9230769230769231
ALDH16A1,0.0
ALDH18A1,1.9230769230769231
ALDH1A1,0.0
ALDH1A2,28.846153846153843
ALDH1A3,5.769230769230769
ALDH1B1,0.0
ALDH1L1,32.69230769230769
ALDH1L2,1.9230769230769231
ALDH2,0.0
ALDH3A1,98.07692307692307
ALDH3A2,0.0
ALDH3B1,0.0
ALDH4A1,0.0
ALDH5A1,9.615384615384617
ALDH6A1,1.9230769230769231
ALDH7A1,1.9230769230769231
ALDH8A1,100.0
ALDH9A1,0.0
ALDOA,0.0
ALDOB,63.46153846153846
ALDOC,0.0
ALG1,5.769230769230769
ALG10;ALG10B,76.92307692307693
ALG11,7.6923076923076925
ALG12,34.61538461538461
ALG13,53.84615384615385
ALG14,48.07692307692308
ALG2,5.769230769230769
ALG3,19.230769230769234
ALG5,7.6923076923076925
ALG6,76.92307692307693
ALG8,63.46153846153846
ALG9,26.923076923076923
ALKAL2,92.3076923076923
ALKBH2,92.3076923076923
ALKBH3,63.46153846153846
ALKBH4,42.30769230769231
ALKBH5,21.153846153846153
ALKBH7,53.84615384615385
ALOX12,3.8461538461538463
ALOX12B,46.15384615384615
ALOX15,48.07692307692308
ALOX15B,76.92307692307693
ALOX5,0.0
ALOX5AP,0.0
ALPL,28.846153846153843
ALYREF,0.0
AMACR,25.0
AMBP,0.0
AMBRA1,98.07692307692307
AMDHD2,0.0
AMFR,28.846153846153843
AMIGO2,73.07692307692307
AMMECR1,100.0
AMOTL1,38.46153846153847
AMOTL2,84.61538461538461
AMPD2,0.0
AMPD3,0.0
AMPH,67.3076923076923
AMT,61.53846153846154
AMY1A;AMY1B;AMY1C;cRAP-AMY1A,86.53846153846155
AMZ2,69.23076923076923
ANAPC1,30.76923076923077
ANAPC10,55.769230769230774
ANAPC11,100.0
ANAPC16,53.84615384615385
ANAPC2,26.923076923076923
ANAPC4,28.846153846153843
ANAPC5,23.076923076923077
ANAPC7,15.384615384615385
ANG,0.0
ANGEL2,78.84615384615384
ANGPT1,75.0
ANGPT2,51.92307692307693
ANGPTL1,44.230769230769226
ANGPTL2,1.9230769230769231
ANGPTL3,69.23076923076923
ANGPTL4,17.307692307692307
ANGPTL6,32.69230769230769
ANGPTL7,88.46153846153845
ANK1,0.0
ANK2,13.461538461538462
ANK3,21.153846153846153
ANKFY1,0.0
ANKH,25.0
ANKHD1,26.923076923076923
ANKLE2,46.15384615384615
ANKMY2,21.153846153846153
ANKRD13A,1.9230769230769231
ANKRD13D,26.923076923076923
ANKRD17,46.15384615384615
ANKRD22,17.307692307692307
ANKRD27,55.769230769230774
ANKRD28,30.76923076923077
ANKRD29,92.3076923076923
ANKRD35,53.84615384615385
ANKRD36C,96.15384615384616
ANKRD44,0.0
ANKRD49,98.07692307692307
ANKRD50,50.0
ANKRD52,100.0
ANKRD54,46.15384615384615
ANKS1A,17.307692307692307
ANKZF1,73.07692307692307
ANLN,100.0
ANO1,71.15384615384616
ANO10,1.9230769230769231
ANO6,0.0
ANO9,90.38461538461539
ANOS1,32.69230769230769
ANP32A,0.0
ANP32B,0.0
ANP32E,0.0
ANPEP,0.0
ANTXR1,5.769230769230769
ANTXR2,0.0
ANXA1,0.0
ANXA11,0.0
ANXA13,92.3076923076923
ANXA2,0.0
ANXA3,0.0
ANXA4,0.0
ANXA5;cRAP-ANXA5,0.0
ANXA6,0.0
ANXA7,0.0
ANXA8,65.38461538461539
ANXA8L1,100.0
ANXA9,90.38461538461539
AOAH,55.769230769230774
AOC1,55.769230769230774
AOC3,0.0
AOX1,9.615384615384617
AP1B1,32.69230769230769
AP1G1,0.0
AP1G2,11.538461538461538
AP1M1,0.0
AP1S1,3.8461538461538463
AP1S2,0.0
AP2A1,0.0
AP2A2,0.0
AP2B1,0.0
AP2M1,0.0
AP2S1,0.0
AP3B1,0.0
AP3B2,84.61538461538461
AP3D1,0.0
AP3M1,0.0
AP3M2,40.38461538461539
AP3S1,3.8461538461538463
AP4B1,65.38461538461539
AP4E1,48.07692307692308
AP4M1,94.23076923076923
AP4S1,7.6923076923076925
AP5B1,30.76923076923077
AP5M1,51.92307692307693
AP5S1,48.07692307692308
AP5Z1,17.307692307692307
APAF1,3.8461538461538463
APBB1,42.30769230769231
APBB1IP,0.0
APBB2,42.30769230769231
APCS,0.0
APEH,0.0
APEX1,0.0
APEX2,100.0
APH1A,59.61538461538461
API5,0.0
APIP,1.9230769230769231
APLP2,5.769230769230769
APMAP,0.0
APOA1,0.0
APOA2,0.0
APOA4,0.0
APOA5,34.61538461538461
APOB,0.0
APOBEC3A,84.61538461538461
APOBEC3B,61.53846153846154
APOBEC3C,17.307692307692307
APOBEC3F,50.0
APOBEC3G,34.61538461538461
APOBR,3.8461538461538463
APOC1,0.0
APOC2,0.0
APOC3,0.0
APOC4,0.0
APOD,0.0
APOE,0.0
APOF,0.0
APOH,0.0
APOL1,0.0
APOL2,0.0
APOL3,17.307692307692307
APOM,0.0
APOO,1.9230769230769231
APOOL,3.8461538461538463
APP,0.0
APPL1,0.0
APPL2,0.0
APRT,0.0
APTX,82.6923076923077
AQP1,0.0
AQP7;AQP7P3,88.46153846153845
AQR,28.846153846153843
ARAF,15.384615384615385
ARAP1,0.0
ARAP3,30.76923076923077
ARCN1,0.0
ARF1,0.0
ARF3,100.0
ARF4,0.0
ARF5,0.0
ARF6,0.0
ARFGAP1,3.8461538461538463
ARFGAP2,9.615384615384617
ARFGAP3,9.615384615384617
ARFGEF1,9.615384615384617
ARFGEF2,7.6923076923076925
ARFGEF3,92.3076923076923
ARFIP1,84.61538461538461
ARFIP2,42.30769230769231
ARFRP1,34.61538461538461
ARG1,0.0
ARGLU1,15.384615384615385
ARHGAP1,0.0
ARHGAP10,15.384615384615385
ARHGAP12,44.230769230769226
ARHGAP15,28.846153846153843
ARHGAP17,1.9230769230769231
ARHGAP18,0.0
ARHGAP21,40.38461538461539
ARHGAP23,76.92307692307693
ARHGAP24,51.92307692307693
ARHGAP25,28.846153846153843
ARHGAP26,23.076923076923077
ARHGAP27,19.230769230769234
ARHGAP29,65.38461538461539
ARHGAP30,3.8461538461538463
ARHGAP31,42.30769230769231
ARHGAP35,19.230769230769234
ARHGAP36,94.23076923076923
ARHGAP4,0.0
ARHGAP42,59.61538461538461
ARHGAP44,76.92307692307693
ARHGAP45,0.0
ARHGAP5,55.769230769230774
ARHGAP6,11.538461538461538
ARHGAP9,7.6923076923076925
ARHGDIA,0.0
ARHGDIB,0.0
ARHGEF1,0.0
ARHGEF10,9.615384615384617
ARHGEF10L,9.615384615384617
ARHGEF11,32.69230769230769
ARHGEF12,7.6923076923076925
ARHGEF15,57.692307692307686
ARHGEF16,96.15384615384616
ARHGEF17,13.461538461538462
ARHGEF18,25.0
ARHGEF2,0.0
ARHGEF25,65.38461538461539
ARHGEF37,17.307692307692307
ARHGEF40,32.69230769230769
ARHGEF5,92.3076923076923
ARHGEF6,0.0
ARHGEF7,1.9230769230769231
ARID1A,19.230769230769234
ARID1B,34.61538461538461
ARID2,73.07692307692307
ARID4B,69.23076923076923
ARIH1,3.8461538461538463
ARIH2,3.8461538461538463
ARL1,0.0
ARL15,11.538461538461538
ARL2,1.9230769230769231
ARL2BP,5.769230769230769
ARL3,0.0
ARL4C,78.84615384615384
ARL5A,28.846153846153843
ARL6,34.61538461538461
ARL6IP1,0.0
ARL6IP4,30.76923076923077
ARL6IP5,0.0
ARL6IP6,23.076923076923077
ARL8A,0.0
ARL8B,0.0
ARMC1,23.076923076923077
ARMC10,3.8461538461538463
ARMC5,92.3076923076923
ARMC6,76.92307692307693
ARMC8,1.9230769230769231
ARMC9,34.61538461538461
ARMCX1,13.461538461538462
ARMCX2,28.846153846153843
ARMCX3,3.8461538461538463
ARMH3,19.230769230769234
ARMT1,5.769230769230769
ARNT,96.15384615384616
ARPC1A,0.0
ARPC1B,0.0
ARPC2,0.0
ARPC3,0.0
ARPC4,0.0
ARPC5,0.0
ARPC5L,0.0
ARPIN,3.8461538461538463
ARPP19,25.0
ARRB1,0.0
ARRB2,0.0
ARRDC1,19.230769230769234
ARSA,0.0
ARSB,0.0
ARSD,34.61538461538461
ARSK,88.46153846153845
ART4,23.076923076923077
ARVCF,34.61538461538461
AS3MT,44.230769230769226
ASAH1,0.0
ASAP1,0.0
ASAP2,1.9230769230769231
ASAP3,40.38461538461539
ASB1,82.6923076923077
ASB16,100.0
ASB6,61.53846153846154
ASB8,76.92307692307693
ASB9,100.0
ASCC1,26.923076923076923
ASCC2,26.923076923076923
ASCC3,17.307692307692307
ASDURF,90.38461538461539
ASF1A,75.0
ASH2L,15.384615384615385
ASL,0.0
ASMTL,5.769230769230769
ASNS,34.61538461538461
ASPA,26.923076923076923
ASPH,0.0
ASPN,1.9230769230769231
ASPRV1,65.38461538461539
ASPSCR1,3.8461538461538463
ASRGL1,9.615384615384617
ASS1,3.8461538461538463
ASTE1,94.23076923076923
ASXL2,46.15384615384615
ATAD1,7.6923076923076925
ATAD2,92.3076923076923
ATAD2B,96.15384615384616
ATAD3A,1.9230769230769231
ATAD3B,100.0
ATCAY,98.07692307692307
ATE1,9.615384615384617
ATF2,46.15384615384615
ATF7,30.76923076923077
ATF7IP,67.3076923076923
ATG101,75.0
ATG12,30.76923076923077
ATG13,59.61538461538461
ATG16L1,11.538461538461538
ATG2A,50.0
ATG2B,42.30769230769231
ATG3,0.0
ATG4A,1.9230769230769231
ATG4B,0.0
ATG4C,48.07692307692308
ATG5,13.461538461538462
ATG7,0.0
ATG9A,30.76923076923077
ATIC,0.0
ATL1,1.9230769230769231
ATL2,11.538461538461538
ATL3,0.0
ATM,7.6923076923076925
ATN1,82.6923076923077
ATOX1,0.0
ATP11A,21.153846153846153
ATP11B,7.6923076923076925
ATP11C,19.230769230769234
ATP13A1,0.0
ATP13A3,21.153846153846153
ATP1A1,0.0
ATP1A2,30.76923076923077
ATP1A3,71.15384615384616
ATP1B1,3.8461538461538463
ATP1B2,63.46153846153846
ATP1B3,0.0
ATP2A1,44.230769230769226
ATP2A2,0.0
ATP2A3,0.0
ATP2B1,1.9230769230769231
ATP2B3,92.3076923076923
ATP2B4,0.0
ATP2C1,3.8461538461538463
ATP5F1A,0.0
ATP5F1B,0.0
ATP5F1C,0.0
ATP5F1D,0.0
ATP5F1E;ATP5F1EP2,0.0
ATP5IF1,7.6923076923076925
ATP5ME,0.0
ATP5MF,0.0
ATP5MG,0.0
ATP5MJ,3.8461538461538463
ATP5MK,0.0
ATP5PB,0.0
ATP5PD,0.0
ATP5PF,0.0
ATP5PO,0.0
ATP6AP1,5.769230769230769
ATP6AP2,1.9230769230769231
ATP6V0A1,0.0
ATP6V0A2,42.30769230769231
ATP6V0C,9.615384615384617
ATP6V0D1,0.0
ATP6V0D2,67.3076923076923
ATP6V1A,0.0
ATP6V1B2,0.0
ATP6V1C1,0.0
ATP6V1D,0.0
ATP6V1E1,0.0
ATP6V1F,1.9230769230769231
ATP6V1G1,0.0
ATP6V1G2,82.6923076923077
ATP6V1H,0.0
ATP7A,9.615384615384617
ATP8A1,1.9230769230769231
ATP8A2,94.23076923076923
ATP8B1,92.3076923076923
ATP8B2,65.38461538461539
ATP9A,23.076923076923077
ATP9B,63.46153846153846
ATPAF1,28.846153846153843
ATPAF2,32.69230769230769
ATR,92.3076923076923
ATRAID,65.38461538461539
ATRIP,100.0
ATRN,0.0
ATRX,21.153846153846153
ATXN1,50.0
ATXN10,5.769230769230769
ATXN1L,98.07692307692307
ATXN2,25.0
ATXN2L,7.6923076923076925
ATXN3,1.9230769230769231
ATXN7L3B,78.84615384615384
AUH,13.461538461538462
AUP1,7.6923076923076925
AURKA,100.0
AURKB,100.0
AVEN,50.0
AVIL,80.76923076923077
AVL9,50.0
AXL,11.538461538461538
AZGP1,0.0
AZI2,50.0
AZU1,0.0
B2M;cRAP-B2M,0.0
B3GALT6,75.0
B3GAT3,26.923076923076923
B3GLCT,19.230769230769234
B3GNT7,73.07692307692307
B3GNT9,38.46153846153847
B4GALNT1,98.07692307692307
B4GALT1,7.6923076923076925
B4GALT4,67.3076923076923
B4GALT5,65.38461538461539
B4GALT7,36.53846153846153
B4GAT1,28.846153846153843
BABAM1,3.8461538461538463
BABAM2,1.9230769230769231
BACE2,71.15384615384616
BACH1,69.23076923076923
BAD,51.92307692307693
BAG1,5.769230769230769
BAG2,7.6923076923076925
BAG3,5.769230769230769
BAG4,59.61538461538461
BAG5,5.769230769230769
BAG6,0.0
BAIAP2,30.76923076923077
BAIAP2L1,98.07692307692307
BAIAP3,86.53846153846155
BAK1,40.38461538461539
BANF1,0.0
BANK1,73.07692307692307
BANP,96.15384615384616
BAP18,0.0
BASP1,0.0
BAX,0.0
BAZ1A,63.46153846153846
BAZ1B,17.307692307692307
BAZ2A,96.15384615384616
BBLN,98.07692307692307
BBS1,48.07692307692308
BBS2,36.53846153846153
BBS4,71.15384615384616
BBS5,67.3076923076923
BBS7,48.07692307692308
BBS9,71.15384615384616
BBX,88.46153846153845
BCAM,0.0
BCAP29,1.9230769230769231
BCAP31,0.0
BCAR1,23.076923076923077
BCAR3,80.76923076923077
BCAS1,75.0
BCAS2,17.307692307692307
BCAS3,25.0
BCAT1,1.9230769230769231
BCAT2,5.769230769230769
BCCIP,15.384615384615385
BCDIN3D,100.0
BCHE,1.9230769230769231
BCKDHA,5.769230769230769
BCKDHB,13.461538461538462
BCKDK,11.538461538461538
BCL10,32.69230769230769
BCL2,25.0
BCL2L1,13.461538461538462
BCL2L11,73.07692307692307
BCL2L13,1.9230769230769231
BCL2L2,5.769230769230769
BCL3,38.46153846153847
BCL7B,30.76923076923077
BCL7C,55.769230769230774
BCL9L,90.38461538461539
BCLAF1,5.769230769230769
BCR,17.307692307692307
BCS1L,9.615384615384617
BDH1,30.76923076923077
BDH2,0.0
BDNF,92.3076923076923
BECN1,19.230769230769234
BEND3,100.0
BET1,9.615384615384617
BET1L,34.61538461538461
BGN,0.0
BHLHA15,75.0
BHLHE40,86.53846153846155
BHMT,96.15384615384616
BICC1,69.23076923076923
BICD2,7.6923076923076925
BID,0.0
BID;cRAP-BID,100.0
BIN1,0.0
BIN2,0.0
BIN3,13.461538461538462
BIRC6,17.307692307692307
BLK,88.46153846153845
BLM,63.46153846153846
BLMH,0.0
BLNK,86.53846153846155
BLOC1S1,5.769230769230769
BLOC1S2,3.8461538461538463
BLOC1S3,7.6923076923076925
BLOC1S4,26.923076923076923
BLOC1S5,7.6923076923076925
BLOC1S6,48.07692307692308
BLTP2,67.3076923076923
BLTP3A,75.0
BLTP3B,50.0
BLVRA,0.0
BLVRB,0.0
BMI1,59.61538461538461
BMP1,32.69230769230769
BMP2K,15.384615384615385
BMP6,96.15384615384616
BMPER,80.76923076923077
BMPR1A,80.76923076923077
BMPR2,25.0
BMS1,26.923076923076923
BMX,69.23076923076923
BNIP1,5.769230769230769
BNIP2,11.538461538461538
BNIP3L,15.384615384615385
BOD1,96.15384615384616
BOD1L1,32.69230769230769
BOK,55.769230769230774
BOLA1,34.61538461538461
BOLA2,0.0
BOLA3,84.61538461538461
BOP1,28.846153846153843
BORCS5,3.8461538461538463
BORCS6,3.8461538461538463
BORCS7,1.9230769230769231
BORCS8,48.07692307692308
BPGM,0.0
BPHL,15.384615384615385
BPI,0.0
BPIFA1,44.230769230769226
BPIFA3,3.8461538461538463
BPIFB1,38.46153846153847
BPNT1,0.0
BPNT2,3.8461538461538463
BPTF,51.92307692307693
BRAF,36.53846153846153
BRAP,36.53846153846153
BRAT1,30.76923076923077
BRCC3,7.6923076923076925
BRD1,50.0
BRD2,75.0
BRD3,28.846153846153843
BRD4,9.615384615384617
BRD7,94.23076923076923
BRD8,57.692307692307686
BRD9,73.07692307692307
BRI3BP,1.9230769230769231
BRIX1,44.230769230769226
BRK1,0.0
BRMS1,90.38461538461539
BRMS1L,55.769230769230774
BROX,0.0
BRPF1,94.23076923076923
BRSK2,96.15384615384616
BRWD1,90.38461538461539
BSCL2,42.30769230769231
BSDC1,25.0
BSG,0.0
BST1,0.0
BST2,5.769230769230769
BTAF1,48.07692307692308
BTBD6,82.6923076923077
BTC,92.3076923076923
BTD,0.0
BTF3,40.38461538461539
BTF3L4,15.384615384615385
BTG1,94.23076923076923
BTK,0.0
BTN2A1,40.38461538461539
BTN3A1,34.61538461538461
BTN3A2,28.846153846153843
BTN3A3,5.769230769230769
BTNL9,71.15384615384616
BUB1B,100.0
BUB3,0.0
BUD13,92.3076923076923
BUD23,98.07692307692307
BUD31,25.0
BYSL,25.0
BZW1,0.0
BZW2,13.461538461538462
C11orf54,0.0
C11orf68,0.0
C11orf96,9.615384615384617
C11orf98,26.923076923076923
C12orf29,86.53846153846155
C12orf4,30.76923076923077
C12orf57,15.384615384615385
C15orf40,26.923076923076923
C16orf87,73.07692307692307
C17orf58,67.3076923076923
C17orf75,67.3076923076923
C17orf78,88.46153846153845
C17orf80,69.23076923076923
C18orf25,88.46153846153845
C18orf32,42.30769230769231
C19orf12,15.384615384615385
C19orf25,26.923076923076923
C19orf47,84.61538461538461
C19orf53,92.3076923076923
C1D,71.15384615384616
C1GALT1,51.92307692307693
C1GALT1C1,50.0
C1QA,0.0
C1QB,0.0
C1QBP,0.0
C1QC,0.0
C1QTNF2,80.76923076923077
C1QTNF3,28.846153846153843
C1QTNF5,11.538461538461538
C1QTNF6,94.23076923076923
C1QTNF7,61.53846153846154
C1R,0.0
C1RL,0.0
C1S,0.0
C1orf122,51.92307692307693
C1orf131,100.0
C1orf174,90.38461538461539
C1orf198,5.769230769230769
C1orf50,25.0
C1orf52,94.23076923076923
C2,0.0
C20orf27,0.0
C2CD2,23.076923076923077
C2CD2L,38.46153846153847
C2CD5,5.769230769230769
C2orf49,63.46153846153846
C2orf69,40.38461538461539
C2orf76,53.84615384615385
C2orf88,46.15384615384615
C3,0.0
C3AR1,23.076923076923077
C3orf38,51.92307692307693
C4A,0.0
C4B,0.0
C4BPA,0.0
C4BPB,0.0
C4orf3,51.92307692307693
C5;cRAP-C5,0.0
C5AR1,3.8461538461538463
C5orf22,67.3076923076923
C5orf24,90.38461538461539
C6,0.0
C6orf120,48.07692307692308
C6orf47,25.0
C7,0.0
C7orf25,25.0
C7orf50,40.38461538461539
C8A,0.0
C8B,0.0
C8G,0.0
C8orf33,57.692307692307686
C8orf82,15.384615384615385
C9,0.0
C9orf40,0.0
C9orf64,0.0
C9orf72,78.84615384615384
C9orf78,69.23076923076923
CA12,36.53846153846153
CA13,38.46153846153847
CA1;cRAP-CA1,0.0
CA2;cRAP-CA2,0.0
CA3,0.0
CA4,23.076923076923077
CA5B,26.923076923076923
CA6,88.46153846153845
CA9,96.15384615384616
CAAP1,92.3076923076923
CAB39,0.0
CAB39L,5.769230769230769
CABS1,100.0
CACHD1,73.07692307692307
CACNA2D1,1.9230769230769231
CACNA2D2,67.3076923076923
CACNB1,86.53846153846155
CACNB3,67.3076923076923
CACTIN,84.61538461538461
CACUL1,84.61538461538461
CACYBP,0.0
CAD,0.0
CADM1,17.307692307692307
CADM2,78.84615384615384
CADM3,21.153846153846153
CADM4,53.84615384615385
CADPS,38.46153846153847
CADPS2,32.69230769230769
CALB2,25.0
CALCB,90.38461538461539
CALCOCO1,11.538461538461538
CALCOCO2,36.53846153846153
CALCRL,34.61538461538461
CALD1,0.0
CALHM2,17.307692307692307
CALHM5,13.461538461538462
CALHM6,84.61538461538461
CALM1;CALM2;CALM3,0.0
CALML3,0.0
CALML5,25.0
CALR,0.0
CALU,0.0
CAMK1,1.9230769230769231
CAMK1D,17.307692307692307
CAMK2A,96.15384615384616
CAMK2B,84.61538461538461
CAMK2D,3.8461538461538463
CAMK2G,3.8461538461538463
CAMK4,94.23076923076923
CAMKK1,86.53846153846155
CAMKK2,26.923076923076923
CAMLG,51.92307692307693
CAMP,0.0
CAMSAP1,40.38461538461539
CAMSAP2,46.15384615384615
CAMSAP3,92.3076923076923
CAND1,0.0
CAND2,30.76923076923077
CANT1,40.38461538461539
CANX,0.0
CAP1,0.0
CAP2,3.8461538461538463
CAPG,0.0
CAPN1,0.0
CAPN2,0.0
CAPN5,9.615384615384617
CAPN6,90.38461538461539
CAPN7,3.8461538461538463
CAPNS1,0.0
CAPRIN1,1.9230769230769231
CAPRIN2,98.07692307692307
CAPS,76.92307692307693
CAPZA1,0.0
CAPZA2,0.0
CAPZB,0.0
CARD11,59.61538461538461
CARD16,3.8461538461538463
CARD18,88.46153846153845
CARD19,17.307692307692307
CARD6,84.61538461538461
CARD8,36.53846153846153
CARD9,26.923076923076923
CARHSP1,0.0
CARM1,0.0
CARMIL1,19.230769230769234
CARMIL2,65.38461538461539
CARNMT1,51.92307692307693
CARS1,0.0
CARS2,5.769230769230769
CARTPT,75.0
CASC3,65.38461538461539
CASK,7.6923076923076925
CASKIN2,40.38461538461539
CASP1,0.0
CASP10,36.53846153846153
CASP14,1.9230769230769231
CASP2,76.92307692307693
CASP3,0.0
CASP4,30.76923076923077
CASP6,5.769230769230769
CASP7,15.384615384615385
CASP8,3.8461538461538463
CASP9,71.15384615384616
CASQ2,65.38461538461539
CASS4,15.384615384615385
CAST,0.0
CASTOR1,44.230769230769226
CASTOR2,59.61538461538461
CAT;cRAP-CAT,0.0
CAV1,3.8461538461538463
CAV2,7.6923076923076925
CAV3,100.0
CAVIN1,0.0
CAVIN2,0.0
CAVIN3,1.9230769230769231
CBFB,7.6923076923076925
CBL,5.769230769230769
CBLB,40.38461538461539
CBLL1,92.3076923076923
CBR1,0.0
CBR3,0.0
CBR4,13.461538461538462
CBS,96.15384615384616
CBX1,5.769230769230769
CBX3,0.0
CBX4,100.0
CBX5,13.461538461538462
CBX6,73.07692307692307
CBX7,67.3076923076923
CBX8,80.76923076923077
CC2D1A,3.8461538461538463
CC2D1B,19.230769230769234
CCAR1,9.615384615384617
CCAR2,1.9230769230769231
CCDC102A,36.53846153846153
CCDC115,98.07692307692307
CCDC117,92.3076923076923
CCDC12,94.23076923076923
CCDC120,98.07692307692307
CCDC124,5.769230769230769
CCDC126,44.230769230769226
CCDC127,28.846153846153843
CCDC134,32.69230769230769
CCDC137,94.23076923076923
CCDC149,55.769230769230774
CCDC186,100.0
CCDC22,0.0
CCDC25,7.6923076923076925
CCDC28A,38.46153846153847
CCDC3,76.92307692307693
CCDC43,23.076923076923077
CCDC47,5.769230769230769
CCDC50,9.615384615384617
CCDC51,26.923076923076923
CCDC59,96.15384615384616
CCDC6,1.9230769230769231
CCDC69,80.76923076923077
CCDC8,63.46153846153846
CCDC80,1.9230769230769231
CCDC86,61.53846153846154
CCDC88A,15.384615384615385
CCDC88B,15.384615384615385
CCDC88C,86.53846153846155
CCDC9,17.307692307692307
CCDC90B,38.46153846153847
CCDC91,26.923076923076923
CCDC92,42.30769230769231
CCDC93,0.0
CCDC97,69.23076923076923
CCDC9B,63.46153846153846
CCL14,1.9230769230769231
CCL16,84.61538461538461
CCL18,0.0
CCL19,55.769230769230774
CCL2,69.23076923076923
CCL20,90.38461538461539
CCL21,34.61538461538461
CCL22,36.53846153846153
CCL5,38.46153846153847
CCM2,15.384615384615385
CCN1,13.461538461538462
CCN2,1.9230769230769231
CCN3,19.230769230769234
CCN4,86.53846153846155
CCN5,0.0
CCNB1,100.0
CCNB2,100.0
CCNH,73.07692307692307
CCNI,86.53846153846155
CCNK,26.923076923076923
CCNL1,86.53846153846155
CCNT1,82.6923076923077
CCNY,9.615384615384617
CCNYL1,48.07692307692308
CCPG1,44.230769230769226
CCR1,23.076923076923077
CCR6,92.3076923076923
CCS,0.0
CCT2,0.0
CCT3,0.0
CCT4,0.0
CCT5,0.0
CCT6A,0.0
CCT6B,90.38461538461539
CCT7,0.0
CCT8,0.0
CCZ1;CCZ1B,9.615384615384617
CD101,42.30769230769231
CD109,0.0
CD14,0.0
CD151,0.0
CD163,0.0
CD163L1,11.538461538461538
CD177,26.923076923076923
CD180,21.153846153846153
CD19,76.92307692307693
CD2,48.07692307692308
CD200,19.230769230769234
CD200R1,32.69230769230769
CD209,7.6923076923076925
CD22,78.84615384615384
CD226,40.38461538461539
CD247,82.6923076923077
CD248,7.6923076923076925
CD27,78.84615384615384
CD274,48.07692307692308
CD276,13.461538461538462
CD28,65.38461538461539
CD2AP,0.0
CD2BP2,21.153846153846153
CD300A,19.230769230769234
CD300LF,67.3076923076923
CD300LG,90.38461538461539
CD320,84.61538461538461
CD33,28.846153846153843
CD34,13.461538461538462
CD36,0.0
CD37,51.92307692307693
CD38,7.6923076923076925
CD3D,73.07692307692307
CD3E,36.53846153846153
CD3G,73.07692307692307
CD4,23.076923076923077
CD40,7.6923076923076925
CD40LG,86.53846153846155
CD44,0.0
CD46,3.8461538461538463
CD47,0.0
CD48,3.8461538461538463
CD5,50.0
CD55,3.8461538461538463
CD58,0.0
CD59,0.0
CD5L,0.0
CD6,80.76923076923077
CD63,0.0
CD68,46.15384615384615
CD69,65.38461538461539
CD7,73.07692307692307
CD72,59.61538461538461
CD74,0.0
CD79A,86.53846153846155
CD79B,76.92307692307693
CD80,84.61538461538461
CD81,0.0
CD82,0.0
CD84,0.0
CD8A,44.230769230769226
CD8B;CD8B2,100.0
CD9,0.0
CD93,0.0
CD99,0.0
CD99L2,19.230769230769234
CDA,9.615384615384617
CDAN1,98.07692307692307
CDC123,48.07692307692308
CDC16,15.384615384615385
CDC20,100.0
CDC23,13.461538461538462
CDC26,50.0
CDC27,36.53846153846153
CDC34,78.84615384615384
CDC37,0.0
CDC37L1,48.07692307692308
CDC40,44.230769230769226
CDC42,0.0
CDC42BPA,15.384615384615385
CDC42BPB,1.9230769230769231
CDC42EP1,11.538461538461538
CDC42EP2,82.6923076923077
CDC42EP3,50.0
CDC42EP4,15.384615384615385
CDC42EP5,30.76923076923077
CDC42SE2,57.692307692307686
CDC45,100.0
CDC5L,3.8461538461538463
CDC7,100.0
CDC73,11.538461538461538
CDCA2,100.0
CDCA5,100.0
CDCA8,100.0
CDCP1,80.76923076923077
CDH1,1.9230769230769231
CDH11,7.6923076923076925
CDH13,0.0
CDH19,61.53846153846154
CDH2,32.69230769230769
CDH24,30.76923076923077
CDH5,3.8461538461538463
CDH6,46.15384615384615
CDIPT,0.0
CDK1,84.61538461538461
CDK11B,7.6923076923076925
CDK12,48.07692307692308
CDK13,57.692307692307686
CDK14,38.46153846153847
CDK16,36.53846153846153
CDK17,57.692307692307686
CDK18,44.230769230769226
CDK2,0.0
CDK2AP1,98.07692307692307
CDK4,26.923076923076923
CDK5,3.8461538461538463
CDK5RAP2,78.84615384615384
CDK5RAP3,0.0
CDK6,5.769230769230769
CDK7,36.53846153846153
CDK9,28.846153846153843
CDKAL1,26.923076923076923
CDKL3,71.15384615384616
CDKN1A,67.3076923076923
CDKN1B,17.307692307692307
CDKN1C,76.92307692307693
CDKN2A,48.07692307692308
CDKN2AIP,11.538461538461538
CDKN2AIPNL,57.692307692307686
CDKN2C,11.538461538461538
CDS2,3.8461538461538463
CDSN,1.9230769230769231
CDV3,1.9230769230769231
CDYL,92.3076923076923
CDYL2,94.23076923076923
CEACAM1,15.384615384615385
CEACAM21,90.38461538461539
CEACAM6,3.8461538461538463
CEACAM8,0.0
CEBPB,53.84615384615385
CEBPD,84.61538461538461
CEBPZ,63.46153846153846
CEBPZOS,63.46153846153846
CELA3A;CELA3B,98.07692307692307
CELF1,13.461538461538462
CELF2,1.9230769230769231
CEMIP,25.0
CEMIP2,15.384615384615385
CENATAC,100.0
CEND1,69.23076923076923
CENPB,32.69230769230769
CENPC,73.07692307692307
CENPF,86.53846153846155
CENPI,100.0
CENPN,100.0
CENPS,100.0
CENPU,100.0
CENPV,32.69230769230769
CEP104,75.0
CEP131,80.76923076923077
CEP135,75.0
CEP152,100.0
CEP170,7.6923076923076925
CEP170B,51.92307692307693
CEP192,90.38461538461539
CEP250,78.84615384615384
CEP350,73.07692307692307
CEP41,46.15384615384615
CEP43,42.30769230769231
CEP44,44.230769230769226
CEP70,100.0
CEP78,100.0
CEP85,96.15384615384616
CEP97,76.92307692307693
CEPT1,3.8461538461538463
CERCAM,51.92307692307693
CERS2,5.769230769230769
CERS6,59.61538461538461
CERT1,5.769230769230769
CES1,0.0
CES2,42.30769230769231
CETN2,5.769230769230769
CETN3,46.15384615384615
CETP,11.538461538461538
CFAP20,11.538461538461538
CFAP298,46.15384615384615
CFAP36,78.84615384615384
CFAP410,59.61538461538461
CFAP418,78.84615384615384
CFB,0.0
CFD,0.0
CFDP1,9.615384615384617
CFH,0.0
CFHR1,5.769230769230769
CFHR2,0.0
CFHR3,13.461538461538462
CFHR4,0.0
CFHR5,0.0
CFI,0.0
CFL1,0.0
CFL2,1.9230769230769231
CFP,0.0
CGA,100.0
CGAS,55.769230769230774
CGGBP1,21.153846153846153
CGNL1,34.61538461538461
CGREF1,61.53846153846154
CHAC2,65.38461538461539
CHAD,67.3076923076923
CHAF1A,100.0
CHAF1B,100.0
CHAMP1,26.923076923076923
CHCHD1,86.53846153846155
CHCHD2,7.6923076923076925
CHCHD3,1.9230769230769231
CHCHD4,23.076923076923077
CHCHD5,73.07692307692307
CHCHD6,38.46153846153847
CHCHD7,61.53846153846154
CHD1,48.07692307692308
CHD1L,28.846153846153843
CHD2,55.769230769230774
CHD3,40.38461538461539
CHD4,5.769230769230769
CHD7,98.07692307692307
CHD8,69.23076923076923
CHD9,98.07692307692307
CHDH,50.0
CHEK1,100.0
CHEK2,94.23076923076923
CHERP,13.461538461538462
CHGA,48.07692307692308
CHGB,55.769230769230774
CHI3L1,0.0
CHI3L2,84.61538461538461
CHID1,0.0
CHIT1,5.769230769230769
CHKA,94.23076923076923
CHKB,7.6923076923076925
CHL1,9.615384615384617
CHM,17.307692307692307
CHML,92.3076923076923
CHMP1A,1.9230769230769231
CHMP1B,0.0
CHMP2A,0.0
CHMP2B,9.615384615384617
CHMP3,1.9230769230769231
CHMP4A,0.0
CHMP4B,0.0
CHMP4C,96.15384615384616
CHMP5,23.076923076923077
CHMP6,0.0
CHMP7,26.923076923076923
CHN1,50.0
CHORDC1,0.0
CHP1,0.0
CHPF,51.92307692307693
CHPF2,59.61538461538461
CHPT1,36.53846153846153
CHRAC1,51.92307692307693
CHRD,65.38461538461539
CHRDL1,50.0
CHRDL2,98.07692307692307
CHRNA3,98.07692307692307
CHST11,69.23076923076923
CHST14,15.384615384615385
CHST15,51.92307692307693
CHST2,84.61538461538461
CHST3,59.61538461538461
CHSY1,38.46153846153847
CHSY3,84.61538461538461
CHTF18,98.07692307692307
CHTF8,100.0
CHTOP,11.538461538461538
CHUK,9.615384615384617
CHURC1,25.0
CIAO1,5.769230769230769
CIAO2A,3.8461538461538463
CIAO2B,28.846153846153843
CIAO3,26.923076923076923
CIAPIN1,1.9230769230769231
CIB1,11.538461538461538
CIC,51.92307692307693
CILP,5.769230769230769
CILP2,50.0
CINP,100.0
CIP2A,100.0
CIR1,100.0
CIRBP,0.0
CISD1,1.9230769230769231
CISD2,0.0
CISD3,28.846153846153843
CIT,98.07692307692307
CIZ1,69.23076923076923
CKAP2,100.0
CKAP4,0.0
CKAP5,0.0
CKB,1.9230769230769231
CKM;cRAP-CKM,86.53846153846155
CKMT1A,44.230769230769226
CKMT2,19.230769230769234
CKS1B,98.07692307692307
CLASP1,3.8461538461538463
CLASP2,3.8461538461538463
CLASRP,94.23076923076923
CLC,13.461538461538462
CLCC1,5.769230769230769
CLCN3,32.69230769230769
CLCN6,67.3076923076923
CLCN7,9.615384615384617
CLDN1,61.53846153846154
CLDN11,61.53846153846154
CLDN3,94.23076923076923
CLDN5,19.230769230769234
CLDND1,9.615384615384617
CLEC10A,75.0
CLEC11A,7.6923076923076925
CLEC12A,36.53846153846153
CLEC14A,19.230769230769234
CLEC16A,30.76923076923077
CLEC1A,75.0
CLEC1B,59.61538461538461
CLEC2B,75.0
CLEC3B,0.0
CLEC4A,73.07692307692307
CLEC4E,75.0
CLEC4G,76.92307692307693
CLEC4M,1.9230769230769231
CLEC5A,15.384615384615385
CLIC1,0.0
CLIC2,0.0
CLIC3,59.61538461538461
CLIC4,0.0
CLIC5,30.76923076923077
CLIC6,30.76923076923077
CLINT1,0.0
CLIP1,0.0
CLIP2,5.769230769230769
CLIP3,98.07692307692307
CLK2,100.0
CLK3,98.07692307692307
CLK4,98.07692307692307
CLMN,36.53846153846153
CLMP,65.38461538461539
CLN3,51.92307692307693
CLN5,9.615384615384617
CLN6,78.84615384615384
CLN8,42.30769230769231
CLNS1A,1.9230769230769231
CLP1,63.46153846153846
CLPB,9.615384615384617
CLPP,3.8461538461538463
CLPTM1,7.6923076923076925
CLPTM1L,7.6923076923076925
CLPX,19.230769230769234
CLSTN1,19.230769230769234
CLSTN3,84.61538461538461
CLTA,0.0
CLTB,0.0
CLTC,0.0
CLTCL1,71.15384615384616
CLU,0.0
CLUH,23.076923076923077
CLVS2,96.15384615384616
CLYBL,11.538461538461538
CMA1,3.8461538461538463
CMAS,5.769230769230769
CMBL,0.0
CMC1,17.307692307692307
CMC2,15.384615384615385
CMC4,11.538461538461538
CMIP,25.0
CMKLR1,61.53846153846154
CMPK1,0.0
CMPK2,9.615384615384617
CMSS1,57.692307692307686
CMTM3,7.6923076923076925
CMTM5,34.61538461538461
CMTM6,34.61538461538461
CMTM7,75.0
CMTR1,21.153846153846153
CMTR2,82.6923076923077
CNBP,0.0
CNDP1,3.8461538461538463
CNDP2,0.0
CNEP1R1,25.0
CNIH4,32.69230769230769
CNK3/IPCEF1,44.230769230769226
CNN1,0.0
CNN2,0.0
CNN3,0.0
CNNM2,78.84615384615384
CNNM3,19.230769230769234
CNNM4,44.230769230769226
CNOT1,3.8461538461538463
CNOT10,19.230769230769234
CNOT11,32.69230769230769
CNOT2,30.76923076923077
CNOT3,21.153846153846153
CNOT4,67.3076923076923
CNOT6L,21.153846153846153
CNOT7,19.230769230769234
CNOT8,69.23076923076923
CNOT9,23.076923076923077
CNP,0.0
CNPY2,0.0
CNPY3,1.9230769230769231
CNPY4,0.0
CNRIP1,0.0
CNST,42.30769230769231
CNTFR,65.38461538461539
CNTN1,19.230769230769234
CNTN3,88.46153846153845
CNTN4,46.15384615384615
CNTNAP1,34.61538461538461
COA1,80.76923076923077
COA3,7.6923076923076925
COA4,50.0
COA5,51.92307692307693
COA6,15.384615384615385
COA7,36.53846153846153
COASY,0.0
COBL,98.07692307692307
COBLL1,11.538461538461538
COCH,53.84615384615385
COG1,11.538461538461538
COG2,7.6923076923076925
COG3,26.923076923076923
COG4,17.307692307692307
COG5,15.384615384615385
COG6,13.461538461538462
COG7,25.0
COG8,34.61538461538461
COIL,61.53846153846154
COL10A1,61.53846153846154
COL11A1,32.69230769230769
COL12A1,0.0
COL14A1,0.0
COL15A1,0.0
COL16A1,17.307692307692307
COL18A1,0.0
COL1A1,0.0
COL1A2,0.0
COL21A1,34.61538461538461
COL28A1,44.230769230769226
COL3A1,1.9230769230769231
COL4A1,1.9230769230769231
COL4A2,0.0
COL4A6,100.0
COL5A1,9.615384615384617
COL5A2,13.461538461538462
COL5A3,80.76923076923077
COL6A1,0.0
COL6A2,0.0
COL6A3,0.0
COL6A6,71.15384615384616
COL7A1,73.07692307692307
COL8A1,17.307692307692307
COL8A2,82.6923076923077
COLEC10,13.461538461538462
COLEC11,9.615384615384617
COLEC12,3.8461538461538463
COLGALT1,0.0
COMMD1,9.615384615384617
COMMD10,9.615384615384617
COMMD2,7.6923076923076925
COMMD3,1.9230769230769231
COMMD4,9.615384615384617
COMMD5,5.769230769230769
COMMD6,1.9230769230769231
COMMD7,0.0
COMMD8,21.153846153846153
COMMD9,7.6923076923076925
COMP,0.0
COMT,0.0
COMTD1,11.538461538461538
COPA,0.0
COPB1,0.0
COPB2,0.0
COPE,0.0
COPG1,0.0
COPG2,1.9230769230769231
COPRS,55.769230769230774
COPS2,0.0
COPS3,0.0
COPS4,0.0
COPS5,0.0
COPS6,0.0
COPS7A,0.0
COPS7B,0.0
COPS8,0.0
COPZ1,0.0
COPZ2,3.8461538461538463
COQ10B,61.53846153846154
COQ3,48.07692307692308
COQ5,7.6923076923076925
COQ6,11.538461538461538
COQ7,15.384615384615385
COQ8A,11.538461538461538
COQ8B,76.92307692307693
COQ9,7.6923076923076925
CORO1A,0.0
CORO1B,0.0
CORO1C,0.0
CORO2A,36.53846153846153
CORO2B,17.307692307692307
CORO6,76.92307692307693
CORO7,0.0
COTL1,0.0
COX11,98.07692307692307
COX14,32.69230769230769
COX15,25.0
COX16,82.6923076923077
COX17,7.6923076923076925
COX19,65.38461538461539
COX20,5.769230769230769
COX4I1,0.0
COX5A,1.9230769230769231
COX5B,0.0
COX6B1,0.0
COX6C,1.9230769230769231
COX7A1,9.615384615384617
COX7A2,0.0
COX7A2L,5.769230769230769
COX7B,21.153846153846153
COX7C,1.9230769230769231
CP,0.0
CPA3,0.0
CPA4,78.84615384615384
CPB2,0.0
CPD,17.307692307692307
CPE,23.076923076923077
CPEB4,86.53846153846155
CPED1,78.84615384615384
CPLX1,92.3076923076923
CPLX2,82.6923076923077
CPM,5.769230769230769
CPN1,0.0
CPN2,0.0
CPNE1,1.9230769230769231
CPNE2,0.0
CPNE3,0.0
CPNE4,96.15384615384616
CPNE6,84.61538461538461
CPNE8,7.6923076923076925
CPOX,0.0
CPPED1,0.0
CPQ,0.0
CPS1,78.84615384615384
CPSF1,7.6923076923076925
CPSF2,25.0
CPSF3,9.615384615384617
CPSF4,23.076923076923077
CPSF6,5.769230769230769
CPSF7,0.0
CPT1A,0.0
CPT2,0.0
CPTP,55.769230769230774
CPVL,0.0
CPXM1,38.46153846153847
CPXM2,0.0
CPZ,46.15384615384615
CR1,3.8461538461538463
CR2,42.30769230769231
CRABP1,51.92307692307693
CRABP2,9.615384615384617
CRACD,73.07692307692307
CRACR2A,86.53846153846155
CRADD,11.538461538461538
CRAT,3.8461538461538463
CRBN,25.0
CRCP,98.07692307692307
CREB1,3.8461538461538463
CREBBP,84.61538461538461
CREG1,76.92307692307693
CRELD1,3.8461538461538463
CRELD2,0.0
CRIM1,53.84615384615385
CRIP1,3.8461538461538463
CRIP2,0.0
CRIPT,69.23076923076923
CRISP3,0.0
CRISPLD1,82.6923076923077
CRISPLD2,28.846153846153843
CRK,1.9230769230769231
CRKL,0.0
CRLF1,48.07692307692308
CRLF3,7.6923076923076925
CRMP1,61.53846153846154
CRNKL1,17.307692307692307
CROCC,7.6923076923076925
CROT,57.692307692307686
CRP,3.8461538461538463
CRP;cRAP-CRP,3.8461538461538463
CRPPA,25.0
CRTAC1,1.9230769230769231
CRTAP,1.9230769230769231
CRTC1,63.46153846153846
CRTC2,59.61538461538461
CRTC3,30.76923076923077
CRYAB,1.9230769230769231
CRYBB1,57.692307692307686
CRYBG1,19.230769230769234
CRYBG3,21.153846153846153
CRYL1,0.0
CRYM,90.38461538461539
CRYZ,0.0
CRYZL1,1.9230769230769231
CS,0.0
CSAD,46.15384615384615
CSDC2,96.15384615384616
CSDE1,0.0
CSE1L,0.0
CSF1,46.15384615384615
CSF1R,9.615384615384617
CSF2RA,63.46153846153846
CSGALNACT2,13.461538461538462
CSK,0.0
CSNK1A1,0.0
CSNK1D,17.307692307692307
CSNK1G3,19.230769230769234
CSNK2A1,1.9230769230769231
CSNK2A2,3.8461538461538463
CSNK2B,1.9230769230769231
CSPG4,1.9230769230769231
CSRP1,0.0
CSRP2,1.9230769230769231
CST2,96.15384615384616
CST3,0.0
CST4,100.0
CST6,19.230769230769234
CST7,42.30769230769231
CSTA,0.0
CSTB,0.0
CSTF1,25.0
CSTF2,9.615384615384617
CSTF2T,23.076923076923077
CSTF3,11.538461538461538
CT83,100.0
CTBP1,0.0
CTBP2,0.0
CTBS,0.0
CTCF,25.0
CTDNEP1,38.46153846153847
CTDP1,46.15384615384615
CTDSP1,15.384615384615385
CTDSPL,30.76923076923077
CTDSPL2,50.0
CTF1,69.23076923076923
CTH,36.53846153846153
CTHRC1,9.615384615384617
CTIF,15.384615384615385
CTNNA1,1.9230769230769231
CTNNA2,26.923076923076923
CTNNA3,71.15384615384616
CTNNAL1,57.692307692307686
CTNNB1,3.8461538461538463
CTNNBIP1,59.61538461538461
CTNNBL1,3.8461538461538463
CTNND1,0.0
CTPS1,0.0
CTPS2,0.0
CTR9,13.461538461538462
CTSA,0.0
CTSB,0.0
CTSC,0.0
CTSD;cRAP-CTSD,0.0
CTSF,21.153846153846153
CTSG;cRAP-CTSG,0.0
CTSH,0.0
CTSK,26.923076923076923
CTSL,0.0
CTSL3P,98.07692307692307
CTSO,75.0
CTSS,0.0
CTSV,100.0
CTSZ,0.0
CTTN,0.0
CTTNBP2NL,17.307692307692307
CTU1,75.0
CTU2,78.84615384615384
CUL1,0.0
CUL2,0.0
CUL3,0.0
CUL4A,3.8461538461538463
CUL4B,0.0
CUL5,0.0
CUL7,36.53846153846153
CUSTOS,78.84615384615384
CUTA,0.0
CUTC,3.8461538461538463
CUX1,5.769230769230769
CWC15,44.230769230769226
CWC22,42.30769230769231
CWC25,76.92307692307693
CWC27,26.923076923076923
CWF19L1,30.76923076923077
CWF19L2,98.07692307692307
CXADR,90.38461538461539
CXCL10,50.0
CXCL12,1.9230769230769231
CXCL13,80.76923076923077
CXCL14,78.84615384615384
CXCL16,11.538461538461538
CXCL5,73.07692307692307
CXCL8;cRAP-IL8,67.3076923076923
CXCL9,98.07692307692307
CXCR1,40.38461538461539
CXCR2,71.15384615384616
CXCR4,55.769230769230774
CXXC1,78.84615384615384
CXorf38,3.8461538461538463
CYB561,88.46153846153845
CYB561D2,3.8461538461538463
CYB5A;cRAP-CYB5A,0.0
CYB5B,0.0
CYB5R1,0.0
CYB5R2,7.6923076923076925
CYB5R3,0.0
CYB5R4,11.538461538461538
CYBA,0.0
CYBB,0.0
CYBC1,0.0
CYBRD1,0.0
CYC1,0.0
CYCS;cRAP-CYCS,0.0
CYFIP1,0.0
CYFIP2,1.9230769230769231
CYGB,11.538461538461538
CYLD,25.0
CYP11A1,98.07692307692307
CYP11B1,100.0
CYP1A1,84.61538461538461
CYP1B1,30.76923076923077
CYP20A1,1.9230769230769231
CYP27A1,0.0
CYP2S1,19.230769230769234
CYP2U1,17.307692307692307
CYP4F11,88.46153846153845
CYP4F3,5.769230769230769
CYP4V2,53.84615384615385
CYP4X1,15.384615384615385
CYP51A1,23.076923076923077
CYP7B1,25.0
CYRIA,1.9230769230769231
CYRIB,0.0
CYS1,80.76923076923077
CYSRT1,96.15384615384616
CYSTM1,17.307692307692307
CYTH1,1.9230769230769231
CYTH3,19.230769230769234
CYTH4,15.384615384615385
CYTL1,28.846153846153843
CZIB,0.0
D2HGDH,34.61538461538461
DAAM1,3.8461538461538463
DAAM2,30.76923076923077
DAB2,0.0
DAB2IP,34.61538461538461
DACT3,86.53846153846155
DAD1,0.0
DAG1,3.8461538461538463
DAGLB,15.384615384615385
DALRD3,76.92307692307693
DAP,15.384615384615385
DAP3,5.769230769230769
DAPK1,36.53846153846153
DAPK2,73.07692307692307
DAPK3,15.384615384615385
DAPP1,23.076923076923077
DARS1,0.0
DARS2,3.8461538461538463
DAXX,59.61538461538461
DAZAP1,1.9230769230769231
DBH,13.461538461538462
DBI,0.0
DBN1,0.0
DBNL,0.0
DBR1,38.46153846153847
DBT,9.615384615384617
DCAF1,30.76923076923077
DCAF10,100.0
DCAF11,13.461538461538462
DCAF13,86.53846153846155
DCAF16,100.0
DCAF5,59.61538461538461
DCAF6,13.461538461538462
DCAF7,13.461538461538462
DCAF8,11.538461538461538
DCAKD,11.538461538461538
DCANP1,92.3076923076923
DCBLD2,92.3076923076923
DCD,0.0
DCHS1,71.15384615384616
DCK,19.230769230769234
DCLK1,9.615384615384617
DCLK2,92.3076923076923
DCN,0.0
DCP1A,36.53846153846153
DCP1B,80.76923076923077
DCP2,98.07692307692307
DCPS,0.0
DCTD,0.0
DCTN1,0.0
DCTN2,0.0
DCTN3,0.0
DCTN4,0.0
DCTN5,5.769230769230769
DCTN6,1.9230769230769231
DCTPP1,17.307692307692307
DCUN1D1,0.0
DCUN1D3,13.461538461538462
DCUN1D4,76.92307692307693
DCUN1D5,46.15384615384615
DCXR,0.0
DDA1,42.30769230769231
DDAH1,3.8461538461538463
DDAH2,0.0
DDB1,0.0
DDB2,30.76923076923077
DDC,71.15384615384616
DDHD2,21.153846153846153
DDI2,0.0
DDOST,0.0
DDR2,23.076923076923077
DDRGK1,0.0
DDT,0.0
DDX1,0.0
DDX10,57.692307692307686
DDX11,100.0
DDX17,0.0
DDX18,19.230769230769234
DDX19A,1.9230769230769231
DDX19B,21.153846153846153
DDX20,51.92307692307693
DDX21,3.8461538461538463
DDX23,5.769230769230769
DDX24,21.153846153846153
DDX27,19.230769230769234
DDX28,76.92307692307693
DDX31,63.46153846153846
DDX39A,30.76923076923077
DDX39B,0.0
DDX3X,0.0
DDX3Y,26.923076923076923
DDX41,44.230769230769226
DDX42,51.92307692307693
DDX46,3.8461538461538463
DDX47,28.846153846153843
DDX49,55.769230769230774
DDX5,1.9230769230769231
DDX50,26.923076923076923
DDX51,80.76923076923077
DDX52,96.15384615384616
DDX54,46.15384615384615
DDX55,88.46153846153845
DDX56,50.0
DDX59,53.84615384615385
DDX6,0.0
DDX60,9.615384615384617
DDX60L,69.23076923076923
DECR1,0.0
DECR2,23.076923076923077
DEF6,3.8461538461538463
DEFA1,5.769230769230769
DEFA3,0.0
DEFA4,0.0
DEFB1,75.0
DEGS1,25.0
DEK,0.0
DENND10,7.6923076923076925
DENND11,44.230769230769226
DENND1A,44.230769230769226
DENND1C,44.230769230769226
DENND2B,36.53846153846153
DENND2D,55.769230769230774
DENND3,13.461538461538462
DENND4A,50.0
DENND4B,36.53846153846153
DENND4C,11.538461538461538
DENND5A,59.61538461538461
DENND5B,61.53846153846154
DENND6A,51.92307692307693
DENR,3.8461538461538463
DEPDC7,100.0
DEPTOR,15.384615384615385
DERA,0.0
DERL1,1.9230769230769231
DERL2,50.0
DERL3,61.53846153846154
DERPC,69.23076923076923
DES,3.8461538461538463
DESI1,55.769230769230774
DFFA,7.6923076923076925
DFFB,86.53846153846155
DGAT1,19.230769230769234
DGCR8,100.0
DGKA,1.9230769230769231
DGKB,96.15384615384616
DGKE,67.3076923076923
DGKQ,57.692307692307686
DGKZ,36.53846153846153
DGLUCY,17.307692307692307
DGUOK,19.230769230769234
DHCR24,55.769230769230774
DHCR7,3.8461538461538463
DHFR,90.38461538461539
DHODH,9.615384615384617
DHPS,71.15384615384616
DHRS1,1.9230769230769231
DHRS11,0.0
DHRS13,92.3076923076923
DHRS2,100.0
DHRS3,7.6923076923076925
DHRS4,3.8461538461538463
DHRS7,0.0
DHRS7B,1.9230769230769231
DHRS9,76.92307692307693
DHRSX,19.230769230769234
DHTKD1,26.923076923076923
DHX15,0.0
DHX16,19.230769230769234
DHX29,7.6923076923076925
DHX30,13.461538461538462
DHX32,51.92307692307693
DHX33,90.38461538461539
DHX34,94.23076923076923
DHX35,69.23076923076923
DHX36,13.461538461538462
DHX37,67.3076923076923
DHX38,11.538461538461538
DHX40,36.53846153846153
DHX57,50.0
DHX58,80.76923076923077
DHX8,23.076923076923077
DHX9,0.0
DIABLO,0.0
DIAPH1,0.0
DIAPH2,7.6923076923076925
DIAPH3,98.07692307692307
DICER1,30.76923076923077
DIDO1,26.923076923076923
DIMT1,28.846153846153843
DIP2A,19.230769230769234
DIP2B,3.8461538461538463
DIP2C,21.153846153846153
DIPK1A,71.15384615384616
DIPK2A,17.307692307692307
DIS3,7.6923076923076925
DIS3L,96.15384615384616
DIS3L2,9.615384615384617
DIXDC1,61.53846153846154
DKC1,3.8461538461538463
DKK2,88.46153846153845
DKK3,44.230769230769226
DLAT,0.0
DLC1,65.38461538461539
DLD,0.0
DLG1,5.769230769230769
DLG2,63.46153846153846
DLG3,30.76923076923077
DLG5,94.23076923076923
DLGAP4,3.8461538461538463
DLGAP5,100.0
DLST,0.0
DMAC1,73.07692307692307
DMAC2,78.84615384615384
DMAC2L,11.538461538461538
DMAP1,63.46153846153846
DMBT1,88.46153846153845
DMD,7.6923076923076925
DMKN,61.53846153846154
DMPK,61.53846153846154
DMTN,0.0
DMXL1,25.0
DMXL2,23.076923076923077
DNAAF10,34.61538461538461
DNAAF2,96.15384615384616
DNAAF5,13.461538461538462
DNAAF9,88.46153846153845
DNAJA1,0.0
DNAJA2,1.9230769230769231
DNAJA3,15.384615384615385
DNAJA4,0.0
DNAJB1,0.0
DNAJB11,0.0
DNAJB12,19.230769230769234
DNAJB14,40.38461538461539
DNAJB2,0.0
DNAJB4,9.615384615384617
DNAJB5,53.84615384615385
DNAJB6,15.384615384615385
DNAJB9,90.38461538461539
DNAJC1,9.615384615384617
DNAJC10,1.9230769230769231
DNAJC11,9.615384615384617
DNAJC13,0.0
DNAJC16,51.92307692307693
DNAJC17,26.923076923076923
DNAJC19,17.307692307692307
DNAJC2,30.76923076923077
DNAJC21,44.230769230769226
DNAJC25,21.153846153846153
DNAJC3,0.0
DNAJC30,63.46153846153846
DNAJC5,1.9230769230769231
DNAJC6,88.46153846153845
DNAJC7,7.6923076923076925
DNAJC8,3.8461538461538463
DNAJC9,0.0
DNAL1,71.15384615384616
DNASE1L1,9.615384615384617
DNASE1L3,90.38461538461539
DNASE2,7.6923076923076925
DNLZ,30.76923076923077
DNM1,17.307692307692307
DNM1L,0.0
DNM2,1.9230769230769231
DNM3,15.384615384615385
DNMBP,38.46153846153847
DNMT1,50.0
DNPEP,0.0
DNPH1,0.0
DNTTIP1,51.92307692307693
DNTTIP2,67.3076923076923
DOCK1,13.461538461538462
DOCK10,0.0
DOCK11,3.8461538461538463
DOCK2,0.0
DOCK4,13.461538461538462
DOCK5,3.8461538461538463
DOCK6,26.923076923076923
DOCK7,11.538461538461538
DOCK8,1.9230769230769231
DOCK9,15.384615384615385
DOHH,44.230769230769226
DOK1,15.384615384615385
DOK2,0.0
DOK3,0.0
DOP1B,19.230769230769234
DPAGT1,9.615384615384617
DPCD,19.230769230769234
DPEP1,75.0
DPF2,34.61538461538461
DPH1,67.3076923076923
DPH2,59.61538461538461
DPH3,98.07692307692307
DPH5,71.15384615384616
DPH6,88.46153846153845
DPH7,92.3076923076923
DPM1,1.9230769230769231
DPM3,1.9230769230769231
DPP3,0.0
DPP4,0.0
DPP6,96.15384615384616
DPP7,0.0
DPP8,32.69230769230769
DPP9,0.0
DPT,0.0
DPY19L1,7.6923076923076925
DPY19L3,44.230769230769226
DPY19L4,90.38461538461539
DPY30,17.307692307692307
DPYD,0.0
DPYSL2,0.0
DPYSL3,0.0
DPYSL4,78.84615384615384
DPYSL5,69.23076923076923
DR1,13.461538461538462
DRAM2,50.0
DRAP1,15.384615384615385
DRG1,1.9230769230769231
DRG2,7.6923076923076925
DROSHA,94.23076923076923
DRP2,96.15384615384616
DSC1,0.0
DSC3,26.923076923076923
DSCC1,100.0
DSE,80.76923076923077
DSG1,0.0
DSG2,80.76923076923077
DSN1,82.6923076923077
DSP,1.9230769230769231
DST,9.615384615384617
DSTN,0.0
DTD1,0.0
DTD2,65.38461538461539
DTL,100.0
DTNA,11.538461538461538
DTNB,84.61538461538461
DTNBP1,17.307692307692307
DTWD2,84.61538461538461
DTX2,92.3076923076923
DTX3,55.769230769230774
DTX3L,9.615384615384617
DTYMK,0.0
DUS1L,100.0
DUS2,26.923076923076923
DUS3L,42.30769230769231
DUSP1,88.46153846153845
DUSP11,100.0
DUSP12,23.076923076923077
DUSP15,57.692307692307686
DUSP22,9.615384615384617
DUSP23,1.9230769230769231
DUSP3,0.0
DUT,3.8461538461538463
DVL1,88.46153846153845
DVL2,38.46153846153847
DVL3,61.53846153846154
DYM,23.076923076923077
DYNC1H1,0.0
DYNC1I1,53.84615384615385
DYNC1I2,0.0
DYNC1LI1,0.0
DYNC1LI2,0.0
DYNC2I2,92.3076923076923
DYNLL1,0.0
DYNLL2,13.461538461538462
DYNLRB1,0.0
DYNLT1,1.9230769230769231
DYNLT3,5.769230769230769
DYRK1A,42.30769230769231
DYSF,0.0
E2F4,80.76923076923077
EAPP,90.38461538461539
EARS2,30.76923076923077
EBF1,21.153846153846153
EBNA1BP2,25.0
EBP,23.076923076923077
ECD,96.15384615384616
ECE1,0.0
ECH1,0.0
ECHDC1,0.0
ECHDC2,17.307692307692307
ECHDC3,30.76923076923077
ECHS1,0.0
ECI1,0.0
ECI2,1.9230769230769231
ECM1,0.0
ECM2,5.769230769230769
ECPAS,0.0
ECSIT,46.15384615384615
ECT2,100.0
EDC3,51.92307692307693
EDC4,9.615384615384617
EDEM1,96.15384615384616
EDEM2,32.69230769230769
EDEM3,26.923076923076923
EDF1,0.0
EDIL3,7.6923076923076925
EDNRA,34.61538461538461
EDNRB,84.61538461538461
EDRF1,100.0
EEA1,0.0
EED,51.92307692307693
EEF1A1,0.0
EEF1A2,0.0
EEF1AKMT2,48.07692307692308
EEF1AKMT4,98.07692307692307
EEF1B2,0.0
EEF1D,0.0
EEF1E1,1.9230769230769231
EEF1G,0.0
EEF2,0.0
EEF2K,100.0
EEF2KMT;FAM86B1;FAM86B2,100.0
EEFSEC,3.8461538461538463
EEIG2,94.23076923076923
EEPD1,17.307692307692307
EFCAB3,80.76923076923077
EFCAB5,78.84615384615384
EFEMP1,0.0
EFEMP2,0.0
EFHD1,11.538461538461538
EFHD2,0.0
EFL1,15.384615384615385
EFNB1,3.8461538461538463
EFNB2,69.23076923076923
EFR3A,13.461538461538462
EFS,67.3076923076923
EFTUD2,0.0
EGFL7,75.0
EGFL8,92.3076923076923
EGFLAM,63.46153846153846
EGFR,13.461538461538462
EGLN1,15.384615384615385
EHBP1,13.461538461538462
EHBP1L1,0.0
EHD1,0.0
EHD2,0.0
EHD3,0.0
EHD4,0.0
EHHADH,11.538461538461538
EHMT1,59.61538461538461
EHMT2,92.3076923076923
EI24,26.923076923076923
EIF1,46.15384615384615
EIF1AD,42.30769230769231
EIF1AX,9.615384615384617
EIF1AY,0.0
EIF1B,0.0
EIF2A,3.8461538461538463
EIF2AK2,0.0
EIF2AK3,71.15384615384616
EIF2AK4,17.307692307692307
EIF2B1,0.0
EIF2B2,7.6923076923076925
EIF2B3,5.769230769230769
EIF2B4,3.8461538461538463
EIF2B5,5.769230769230769
EIF2D,9.615384615384617
EIF2S1,0.0
EIF2S2,1.9230769230769231
EIF2S3,0.0
EIF3A,0.0
EIF3B,0.0
EIF3C,0.0
EIF3D,0.0
EIF3E,0.0
EIF3F,0.0
EIF3G,0.0
EIF3H,5.769230769230769
EIF3I,0.0
EIF3J,0.0
EIF3K,0.0
EIF3L,0.0
EIF3M,0.0
EIF4A1,0.0
EIF4A2,0.0
EIF4A3,0.0
EIF4B,0.0
EIF4E,0.0
EIF4E2,26.923076923076923
EIF4E3,44.230769230769226
EIF4EBP1,23.076923076923077
EIF4EBP2,59.61538461538461
EIF4ENIF1,69.23076923076923
EIF4G1,0.0
EIF4G2,0.0
EIF4G3,9.615384615384617
EIF4H,0.0
EIF5,0.0
EIF5A,0.0
EIF5B,3.8461538461538463
EIF6,1.9230769230769231
EIPR1,5.769230769230769
ELAC1,100.0
ELAC2,25.0
ELANE,0.0
ELAPOR2,67.3076923076923
ELAVL1,0.0
ELAVL2,90.38461538461539
ELAVL4,92.3076923076923
ELF1,21.153846153846153
ELF2,92.3076923076923
ELK1,100.0
ELL,96.15384615384616
ELMO1,0.0
ELMO2,0.0
ELMOD2,0.0
ELN,17.307692307692307
ELOA,44.230769230769226
ELOB,0.0
ELOC,0.0
ELOF1,100.0
ELOVL1,32.69230769230769
ELOVL5,28.846153846153843
ELP1,9.615384615384617
ELP2,36.53846153846153
ELP3,19.230769230769234
ELP4,57.692307692307686
ELP5,90.38461538461539
ELP6,71.15384615384616
EMB,26.923076923076923
EMC1,0.0
EMC10,5.769230769230769
EMC2,3.8461538461538463
EMC3,0.0
EMC4,30.76923076923077
EMC6,100.0
EMC7,1.9230769230769231
EMC8,23.076923076923077
EMD,3.8461538461538463
EME1,98.07692307692307
EMG1,26.923076923076923
EMILIN1,0.0
EMILIN2,0.0
EML1,7.6923076923076925
EML2,0.0
EML3,1.9230769230769231
EML4,0.0
EMP3,34.61538461538461
EMSY,75.0
ENAH,3.8461538461538463
ENDOD1,0.0
ENDOG,19.230769230769234
ENG,0.0
ENGASE,48.07692307692308
ENO1,0.0
ENO2,0.0
ENO3,55.769230769230774
ENOPH1,0.0
ENOSF1,5.769230769230769
ENPEP,23.076923076923077
ENPP1,9.615384615384617
ENPP2,9.615384615384617
ENPP4,1.9230769230769231
ENPP6,67.3076923076923
ENSA,3.8461538461538463
ENTPD1,0.0
ENTPD2,73.07692307692307
ENTPD3,78.84615384615384
ENTPD4,88.46153846153845
ENTPD5,57.692307692307686
ENTR1,82.6923076923077
ENY2,15.384615384615385
EOGT,3.8461538461538463
EP300,28.846153846153843
EP400,34.61538461538461
EPB41,0.0
EPB41L1,9.615384615384617
EPB41L2,7.6923076923076925
EPB41L3,0.0
EPB41L5,61.53846153846154
EPB42,0.0
EPDR1,3.8461538461538463
EPG5,46.15384615384615
EPHA2,21.153846153846153
EPHA3,69.23076923076923
EPHB2,30.76923076923077
EPHB3,67.3076923076923
EPHB4,38.46153846153847
EPHX1,0.0
EPHX2,9.615384615384617
EPM2A,32.69230769230769
EPM2AIP1,19.230769230769234
EPN1,3.8461538461538463
EPN2,17.307692307692307
EPN3,55.769230769230774
EPPK1,61.53846153846154
EPRS1,0.0
EPS15,0.0
EPS15L1,0.0
EPS8,5.769230769230769
EPS8L2,34.61538461538461
EPX,3.8461538461538463
ERAL1,78.84615384615384
ERAP1,0.0
ERAP2,30.76923076923077
ERBB2,50.0
ERBIN,3.8461538461538463
ERC1,7.6923076923076925
ERCC1,76.92307692307693
ERCC2,34.61538461538461
ERCC3,44.230769230769226
ERCC4,59.61538461538461
ERCC5,55.769230769230774
ERCC6,76.92307692307693
ERCC6L,92.3076923076923
ERG,59.61538461538461
ERG28,13.461538461538462
ERGIC1,0.0
ERGIC2,19.230769230769234
ERGIC3,7.6923076923076925
ERH,0.0
ERI1,63.46153846153846
ERI3,11.538461538461538
ERLEC1,1.9230769230769231
ERLIN1,1.9230769230769231
ERLIN2,0.0
ERMAP,7.6923076923076925
ERMP1,3.8461538461538463
ERO1A,0.0
ERO1B,25.0
ERP29,0.0
ERP44,0.0
ESAM,0.0
ESCO2,98.07692307692307
ESD,0.0
ESF1,69.23076923076923
ESM1,94.23076923076923
ESRP2,100.0
ESS2,96.15384615384616
ESYT1,11.538461538461538
ESYT2,0.0
ETF1,0.0
ETFA,0.0
ETFB,0.0
ETFDH,1.9230769230769231
ETHE1,0.0
ETS1,55.769230769230774
ETV6,63.46153846153846
EVA1B,67.3076923076923
EVA1C,75.0
EVI2B,5.769230769230769
EVI5,94.23076923076923
EVL,1.9230769230769231
EVPL,90.38461538461539
EWSR1,1.9230769230769231
EXD2,32.69230769230769
EXOC1,5.769230769230769
EXOC2,0.0
EXOC3,0.0
EXOC3L2,50.0
EXOC4,0.0
EXOC5,1.9230769230769231
EXOC6,30.76923076923077
EXOC6B,3.8461538461538463
EXOC7,0.0
EXOC8,3.8461538461538463
EXOG,26.923076923076923
EXOSC1,44.230769230769226
EXOSC10,21.153846153846153
EXOSC2,11.538461538461538
EXOSC3,40.38461538461539
EXOSC4,25.0
EXOSC5,17.307692307692307
EXOSC6,25.0
EXOSC7,25.0
EXOSC8,17.307692307692307
EXOSC9,25.0
EXT1,36.53846153846153
EXT2,25.0
EXTL2,42.30769230769231
EYA3,82.6923076923077
EYA4,100.0
EZH2,100.0
EZR,0.0
F10,0.0
F11,0.0
F11R,0.0
F12,0.0
F13A1,0.0
F13B,0.0
F2,0.0
F2R,75.0
F2RL3,28.846153846153843
F3,32.69230769230769
F5,0.0
F7,0.0
F8,11.538461538461538
F8A1,21.153846153846153
F9,0.0
FAAH,44.230769230769226
FAAP100,94.23076923076923
FABP1,73.07692307692307
FABP3;cRAP-FABP3,3.8461538461538463
FABP4,0.0
FABP5,0.0
FABP7,88.46153846153845
FADD,69.23076923076923
FADS1,98.07692307692307
FADS3,53.84615384615385
FAF1,0.0
FAF2,5.769230769230769
FAH,0.0
FAHD1,0.0
FAHD2A,0.0
FAIM,51.92307692307693
FAM107B,0.0
FAM111A,94.23076923076923
FAM111B,100.0
FAM114A1,1.9230769230769231
FAM114A2,0.0
FAM117B,75.0
FAM118B,53.84615384615385
FAM120A,0.0
FAM120B,7.6923076923076925
FAM120C,30.76923076923077
FAM136A,28.846153846153843
FAM151A,90.38461538461539
FAM151B,75.0
FAM162A,0.0
FAM169A,82.6923076923077
FAM171A1,82.6923076923077
FAM172A,19.230769230769234
FAM174A,63.46153846153846
FAM177A1,7.6923076923076925
FAM180A,38.46153846153847
FAM180B,63.46153846153846
FAM185A,48.07692307692308
FAM20B,28.846153846153843
FAM20C,25.0
FAM210A,48.07692307692308
FAM210B,9.615384615384617
FAM234A,13.461538461538462
FAM234B,71.15384615384616
FAM241A,32.69230769230769
FAM241B,84.61538461538461
FAM32A,98.07692307692307
FAM3A,59.61538461538461
FAM3C,0.0
FAM50A,11.538461538461538
FAM76B,86.53846153846155
FAM83A,100.0
FAM83B,98.07692307692307
FAM83D,100.0
FAM83H,92.3076923076923
FAM89B,57.692307692307686
FAM8A1,13.461538461538462
FAM91A1,19.230769230769234
FAM98A,9.615384615384617
FAM98B,1.9230769230769231
FAM98C,44.230769230769226
FANCB,100.0
FANCD2,98.07692307692307
FANCE,100.0
FANCI,100.0
FANCL,90.38461538461539
FAP,0.0
FAR1,40.38461538461539
FARP1,5.769230769230769
FARP2,34.61538461538461
FARS2,30.76923076923077
FARSA,0.0
FARSB,0.0
FAS,1.9230769230769231
FASN,0.0
FASTKD1,100.0
FASTKD2,63.46153846153846
FASTKD3,96.15384615384616
FASTKD5,75.0
FAT1,21.153846153846153
FAT3,65.38461538461539
FAT4,38.46153846153847
FAU,3.8461538461538463
FBH1,65.38461538461539
FBL,1.9230769230769231
FBLIM1,5.769230769230769
FBLL1,94.23076923076923
FBLN1,0.0
FBLN2,0.0
FBLN5,0.0
FBLN7,13.461538461538462
FBN1,0.0
FBN2,76.92307692307693
FBP1,0.0
FBP2,1.9230769230769231
FBRS,98.07692307692307
FBXL12,98.07692307692307
FBXL15,84.61538461538461
FBXL18,23.076923076923077
FBXL2,96.15384615384616
FBXL20,25.0
FBXL22,96.15384615384616
FBXL5,98.07692307692307
FBXL6,84.61538461538461
FBXL8,9.615384615384617
FBXO11,98.07692307692307
FBXO2,55.769230769230774
FBXO21,67.3076923076923
FBXO22,13.461538461538462
FBXO28,88.46153846153845
FBXO3,26.923076923076923
FBXO30,57.692307692307686
FBXO38,69.23076923076923
FBXO4,11.538461538461538
FBXO42,69.23076923076923
FBXO45,100.0
FBXO6,48.07692307692308
FBXO7,0.0
FBXO9,84.61538461538461
FBXW11,71.15384615384616
FBXW2,46.15384615384615
FBXW5,57.692307692307686
FBXW8,90.38461538461539
FBXW9,36.53846153846153
FCAR,3.8461538461538463
FCER1G,0.0
FCER2,80.76923076923077
FCF1,76.92307692307693
FCGBP,0.0
FCGR1A,0.0
FCGR2A,0.0
FCGR2B,9.615384615384617
FCGR3A,0.0
FCGR3B,9.615384615384617
FCGRT,0.0
FCHO1,88.46153846153845
FCHO2,5.769230769230769
FCHSD1,26.923076923076923
FCHSD2,28.846153846153843
FCN1,0.0
FCN2,1.9230769230769231
FCN3,0.0
FCRL5,67.3076923076923
FCRLA,92.3076923076923
FCSK,3.8461538461538463
FDFT1,59.61538461538461
FDPS,0.0
FDX1,15.384615384615385
FDX2,5.769230769230769
FDXR,3.8461538461538463
FECH,1.9230769230769231
FEM1B,61.53846153846154
FEN1,9.615384615384617
FER,17.307692307692307
FERMT1,96.15384615384616
FERMT2,1.9230769230769231
FERMT3,0.0
FES,13.461538461538462
FETUB,0.0
FEZ1,90.38461538461539
FEZ2,26.923076923076923
FGA,0.0
FGB,0.0
FGD2,36.53846153846153
FGD3,23.076923076923077
FGD4,7.6923076923076925
FGD5,11.538461538461538
FGF1,30.76923076923077
FGF2,40.38461538461539
FGF7,26.923076923076923
FGFBP2,67.3076923076923
FGFR1,34.61538461538461
FGFR1OP2,30.76923076923077
FGG,0.0
FGGY,48.07692307692308
FGL1,53.84615384615385
FGL2,0.0
FGR,9.615384615384617
FH,0.0
FHIP1B,50.0
FHIP2A,3.8461538461538463
FHIT,19.230769230769234
FHL1,0.0
FHL2,3.8461538461538463
FHL3,3.8461538461538463
FHL5,19.230769230769234
FHOD1,0.0
FIBCD1,94.23076923076923
FIBIN,32.69230769230769
FIBP,7.6923076923076925
FIG4,32.69230769230769
FIGNL1,100.0
FILIP1,40.38461538461539
FILIP1L,9.615384615384617
FIP1L1,17.307692307692307
FIS1,0.0
FITM2,26.923076923076923
FIZ1,98.07692307692307
FKBP10,0.0
FKBP11,5.769230769230769
FKBP14,46.15384615384615
FKBP15,0.0
FKBP1A,0.0
FKBP1B,96.15384615384616
FKBP2,0.0
FKBP3,0.0
FKBP4,0.0
FKBP5,0.0
FKBP7,3.8461538461538463
FKBP8,3.8461538461538463
FKBP9,1.9230769230769231
FKBPL,86.53846153846155
FKRP,69.23076923076923
FLAD1,19.230769230769234
FLCN,55.769230769230774
FLG,7.6923076923076925
FLG2,0.0
FLI1,34.61538461538461
FLII,0.0
FLNA,0.0
FLNB,0.0
FLNC,0.0
FLOT1,0.0
FLOT2,0.0
FLRT2,36.53846153846153
FLT1,19.230769230769234
FLVCR1,100.0
FLVCR2,82.6923076923077
FLYWCH2,15.384615384615385
FMC1,44.230769230769226
FMNL1,0.0
FMNL2,7.6923076923076925
FMNL3,28.846153846153843
FMO1,46.15384615384615
FMO2,67.3076923076923
FMO3,46.15384615384615
FMO4,61.53846153846154
FMOD,0.0
FMR1,13.461538461538462
FN1,0.0
FN3K,0.0
FN3KRP,0.0
FNBP1,1.9230769230769231
FNBP1L,30.76923076923077
FNBP4,55.769230769230774
FNDC1,25.0
FNDC3A,19.230769230769234
FNDC3B,15.384615384615385
FNTA,0.0
FNTB,3.8461538461538463
FOCAD,11.538461538461538
FOLH1,57.692307692307686
FOLR1,98.07692307692307
FOLR2,0.0
FOLR3,86.53846153846155
FOS,19.230769230769234
FOSB,44.230769230769226
FOSL2,65.38461538461539
FOXC1,73.07692307692307
FOXC2,84.61538461538461
FOXJ3,94.23076923076923
FOXK1,32.69230769230769
FOXK2,100.0
FOXO1,63.46153846153846
FOXO3,94.23076923076923
FOXP1,75.0
FOXRED1,48.07692307692308
FPGS,55.769230769230774
FPGT,19.230769230769234
FPR1,26.923076923076923
FPR2,42.30769230769231
FPR3,57.692307692307686
FRG1,50.0
FRK,84.61538461538461
FRMD4A,40.38461538461539
FRMD6,44.230769230769226
FRMD8,3.8461538461538463
FRY,11.538461538461538
FRYL,11.538461538461538
FRZB,17.307692307692307
FSCN1,0.0
FSD1,96.15384615384616
FSD1L,92.3076923076923
FST,19.230769230769234
FSTL1,0.0
FSTL3,75.0
FTH1,0.0
FTL,0.0
FTO,3.8461538461538463
FTSJ1,75.0
FTSJ3,32.69230769230769
FUBP1,0.0
FUBP3,7.6923076923076925
FUCA1,0.0
FUCA2,5.769230769230769
FUNDC2,3.8461538461538463
FUS,3.8461538461538463
FUT11,50.0
FUT4,76.92307692307693
FUT8,19.230769230769234
FXN,9.615384615384617
FXR1,3.8461538461538463
FXR2,28.846153846153843
FXYD1,15.384615384615385
FXYD6,84.61538461538461
FYB1,0.0
FYCO1,7.6923076923076925
FYN,11.538461538461538
FYTTD1,48.07692307692308
FZD1,30.76923076923077
FZD7,32.69230769230769
FZD8,98.07692307692307
G3BP1,0.0
G3BP2,5.769230769230769
G6PC3,73.07692307692307
G6PD,0.0
GAA,0.0
GAB1,34.61538461538461
GABARAP,7.6923076923076925
GABARAPL1,21.153846153846153
GABARAPL2,0.0
GABPA,23.076923076923077
GABPB1,100.0
GADD45GIP1,13.461538461538462
GAK,3.8461538461538463
GAL,90.38461538461539
GAL3ST4,32.69230769230769
GALC,21.153846153846153
GALE,3.8461538461538463
GALK1,0.0
GALK2,3.8461538461538463
GALM,0.0
GALNS,1.9230769230769231
GALNT1,3.8461538461538463
GALNT10,67.3076923076923
GALNT12,36.53846153846153
GALNT16,48.07692307692308
GALNT17,98.07692307692307
GALNT18,92.3076923076923
GALNT2,0.0
GALNT4,92.3076923076923
GALNT5,44.230769230769226
GALNT6,67.3076923076923
GALNT7,21.153846153846153
GALT,3.8461538461538463
GAMT,11.538461538461538
GAN,17.307692307692307
GANAB,0.0
GANC,42.30769230769231
GAP43,17.307692307692307
GAPDH,0.0
GAPVD1,0.0
GAR1,5.769230769230769
GARS1,0.0
GART,0.0
GAS1,73.07692307692307
GAS2L1,40.38461538461539
GAS6,1.9230769230769231
GAS7,32.69230769230769
GASK1B,17.307692307692307
GATAD1,69.23076923076923
GATAD2A,9.615384615384617
GATAD2B,23.076923076923077
GATB,48.07692307692308
GATC,19.230769230769234
GATD1,5.769230769230769
GATD3;GATD3B,0.0
GATM,3.8461538461538463
GBA1,0.0
GBA2,76.92307692307693
GBE1,0.0
GBF1,1.9230769230769231
GBP1,0.0
GBP2,0.0
GBP4,23.076923076923077
GBP5,63.46153846153846
GBP7,57.692307692307686
GC,0.0
GCA,0.0
GCAT,98.07692307692307
GCC1,25.0
GCC2,26.923076923076923
GCDH,5.769230769230769
GCFC2,65.38461538461539
GCHFR,5.769230769230769
GCLC,0.0
GCLM,0.0
GCN1,0.0
GCSH,9.615384615384617
GDA,92.3076923076923
GDAP1,19.230769230769234
GDAP2,21.153846153846153
GDE1,5.769230769230769
GDF10,84.61538461538461
GDF15,84.61538461538461
GDF7,86.53846153846155
GDI1,0.0
GDI2,0.0
GDPD1,30.76923076923077
GDPD3,82.6923076923077
GDPGP1,30.76923076923077
GEM,53.84615384615385
GEMIN2,100.0
GEMIN4,50.0
GEMIN5,21.153846153846153
GEMIN6,92.3076923076923
GEMIN7,69.23076923076923
GEMIN8,86.53846153846155
GET1,61.53846153846154
GET3,0.0
GET4,3.8461538461538463
GFAP,73.07692307692307
GFER,40.38461538461539
GFM1,9.615384615384617
GFM2,48.07692307692308
GFOD1,42.30769230769231
GFPT1,0.0
GFPT2,42.30769230769231
GFRA1,44.230769230769226
GFRA2,84.61538461538461
GFRA3,67.3076923076923
GFUS,0.0
GGA1,7.6923076923076925
GGA2,34.61538461538461
GGA3,5.769230769230769
GGACT,28.846153846153843
GGCT,0.0
GGCX,17.307692307692307
GGH,0.0
GGNBP2,71.15384615384616
GGPS1,1.9230769230769231
GGT1,0.0
GGT5,3.8461538461538463
GGT7,38.46153846153847
GGTA1,94.23076923076923
GHDC,9.615384615384617
GHITM,0.0
GID8,13.461538461538462
GIGYF1,75.0
GIGYF2,25.0
GIMAP1,1.9230769230769231
GIMAP2,71.15384615384616
GIMAP4,0.0
GIMAP5,5.769230769230769
GIMAP6,76.92307692307693
GIMAP7,7.6923076923076925
GIMAP8,7.6923076923076925
GIN1,82.6923076923077
GINM1,96.15384615384616
GINS1,100.0
GINS2,100.0
GINS3,98.07692307692307
GINS4,100.0
GIPC1,13.461538461538462
GIPC2,32.69230769230769
GIPC3,65.38461538461539
GIT1,11.538461538461538
GIT2,3.8461538461538463
GJA1,11.538461538461538
GJA4,92.3076923076923
GJA5,84.61538461538461
GJC1,84.61538461538461
GJC3,96.15384615384616
GK,3.8461538461538463
GK2,90.38461538461539
GKAP1,88.46153846153845
GKN1,86.53846153846155
GLA,1.9230769230769231
GLB1,0.0
GLCCI1,80.76923076923077
GLCE,51.92307692307693
GLDN,86.53846153846155
GLE1,30.76923076923077
GLG1,1.9230769230769231
GLIPR1,28.846153846153843
GLIPR2,0.0
GLMN,13.461538461538462
GLMP,9.615384615384617
GLO1,0.0
GLOD4,0.0
GLRX,0.0
GLRX2,94.23076923076923
GLRX3,0.0
GLRX5,1.9230769230769231
GLS,0.0
GLT8D1,23.076923076923077
GLT8D2,51.92307692307693
GLTP,3.8461538461538463
GLUD1,0.0
GLUL,0.0
GLYAT,80.76923076923077
GLYR1,57.692307692307686
GM2A,0.0
GMDS,0.0
GMEB1,65.38461538461539
GMEB2,69.23076923076923
GMFB,0.0
GMFG,0.0
GMIP,1.9230769230769231
GMPPA,0.0
GMPPB,0.0
GMPR,0.0
GMPR2,0.0
GMPS,0.0
GNA11,3.8461538461538463
GNA12,44.230769230769226
GNA13,0.0
GNA14,13.461538461538462
GNA15,42.30769230769231
GNAI1,7.6923076923076925
GNAI2,0.0
GNAI3,0.0
GNAO1,9.615384615384617
GNAQ,0.0
GNAS,0.0
GNAZ,13.461538461538462
GNB1,0.0
GNB1L,61.53846153846154
GNB2,0.0
GNB4,0.0
GNB5,65.38461538461539
GNE,25.0
GNG10,84.61538461538461
GNG11,13.461538461538462
GNG12,1.9230769230769231
GNG2,0.0
GNG4,69.23076923076923
GNG5,1.9230769230769231
GNG7,15.384615384615385
GNGT2,88.46153846153845
GNL1,1.9230769230769231
GNL2,90.38461538461539
GNL3,30.76923076923077
GNL3L,82.6923076923077
GNPAT,7.6923076923076925
GNPDA1,0.0
GNPDA2,0.0
GNPNAT1,0.0
GNPTAB,84.61538461538461
GNPTG,21.153846153846153
GNS,0.0
GOLGA1,34.61538461538461
GOLGA2,1.9230769230769231
GOLGA3,1.9230769230769231
GOLGA4,17.307692307692307
GOLGA5,11.538461538461538
GOLGA7,9.615384615384617
GOLGB1,5.769230769230769
GOLIM4,3.8461538461538463
GOLM1,38.46153846153847
GOLM2,7.6923076923076925
GOLPH3,1.9230769230769231
GOLPH3L,15.384615384615385
GOLT1B,1.9230769230769231
GON7,5.769230769230769
GOPC,9.615384615384617
GORAB,88.46153846153845
GORASP1,44.230769230769226
GORASP2,1.9230769230769231
GOSR1,17.307692307692307
GOSR2,3.8461538461538463
GOT1,0.0
GOT2,0.0
GP1BA,0.0
GP1BB,0.0
GP5,1.9230769230769231
GP6,0.0
GP9,1.9230769230769231
GPAA1,25.0
GPALPP1,73.07692307692307
GPAM,34.61538461538461
GPAT3,38.46153846153847
GPAT4,48.07692307692308
GPATCH11,53.84615384615385
GPATCH4,98.07692307692307
GPATCH8,63.46153846153846
GPC1,1.9230769230769231
GPC4,5.769230769230769
GPC6,3.8461538461538463
GPCPD1,11.538461538461538
GPD1,9.615384615384617
GPD1L,5.769230769230769
GPD2,0.0
GPHN,3.8461538461538463
GPI,0.0
GPKOW,28.846153846153843
GPLD1,0.0
GPM6A,88.46153846153845
GPM6B,71.15384615384616
GPN1,11.538461538461538
GPN2,96.15384615384616
GPN3,53.84615384615385
GPNMB,0.0
GPR107,30.76923076923077
GPR108,67.3076923076923
GPR137B,73.07692307692307
GPR176,69.23076923076923
GPR180,25.0
GPR183,71.15384615384616
GPR68,78.84615384615384
GPR84,88.46153846153845
GPR89A;GPR89B,32.69230769230769
GPRC5A,98.07692307692307
GPRIN3,46.15384615384615
GPS1,0.0
GPS2,80.76923076923077
GPSM1,84.61538461538461
GPSM3,9.615384615384617
GPT,34.61538461538461
GPT2,80.76923076923077
GPX1,0.0
GPX3,0.0
GPX4,0.0
GPX7,7.6923076923076925
GPX8,1.9230769230769231
GRAMD1A,71.15384615384616
GRAMD1B,100.0
GRAMD2B,40.38461538461539
GRAMD4,21.153846153846153
GRAP,75.0
GRAP2,21.153846153846153
GRB10,90.38461538461539
GRB2,0.0
GREM1,50.0
GRHPR,0.0
GRIA1,90.38461538461539
GRIA2,88.46153846153845
GRIK3,88.46153846153845
GRIPAP1,1.9230769230769231
GRK2,1.9230769230769231
GRK3,69.23076923076923
GRK4,88.46153846153845
GRK5,23.076923076923077
GRK6,7.6923076923076925
GRN,0.0
GRP,94.23076923076923
GRPEL1,0.0
GRPEL2,94.23076923076923
GRSF1,32.69230769230769
GRTP1,96.15384615384616
GRWD1,17.307692307692307
GSDMA,21.153846153846153
GSDMD,1.9230769230769231
GSDME,1.9230769230769231
GSE1,100.0
GSK3A,15.384615384615385
GSK3B,3.8461538461538463
GSKIP,61.53846153846154
GSN,0.0
GSN;cRAP-GSN,0.0
GSPT1,0.0
GSPT2,13.461538461538462
GSR,0.0
GSS,0.0
GSTA2,98.07692307692307
GSTA4,86.53846153846155
GSTCD,82.6923076923077
GSTK1,0.0
GSTM1,25.0
GSTM2,0.0
GSTM3,0.0
GSTM4,28.846153846153843
GSTM5,23.076923076923077
GSTO1,0.0
GSTP1;cRAP-GSTP1,0.0
GSTT1,7.6923076923076925
GSTT2;GSTT2B,25.0
GSTZ1,5.769230769230769
GTDC1,25.0
GTF2A1,17.307692307692307
GTF2A2,44.230769230769226
GTF2B,38.46153846153847
GTF2E1,21.153846153846153
GTF2E2,69.23076923076923
GTF2F1,13.461538461538462
GTF2F2,34.61538461538461
GTF2H1,55.769230769230774
GTF2H2;GTF2H2C,55.769230769230774
GTF2H3,55.769230769230774
GTF2H4,67.3076923076923
GTF2H5,100.0
GTF2I,5.769230769230769
GTF3C1,30.76923076923077
GTF3C2,65.38461538461539
GTF3C3,36.53846153846153
GTF3C4,23.076923076923077
GTF3C5,13.461538461538462
GTF3C6,90.38461538461539
GTPBP1,0.0
GTPBP10,51.92307692307693
GTPBP2,11.538461538461538
GTPBP3,78.84615384615384
GTPBP4,28.846153846153843
GTPBP6,76.92307692307693
GTPBP8,94.23076923076923
GTSE1,100.0
GUCY1A1,1.9230769230769231
GUCY1A2,67.3076923076923
GUCY1B1,3.8461538461538463
GUF1,61.53846153846154
GUK1,0.0
GULP1,38.46153846153847
GUSB,0.0
GXYLT1,23.076923076923077
GXYLT2,55.769230769230774
GYG1,0.0
GYG2,65.38461538461539
GYPA,0.0
GYPC,100.0
GYS1,0.0
GZMA,32.69230769230769
GZMK,26.923076923076923
GZMM,69.23076923076923
H1-0,1.9230769230769231
H1-10,0.0
H1-2,0.0
H1-3,76.92307692307693
H1-4,5.769230769230769
H1-5,0.0
H2AC11;H2AC12;H2AC14;H2AJ,0.0
H2AC21,15.384615384615385
H2AC6,15.384615384615385
H2AX,0.0
H2AZ2,1.9230769230769231
H2BC11,0.0
H2BC14,0.0
H3-3A,1.9230769230769231
H3-7,1.9230769230769231
H4C1,0.0
H6PD,0.0
HAAO,5.769230769230769
HABP2,0.0
HABP4,53.84615384615385
HACD1,96.15384615384616
HACD2,42.30769230769231
HACD3,1.9230769230769231
HACD4,17.307692307692307
HACE1,23.076923076923077
HACL1,30.76923076923077
HADH,0.0
HADHA,0.0
HADHB,0.0
HAGH,0.0
HAL,71.15384615384616
HAMP,78.84615384615384
HAPLN1,25.0
HAPLN3,9.615384615384617
HARS1;cRAP-HARS,0.0
HARS2,0.0
HAS1,94.23076923076923
HAT1,13.461538461538462
HAUS1,96.15384615384616
HAUS2,94.23076923076923
HAUS3,80.76923076923077
HAUS4,61.53846153846154
HAUS5,86.53846153846155
HAUS6,90.38461538461539
HAUS7,100.0
HAUS8,98.07692307692307
HAVCR2,67.3076923076923
HAX1,57.692307692307686
HBA1;cRAP-HBA1,0.0
HBB;cRAP-HBB,0.0
HBD,0.0
HBE1,0.0
HBG1,0.0
HBG2,0.0
HBM,9.615384615384617
HBQ1,0.0
HBS1L,9.615384615384617
HBZ,5.769230769230769
HCCS,13.461538461538462
HCFC1,3.8461538461538463
HCFC2,40.38461538461539
HCK,0.0
HCLS1,0.0
HDAC1,3.8461538461538463
HDAC2,11.538461538461538
HDAC3,46.15384615384615
HDAC4,13.461538461538462
HDAC5,36.53846153846153
HDAC6,11.538461538461538
HDAC7,21.153846153846153
HDAC8,96.15384615384616
HDDC2,1.9230769230769231
HDDC3,1.9230769230769231
HDGF,0.0
HDGFL2,9.615384615384617
HDGFL3,9.615384615384617
HDHD2,0.0
HDHD3,13.461538461538462
HDHD5,7.6923076923076925
HDLBP,0.0
HEATR1,23.076923076923077
HEATR3,25.0
HEATR5A,34.61538461538461
HEATR5B,13.461538461538462
HEATR6,71.15384615384616
HEBP1,0.0
HEBP2,0.0
HECA,44.230769230769226
HECTD1,9.615384615384617
HECTD3,0.0
HECTD4,57.692307692307686
HEG1,17.307692307692307
HELLS,86.53846153846155
HELZ,80.76923076923077
HELZ2,75.0
HEPACAM,65.38461538461539
HEPH,21.153846153846153
HERC1,55.769230769230774
HERC2,67.3076923076923
HERC4,1.9230769230769231
HERC5,98.07692307692307
HERPUD1,42.30769230769231
HEXA,0.0
HEXB,0.0
HEXIM1,26.923076923076923
HFE,11.538461538461538
HGD,100.0
HGF,21.153846153846153
HGFAC,0.0
HGH1,15.384615384615385
HGS,0.0
HHIPL1,82.6923076923077
HIBADH,0.0
HIBCH,0.0
HIC1,82.6923076923077
HID1,36.53846153846153
HIDE1,44.230769230769226
HIF1AN,26.923076923076923
HIGD1A,73.07692307692307
HIKESHI,3.8461538461538463
HINT1,0.0
HINT2,0.0
HINT3,9.615384615384617
HIP1,1.9230769230769231
HIP1R,36.53846153846153
HIRA,71.15384615384616
HIRIP3,96.15384615384616
HK1,0.0
HK2,1.9230769230769231
HK3,0.0
HLA-A,0.0
HLA-B,0.0
HLA-C,0.0
HLA-DMA,75.0
HLA-DMB,1.9230769230769231
HLA-DOA,53.84615384615385
HLA-DOB,73.07692307692307
HLA-DPA1,0.0
HLA-DPB1,5.769230769230769
HLA-DQA1,11.538461538461538
HLA-DQA2,19.230769230769234
HLA-DQB1,5.769230769230769
HLA-DRA,0.0
HLA-DRB1,0.0
HLA-DRB3,15.384615384615385
HLA-DRB4,11.538461538461538
HLA-DRB5,0.0
HLA-E,3.8461538461538463
HLA-F,26.923076923076923
HLA-G,30.76923076923077
HLA-H,36.53846153846153
HLCS,65.38461538461539
HLTF,75.0
HM13,0.0
HMBOX1,73.07692307692307
HMBS,0.0
HMCES,46.15384615384615
HMCN1,28.846153846153843
HMCN2,69.23076923076923
HMG20A,38.46153846153847
HMG20B,59.61538461538461
HMGA1,7.6923076923076925
HMGB1,0.0
HMGB2,0.0
HMGB3,1.9230769230769231
HMGCL,0.0
HMGCS1,61.53846153846154
HMGN1,0.0
HMGN2,15.384615384615385
HMGN3,1.9230769230769231
HMGN4,11.538461538461538
HMGN5,17.307692307692307
HMGXB4,100.0
HMMR,96.15384615384616
HMOX1,0.0
HMOX2,7.6923076923076925
HMSD,71.15384615384616
HNMT,0.0
HNRNPA0,0.0
HNRNPA1,0.0
HNRNPA2B1,0.0
HNRNPA3,0.0
HNRNPAB,0.0
HNRNPC,0.0
HNRNPD,0.0
HNRNPDL,3.8461538461538463
HNRNPF,0.0
HNRNPH1,0.0
HNRNPH2,0.0
HNRNPH3,0.0
HNRNPK,0.0
HNRNPL,0.0
HNRNPLL,5.769230769230769
HNRNPM,0.0
HNRNPR,0.0
HNRNPU,0.0
HNRNPUL1,0.0
HNRNPUL2,0.0
HOGA1,86.53846153846155
HOMER3,23.076923076923077
HOOK1,94.23076923076923
HOOK3,0.0
HOPX,26.923076923076923
HP,0.0
HP1BP3,0.0
HPCAL1,0.0
HPCAL4,92.3076923076923
HPD,90.38461538461539
HPDL,100.0
HPF1,32.69230769230769
HPGD,63.46153846153846
HPGDS,23.076923076923077
HPR,0.0
HPRT1,0.0
HPS3,51.92307692307693
HPS5,38.46153846153847
HPS6,28.846153846153843
HPSE,7.6923076923076925
HPSE2,96.15384615384616
HPX,0.0
HRAS;cRAP-HRAS,17.307692307692307
HRC,28.846153846153843
HRG,0.0
HRNR,0.0
HS1BP3,1.9230769230769231
HS2ST1,25.0
HS6ST2,98.07692307692307
HSBP1,7.6923076923076925
HSCB,40.38461538461539
HSD11B1,36.53846153846153
HSD17B10,0.0
HSD17B11,0.0
HSD17B12,0.0
HSD17B13,90.38461538461539
HSD17B2,98.07692307692307
HSD17B4,0.0
HSD17B6,73.07692307692307
HSD17B7,38.46153846153847
HSD17B8,3.8461538461538463
HSD3B7,48.07692307692308
HSDL1,11.538461538461538
HSDL2,1.9230769230769231
HSF1,34.61538461538461
HSH2D,96.15384615384616
HSP90AA1,0.0
HSP90AA2P,86.53846153846155
HSP90AA4P,71.15384615384616
HSP90AB1,0.0
HSP90AB2P,61.53846153846154
HSP90AB4P,69.23076923076923
HSP90B1,0.0
HSPA12A,3.8461538461538463
HSPA12B,13.461538461538462
HSPA13,3.8461538461538463
HSPA14,23.076923076923077
HSPA1A;HSPA1B,0.0
HSPA1L,0.0
HSPA2,1.9230769230769231
HSPA4,0.0
HSPA4L,13.461538461538462
HSPA5,0.0
HSPA6,0.0
HSPA8,0.0
HSPA9,0.0
HSPB1,0.0
HSPB11,5.769230769230769
HSPB2,40.38461538461539
HSPB6,1.9230769230769231
HSPB7,36.53846153846153
HSPB8,26.923076923076923
HSPBAP1,88.46153846153845
HSPBP1,0.0
HSPD1,0.0
HSPE1,0.0
HSPG2,0.0
HSPH1,0.0
HTATIP2,1.9230769230769231
HTATSF1,23.076923076923077
HTRA1,0.0
HTRA2,7.6923076923076925
HTRA3,75.0
HTT,0.0
HUS1,71.15384615384616
HUWE1,0.0
HVCN1,0.0
HYAL1,36.53846153846153
HYAL2,61.53846153846154
HYCC1,7.6923076923076925
HYI,5.769230769230769
HYOU1,0.0
HYPK,19.230769230769234
IAH1,0.0
IARS1,0.0
IARS2,0.0
IBA57,11.538461538461538
IBTK,96.15384615384616
ICAM1,0.0
ICAM2,5.769230769230769
ICAM3,0.0
ICAM4,25.0
ICE2,100.0
ICMT,46.15384615384615
ICOSLG,17.307692307692307
ID1,94.23076923076923
ID3,96.15384615384616
IDE,0.0
IDH1,0.0
IDH2,0.0
IDH3A,0.0
IDH3B,1.9230769230769231
IDH3G,3.8461538461538463
IDI1,21.153846153846153
IDI2-AS1,84.61538461538461
IDNK,40.38461538461539
IDO1,86.53846153846155
IDS,40.38461538461539
IDUA,19.230769230769234
IER3IP1,40.38461538461539
IER5,34.61538461538461
IFI16,1.9230769230769231
IFI27,76.92307692307693
IFI30,3.8461538461538463
IFI35,0.0
IFI44,44.230769230769226
IFI44L,76.92307692307693
IFIH1,28.846153846153843
IFIT1,11.538461538461538
IFIT2,13.461538461538462
IFIT3,7.6923076923076925
IFIT5,0.0
IFITM2,73.07692307692307
IFITM3,0.0
IFNAR2,80.76923076923077
IFNGR1,50.0
IFRD1,96.15384615384616
IFRD2,80.76923076923077
IFT122,78.84615384615384
IFT140,34.61538461538461
IFT172,73.07692307692307
IFT20,28.846153846153843
IFT27,3.8461538461538463
IFT74,32.69230769230769
IFT81,50.0
IGBP1,0.0
IGF1,75.0
IGF1R,21.153846153846153
IGF2;cRAP-IGF2,5.769230769230769
IGF2BP1,86.53846153846155
IGF2BP2,13.461538461538462
IGF2BP3,53.84615384615385
IGF2R,0.0
IGFALS,0.0
IGFBP1,30.76923076923077
IGFBP2,5.769230769230769
IGFBP3,0.0
IGFBP4,1.9230769230769231
IGFBP5,0.0
IGFBP6,17.307692307692307
IGFBP7,0.0
IGFBPL1,94.23076923076923
IGHA1,0.0
IGHD,48.07692307692308
IGHG2,0.0
IGHG3,0.0
IGHG4,0.0
IGHM,0.0
IGHMBP2,86.53846153846155
IGHV1-18,0.0
IGHV1-2,0.0
IGHV1-24,30.76923076923077
IGHV1-3,5.769230769230769
IGHV1-45,1.9230769230769231
IGHV1-46,0.0
IGHV1-58,69.23076923076923
IGHV1-69,1.9230769230769231
IGHV1-69-2,88.46153846153845
IGHV1-69D,28.846153846153843
IGHV1-8,26.923076923076923
IGHV2-26,9.615384615384617
IGHV2-5,1.9230769230769231
IGHV2-70,67.3076923076923
IGHV2-70D,25.0
IGHV3-11,44.230769230769226
IGHV3-13,5.769230769230769
IGHV3-15,0.0
IGHV3-16,92.3076923076923
IGHV3-20,30.76923076923077
IGHV3-23,0.0
IGHV3-30;IGHV3-30-5,75.0
IGHV3-33,5.769230769230769
IGHV3-35,0.0
IGHV3-38,1.9230769230769231
IGHV3-38-3,25.0
IGHV3-43,0.0
IGHV3-48,80.76923076923077
IGHV3-49,0.0
IGHV3-53,51.92307692307693
IGHV3-64,3.8461538461538463
IGHV3-64D,0.0
IGHV3-7,0.0
IGHV3-72,3.8461538461538463
IGHV3-73,11.538461538461538
IGHV3-74,0.0
IGHV3-9,3.8461538461538463
IGHV4-28,0.0
IGHV4-30-2,75.0
IGHV4-34,23.076923076923077
IGHV4-38-2,63.46153846153846
IGHV4-39,0.0
IGHV4-4,0.0
IGHV5-10-1,0.0
IGHV5-51,0.0
IGHV6-1,0.0
IGHV7-4-1,76.92307692307693
IGHV7-81,98.07692307692307
IGHV8-51-1,90.38461538461539
IGKC,0.0
IGKJ1,13.461538461538462
IGKV1-13;IGKV1D-13,32.69230769230769
IGKV1-16,0.0
IGKV1-17,0.0
IGKV1-27,0.0
IGKV1-33;IGKV1D-33,1.9230769230769231
IGKV1-37;IGKV1D-37,51.92307692307693
IGKV1-39;IGKV1D-39,0.0
IGKV1-5,0.0
IGKV1-8,13.461538461538462
IGKV1D-16,1.9230769230769231
IGKV1D-8,67.3076923076923
IGKV2-28;IGKV2D-28,15.384615384615385
IGKV2-30,17.307692307692307
IGKV2-40;IGKV2D-40,0.0
IGKV2D-24,0.0
IGKV2D-29,0.0
IGKV2D-30,61.53846153846154
IGKV3-11,0.0
IGKV3-20,0.0
IGKV3-7,0.0
IGKV3D-15,0.0
IGKV3D-20,1.9230769230769231
IGKV4-1,0.0
IGKV5-2,73.07692307692307
IGKV6-21,0.0
IGKV6D-21,5.769230769230769
IGLC3,0.0
IGLC6,98.07692307692307
IGLC7,0.0
IGLL1,5.769230769230769
IGLV1-36,3.8461538461538463
IGLV1-40,1.9230769230769231
IGLV1-44,3.8461538461538463
IGLV1-47,0.0
IGLV1-51,0.0
IGLV10-54,61.53846153846154
IGLV2-11,3.8461538461538463
IGLV2-14,42.30769230769231
IGLV2-18,0.0
IGLV2-33,71.15384615384616
IGLV2-8,11.538461538461538
IGLV3-1,13.461538461538462
IGLV3-10,0.0
IGLV3-12,61.53846153846154
IGLV3-16,71.15384615384616
IGLV3-19,0.0
IGLV3-21,1.9230769230769231
IGLV3-25,0.0
IGLV3-27,7.6923076923076925
IGLV3-9,0.0
IGLV4-3,80.76923076923077
IGLV4-60,17.307692307692307
IGLV4-69,1.9230769230769231
IGLV5-37,57.692307692307686
IGLV5-39,88.46153846153845
IGLV5-45,5.769230769230769
IGLV5-52,94.23076923076923
IGLV6-57,1.9230769230769231
IGLV7-43,42.30769230769231
IGLV7-46,1.9230769230769231
IGLV8-61,1.9230769230769231
IGLV9-49,9.615384615384617
IGSF1,57.692307692307686
IGSF3,90.38461538461539
IGSF6,51.92307692307693
IGSF8,7.6923076923076925
IHH,80.76923076923077
IK,15.384615384615385
IKBIP,0.0
IKBKB,9.615384615384617
IKBKG,3.8461538461538463
IKZF1,69.23076923076923
IKZF3,84.61538461538461
IL13RA2,92.3076923076923
IL16,0.0
IL17B,88.46153846153845
IL18,7.6923076923076925
IL18R1,44.230769230769226
IL1A,100.0
IL1RAP,7.6923076923076925
IL1RN,44.230769230769226
IL33,26.923076923076923
IL34,48.07692307692308
IL36G,84.61538461538461
IL3RA,82.6923076923077
IL4I1,3.8461538461538463
IL6,57.692307692307686
IL6ST,17.307692307692307
ILF2,0.0
ILF3,0.0
ILK,0.0
ILKAP,13.461538461538462
ILRUN,98.07692307692307
ILVBL,1.9230769230769231
IMMT,0.0
IMP3,19.230769230769234
IMP4,73.07692307692307
IMPA1,0.0
IMPA2,63.46153846153846
IMPACT,7.6923076923076925
IMPDH1,1.9230769230769231
IMPDH2,0.0
IMUP,100.0
INA,69.23076923076923
INCENP,98.07692307692307
INF2,0.0
ING3,98.07692307692307
ING4,98.07692307692307
INHBA,17.307692307692307
INHBC,23.076923076923077
INHBE,78.84615384615384
INIP,51.92307692307693
INMT,61.53846153846154
INO80,73.07692307692307
INO80B,98.07692307692307
INO80C,73.07692307692307
INPP1,3.8461538461538463
INPP4A,23.076923076923077
INPP4B,13.461538461538462
INPP5A,9.615384615384617
INPP5B,17.307692307692307
INPP5D,0.0
INPP5K,11.538461538461538
INPPL1,1.9230769230769231
INSR,15.384615384615385
INTS1,23.076923076923077
INTS10,59.61538461538461
INTS11,44.230769230769226
INTS12,42.30769230769231
INTS13,15.384615384615385
INTS14,51.92307692307693
INTS15,78.84615384615384
INTS2,55.769230769230774
INTS3,25.0
INTS4,26.923076923076923
INTS5,30.76923076923077
INTS6,36.53846153846153
INTS7,28.846153846153843
INTS8,32.69230769230769
INTS9,38.46153846153847
IP6K1,48.07692307692308
IPO11,11.538461538461538
IPO13,13.461538461538462
IPO4,9.615384615384617
IPO5,0.0
IPO7,0.0
IPO8,19.230769230769234
IPO9,0.0
IQCB1,86.53846153846155
IQCJ-SCHIP1,96.15384615384616
IQGAP1,0.0
IQGAP2,0.0
IQGAP3,96.15384615384616
IQSEC1,9.615384615384617
IQSEC2,75.0
IRAG1,84.61538461538461
IRAG2,19.230769230769234
IRAK1,55.769230769230774
IRAK3,30.76923076923077
IRAK4,11.538461538461538
IREB2,21.153846153846153
IRF2BP1,23.076923076923077
IRF2BP2,15.384615384615385
IRF2BPL,9.615384615384617
IRF3,13.461538461538462
IRF4,65.38461538461539
IRF5,34.61538461538461
IRF8,63.46153846153846
IRF9,76.92307692307693
IRGQ,3.8461538461538463
IRS1,69.23076923076923
IRS2,63.46153846153846
ISCA1,55.769230769230774
ISCA2,26.923076923076923
ISCU,5.769230769230769
ISG15,0.0
ISG20,7.6923076923076925
ISG20L2,98.07692307692307
ISLR,0.0
ISLR2,96.15384615384616
ISOC1,0.0
ISOC2,11.538461538461538
IST1,0.0
ISY1,28.846153846153843
ISYNA1,3.8461538461538463
ITCH,11.538461538461538
ITFG1,11.538461538461538
ITFG2,84.61538461538461
ITGA1,1.9230769230769231
ITGA10,75.0
ITGA11,11.538461538461538
ITGA2,0.0
ITGA2B,0.0
ITGA3,1.9230769230769231
ITGA4,11.538461538461538
ITGA5,0.0
ITGA6,0.0
ITGA7,7.6923076923076925
ITGA8,26.923076923076923
ITGA9,7.6923076923076925
ITGAL,0.0
ITGAM,0.0
ITGAV,0.0
ITGAX,0.0
ITGB1,0.0
ITGB1BP2,92.3076923076923
ITGB2,0.0
ITGB3,0.0
ITGB4,13.461538461538462
ITGB5,1.9230769230769231
ITGB6,11.538461538461538
ITGB7,67.3076923076923
ITGB8,65.38461538461539
ITGBL1,15.384615384615385
ITIH1,0.0
ITIH2,0.0
ITIH3,0.0
ITIH4,0.0
ITIH5,5.769230769230769
ITLN1,48.07692307692308
ITM2B,0.0
ITM2C,84.61538461538461
ITPA,3.8461538461538463
ITPK1,36.53846153846153
ITPKC,94.23076923076923
ITPR1,1.9230769230769231
ITPR2,3.8461538461538463
ITPR3,19.230769230769234
ITPRID2,28.846153846153843
ITPRIP,17.307692307692307
ITSN1,5.769230769230769
ITSN2,1.9230769230769231
IVD,0.0
IVL,96.15384615384616
IVNS1ABP,44.230769230769226
IWS1,13.461538461538462
JADE2,98.07692307692307
JADE3,100.0
JAG1,57.692307692307686
JAGN1,1.9230769230769231
JAK1,5.769230769230769
JAK2,28.846153846153843
JAK3,48.07692307692308
JAM2,23.076923076923077
JAM3,3.8461538461538463
JAML,51.92307692307693
JCAD,26.923076923076923
JCHAIN,0.0
JMJD6,25.0
JMJD7,46.15384615384615
JMJD8,88.46153846153845
JMY,86.53846153846155
JPH2,32.69230769230769
JPT1,1.9230769230769231
JPT2,3.8461538461538463
JSRP1,82.6923076923077
JTB,26.923076923076923
JUN,26.923076923076923
JUNB,21.153846153846153
JUND,48.07692307692308
JUP,0.0
KALRN,13.461538461538462
KANK1,32.69230769230769
KANK2,3.8461538461538463
KANK3,21.153846153846153
KANK4,36.53846153846153
KANSL2,94.23076923076923
KARS1,0.0
KAT5,100.0
KAT6A,84.61538461538461
KAT7,34.61538461538461
KAT8,90.38461538461539
KATNA1,76.92307692307693
KATNAL1,51.92307692307693
KATNB1,75.0
KAZN,96.15384615384616
KBTBD11,7.6923076923076925
KBTBD2,55.769230769230774
KBTBD4,92.3076923076923
KBTBD6,92.3076923076923
KCMF1,44.230769230769226
KCNA2,88.46153846153845
KCNAB1,28.846153846153843
KCNAB2,0.0
KCNJ5,78.84615384615384
KCNK17,96.15384615384616
KCNK6,67.3076923076923
KCNMA1,38.46153846153847
KCNMB1,71.15384615384616
KCNN4,59.61538461538461
KCT2,50.0
KCTD10,25.0
KCTD12,0.0
KCTD15,98.07692307692307
KCTD21,32.69230769230769
KCTD5,78.84615384615384
KCTD9,75.0
KDELR1,44.230769230769226
KDELR2,19.230769230769234
KDELR3,44.230769230769226
KDM1A,21.153846153846153
KDM1B,61.53846153846154
KDM2A,25.0
KDM2B,94.23076923076923
KDM3A,90.38461538461539
KDM3B,17.307692307692307
KDM4B,100.0
KDM5A,57.692307692307686
KDM5C,86.53846153846155
KDSR,3.8461538461538463
KEAP1,40.38461538461539
KEL,5.769230769230769
KHDC4,98.07692307692307
KHDRBS1,0.0
KHDRBS3,34.61538461538461
KHK,71.15384615384616
KHNYN,46.15384615384615
KHSRP,0.0
KIAA0040,98.07692307692307
KIAA0319L,63.46153846153846
KIAA0513,69.23076923076923
KIAA0930,25.0
KIAA1143,36.53846153846153
KIAA1191,46.15384615384615
KIAA1217,15.384615384615385
KIAA1522,82.6923076923077
KIAA1671,15.384615384615385
KIAA2013,46.15384615384615
KIDINS220,50.0
KIF11,96.15384615384616
KIF13A,26.923076923076923
KIF13B,1.9230769230769231
KIF14,100.0
KIF15,100.0
KIF16B,84.61538461538461
KIF18B,100.0
KIF1A,21.153846153846153
KIF1B,32.69230769230769
KIF1C,42.30769230769231
KIF20A,100.0
KIF21A,50.0
KIF22,100.0
KIF23,100.0
KIF2A,1.9230769230769231
KIF2C,100.0
KIF3A,26.923076923076923
KIF3B,44.230769230769226
KIF4A,94.23076923076923
KIF5A,80.76923076923077
KIF5B,0.0
KIF5C,78.84615384615384
KIFAP3,53.84615384615385
KIFBP,15.384615384615385
KIFC1,92.3076923076923
KIFC3,98.07692307692307
KIN,88.46153846153845
KIRREL1,13.461538461538462
KIT,75.0
KLC1,0.0
KLC2,36.53846153846153
KLC4,7.6923076923076925
KLF13,98.07692307692307
KLF4,86.53846153846155
KLF5,86.53846153846155
KLHDC4,55.769230769230774
KLHL20,84.61538461538461
KLHL21,88.46153846153845
KLHL22,36.53846153846153
KLHL26,88.46153846153845
KLHL36,94.23076923076923
KLHL4,80.76923076923077
KLHL42,28.846153846153843
KLHL9,61.53846153846154
KLK10,73.07692307692307
KLK7,98.07692307692307
KLK9,100.0
KLKB1,0.0
KMO,65.38461538461539
KMT2A,53.84615384615385
KNG1,0.0
KNL1,100.0
KNOP1,100.0
KNTC1,80.76923076923077
KPNA1,11.538461538461538
KPNA2,23.076923076923077
KPNA3,0.0
KPNA4,0.0
KPNA6,0.0
KPNB1,0.0
KPRP,3.8461538461538463
KPTN,57.692307692307686
KRAS,0.0
KRI1,69.23076923076923
KRIT1,55.769230769230774
KRR1,38.46153846153847
KRT10;cRAP-KRT10,0.0
KRT13,0.0
KRT14,0.0
KRT16,0.0
KRT17,0.0
KRT18,11.538461538461538
KRT19,3.8461538461538463
KRT1;cRAP-KRT1,0.0
KRT23,17.307692307692307
KRT27,0.0
KRT28,3.8461538461538463
KRT2;cRAP-KRT2,0.0
KRT3,1.9230769230769231
KRT31;cRAP-KRT31,80.76923076923077
KRT33B;cRAP-KRT33B,86.53846153846155
KRT34;cRAP-KRT34,88.46153846153845
KRT36;cRAP-KRT36,86.53846153846155
KRT4,78.84615384615384
KRT5,0.0
KRT6A,0.0
KRT6B,0.0
KRT7,17.307692307692307
KRT71,94.23076923076923
KRT73,1.9230769230769231
KRT75,1.9230769230769231
KRT76,0.0
KRT77,0.0
KRT78,0.0
KRT79,73.07692307692307
KRT8,0.0
KRT80,1.9230769230769231
KRT84;cRAP-KRT84,80.76923076923077
KRT85;cRAP-KRT85,92.3076923076923
KRT86;cRAP-KRT86,88.46153846153845
KRT9;cRAP-KRT9,0.0
KRTAP11-1,98.07692307692307
KRTCAP2,1.9230769230769231
KRTDAP,75.0
KTI12,78.84615384615384
KTN1,0.0
KXD1,15.384615384615385
KYAT1,23.076923076923077
KYAT3,3.8461538461538463
KYNU,7.6923076923076925
L1CAM,30.76923076923077
L2HGDH,23.076923076923077
L3HYPDH,1.9230769230769231
L3MBTL2,96.15384615384616
L3MBTL3,96.15384615384616
LACC1,57.692307692307686
LACRT,92.3076923076923
LACTB,0.0
LACTB2,0.0
LAGE3,46.15384615384615
LAIR1,21.153846153846153
LAMA2,11.538461538461538
LAMA3,59.61538461538461
LAMA4,0.0
LAMA5,1.9230769230769231
LAMB1,0.0
LAMB2,1.9230769230769231
LAMB3,98.07692307692307
LAMC1,0.0
LAMP1,0.0
LAMP2,0.0
LAMP5,92.3076923076923
LAMTOR1,0.0
LAMTOR2,0.0
LAMTOR3,1.9230769230769231
LAMTOR4,30.76923076923077
LAMTOR5,11.538461538461538
LANCL1,0.0
LANCL2,5.769230769230769
LAP3,0.0
LAPTM5,32.69230769230769
LARP1,9.615384615384617
LARP4,50.0
LARP4B,32.69230769230769
LARP6,84.61538461538461
LARP7,21.153846153846153
LARS1,0.0
LARS2,9.615384615384617
LAS1L,40.38461538461539
LASP1,0.0
LAT,63.46153846153846
LAT2,71.15384615384616
LAX1,82.6923076923077
LAYN,94.23076923076923
LBH,50.0
LBP,0.0
LBR,0.0
LCAT,5.769230769230769
LCK,46.15384615384615
LCLAT1,11.538461538461538
LCMT1,9.615384615384617
LCMT2,90.38461538461539
LCN1,55.769230769230774
LCN2,0.0
LCP1,0.0
LCP2,1.9230769230769231
LDAF1,30.76923076923077
LDAH,7.6923076923076925
LDB1,63.46153846153846
LDB3,84.61538461538461
LDHA,0.0
LDHAL6B,25.0
LDHB,0.0
LDHD,23.076923076923077
LDLR,40.38461538461539
LDLRAP1,26.923076923076923
LEAP2,82.6923076923077
LECT2,5.769230769230769
LEFTY2,84.61538461538461
LEMD2,3.8461538461538463
LEMD3,11.538461538461538
LENG1,92.3076923076923
LENG8,61.53846153846154
LENG9,78.84615384615384
LEO1,38.46153846153847
LEP;cRAP-LEP,67.3076923076923
LEPR,69.23076923076923
LEPROT,21.153846153846153
LEPROTL1,100.0
LETM1,1.9230769230769231
LETMD1,42.30769230769231
LFNG,53.84615384615385
LGALS1,0.0
LGALS12,69.23076923076923
LGALS3,0.0
LGALS3BP,0.0
LGALS7,36.53846153846153
LGALS8,9.615384615384617
LGALS9,0.0
LGALSL,0.0
LGI1,100.0
LGI4,94.23076923076923
LGMN,0.0
LGR6,96.15384615384616
LHFPL2,71.15384615384616
LHFPL6,25.0
LHPP,0.0
LIFR,90.38461538461539
LIG1,69.23076923076923
LIG3,15.384615384615385
LIG4,30.76923076923077
LILRA1,94.23076923076923
LILRA3,59.61538461538461
LILRA5,78.84615384615384
LILRA6,23.076923076923077
LILRB1,59.61538461538461
LILRB2,0.0
LILRB4,25.0
LILRB5,23.076923076923077
LIMA1,1.9230769230769231
LIMCH1,11.538461538461538
LIMD1,15.384615384615385
LIMD2,15.384615384615385
LIME1,92.3076923076923
LIMK2,82.6923076923077
LIMS1,0.0
LIMS2,26.923076923076923
LIN54,86.53846153846155
LIN7A,50.0
LIN7C,9.615384615384617
LIN9,55.769230769230774
LIPA,0.0
LIPC,25.0
LIPE,25.0
LIPG,98.07692307692307
LITAF,48.07692307692308
LIX1L,61.53846153846154
LLGL1,17.307692307692307
LLGL2,100.0
LLPH,57.692307692307686
LMAN1,0.0
LMAN2,0.0
LMAN2L,11.538461538461538
LMBR1,78.84615384615384
LMBRD1,36.53846153846153
LMBRD2,38.46153846153847
LMCD1,1.9230769230769231
LMF1,38.46153846153847
LMF2,3.8461538461538463
LMNA,0.0
LMNB1,0.0
LMNB2,0.0
LMO7,55.769230769230774
LMOD1,5.769230769230769
LMTK2,59.61538461538461
LNPEP,0.0
LNPK,0.0
LONP1,0.0
LONP2,65.38461538461539
LOX,11.538461538461538
LOXL1,28.846153846153843
LOXL2,19.230769230769234
LOXL3,17.307692307692307
LOXL4,63.46153846153846
LPA,1.9230769230769231
LPAR1,13.461538461538462
LPCAT1,1.9230769230769231
LPCAT2,0.0
LPCAT3,1.9230769230769231
LPCAT4,30.76923076923077
LPGAT1,3.8461538461538463
LPIN1,46.15384615384615
LPIN2,11.538461538461538
LPL,26.923076923076923
LPP,1.9230769230769231
LPXN,25.0
LRBA,1.9230769230769231
LRCH1,13.461538461538462
LRCH3,26.923076923076923
LRCH4,7.6923076923076925
LRFN4,100.0
LRG1,0.0
LRIF1,100.0
LRIG1,28.846153846153843
LRMDA,40.38461538461539
LRP1,0.0
LRP10,51.92307692307693
LRP6,98.07692307692307
LRP8,100.0
LRPAP1,0.0
LRPPRC,0.0
LRR1,100.0
LRRC1,61.53846153846154
LRRC14,71.15384615384616
LRRC15,30.76923076923077
LRRC17,23.076923076923077
LRRC20,5.769230769230769
LRRC25,3.8461538461538463
LRRC32,13.461538461538462
LRRC40,1.9230769230769231
LRRC41,28.846153846153843
LRRC47,0.0
LRRC57,0.0
LRRC58,57.692307692307686
LRRC59,0.0
LRRC8A,13.461538461538462
LRRC8C,15.384615384615385
LRRC8D,26.923076923076923
LRRC8E,98.07692307692307
LRRFIP1,7.6923076923076925
LRRFIP2,1.9230769230769231
LRRK1,38.46153846153847
LRRK2,28.846153846153843
LRRTM1,94.23076923076923
LRSAM1,7.6923076923076925
LRWD1,48.07692307692308
LSAMP,40.38461538461539
LSG1,42.30769230769231
LSM1,30.76923076923077
LSM11,100.0
LSM12,7.6923076923076925
LSM14A,9.615384615384617
LSM14B,42.30769230769231
LSM2,1.9230769230769231
LSM3,0.0
LSM4,0.0
LSM5,1.9230769230769231
LSM6,0.0
LSM7,26.923076923076923
LSM8,3.8461538461538463
LSP1,0.0
LSR,76.92307692307693
LSS,3.8461538461538463
LST1,65.38461538461539
LTA4H,0.0
LTB4R,7.6923076923076925
LTBP1,0.0
LTBP2,0.0
LTBP3,17.307692307692307
LTBP4,3.8461538461538463
LTC4S,50.0
LTF;cRAP-LTF,0.0
LTN1,36.53846153846153
LTV1,92.3076923076923
LUC7L,3.8461538461538463
LUC7L2,1.9230769230769231
LUC7L3,5.769230769230769
LUM,0.0
LUZP1,9.615384615384617
LXN,0.0
LY6D,80.76923076923077
LY6G6F,11.538461538461538
LY6K,100.0
LY75,5.769230769230769
LY9,92.3076923076923
LY96,51.92307692307693
LYAR,15.384615384615385
LYN,1.9230769230769231
LYNX1;SLURP2,48.07692307692308
LYPLA1,0.0
LYPLA2,5.769230769230769
LYPLAL1,0.0
LYRM2,42.30769230769231
LYRM4,3.8461538461538463
LYRM7,11.538461538461538
LYRM9,75.0
LYSMD2,17.307692307692307
LYST,19.230769230769234
LYVE1,7.6923076923076925
LYZ;cRAP-LYZ,0.0
LZIC,0.0
LZTFL1,1.9230769230769231
LZTR1,50.0
LZTS2,90.38461538461539
M6PR,1.9230769230769231
MACF1,9.615384615384617
MACO1,46.15384615384615
MACROD1,7.6923076923076925
MACROD2,59.61538461538461
MACROH2A1,0.0
MACROH2A2,5.769230769230769
MAD1L1,17.307692307692307
MAD2L1,84.61538461538461
MAD2L1BP,100.0
MADD,57.692307692307686
MAEA,15.384615384615385
MAF1,75.0
MAFB,80.76923076923077
MAFF,61.53846153846154
MAFG,48.07692307692308
MAFK,100.0
MAG,78.84615384615384
MAGED2,23.076923076923077
MAGI1,50.0
MAGI3,88.46153846153845
MAGOH,1.9230769230769231
MAGOHB,67.3076923076923
MAGT1,3.8461538461538463
MAIP1,13.461538461538462
MAK16,42.30769230769231
MAL2,23.076923076923077
MALSU1,98.07692307692307
MALT1,48.07692307692308
MAMDC2,15.384615384615385
MAN1A1,0.0
MAN1A2,42.30769230769231
MAN1B1,30.76923076923077
MAN1C1,34.61538461538461
MAN2A1,0.0
MAN2A2,3.8461538461538463
MAN2B1,0.0
MAN2B2,9.615384615384617
MAN2C1,0.0
MANBA,1.9230769230769231
MANBAL,48.07692307692308
MANEA,78.84615384615384
MANF,0.0
MANSC1,94.23076923076923
MAOA,1.9230769230769231
MAOB,0.0
MAP1A,7.6923076923076925
MAP1B,1.9230769230769231
MAP1LC3A,0.0
MAP1LC3B;MAP1LC3B2,15.384615384615385
MAP1S,0.0
MAP2,15.384615384615385
MAP2K1,0.0
MAP2K2,0.0
MAP2K3,1.9230769230769231
MAP2K4,3.8461538461538463
MAP2K6,26.923076923076923
MAP2K7,53.84615384615385
MAP3K2,36.53846153846153
MAP3K20,11.538461538461538
MAP3K4,63.46153846153846
MAP3K5,34.61538461538461
MAP3K6,38.46153846153847
MAP3K7,53.84615384615385
MAP3K7CL,88.46153846153845
MAP3K8,73.07692307692307
MAP4,0.0
MAP4K1,57.692307692307686
MAP4K2,63.46153846153846
MAP4K3,50.0
MAP4K4,3.8461538461538463
MAP4K5,11.538461538461538
MAP6,50.0
MAP7,94.23076923076923
MAP7D1,9.615384615384617
MAP7D2,94.23076923076923
MAP7D3,65.38461538461539
MAPK1,0.0
MAPK11,67.3076923076923
MAPK12,84.61538461538461
MAPK13,36.53846153846153
MAPK14,0.0
MAPK15,76.92307692307693
MAPK1IP1L,9.615384615384617
MAPK3,0.0
MAPK4,82.6923076923077
MAPK7,67.3076923076923
MAPK8,40.38461538461539
MAPK8IP3,84.61538461538461
MAPK9,1.9230769230769231
MAPKAP1,67.3076923076923
MAPKAPK2,7.6923076923076925
MAPKAPK3,88.46153846153845
MAPKAPK5,73.07692307692307
MAPRE1,0.0
MAPRE2,0.0
MAPRE3,13.461538461538462
MAPT,34.61538461538461
MAPT;cRAP-MAPT,53.84615384615385
MARCHF5,25.0
MARCHF6,98.07692307692307
MARCKS,0.0
MARCKSL1,1.9230769230769231
MARCO,15.384615384615385
MARF1,75.0
MARK1,69.23076923076923
MARK2,3.8461538461538463
MARK3,11.538461538461538
MARS1,0.0
MARS2,63.46153846153846
MARVELD1,65.38461538461539
MASP1,0.0
MASP2,5.769230769230769
MAST3,40.38461538461539
MAST4,40.38461538461539
MASTL,96.15384615384616
MAT1A,98.07692307692307
MAT2A,0.0
MAT2B,0.0
MATN2,5.769230769230769
MATN3,69.23076923076923
MATN4,76.92307692307693
MATR3,0.0
MAU2,36.53846153846153
MAVS,0.0
MAX,34.61538461538461
MAZ,30.76923076923077
MB21D2,76.92307692307693
MB;cRAP-MB,88.46153846153845
MBD1,30.76923076923077
MBD2,25.0
MBD3,73.07692307692307
MBD4,94.23076923076923
MBL2,11.538461538461538
MBLAC1,73.07692307692307
MBLAC2,7.6923076923076925
MBNL1,17.307692307692307
MBNL2,96.15384615384616
MBNL3,100.0
MBOAT2,15.384615384615385
MBOAT7,0.0
MBP,30.76923076923077
MCAM,0.0
MCAT,21.153846153846153
MCC,63.46153846153846
MCCC1,5.769230769230769
MCCC2,3.8461538461538463
MCEE,9.615384615384617
MCEMP1,11.538461538461538
MCF2L,67.3076923076923
MCFD2,26.923076923076923
MCL1,38.46153846153847
MCM2,42.30769230769231
MCM3,17.307692307692307
MCM3AP,44.230769230769226
MCM4,67.3076923076923
MCM5,34.61538461538461
MCM6,65.38461538461539
MCM7,42.30769230769231
MCMBP,13.461538461538462
MCRIP1,13.461538461538462
MCRIP2,100.0
MCRS1,71.15384615384616
MCTS1,3.8461538461538463
MCU,1.9230769230769231
MCUB,53.84615384615385
MCUR1,30.76923076923077
MDC1,46.15384615384615
MDFIC,51.92307692307693
MDGA1,94.23076923076923
MDH1,0.0
MDH2,0.0
MDK,25.0
MDM1,78.84615384615384
MDN1,73.07692307692307
MDP1,1.9230769230769231
ME1,0.0
ME2,0.0
ME3,17.307692307692307
MEA1,51.92307692307693
MEAF6,40.38461538461539
MEAK7,9.615384615384617
MECP2,1.9230769230769231
MECR,15.384615384615385
MED1,30.76923076923077
MED10,36.53846153846153
MED12,59.61538461538461
MED13,100.0
MED14,59.61538461538461
MED15,42.30769230769231
MED16,34.61538461538461
MED17,84.61538461538461
MED18,44.230769230769226
MED20,55.769230769230774
MED21,59.61538461538461
MED22,71.15384615384616
MED23,26.923076923076923
MED24,55.769230769230774
MED25,59.61538461538461
MED26,84.61538461538461
MED27,88.46153846153845
MED28,78.84615384615384
MED29,57.692307692307686
MED30,26.923076923076923
MED31,98.07692307692307
MED4,36.53846153846153
MED6,73.07692307692307
MED8,96.15384615384616
MEDAG,50.0
MEF2C,46.15384615384615
MEF2D,23.076923076923077
MEGF6,61.53846153846154
MEGF9,51.92307692307693
MEIS1,71.15384615384616
MELTF,34.61538461538461
MEMO1,3.8461538461538463
MEN1,55.769230769230774
MENT,59.61538461538461
MEOX2,65.38461538461539
MEPCE,50.0
MERTK,84.61538461538461
MESD,0.0
MEST,65.38461538461539
MET,34.61538461538461
METAP1,7.6923076923076925
METAP1D,100.0
METAP2,0.0
METRNL,59.61538461538461
METTL1,59.61538461538461
METTL13,21.153846153846153
METTL14,46.15384615384615
METTL15,55.769230769230774
METTL16,25.0
METTL17,59.61538461538461
METTL18,94.23076923076923
METTL21A,100.0
METTL25B,100.0
METTL26,9.615384615384617
METTL3,25.0
METTL5,55.769230769230774
METTL7A,0.0
METTL7B,57.692307692307686
METTL9,65.38461538461539
MFAP1,40.38461538461539
MFAP2,3.8461538461538463
MFAP4,3.8461538461538463
MFAP5,1.9230769230769231
MFF,21.153846153846153
MFGE8,0.0
MFN1,7.6923076923076925
MFN2,5.769230769230769
MFNG,51.92307692307693
MFSD1,13.461538461538462
MFSD10,3.8461538461538463
MFSD12,100.0
MFSD3,80.76923076923077
MFSD6,65.38461538461539
MGA,75.0
MGAM,11.538461538461538
MGARP,82.6923076923077
MGAT1,0.0
MGAT2,5.769230769230769
MGAT4A,69.23076923076923
MGAT5,46.15384615384615
MGLL,0.0
MGME1,36.53846153846153
MGMT,3.8461538461538463
MGP,0.0
MGRN1,86.53846153846155
MGST1,3.8461538461538463
MGST2,1.9230769230769231
MGST3,0.0
MIA2,5.769230769230769
MIA3,3.8461538461538463
MIB1,53.84615384615385
MICA,100.0
MICAL1,0.0
MICAL2,15.384615384615385
MICAL3,15.384615384615385
MICALL1,46.15384615384615
MICALL2,23.076923076923077
MICOS10,28.846153846153843
MICOS13,50.0
MICU1,23.076923076923077
MICU2,42.30769230769231
MICU3,67.3076923076923
MID1,13.461538461538462
MID1IP1,98.07692307692307
MID2,80.76923076923077
MIDEAS,40.38461538461539
MIEF1,78.84615384615384
MIEN1,3.8461538461538463
MIER1,28.846153846153843
MIF,0.0
MIF4GD,19.230769230769234
MIGA2,92.3076923076923
MINDY1,17.307692307692307
MINDY2,32.69230769230769
MINDY3,0.0
MINK1,17.307692307692307
MINPP1,1.9230769230769231
MIOS,15.384615384615385
MIPEP,23.076923076923077
MIS12,73.07692307692307
MIS18BP1,100.0
MISP,100.0
MITD1,100.0
MIX23,3.8461538461538463
MKI67,96.15384615384616
MKLN1,59.61538461538461
MKNK1,42.30769230769231
MKRN1,94.23076923076923
MKRN2,38.46153846153847
MLEC,0.0
MLF2,26.923076923076923
MLH1,75.0
MLIP,84.61538461538461
MLKL,11.538461538461538
MLLT1,55.769230769230774
MLLT3,100.0
MLLT6,94.23076923076923
MLST8,19.230769230769234
MLX,46.15384615384615
MLYCD,9.615384615384617
MMAA,13.461538461538462
MMAB,9.615384615384617
MME,15.384615384615385
MMGT1,28.846153846153843
MMP1,25.0
MMP11,76.92307692307693
MMP12,11.538461538461538
MMP13,76.92307692307693
MMP14,0.0
MMP15,90.38461538461539
MMP19,13.461538461538462
MMP2,0.0
MMP23B,50.0
MMP25,59.61538461538461
MMP7,25.0
MMP8,0.0
MMP9,0.0
MMRN1,0.0
MMRN2,0.0
MMS19,11.538461538461538
MMS22L,98.07692307692307
MMTAG2,82.6923076923077
MMUT,1.9230769230769231
MNAT1,48.07692307692308
MNDA,0.0
MOB1A;MOB1B,1.9230769230769231
MOB2,5.769230769230769
MOB3A,46.15384615384615
MOB3C,32.69230769230769
MOB4,17.307692307692307
MOCOS,98.07692307692307
MOCS1,23.076923076923077
MOCS2,11.538461538461538
MOCS3,25.0
MOGS,0.0
MON1A,51.92307692307693
MON1B,40.38461538461539
MON2,5.769230769230769
MORC2,71.15384615384616
MORC3,19.230769230769234
MORF4L1,23.076923076923077
MOSPD1,98.07692307692307
MOSPD2,0.0
MOV10,23.076923076923077
MOXD1,25.0
MPC1,36.53846153846153
MPC2,9.615384615384617
MPDU1,0.0
MPDZ,53.84615384615385
MPEG1,13.461538461538462
MPG,15.384615384615385
MPHOSPH10,69.23076923076923
MPHOSPH6,82.6923076923077
MPHOSPH8,34.61538461538461
MPI,0.0
MPIG6B,1.9230769230769231
MPO,0.0
MPP1,0.0
MPP7,25.0
MPPE1,65.38461538461539
MPPED2,92.3076923076923
MPRIP,5.769230769230769
MPST,0.0
MPV17,51.92307692307693
MPV17L2,65.38461538461539
MPZ,36.53846153846153
MPZL1,5.769230769230769
MPZL2,98.07692307692307
MR1,44.230769230769226
MRAS,19.230769230769234
MRC1,0.0
MRC2,1.9230769230769231
MRE11,0.0
MRFAP1,42.30769230769231
MRGBP,53.84615384615385
MRGPRF,23.076923076923077
MRI1,0.0
MRM1,84.61538461538461
MRM3,63.46153846153846
MROH1,17.307692307692307
MRPL1,26.923076923076923
MRPL10,71.15384615384616
MRPL11,17.307692307692307
MRPL12,1.9230769230769231
MRPL13,26.923076923076923
MRPL14,21.153846153846153
MRPL15,17.307692307692307
MRPL16,34.61538461538461
MRPL17,30.76923076923077
MRPL18,57.692307692307686
MRPL19,11.538461538461538
MRPL2,75.0
MRPL20,15.384615384615385
MRPL21,13.461538461538462
MRPL22,19.230769230769234
MRPL23,42.30769230769231
MRPL24,21.153846153846153
MRPL27,15.384615384615385
MRPL28,38.46153846153847
MRPL3,40.38461538461539
MRPL30,30.76923076923077
MRPL32,82.6923076923077
MRPL33,94.23076923076923
MRPL34,19.230769230769234
MRPL35,82.6923076923077
MRPL37,7.6923076923076925
MRPL38,15.384615384615385
MRPL39,23.076923076923077
MRPL4,17.307692307692307
MRPL40,26.923076923076923
MRPL41,25.0
MRPL42,65.38461538461539
MRPL43,25.0
MRPL44,19.230769230769234
MRPL45,25.0
MRPL46,9.615384615384617
MRPL47,30.76923076923077
MRPL48,32.69230769230769
MRPL49,7.6923076923076925
MRPL50,17.307692307692307
MRPL51,61.53846153846154
MRPL52,40.38461538461539
MRPL53,42.30769230769231
MRPL54,15.384615384615385
MRPL55,25.0
MRPL57,28.846153846153843
MRPL58,11.538461538461538
MRPL9,9.615384615384617
MRPS10,30.76923076923077
MRPS11,32.69230769230769
MRPS12,82.6923076923077
MRPS14,63.46153846153846
MRPS15,40.38461538461539
MRPS16,30.76923076923077
MRPS17,30.76923076923077
MRPS18A,32.69230769230769
MRPS18B,28.846153846153843
MRPS18C,55.769230769230774
MRPS2,28.846153846153843
MRPS21,25.0
MRPS22,11.538461538461538
MRPS23,7.6923076923076925
MRPS24,61.53846153846154
MRPS25,21.153846153846153
MRPS26,80.76923076923077
MRPS27,3.8461538461538463
MRPS28,32.69230769230769
MRPS30,48.07692307692308
MRPS31,17.307692307692307
MRPS33,34.61538461538461
MRPS34,17.307692307692307
MRPS35,19.230769230769234
MRPS36,5.769230769230769
MRPS5,57.692307692307686
MRPS6,46.15384615384615
MRPS7,28.846153846153843
MRPS9,21.153846153846153
MRRF,21.153846153846153
MRS2,86.53846153846155
MRTFA,55.769230769230774
MRTFB,40.38461538461539
MRTO4,25.0
MS4A1,53.84615384615385
MS4A6A,34.61538461538461
MSANTD2,73.07692307692307
MSH2,23.076923076923077
MSH3,59.61538461538461
MSH6,34.61538461538461
MSI2,17.307692307692307
MSL3P1,100.0
MSLN,82.6923076923077
MSMO1,51.92307692307693
MSN,0.0
MSR1,3.8461538461538463
MSRA,0.0
MSRB2,15.384615384615385
MSRB3,7.6923076923076925
MST1,0.0
MST1L,65.38461538461539
MST1R,100.0
MSTO1,67.3076923076923
MT-ATP6,0.0
MT-ATP8,3.8461538461538463
MT-CO1,11.538461538461538
MT-CO2,0.0
MT-CYB,19.230769230769234
MT-ND1,30.76923076923077
MT-ND2,48.07692307692308
MT-ND3,59.61538461538461
MT-ND4,3.8461538461538463
MT-ND5,11.538461538461538
MT1E,0.0
MT1F,82.6923076923077
MT1G,100.0
MT1H,92.3076923076923
MT1X,19.230769230769234
MT2A,9.615384615384617
MT3,84.61538461538461
MTA1,23.076923076923077
MTA2,11.538461538461538
MTA3,86.53846153846155
MTAP,0.0
MTARC1,46.15384615384615
MTARC2,9.615384615384617
MTBP,82.6923076923077
MTCH1,1.9230769230769231
MTCH2,1.9230769230769231
MTCL1,94.23076923076923
MTDH,1.9230769230769231
MTERF1,96.15384615384616
MTERF3,98.07692307692307
MTERF4,98.07692307692307
MTF2,96.15384615384616
MTFMT,48.07692307692308
MTFP1,86.53846153846155
MTFR1,98.07692307692307
MTFR1L,13.461538461538462
MTG1,96.15384615384616
MTG2,96.15384615384616
MTHFD1,0.0
MTHFD1L,21.153846153846153
MTHFD2,51.92307692307693
MTHFR,9.615384615384617
MTHFS,21.153846153846153
MTHFSD,100.0
MTIF2,19.230769230769234
MTIF3,21.153846153846153
MTM1,7.6923076923076925
MTMR1,15.384615384615385
MTMR10,50.0
MTMR11,71.15384615384616
MTMR12,9.615384615384617
MTMR14,13.461538461538462
MTMR2,21.153846153846153
MTMR3,59.61538461538461
MTMR6,11.538461538461538
MTMR7,50.0
MTMR9,1.9230769230769231
MTO1,92.3076923076923
MTOR,3.8461538461538463
MTPAP,28.846153846153843
MTPN,0.0
MTR,5.769230769230769
MTRES1,50.0
MTREX,5.769230769230769
MTRF1L,44.230769230769226
MTRR,59.61538461538461
MTSS1,25.0
MTTP,94.23076923076923
MTURN,1.9230769230769231
MTUS2,94.23076923076923
MTX1,7.6923076923076925
MTX2,17.307692307692307
MTX3,51.92307692307693
MUC1,69.23076923076923
MUC16,100.0
MUCL1,34.61538461538461
MUS81,100.0
MUSTN1,3.8461538461538463
MUTYH,96.15384615384616
MVB12A,21.153846153846153
MVD,0.0
MVK,15.384615384615385
MVP,0.0
MX1,1.9230769230769231
MX2,9.615384615384617
MXRA5,13.461538461538462
MXRA7,7.6923076923076925
MXRA8,11.538461538461538
MYADM,0.0
MYBBP1A,9.615384615384617
MYCBP,0.0
MYCBP2,7.6923076923076925
MYCT1,65.38461538461539
MYD88,9.615384615384617
MYDGF,0.0
MYEF2,38.46153846153847
MYG1,0.0
MYH10,26.923076923076923
MYH11,0.0
MYH14,17.307692307692307
MYH2,92.3076923076923
MYH7,88.46153846153845
MYH9,0.0
MYL1,3.8461538461538463
MYL11,90.38461538461539
MYL12A,65.38461538461539
MYL12B,0.0
MYL2,96.15384615384616
MYL3,92.3076923076923
MYL4,1.9230769230769231
MYL6,0.0
MYL6B,51.92307692307693
MYL9,0.0
MYLK,0.0
MYLK2;MYLK3;MYLK4,84.61538461538461
MYMX,76.92307692307693
MYO18A,0.0
MYO19,100.0
MYO1B,5.769230769230769
MYO1C,53.84615384615385
MYO1D,1.9230769230769231
MYO1E,0.0
MYO1F,0.0
MYO1G,0.0
MYO5A,1.9230769230769231
MYO5B,94.23076923076923
MYO6,7.6923076923076925
MYO9B,0.0
MYOC,84.61538461538461
MYOF,0.0
MYOZ1,53.84615384615385
MYOZ2,84.61538461538461
MYPN,100.0
MYZAP,61.53846153846154
MZB1,1.9230769230769231
MZT1,98.07692307692307
MZT2B,25.0
N4BP1,65.38461538461539
N6AMT1,38.46153846153847
NAA10,5.769230769230769
NAA15,5.769230769230769
NAA16,40.38461538461539
NAA20,46.15384615384615
NAA25,21.153846153846153
NAA30,59.61538461538461
NAA35,65.38461538461539
NAA38,80.76923076923077
NAA40,92.3076923076923
NAA50,1.9230769230769231
NAA80,88.46153846153845
NAAA,5.769230769230769
NAALAD2,86.53846153846155
NAALADL2,23.076923076923077
NAB1,42.30769230769231
NABP1,100.0
NACA,0.0
NACAD,82.6923076923077
NACC1,71.15384615384616
NADK,7.6923076923076925
NADK2,0.0
NADSYN1,0.0
NAE1,0.0
NAF1,98.07692307692307
NAGA,0.0
NAGK,0.0
NAGLU,0.0
NAGPA,82.6923076923077
NAIP,26.923076923076923
NAMPT,0.0
NANP,61.53846153846154
NANS,0.0
NAP1L1,28.846153846153843
NAP1L4,0.0
NAP1L5,53.84615384615385
NAPA,0.0
NAPB,46.15384615384615
NAPG,1.9230769230769231
NAPRT,0.0
NARS1,0.0
NARS2,25.0
NASP,0.0
NAT1,17.307692307692307
NAT10,19.230769230769234
NAT14,55.769230769230774
NAV1,26.923076923076923
NAXD,17.307692307692307
NAXE,0.0
NBAS,1.9230769230769231
NBEA,90.38461538461539
NBEAL1,38.46153846153847
NBEAL2,0.0
NBN,19.230769230769234
NCALD,7.6923076923076925
NCAM1,3.8461538461538463
NCAM2,38.46153846153847
NCAPD2,88.46153846153845
NCAPD3,92.3076923076923
NCAPG,84.61538461538461
NCAPG2,98.07692307692307
NCAPH,92.3076923076923
NCAPH2,100.0
NCBP1,0.0
NCBP2,28.846153846153843
NCBP2AS2,82.6923076923077
NCBP3,34.61538461538461
NCCRP1,38.46153846153847
NCDN,13.461538461538462
NCEH1,0.0
NCF1,0.0
NCF1B,96.15384615384616
NCF2,0.0
NCF4,0.0
NCK1,0.0
NCK2,3.8461538461538463
NCKAP1,0.0
NCKAP1L,0.0
NCKIPSD,7.6923076923076925
NCL,0.0
NCLN,1.9230769230769231
NCOA2,90.38461538461539
NCOA3,100.0
NCOA5,19.230769230769234
NCOA6,96.15384615384616
NCOA7,11.538461538461538
NCOR1,48.07692307692308
NCOR2,76.92307692307693
NCR3LG1,100.0
NCS1,25.0
NCSTN,0.0
NDC1,21.153846153846153
NDC80,100.0
NDE1,11.538461538461538
NDEL1,55.769230769230774
NDOR1,84.61538461538461
NDRG1,0.0
NDRG2,7.6923076923076925
NDRG3,1.9230769230769231
NDRG4,61.53846153846154
NDST1,48.07692307692308
NDUFA10,1.9230769230769231
NDUFA11,1.9230769230769231
NDUFA12,3.8461538461538463
NDUFA13,0.0
NDUFA2,0.0
NDUFA3,7.6923076923076925
NDUFA4,1.9230769230769231
NDUFA4L2,25.0
NDUFA5,1.9230769230769231
NDUFA6,5.769230769230769
NDUFA7,7.6923076923076925
NDUFA8,0.0
NDUFA9,1.9230769230769231
NDUFAB1,1.9230769230769231
NDUFAF1,82.6923076923077
NDUFAF2,7.6923076923076925
NDUFAF3,13.461538461538462
NDUFAF4,11.538461538461538
NDUFAF5,42.30769230769231
NDUFAF6,82.6923076923077
NDUFAF7,19.230769230769234
NDUFB1,7.6923076923076925
NDUFB10,1.9230769230769231
NDUFB11,3.8461538461538463
NDUFB3,1.9230769230769231
NDUFB4,0.0
NDUFB5,3.8461538461538463
NDUFB6,19.230769230769234
NDUFB7,9.615384615384617
NDUFB8,3.8461538461538463
NDUFB9,1.9230769230769231
NDUFC1,50.0
NDUFC2,21.153846153846153
NDUFS1,0.0
NDUFS2,0.0
NDUFS3,0.0
NDUFS4,3.8461538461538463
NDUFS5,3.8461538461538463
NDUFS6,1.9230769230769231
NDUFS7,0.0
NDUFS8,0.0
NDUFV1,0.0
NDUFV2,0.0
NDUFV3,3.8461538461538463
NEBL,76.92307692307693
NECAP1,15.384615384615385
NECAP2,0.0
NECTIN1,32.69230769230769
NECTIN2,3.8461538461538463
NECTIN3,98.07692307692307
NEDD1,28.846153846153843
NEDD4,3.8461538461538463
NEDD4L,48.07692307692308
NEDD8;cRAP-NEDD8,0.0
NEFH,65.38461538461539
NEFL,48.07692307692308
NEFM,61.53846153846154
NEGR1,5.769230769230769
NEK1,76.92307692307693
NEK10,76.92307692307693
NEK7,1.9230769230769231
NEK9,0.0
NELFA,17.307692307692307
NELFB,7.6923076923076925
NELFCD,17.307692307692307
NELFE,34.61538461538461
NEMF,9.615384615384617
NEMP1,65.38461538461539
NENF,0.0
NEO1,32.69230769230769
NEPRO,90.38461538461539
NES,1.9230769230769231
NEU1,19.230769230769234
NEU2,76.92307692307693
NEU3,100.0
NEURL4,100.0
NEXN,15.384615384615385
NF1,23.076923076923077
NF2,26.923076923076923
NFASC,38.46153846153847
NFAT5,76.92307692307693
NFATC1,23.076923076923077
NFATC2,15.384615384615385
NFATC2IP,61.53846153846154
NFATC3,86.53846153846155
NFATC4,44.230769230769226
NFIA,9.615384615384617
NFIB,13.461538461538462
NFIC,25.0
NFIL3,98.07692307692307
NFIX,30.76923076923077
NFKB1,1.9230769230769231
NFKB2,5.769230769230769
NFKBIA,61.53846153846154
NFKBIB,61.53846153846154
NFKBIE,63.46153846153846
NFKBIL1,98.07692307692307
NFRKB,55.769230769230774
NFS1,3.8461538461538463
NFU1,3.8461538461538463
NFX1,80.76923076923077
NFXL1,40.38461538461539
NFYB,9.615384615384617
NFYC,11.538461538461538
NGDN,78.84615384615384
NGEF,65.38461538461539
NGFR,17.307692307692307
NGLY1,7.6923076923076925
NGRN,98.07692307692307
NHEJ1,11.538461538461538
NHERF1,0.0
NHERF2,7.6923076923076925
NHLRC2,0.0
NHLRC3,9.615384615384617
NHP2,5.769230769230769
NHS,40.38461538461539
NHSL2,40.38461538461539
NIBAN1,0.0
NIBAN2,0.0
NIBAN3,94.23076923076923
NID1,0.0
NID2,3.8461538461538463
NIF3L1,0.0
NIFK,53.84615384615385
NINJ2,73.07692307692307
NIP7,55.769230769230774
NIPA1,88.46153846153845
NIPAL2,80.76923076923077
NIPBL,34.61538461538461
NIPSNAP1,3.8461538461538463
NIPSNAP2,1.9230769230769231
NIPSNAP3A,0.0
NIPSNAP3B,19.230769230769234
NISCH,7.6923076923076925
NIT1,0.0
NIT2,0.0
NKAP,100.0
NKIRAS1,73.07692307692307
NKIRAS2,23.076923076923077
NKRF,86.53846153846155
NKTR,98.07692307692307
NLE1,34.61538461538461
NLGN1,88.46153846153845
NLGN4X,32.69230769230769
NLN,0.0
NLRC4,7.6923076923076925
NLRP12,71.15384615384616
NLRX1,5.769230769230769
NMD3,26.923076923076923
NME1,0.0
NME2,0.0
NME3,0.0
NME4,28.846153846153843
NME6,76.92307692307693
NME7,17.307692307692307
NMES1,46.15384615384615
NMI,0.0
NMNAT1,11.538461538461538
NMNAT3,19.230769230769234
NMRAL1,25.0
NMRK1,38.46153846153847
NMT1,1.9230769230769231
NMT2,13.461538461538462
NNMT,1.9230769230769231
NNT,0.0
NOA1,98.07692307692307
NOB1,57.692307692307686
NOC2L,36.53846153846153
NOC3L,36.53846153846153
NOC4L,28.846153846153843
NOL10,44.230769230769226
NOL11,32.69230769230769
NOL12,100.0
NOL3,32.69230769230769
NOL6,40.38461538461539
NOL7,59.61538461538461
NOL8,86.53846153846155
NOL9,59.61538461538461
NOLC1,19.230769230769234
NOM1,98.07692307692307
NOMO1,0.0
NOMO2,28.846153846153843
NONO,0.0
NOP10,15.384615384615385
NOP14,48.07692307692308
NOP16,50.0
NOP2,7.6923076923076925
NOP53,96.15384615384616
NOP56,3.8461538461538463
NOP58,1.9230769230769231
NOP9,30.76923076923077
NOPCHAP1,92.3076923076923
NOS1,94.23076923076923
NOS3,28.846153846153843
NOSIP,26.923076923076923
NOSTRIN,53.84615384615385
NOTCH1,94.23076923076923
NOTCH2,9.615384615384617
NOTCH3,5.769230769230769
NOVA2,26.923076923076923
NOX4,96.15384615384616
NPC1,1.9230769230769231
NPC2,0.0
NPDC1,86.53846153846155
NPEPL1,1.9230769230769231
NPEPPS,0.0
NPHP3,73.07692307692307
NPL,0.0
NPLOC4,0.0
NPM1,0.0
NPM3,84.61538461538461
NPNT,21.153846153846153
NPR1,28.846153846153843
NPR2,25.0
NPR3,75.0
NPRL3,42.30769230769231
NPTN,0.0
NPTX2,88.46153846153845
NPY,90.38461538461539
NQO1;cRAP-NQO1,13.461538461538462
NQO2;cRAP-NQO2,1.9230769230769231
NR1H2,88.46153846153845
NR2C2,71.15384615384616
NR2C2AP,1.9230769230769231
NR2F2,34.61538461538461
NR2F6,98.07692307692307
NR3C1,21.153846153846153
NR4A1,75.0
NRAS,0.0
NRBF2,28.846153846153843
NRBP1,0.0
NRBP2,26.923076923076923
NRCAM,57.692307692307686
NRDC,3.8461538461538463
NRDE2,100.0
NRF1,25.0
NRGN,78.84615384615384
NRIP2,19.230769230769234
NRM,7.6923076923076925
NRP1,0.0
NRP2,1.9230769230769231
NRXN1,84.61538461538461
NRXN3,94.23076923076923
NSA2,86.53846153846155
NSD2,100.0
NSD3,67.3076923076923
NSDHL,0.0
NSF,0.0
NSFL1C,0.0
NSL1,65.38461538461539
NSMAF,28.846153846153843
NSMCE1,63.46153846153846
NSMCE2,67.3076923076923
NSMCE3,71.15384615384616
NSMCE4A,50.0
NSRP1,96.15384615384616
NSUN2,5.769230769230769
NSUN4,84.61538461538461
NSUN5,48.07692307692308
NSUN6,59.61538461538461
NSUN7,44.230769230769226
NT5C,3.8461538461538463
NT5C2,1.9230769230769231
NT5C3A,1.9230769230769231
NT5C3B,82.6923076923077
NT5DC1,3.8461538461538463
NT5DC2,23.076923076923077
NT5DC3,23.076923076923077
NT5E,0.0
NTAN1,11.538461538461538
NTAQ1,75.0
NTHL1,78.84615384615384
NTM,23.076923076923077
NTMT1,13.461538461538462
NTN1,82.6923076923077
NTN3,90.38461538461539
NTN4,59.61538461538461
NTPCR,9.615384615384617
NTRK2,48.07692307692308
NTRK3,76.92307692307693
NUB1,3.8461538461538463
NUBP1,0.0
NUBP2,3.8461538461538463
NUBPL,32.69230769230769
NUCB1,0.0
NUCB2,0.0
NUCKS1,1.9230769230769231
NUDC,0.0
NUDCD1,5.769230769230769
NUDCD2,1.9230769230769231
NUDCD3,11.538461538461538
NUDT1,30.76923076923077
NUDT12,36.53846153846153
NUDT14,59.61538461538461
NUDT15,46.15384615384615
NUDT16,5.769230769230769
NUDT16L1,17.307692307692307
NUDT18,11.538461538461538
NUDT19,51.92307692307693
NUDT2,5.769230769230769
NUDT21,0.0
NUDT3,1.9230769230769231
NUDT4,1.9230769230769231
NUDT5,0.0
NUDT8,78.84615384615384
NUDT9,19.230769230769234
NUF2,100.0
NUFIP2,19.230769230769234
NUMA1,15.384615384615385
NUMB,5.769230769230769
NUMBL,23.076923076923077
NUP107,7.6923076923076925
NUP133,3.8461538461538463
NUP153,7.6923076923076925
NUP155,1.9230769230769231
NUP160,11.538461538461538
NUP188,13.461538461538462
NUP205,0.0
NUP210,1.9230769230769231
NUP214,5.769230769230769
NUP35,17.307692307692307
NUP37,19.230769230769234
NUP42,42.30769230769231
NUP43,5.769230769230769
NUP50,17.307692307692307
NUP54,3.8461538461538463
NUP58,21.153846153846153
NUP62,5.769230769230769
NUP85,9.615384615384617
NUP88,7.6923076923076925
NUP93,1.9230769230769231
NUP98,3.8461538461538463
NUSAP1,100.0
NUTF2,0.0
NVL,82.6923076923077
NXF1,19.230769230769234
NXN,3.8461538461538463
NXPH3,96.15384615384616
NXT1,71.15384615384616
OAF,1.9230769230769231
OARD1,23.076923076923077
OAS1,26.923076923076923
OAS2,3.8461538461538463
OAS3,1.9230769230769231
OAT,1.9230769230769231
OBI1,100.0
OBSL1,40.38461538461539
OCC1,73.07692307692307
OCIAD1,1.9230769230769231
OCIAD2,42.30769230769231
OCRL,9.615384615384617
ODF2,88.46153846153845
ODF2L,98.07692307692307
ODR4,7.6923076923076925
OFD1,98.07692307692307
OGA,5.769230769230769
OGDH,0.0
OGDHL,94.23076923076923
OGFOD1,94.23076923076923
OGFOD3,25.0
OGFR,5.769230769230769
OGFRL1,26.923076923076923
OGN,0.0
OGT,5.769230769230769
OIT3,50.0
OLA1,0.0
OLFM1,50.0
OLFM4,1.9230769230769231
OLFML1,1.9230769230769231
OLFML2A,50.0
OLFML2B,69.23076923076923
OLFML3,1.9230769230769231
OLR1,34.61538461538461
OMA1,40.38461538461539
OMD,13.461538461538462
OPA1,1.9230769230769231
OPA3,15.384615384615385
OPHN1,51.92307692307693
OPLAH,3.8461538461538463
OPTN,1.9230769230769231
ORC1,98.07692307692307
ORC2,57.692307692307686
ORC3,46.15384615384615
ORC4,57.692307692307686
ORC5,57.692307692307686
ORM1,0.0
ORM2,0.0
ORMDL2,63.46153846153846
ORMDL3,23.076923076923077
OS9,7.6923076923076925
OSBP,0.0
OSBP2,23.076923076923077
OSBPL10,9.615384615384617
OSBPL11,17.307692307692307
OSBPL1A,7.6923076923076925
OSBPL2,5.769230769230769
OSBPL3,30.76923076923077
OSBPL5,38.46153846153847
OSBPL6,88.46153846153845
OSBPL7,65.38461538461539
OSBPL8,0.0
OSBPL9,0.0
OSCAR,32.69230769230769
OSCP1,59.61538461538461
OSGEP,0.0
OSGEPL1,61.53846153846154
OSMR,65.38461538461539
OSTC,0.0
OSTF1,0.0
OSTM1,13.461538461538462
OTC,80.76923076923077
OTUB1,0.0
OTUD4,46.15384615384615
OTUD5,100.0
OTUD6B,26.923076923076923
OTUD7B,23.076923076923077
OTULIN,7.6923076923076925
OTULINL,15.384615384615385
OVCA2,19.230769230769234
OXA1L,36.53846153846153
OXCT1,0.0
OXLD1,69.23076923076923
OXNAD1,78.84615384615384
OXR1,3.8461538461538463
OXSM,21.153846153846153
OXSR1,0.0
P2RX1,30.76923076923077
P2RX4,0.0
P2RX7,34.61538461538461
P2RY12,86.53846153846155
P2RY13,63.46153846153846
P2RY8,67.3076923076923
P3H1,0.0
P3H2,98.07692307692307
P3H3,25.0
P3H4,30.76923076923077
P4HA1,0.0
P4HA2,11.538461538461538
P4HA3,94.23076923076923
P4HB,0.0
P4HTM,65.38461538461539
PA2G4,0.0
PAAF1,7.6923076923076925
PABIR1,90.38461538461539
PABIR2,92.3076923076923
PABPC1,0.0
PABPC4,0.0
PACC1,59.61538461538461
PACS1,0.0
PACS2,21.153846153846153
PACSIN1,78.84615384615384
PACSIN2,0.0
PACSIN3,17.307692307692307
PADI2,1.9230769230769231
PADI4,0.0
PAF1,26.923076923076923
PAFAH1B1,0.0
PAFAH1B2,0.0
PAFAH1B3,0.0
PAFAH2,36.53846153846153
PAG1,19.230769230769234
PAGE2;PAGE2B,30.76923076923077
PAICS,0.0
PAIP1,0.0
PAK1,11.538461538461538
PAK1IP1,38.46153846153847
PAK2,0.0
PAK3,98.07692307692307
PAK4,59.61538461538461
PALD1,11.538461538461538
PALLD,1.9230769230769231
PALM,7.6923076923076925
PALM2,13.461538461538462
PALMD,28.846153846153843
PALS1,63.46153846153846
PALS2,5.769230769230769
PAM,11.538461538461538
PAMR1,36.53846153846153
PAN2,61.53846153846154
PANK2,9.615384615384617
PANK4,9.615384615384617
PANX1,23.076923076923077
PAPLN,9.615384615384617
PAPOLA,9.615384615384617
PAPOLG,100.0
PAPPA,25.0
PAPSS1,1.9230769230769231
PAPSS2,0.0
PARD3,34.61538461538461
PARD3B,50.0
PARD6B,96.15384615384616
PARG,53.84615384615385
PARK7,0.0
PARL,34.61538461538461
PARN,40.38461538461539
PARP1,0.0
PARP10,11.538461538461538
PARP12,15.384615384615385
PARP14,9.615384615384617
PARP16,48.07692307692308
PARP2,90.38461538461539
PARP4,1.9230769230769231
PARP9,3.8461538461538463
PARS2,42.30769230769231
PARVA,0.0
PARVB,0.0
PARVG,1.9230769230769231
PASK,86.53846153846155
PATJ,100.0
PATL1,38.46153846153847
PATZ1,65.38461538461539
PAWR,1.9230769230769231
PAX5,84.61538461538461
PAXBP1,42.30769230769231
PAXIP1,63.46153846153846
PAXX,0.0
PBDC1,3.8461538461538463
PBK,96.15384615384616
PBLD,36.53846153846153
PBRM1,28.846153846153843
PBX1,32.69230769230769
PBX2,100.0
PBXIP1,3.8461538461538463
PC,1.9230769230769231
PCBD1,0.0
PCBD2,5.769230769230769
PCBP1,0.0
PCBP2,0.0
PCBP3,73.07692307692307
PCBP4,73.07692307692307
PCCA,1.9230769230769231
PCCB,3.8461538461538463
PCDH1,11.538461538461538
PCDH10,80.76923076923077
PCDH12,88.46153846153845
PCDH18,63.46153846153846
PCDH7,34.61538461538461
PCDHB7,67.3076923076923
PCDHGC3,50.0
PCF11,73.07692307692307
PCGF1,98.07692307692307
PCGF5,76.92307692307693
PCGF6,75.0
PCID2,25.0
PCIF1,32.69230769230769
PCK1,78.84615384615384
PCK2,0.0
PCM1,30.76923076923077
PCMT1,0.0
PCMTD1,42.30769230769231
PCNA,3.8461538461538463
PCNP,0.0
PCNT,48.07692307692308
PCOLCE,0.0
PCOLCE2,3.8461538461538463
PCP4,90.38461538461539
PCSK1N,73.07692307692307
PCSK2,92.3076923076923
PCSK5,94.23076923076923
PCSK6,51.92307692307693
PCSK9,13.461538461538462
PCTP,15.384615384615385
PCYOX1,0.0
PCYOX1L,0.0
PCYT1A,3.8461538461538463
PCYT2,5.769230769230769
PDAP1,5.769230769230769
PDCD10,0.0
PDCD11,32.69230769230769
PDCD2,78.84615384615384
PDCD2L,42.30769230769231
PDCD4,3.8461538461538463
PDCD5,0.0
PDCD6,0.0
PDCD6IP,0.0
PDCD7,94.23076923076923
PDCL,32.69230769230769
PDCL3,11.538461538461538
PDE12,1.9230769230769231
PDE1A,73.07692307692307
PDE1B,44.230769230769226
PDE1C,78.84615384615384
PDE2A,32.69230769230769
PDE3A,9.615384615384617
PDE3B,90.38461538461539
PDE4D,69.23076923076923
PDE4DIP,57.692307692307686
PDE5A,0.0
PDE6D,11.538461538461538
PDE8A,67.3076923076923
PDE8B,92.3076923076923
PDF,65.38461538461539
PDGFB;cRAP-PDGFB,32.69230769230769
PDGFC,40.38461538461539
PDGFD,46.15384615384615
PDGFRA,25.0
PDGFRB,7.6923076923076925
PDGFRL,48.07692307692308
PDHA1,0.0
PDHB,0.0
PDHX,5.769230769230769
PDIA2,96.15384615384616
PDIA3,0.0
PDIA4,0.0
PDIA5,1.9230769230769231
PDIA6,0.0
PDK1,15.384615384615385
PDK2,28.846153846153843
PDK3,3.8461538461538463
PDK4,36.53846153846153
PDLIM1,0.0
PDLIM2,3.8461538461538463
PDLIM3,1.9230769230769231
PDLIM4,3.8461538461538463
PDLIM5,0.0
PDLIM7,0.0
PDP1,1.9230769230769231
PDPK1,7.6923076923076925
PDPN,63.46153846153846
PDPR,3.8461538461538463
PDRG1,65.38461538461539
PDS5A,7.6923076923076925
PDS5B,7.6923076923076925
PDSS2,53.84615384615385
PDXDC1,0.0
PDXK,0.0
PDXP,0.0
PDZD11,71.15384615384616
PDZD8,15.384615384615385
PEA15,1.9230769230769231
PEAK1,19.230769230769234
PEAR1,17.307692307692307
PEBP1,0.0
PEBP4,73.07692307692307
PECAM1,0.0
PECR,23.076923076923077
PEF1,0.0
PELO,13.461538461538462
PELP1,11.538461538461538
PENK,57.692307692307686
PEPD,0.0
PES1,42.30769230769231
PEX1,82.6923076923077
PEX10,53.84615384615385
PEX11B,1.9230769230769231
PEX12,100.0
PEX13,86.53846153846155
PEX14,3.8461538461538463
PEX16,82.6923076923077
PEX19,19.230769230769234
PEX2,98.07692307692307
PEX3,38.46153846153847
PEX5,38.46153846153847
PEX6,82.6923076923077
PF4,0.0
PF4V1,5.769230769230769
PFAS,0.0
PFDN1,1.9230769230769231
PFDN2,0.0
PFDN4,0.0
PFDN5,0.0
PFDN6,5.769230769230769
PFKFB2,3.8461538461538463
PFKFB3,48.07692307692308
PFKL,0.0
PFKM,0.0
PFKP,0.0
PFN1,0.0
PFN2,1.9230769230769231
PGA3;PGA4;PGA5,96.15384615384616
PGAM1,0.0
PGAM2,63.46153846153846
PGAM5,1.9230769230769231
PGAP1,53.84615384615385
PGAP4,94.23076923076923
PGD,0.0
PGGHG,28.846153846153843
PGGT1B,9.615384615384617
PGK1,0.0
PGK2,11.538461538461538
PGLS,0.0
PGLYRP1,7.6923076923076925
PGLYRP2,0.0
PGM1,0.0
PGM2,0.0
PGM2L1,0.0
PGM3,1.9230769230769231
PGM5,5.769230769230769
PGP,0.0
PGPEP1,78.84615384615384
PGR,86.53846153846155
PGRMC1,1.9230769230769231
PGRMC2,0.0
PGS1,23.076923076923077
PHACTR2,17.307692307692307
PHACTR4,57.692307692307686
PHAF1,28.846153846153843
PHAX,38.46153846153847
PHB1,0.0
PHB2,0.0
PHC2,44.230769230769226
PHC3,28.846153846153843
PHETA2,94.23076923076923
PHF1,30.76923076923077
PHF10,65.38461538461539
PHF14,55.769230769230774
PHF2,38.46153846153847
PHF20,90.38461538461539
PHF21A,59.61538461538461
PHF23,94.23076923076923
PHF3,40.38461538461539
PHF5A,13.461538461538462
PHF6,51.92307692307693
PHF8,78.84615384615384
PHGDH,0.0
PHIP,38.46153846153847
PHKA1,50.0
PHKA2,9.615384615384617
PHKB,5.769230769230769
PHKG1,88.46153846153845
PHKG2,23.076923076923077
PHLDA1,98.07692307692307
PHLDA2,100.0
PHLDA3,26.923076923076923
PHLDB1,7.6923076923076925
PHLDB2,19.230769230769234
PHPT1,0.0
PHRF1,51.92307692307693
PHYH,61.53846153846154
PHYHD1,19.230769230769234
PHYHIP,96.15384615384616
PHYHIPL,86.53846153846155
PHYKPL,5.769230769230769
PI15,88.46153846153845
PI16,9.615384615384617
PI3,98.07692307692307
PI4K2A,0.0
PI4K2B,30.76923076923077
PI4KA,1.9230769230769231
PI4KB,50.0
PIAS1,25.0
PIAS4,44.230769230769226
PICALM,0.0
PID1,28.846153846153843
PIEZO1,5.769230769230769
PIGA,98.07692307692307
PIGBOS1,73.07692307692307
PIGG,59.61538461538461
PIGH,100.0
PIGK,7.6923076923076925
PIGO,30.76923076923077
PIGR,5.769230769230769
PIGS,1.9230769230769231
PIGT,5.769230769230769
PIGU,23.076923076923077
PIH1D1,40.38461538461539
PIK3AP1,3.8461538461538463
PIK3C2A,11.538461538461538
PIK3C2B,26.923076923076923
PIK3C3,9.615384615384617
PIK3CA,17.307692307692307
PIK3CB,23.076923076923077
PIK3CD,17.307692307692307
PIK3CG,21.153846153846153
PIK3IP1,42.30769230769231
PIK3R1,0.0
PIK3R2,65.38461538461539
PIK3R4,3.8461538461538463
PIKFYVE,50.0
PILRA,44.230769230769226
PIN1,0.0
PIN4,9.615384615384617
PINX1,90.38461538461539
PIP,0.0
PIP4K2A,0.0
PIP4K2B,11.538461538461538
PIP4K2C,3.8461538461538463
PIP4P1,5.769230769230769
PIP4P2,3.8461538461538463
PIP5K1A,55.769230769230774
PIP5K1C,9.615384615384617
PIPOX,90.38461538461539
PIR,3.8461538461538463
PISD,50.0
PITHD1,0.0
PITPNA,0.0
PITPNB,0.0
PITPNC1,19.230769230769234
PITPNM1,34.61538461538461
PITRM1,0.0
PJA2,71.15384615384616
PKD1,71.15384615384616
PKD2,25.0
PKIG,48.07692307692308
PKLR,0.0
PKM,0.0
PKN1,0.0
PKN2,15.384615384615385
PKNOX1,100.0
PKP1,17.307692307692307
PKP2,94.23076923076923
PKP3,92.3076923076923
PKP4,51.92307692307693
PLA1A,53.84615384615385
PLA2G12B,80.76923076923077
PLA2G15,15.384615384615385
PLA2G2A,5.769230769230769
PLA2G2D,84.61538461538461
PLA2G4A,3.8461538461538463
PLA2G4B,100.0
PLA2G4C,50.0
PLA2G5,80.76923076923077
PLA2G7,36.53846153846153
PLAA,1.9230769230769231
PLAAT3,57.692307692307686
PLAC9,51.92307692307693
PLAT,0.0
PLAU,32.69230769230769
PLAUR,0.0
PLBD1,0.0
PLBD2,0.0
PLCB1,46.15384615384615
PLCB2,0.0
PLCB3,3.8461538461538463
PLCB4,44.230769230769226
PLCD1,3.8461538461538463
PLCD3,32.69230769230769
PLCG1,11.538461538461538
PLCG2,1.9230769230769231
PLCL1,46.15384615384615
PLCL2,30.76923076923077
PLCXD3,28.846153846153843
PLD1,19.230769230769234
PLD2,13.461538461538462
PLD3,0.0
PLD4,63.46153846153846
PLEC,9.615384615384617
PLEK,0.0
PLEK2,78.84615384615384
PLEKHA1,40.38461538461539
PLEKHA2,9.615384615384617
PLEKHA3,69.23076923076923
PLEKHA4,76.92307692307693
PLEKHA5,30.76923076923077
PLEKHA6,67.3076923076923
PLEKHA7,69.23076923076923
PLEKHF1,15.384615384615385
PLEKHF2,7.6923076923076925
PLEKHG3,51.92307692307693
PLEKHG5,88.46153846153845
PLEKHH3,82.6923076923077
PLEKHJ1,57.692307692307686
PLEKHM2,21.153846153846153
PLEKHO1,38.46153846153847
PLEKHO2,0.0
PLG,0.0
PLGRKT,7.6923076923076925
PLIN1,13.461538461538462
PLIN2,7.6923076923076925
PLIN3,0.0
PLIN4,11.538461538461538
PLIN5,76.92307692307693
PLK1,100.0
PLLP,51.92307692307693
PLN,28.846153846153843
PLOD1,0.0
PLOD2,0.0
PLOD3,0.0
PLP1,50.0
PLP2,0.0
PLPBP,0.0
PLPP1,9.615384615384617
PLPP2,100.0
PLPP3,13.461538461538462
PLPP6,65.38461538461539
PLRG1,19.230769230769234
PLS1,5.769230769230769
PLS3,0.0
PLSCR1,0.0
PLSCR3,11.538461538461538
PLSCR4,5.769230769230769
PLTP,0.0
PLVAP,9.615384615384617
PLXDC1,51.92307692307693
PLXDC2,0.0
PLXNA1,3.8461538461538463
PLXNA2,51.92307692307693
PLXNA3,55.769230769230774
PLXNA4,5.769230769230769
PLXNB1,15.384615384615385
PLXNB2,1.9230769230769231
PLXNC1,5.769230769230769
PLXND1,3.8461538461538463
PM20D1,86.53846153846155
PM20D2,48.07692307692308
PMF1,55.769230769230774
PML,1.9230769230769231
PMM1,55.769230769230774
PMM2,1.9230769230769231
PMP2,46.15384615384615
PMPCA,1.9230769230769231
PMPCB,3.8461538461538463
PMS2,75.0
PMVK,0.0
PNISR,98.07692307692307
PNKD,34.61538461538461
PNKP,19.230769230769234
PNMA1,51.92307692307693
PNMA8B,75.0
PNN,7.6923076923076925
PNO1,53.84615384615385
PNP,0.0
PNPLA2,38.46153846153847
PNPLA4,44.230769230769226
PNPLA6,0.0
PNPLA7,78.84615384615384
PNPLA8,11.538461538461538
PNPO,0.0
PNPT1,5.769230769230769
PODN,1.9230769230769231
PODNL1,48.07692307692308
PODXL,3.8461538461538463
POF1B,9.615384615384617
POFUT1,1.9230769230769231
POFUT2,11.538461538461538
POGLUT1,1.9230769230769231
POGLUT2,42.30769230769231
POGLUT3,0.0
POGZ,25.0
POLA1,90.38461538461539
POLA2,100.0
POLB,48.07692307692308
POLD1,30.76923076923077
POLD2,63.46153846153846
POLD3,75.0
POLD4,100.0
POLDIP2,19.230769230769234
POLDIP3,38.46153846153847
POLE,100.0
POLE2,100.0
POLE3,59.61538461538461
POLE4,100.0
POLG,80.76923076923077
POLG2,90.38461538461539
POLL,100.0
POLR1A,34.61538461538461
POLR1B,55.769230769230774
POLR1C,11.538461538461538
POLR1D,55.769230769230774
POLR1E,80.76923076923077
POLR1F,46.15384615384615
POLR1G,98.07692307692307
POLR1H,90.38461538461539
POLR2A,11.538461538461538
POLR2B,5.769230769230769
POLR2C,7.6923076923076925
POLR2D,32.69230769230769
POLR2E,5.769230769230769
POLR2F,46.15384615384615
POLR2G,36.53846153846153
POLR2H,5.769230769230769
POLR2I,30.76923076923077
POLR2J,36.53846153846153
POLR2K,53.84615384615385
POLR2L,25.0
POLR2M,82.6923076923077
POLR3A,30.76923076923077
POLR3B,59.61538461538461
POLR3C,57.692307692307686
POLR3D,75.0
POLR3E,78.84615384615384
POLR3F,67.3076923076923
POLR3H,90.38461538461539
POLR3K,98.07692307692307
POLRMT,88.46153846153845
POM121,100.0
POM121C,63.46153846153846
POMGNT1,67.3076923076923
POMGNT2,28.846153846153843
POMK,73.07692307692307
POMT1,100.0
PON1,0.0
PON2,0.0
PON3,11.538461538461538
POP1,40.38461538461539
POP4,61.53846153846154
POP5,88.46153846153845
POP7,75.0
POR,0.0
POSTN,0.0
POT1,69.23076923076923
POTEI,65.38461538461539
POU2AF1,96.15384615384616
POU2F1,40.38461538461539
PPA1,0.0
PPA2,0.0
PPAN,69.23076923076923
PPAT,1.9230769230769231
PPBP,0.0
PPCDC,5.769230769230769
PPCS,0.0
PPFIA1,11.538461538461538
PPFIA2,78.84615384615384
PPFIBP1,5.769230769230769
PPFIBP2,28.846153846153843
PPHLN1,69.23076923076923
PPIA,0.0
PPIA;cRAP-PPIA,0.0
PPIB,0.0
PPIC,7.6923076923076925
PPID,9.615384615384617
PPIE,9.615384615384617
PPIF,3.8461538461538463
PPIG,38.46153846153847
PPIH,0.0
PPIL1,1.9230769230769231
PPIL2,30.76923076923077
PPIL3,0.0
PPIL4,28.846153846153843
PPIP5K1,61.53846153846154
PPIP5K2,1.9230769230769231
PPL,15.384615384615385
PPM1A,0.0
PPM1B,0.0
PPM1F,0.0
PPM1G,9.615384615384617
PPM1H,71.15384615384616
PPM1K,65.38461538461539
PPM1L,86.53846153846155
PPME1,0.0
PPOX,11.538461538461538
PPP1CA,0.0
PPP1CB,0.0
PPP1CC,1.9230769230769231
PPP1R10,48.07692307692308
PPP1R11,17.307692307692307
PPP1R12A,0.0
PPP1R12B,11.538461538461538
PPP1R12C,5.769230769230769
PPP1R13L,17.307692307692307
PPP1R14A,7.6923076923076925
PPP1R14B,42.30769230769231
PPP1R16B,88.46153846153845
PPP1R18,3.8461538461538463
PPP1R2,5.769230769230769
PPP1R21,7.6923076923076925
PPP1R3D,15.384615384615385
PPP1R3F,96.15384615384616
PPP1R3G,55.769230769230774
PPP1R7,0.0
PPP1R8,11.538461538461538
PPP1R9A,94.23076923076923
PPP1R9B,5.769230769230769
PPP2CA,0.0
PPP2CB,13.461538461538462
PPP2R1A,0.0
PPP2R1B,5.769230769230769
PPP2R2A,3.8461538461538463
PPP2R2D,23.076923076923077
PPP2R5A,0.0
PPP2R5B,11.538461538461538
PPP2R5C,5.769230769230769
PPP2R5D,0.0
PPP2R5E,3.8461538461538463
PPP3CA,0.0
PPP3CB,5.769230769230769
PPP3CC,32.69230769230769
PPP3R1,0.0
PPP4C,9.615384615384617
PPP4R1,5.769230769230769
PPP4R2,32.69230769230769
PPP4R3A,25.0
PPP4R3B,94.23076923076923
PPP5C,0.0
PPP6C,0.0
PPP6R1,0.0
PPP6R2,13.461538461538462
PPP6R3,1.9230769230769231
PPT1,0.0
PPT2,100.0
PPTC7,57.692307692307686
PPWD1,19.230769230769234
PQBP1,21.153846153846153
PRAF2,3.8461538461538463
PRAM1,26.923076923076923
PRAP1,46.15384615384615
PRC1,100.0
PRCC,32.69230769230769
PRCP,0.0
PRDM10,88.46153846153845
PRDM2,98.07692307692307
PRDM6,98.07692307692307
PRDX1;cRAP-PRDX1,0.0
PRDX2,0.0
PRDX3,0.0
PRDX4,0.0
PRDX5,0.0
PRDX6,0.0
PREB,3.8461538461538463
PRELP,0.0
PREP,0.0
PREPL,42.30769230769231
PREX1,3.8461538461538463
PRF1,32.69230769230769
PRG2,11.538461538461538
PRG3,13.461538461538462
PRG4,0.0
PRIM1,86.53846153846155
PRIM2,73.07692307692307
PRKAA1,1.9230769230769231
PRKAA2,67.3076923076923
PRKAB1,9.615384615384617
PRKAB2,9.615384615384617
PRKACA,0.0
PRKACB,0.0
PRKACG,57.692307692307686
PRKAG1,0.0
PRKAG2,38.46153846153847
PRKAR1A,0.0
PRKAR1B,55.769230769230774
PRKAR2A,0.0
PRKAR2B,11.538461538461538
PRKCA,1.9230769230769231
PRKCB,0.0
PRKCD,0.0
PRKCE,65.38461538461539
PRKCH,63.46153846153846
PRKCI,38.46153846153847
PRKCSH,0.0
PRKCZ,92.3076923076923
PRKD1,23.076923076923077
PRKD2,11.538461538461538
PRKDC,0.0
PRKG1,0.0
PRKRA,0.0
PRMT1,0.0
PRMT2,44.230769230769226
PRMT3,67.3076923076923
PRMT5,0.0
PRMT7,96.15384615384616
PRMT9,76.92307692307693
PRNP,0.0
PROC,0.0
PROCR,0.0
PRODH,96.15384615384616
PROM1,94.23076923076923
PRORP,25.0
PROS1,0.0
PROSER2,100.0
PROSER3,92.3076923076923
PROX1,100.0
PROZ,5.769230769230769
PRPF19,3.8461538461538463
PRPF3,19.230769230769234
PRPF31,15.384615384615385
PRPF38A,34.61538461538461
PRPF38B,34.61538461538461
PRPF39,28.846153846153843
PRPF4,15.384615384615385
PRPF40A,3.8461538461538463
PRPF40B,100.0
PRPF4B,21.153846153846153
PRPF6,5.769230769230769
PRPF8,0.0
PRPH,40.38461538461539
PRPS1,0.0
PRPS2,0.0
PRPSAP1,0.0
PRPSAP2,0.0
PRR12,90.38461538461539
PRR14,38.46153846153847
PRRC1,0.0
PRRC2A,25.0
PRRC2B,84.61538461538461
PRRC2C,5.769230769230769
PRRX1,15.384615384615385
PRSS1,84.61538461538461
PRSS2,75.0
PRSS21,96.15384615384616
PRSS23,30.76923076923077
PRSS3,7.6923076923076925
PRSS57,48.07692307692308
PRTFDC1,17.307692307692307
PRTN3,0.0
PRUNE1,1.9230769230769231
PRUNE2,32.69230769230769
PRX,55.769230769230774
PRXL2A,0.0
PRXL2B,1.9230769230769231
PRXL2C,61.53846153846154
PSAP,0.0
PSAT1,0.0
PSCA,98.07692307692307
PSD4,75.0
PSEN1,32.69230769230769
PSIP1,3.8461538461538463
PSMA1,0.0
PSMA2,0.0
PSMA3,0.0
PSMA4,0.0
PSMA5,0.0
PSMA6,0.0
PSMA7,0.0
PSMB1,0.0
PSMB10,0.0
PSMB2,0.0
PSMB3,0.0
PSMB4,0.0
PSMB5,0.0
PSMB6,0.0
PSMB7,0.0
PSMB8,0.0
PSMB9,0.0
PSMC1,0.0
PSMC2,0.0
PSMC3,0.0
PSMC3IP,100.0
PSMC4,0.0
PSMC5,0.0
PSMC6,0.0
PSMD1,0.0
PSMD10,0.0
PSMD11,0.0
PSMD12,0.0
PSMD13,0.0
PSMD14,0.0
PSMD2,0.0
PSMD3,0.0
PSMD4,0.0
PSMD5,0.0
PSMD6,0.0
PSMD7,0.0
PSMD8,0.0
PSMD9,0.0
PSME1,0.0
PSME2,0.0
PSME3,0.0
PSME3IP1,53.84615384615385
PSME4,36.53846153846153
PSMF1,0.0
PSMG1,0.0
PSMG2,1.9230769230769231
PSMG3,1.9230769230769231
PSMG4,26.923076923076923
PSPC1,9.615384615384617
PSPH,7.6923076923076925
PSTPIP1,25.0
PSTPIP2,3.8461538461538463
PTAFR,78.84615384615384
PTAR1,50.0
PTBP1,0.0
PTBP2,65.38461538461539
PTBP3,5.769230769230769
PTCD1,90.38461538461539
PTCD2,100.0
PTCD3,11.538461538461538
PTDSS1,19.230769230769234
PTDSS2,63.46153846153846
PTEN,36.53846153846153
PTER,7.6923076923076925
PTGDS,0.0
PTGER3,98.07692307692307
PTGES,71.15384615384616
PTGES2,1.9230769230769231
PTGES3,0.0
PTGFRN,1.9230769230769231
PTGIS,0.0
PTGR1,0.0
PTGR2,11.538461538461538
PTGR3,26.923076923076923
PTGS1,0.0
PTGS2,94.23076923076923
PTK2,1.9230769230769231
PTK2B,0.0
PTK7,13.461538461538462
PTMA,0.0
PTMS,0.0
PTN,55.769230769230774
PTOV1,96.15384615384616
PTP4A1,1.9230769230769231
PTP4A2,0.0
PTP4A3,53.84615384615385
PTPA,0.0
PTPMT1,13.461538461538462
PTPN1,0.0
PTPN11,0.0
PTPN12,0.0
PTPN13,46.15384615384615
PTPN14,69.23076923076923
PTPN18,46.15384615384615
PTPN2,48.07692307692308
PTPN22,61.53846153846154
PTPN23,1.9230769230769231
PTPN6,0.0
PTPN7,13.461538461538462
PTPN9,9.615384615384617
PTPRA,1.9230769230769231
PTPRB,34.61538461538461
PTPRC,0.0
PTPRCAP,32.69230769230769
PTPRD,76.92307692307693
PTPRE,3.8461538461538463
PTPRF,1.9230769230769231
PTPRG,1.9230769230769231
PTPRJ,0.0
PTPRK,21.153846153846153
PTPRM,15.384615384615385
PTPRN,78.84615384615384
PTPRO,55.769230769230774
PTPRS,9.615384615384617
PTPRU,61.53846153846154
PTRH1,46.15384615384615
PTRH2,15.384615384615385
PTRHD1,1.9230769230769231
PTS,73.07692307692307
PTTG1IP,1.9230769230769231
PTX3,0.0
PUDP,5.769230769230769
PUF60,3.8461538461538463
PUM1,30.76923076923077
PUM2,44.230769230769226
PUM3,30.76923076923077
PURA,0.0
PURB,1.9230769230769231
PUS1,11.538461538461538
PUS3,92.3076923076923
PUS7,36.53846153846153
PUS7L,88.46153846153845
PVALB,63.46153846153846
PVR,3.8461538461538463
PWP1,11.538461538461538
PWP2,21.153846153846153
PWWP2B,88.46153846153845
PXDC1,51.92307692307693
PXDN,0.0
PXK,34.61538461538461
PXMP2,63.46153846153846
PXN,63.46153846153846
PYCARD,0.0
PYCR1,5.769230769230769
PYCR2,23.076923076923077
PYCR3,0.0
PYGB,0.0
PYGL,0.0
PYGM,15.384615384615385
PYGO2,69.23076923076923
PYHIN1,80.76923076923077
PYM1,0.0
PYROXD1,90.38461538461539
PYROXD2,59.61538461538461
PZP,13.461538461538462
QARS1,0.0
QDPR,0.0
QKI,0.0
QPCT,3.8461538461538463
QPCTL,17.307692307692307
QPRT,19.230769230769234
QRICH1,15.384615384615385
QRSL1,40.38461538461539
QSER1,100.0
QSOX1,0.0
QSOX2,34.61538461538461
QTRT1,7.6923076923076925
QTRT2,28.846153846153843
R3HCC1,69.23076923076923
R3HDM1,84.61538461538461
R3HDM4,98.07692307692307
RAB10,0.0
RAB11A,75.0
RAB11B,0.0
RAB11FIP1,3.8461538461538463
RAB11FIP2,40.38461538461539
RAB11FIP5,9.615384615384617
RAB12,1.9230769230769231
RAB13,1.9230769230769231
RAB14,0.0
RAB15,63.46153846153846
RAB18,0.0
RAB1A,0.0
RAB1B,0.0
RAB20,23.076923076923077
RAB21,0.0
RAB22A,3.8461538461538463
RAB23,1.9230769230769231
RAB24,15.384615384615385
RAB27A,0.0
RAB27B,0.0
RAB28,38.46153846153847
RAB29,23.076923076923077
RAB2A,0.0
RAB2B,0.0
RAB30,19.230769230769234
RAB31,0.0
RAB32,0.0
RAB33A,50.0
RAB33B,1.9230769230769231
RAB34,3.8461538461538463
RAB35,0.0
RAB37,15.384615384615385
RAB38,71.15384615384616
RAB39A,61.53846153846154
RAB39B,55.769230769230774
RAB3A,38.46153846153847
RAB3B,88.46153846153845
RAB3C,46.15384615384615
RAB3D,0.0
RAB3GAP1,1.9230769230769231
RAB3GAP2,0.0
RAB3IL1,17.307692307692307
RAB42,73.07692307692307
RAB43,21.153846153846153
RAB44,42.30769230769231
RAB4A,0.0
RAB4B,1.9230769230769231
RAB5A,0.0
RAB5B,0.0
RAB5C,0.0
RAB5IF,82.6923076923077
RAB6A,0.0
RAB6B,1.9230769230769231
RAB7A,0.0
RAB7B,34.61538461538461
RAB8A,0.0
RAB8B,0.0
RAB9A,5.769230769230769
RAB9B,63.46153846153846
RABAC1,48.07692307692308
RABEP1,5.769230769230769
RABEP2,1.9230769230769231
RABEPK,46.15384615384615
RABGAP1,3.8461538461538463
RABGAP1L,9.615384615384617
RABGEF1,13.461538461538462
RABGGTA,0.0
RABGGTB,0.0
RABIF,28.846153846153843
RABL2A;RABL2B,51.92307692307693
RABL3,9.615384615384617
RABL6,3.8461538461538463
RAC1,0.0
RAC2,0.0
RACGAP1,98.07692307692307
RACK1,0.0
RAD1,98.07692307692307
RAD17,96.15384615384616
RAD18,98.07692307692307
RAD21,11.538461538461538
RAD23A,0.0
RAD23B,0.0
RAD50,3.8461538461538463
RAD51AP1,100.0
RAD51B,98.07692307692307
RAD51C,100.0
RAD51D,100.0
RAD54L2,96.15384615384616
RAD9A,82.6923076923077
RAE1,3.8461538461538463
RAF1,57.692307692307686
RAI1,100.0
RAI14,3.8461538461538463
RALA,0.0
RALB,0.0
RALBP1,19.230769230769234
RALGAPA1,30.76923076923077
RALGAPA2,15.384615384615385
RALGAPB,17.307692307692307
RALGPS2,59.61538461538461
RALY,0.0
RAMAC,73.07692307692307
RAMP1,78.84615384615384
RAN,0.0
RANBP1,0.0
RANBP10,19.230769230769234
RANBP17,98.07692307692307
RANBP2,5.769230769230769
RANBP3,5.769230769230769
RANBP6,53.84615384615385
RANBP9,25.0
RANGAP1,0.0
RANGRF,73.07692307692307
RAP1A,0.0
RAP1B,0.0
RAP1GAP,98.07692307692307
RAP1GAP2,63.46153846153846
RAP1GDS1,0.0
RAP2A,13.461538461538462
RAP2B,0.0
RAP2C,7.6923076923076925
RAPGEF1,17.307692307692307
RAPGEF2,17.307692307692307
RAPGEF6,73.07692307692307
RAPH1,11.538461538461538
RARRES1,73.07692307692307
RARRES2,0.0
RARS1,0.0
RARS2,34.61538461538461
RASA1,0.0
RASA2,19.230769230769234
RASA3,1.9230769230769231
RASA4,17.307692307692307
RASAL2,48.07692307692308
RASAL3,5.769230769230769
RASGRF2,82.6923076923077
RASGRP2,3.8461538461538463
RASIP1,11.538461538461538
RASL11A,90.38461538461539
RASL12,48.07692307692308
RASSF2,1.9230769230769231
RASSF3,86.53846153846155
RASSF5,57.692307692307686
RASSF8,94.23076923076923
RAVER1,5.769230769230769
RAVER2,96.15384615384616
RB1,38.46153846153847
RB1CC1,46.15384615384615
RBBP4,7.6923076923076925
RBBP5,15.384615384615385
RBBP6,55.769230769230774
RBBP7,0.0
RBBP9,0.0
RBCK1,30.76923076923077
RBFA,100.0
RBFOX2,34.61538461538461
RBKS,38.46153846153847
RBM10,26.923076923076923
RBM12,5.769230769230769
RBM12B,48.07692307692308
RBM14,5.769230769230769
RBM15,26.923076923076923
RBM15B,53.84615384615385
RBM17,17.307692307692307
RBM18,96.15384615384616
RBM19,53.84615384615385
RBM22,50.0
RBM24;RBM38,44.230769230769226
RBM25,13.461538461538462
RBM26,11.538461538461538
RBM27,25.0
RBM28,40.38461538461539
RBM3,0.0
RBM33,76.92307692307693
RBM34,65.38461538461539
RBM39,1.9230769230769231
RBM4,36.53846153846153
RBM42,15.384615384615385
RBM45,80.76923076923077
RBM47,46.15384615384615
RBM4B,9.615384615384617
RBM5,57.692307692307686
RBM6,76.92307692307693
RBM7,61.53846153846154
RBM8A,1.9230769230769231
RBMS1,5.769230769230769
RBMS2,13.461538461538462
RBMX,0.0
RBMX2,84.61538461538461
RBMXL1,25.0
RBP1,1.9230769230769231
RBP4;cRAP-RBP4,0.0
RBP5,26.923076923076923
RBP7,3.8461538461538463
RBPJ,9.615384615384617
RBPMS,5.769230769230769
RBPMS2,19.230769230769234
RBSN,15.384615384615385
RBX1,0.0
RC3H1,98.07692307692307
RC3H2,94.23076923076923
RCBTB2,63.46153846153846
RCC1,1.9230769230769231
RCC1L,30.76923076923077
RCC2,0.0
RCCD1,90.38461538461539
RCE1,48.07692307692308
RCHY1,75.0
RCL1,50.0
RCN1,0.0
RCN2,1.9230769230769231
RCN3,0.0
RCOR1,42.30769230769231
RCOR3,50.0
RCSD1,1.9230769230769231
RDH10,26.923076923076923
RDH11,0.0
RDH13,9.615384615384617
RDH14,5.769230769230769
RDH5,42.30769230769231
RDX,0.0
RECK,3.8461538461538463
RECQL,0.0
RECQL5,98.07692307692307
REEP1,84.61538461538461
REEP2,86.53846153846155
REEP3,25.0
REEP4,90.38461538461539
REEP5,0.0
REG1A;REG1B,88.46153846153845
REL,13.461538461538462
RELA,1.9230769230769231
RELB,78.84615384615384
RELCH,3.8461538461538463
REM1,38.46153846153847
RENBP,0.0
REPIN1,94.23076923076923
REPS1,23.076923076923077
RER1,3.8461538461538463
RERG,36.53846153846153
RETN,0.0
RETREG2,7.6923076923076925
RETREG3,1.9230769230769231
RETSAT,5.769230769230769
REXO2,0.0
REXO4,94.23076923076923
RFC1,42.30769230769231
RFC2,42.30769230769231
RFC3,17.307692307692307
RFC4,25.0
RFC5,34.61538461538461
RFESD,0.0
RFK,65.38461538461539
RFLNA,61.53846153846154
RFLNB,42.30769230769231
RFT1,11.538461538461538
RFTN1,3.8461538461538463
RFTN2,42.30769230769231
RFX1,46.15384615384615
RFX5,30.76923076923077
RFXANK,80.76923076923077
RFXAP,65.38461538461539
RGCC,13.461538461538462
RGL1,84.61538461538461
RGL2,21.153846153846153
RGL3,94.23076923076923
RGN,25.0
RGP1,25.0
RGPD1;RGPD2,92.3076923076923
RGS10,0.0
RGS14,38.46153846153847
RGS17,94.23076923076923
RGS18,34.61538461538461
RGS19,26.923076923076923
RGS3,63.46153846153846
RGS5,90.38461538461539
RHAG,0.0
RHBDD1,46.15384615384615
RHBDD2,11.538461538461538
RHBDF1,65.38461538461539
RHBDF2,65.38461538461539
RHCE,3.8461538461538463
RHEB,0.0
RHOA,0.0
RHOB,0.0
RHOC,0.0
RHOD,90.38461538461539
RHOF,30.76923076923077
RHOG,0.0
RHOJ,57.692307692307686
RHOQ,82.6923076923077
RHOT1,1.9230769230769231
RHOT2,0.0
RHPN2,100.0
RIC1,76.92307692307693
RIC8A,0.0
RIC8B,88.46153846153845
RICTOR,36.53846153846153
RIDA,1.9230769230769231
RIF1,50.0
RIGI,1.9230769230769231
RILP,1.9230769230769231
RILPL1,9.615384615384617
RILPL2,44.230769230769226
RIMKLB,100.0
RIMOC1,9.615384615384617
RIN1,82.6923076923077
RIN2,65.38461538461539
RIN3,17.307692307692307
RING1,15.384615384615385
RINL,69.23076923076923
RINT1,57.692307692307686
RIOK1,84.61538461538461
RIOK2,92.3076923076923
RIOK3,86.53846153846155
RIOX1,53.84615384615385
RIOX2,61.53846153846154
RIPK1,3.8461538461538463
RIPK2,42.30769230769231
RIPK3,55.769230769230774
RIPOR1,19.230769230769234
RIPOR2,55.769230769230774
RIT1,50.0
RMC1,11.538461538461538
RMDN1,3.8461538461538463
RMDN2,19.230769230769234
RMDN3,0.0
RMI1,100.0
RMI2,100.0
RMND1,17.307692307692307
RMND5A,36.53846153846153
RNASE1,0.0
RNASE2,0.0
RNASE3,0.0
RNASE4,0.0
RNASE6,5.769230769230769
RNASEH1,96.15384615384616
RNASEH2A,40.38461538461539
RNASEH2B,48.07692307692308
RNASEH2C,32.69230769230769
RNASEL,19.230769230769234
RNASET2,0.0
RND3,75.0
RNF11,23.076923076923077
RNF113A,42.30769230769231
RNF114,26.923076923076923
RNF121,75.0
RNF123,0.0
RNF126,28.846153846153843
RNF13,21.153846153846153
RNF135,50.0
RNF14,7.6923076923076925
RNF141,88.46153846153845
RNF146,90.38461538461539
RNF149,55.769230769230774
RNF167,71.15384615384616
RNF169,92.3076923076923
RNF170,5.769230769230769
RNF181,19.230769230769234
RNF2,51.92307692307693
RNF20,26.923076923076923
RNF213,0.0
RNF214,19.230769230769234
RNF220,96.15384615384616
RNF25,42.30769230769231
RNF31,13.461538461538462
RNF34,98.07692307692307
RNF40,15.384615384615385
RNF41,78.84615384615384
RNF5,76.92307692307693
RNF7,19.230769230769234
RNGTT,38.46153846153847
RNH1,0.0
RNLS,65.38461538461539
RNMT,17.307692307692307
RNPEP,0.0
RNPS1,13.461538461538462
RO60,42.30769230769231
ROBO1,40.38461538461539
ROBO2,92.3076923076923
ROCK1,0.0
ROCK2,0.0
ROGDI,80.76923076923077
ROMO1,94.23076923076923
ROR1,30.76923076923077
ROR2,34.61538461538461
RP2,1.9230769230769231
RP9,98.07692307692307
RPA1,0.0
RPA2,0.0
RPA3,1.9230769230769231
RPAP1,40.38461538461539
RPAP2,90.38461538461539
RPAP3,17.307692307692307
RPE,11.538461538461538
RPF1,90.38461538461539
RPF2,38.46153846153847
RPIA,0.0
RPL10,1.9230769230769231
RPL10A,0.0
RPL11,0.0
RPL12,0.0
RPL13,0.0
RPL13A,0.0
RPL14,0.0
RPL15,0.0
RPL17,0.0
RPL18,0.0
RPL18A,0.0
RPL19,0.0
RPL21,11.538461538461538
RPL22,0.0
RPL22L1,76.92307692307693
RPL23,0.0
RPL23A,0.0
RPL24,1.9230769230769231
RPL26,3.8461538461538463
RPL26L1,50.0
RPL27,0.0
RPL27A,0.0
RPL28,5.769230769230769
RPL29,0.0
RPL3,0.0
RPL30,0.0
RPL31,0.0
RPL32,3.8461538461538463
RPL34,3.8461538461538463
RPL35,0.0
RPL35A,5.769230769230769
RPL36,3.8461538461538463
RPL36AL,1.9230769230769231
RPL37A,5.769230769230769
RPL38,3.8461538461538463
RPL39;RPL39P5,55.769230769230774
RPL4,0.0
RPL5,0.0
RPL6,0.0
RPL7,0.0
RPL7A,0.0
RPL7L1,34.61538461538461
RPL8,0.0
RPL9,0.0
RPLP0,0.0
RPLP1,0.0
RPLP2,0.0
RPN1,0.0
RPN2,0.0
RPP14,98.07692307692307
RPP21,94.23076923076923
RPP25,73.07692307692307
RPP30,28.846153846153843
RPP38,53.84615384615385
RPP40,92.3076923076923
RPRD1A,30.76923076923077
RPRD1B,1.9230769230769231
RPRD2,28.846153846153843
RPS10,0.0
RPS11,0.0
RPS12,0.0
RPS13,0.0
RPS14,0.0
RPS15,1.9230769230769231
RPS15A,0.0
RPS16,0.0
RPS17,0.0
RPS18,0.0
RPS19,0.0
RPS19BP1,90.38461538461539
RPS2,0.0
RPS20,0.0
RPS21,0.0
RPS23,1.9230769230769231
RPS24,1.9230769230769231
RPS25,0.0
RPS26,7.6923076923076925
RPS27,3.8461538461538463
RPS27A;cRAP-RPS27A,0.0
RPS27L,11.538461538461538
RPS28,0.0
RPS29,11.538461538461538
RPS3,0.0
RPS3A,0.0
RPS4X,0.0
RPS4Y1,34.61538461538461
RPS5,0.0
RPS6,0.0
RPS6KA1,0.0
RPS6KA2,80.76923076923077
RPS6KA3,0.0
RPS6KA4,34.61538461538461
RPS6KA5,23.076923076923077
RPS6KB1,71.15384615384616
RPS6KB2,73.07692307692307
RPS7,0.0
RPS8,1.9230769230769231
RPS9,0.0
RPSA,0.0
RPTOR,5.769230769230769
RPUSD2,57.692307692307686
RPUSD3,88.46153846153845
RPUSD4,98.07692307692307
RRAD,21.153846153846153
RRAGA,0.0
RRAGB,98.07692307692307
RRAGC,0.0
RRAS,0.0
RRAS2,9.615384615384617
RRBP1,0.0
RREB1,71.15384615384616
RRM1,11.538461538461538
RRM2,61.53846153846154
RRM2B,3.8461538461538463
RRN3,90.38461538461539
RRP1,65.38461538461539
RRP12,32.69230769230769
RRP15,55.769230769230774
RRP1B,44.230769230769226
RRP36,90.38461538461539
RRP7A,88.46153846153845
RRP8,59.61538461538461
RRP9,38.46153846153847
RRS1,25.0
RSBN1,59.61538461538461
RSBN1L,92.3076923076923
RSF1,19.230769230769234
RSL1D1,3.8461538461538463
RSL24D1,88.46153846153845
RSRC1,90.38461538461539
RSRC2,63.46153846153846
RSU1,0.0
RTCA,0.0
RTCB,0.0
RTF1,13.461538461538462
RTF2,53.84615384615385
RTKN,78.84615384615384
RTL8C,63.46153846153846
RTN1,65.38461538461539
RTN2,5.769230769230769
RTN3,0.0
RTN4,3.8461538461538463
RTN4IP1,48.07692307692308
RTRAF,0.0
RUBCN,78.84615384615384
RUFY1,0.0
RUFY2,34.61538461538461
RUFY3,21.153846153846153
RUNDC3A,92.3076923076923
RUNX1,63.46153846153846
RUNX3,96.15384615384616
RUSC1,94.23076923076923
RUSF1,5.769230769230769
RUVBL1,0.0
RUVBL2,0.0
RWDD1,9.615384615384617
RWDD2B,88.46153846153845
RWDD4,57.692307692307686
RXRA,42.30769230769231
RXRB,53.84615384615385
RYR2,80.76923076923077
S100A1,46.15384615384615
S100A10,0.0
S100A11,0.0
S100A12,0.0
S100A13,0.0
S100A14,32.69230769230769
S100A16,0.0
S100A4,0.0
S100A6,0.0
S100A7,3.8461538461538463
S100A7A,100.0
S100A7L2,96.15384615384616
S100A8,0.0
S100A9,0.0
S100B,9.615384615384617
S100P,0.0
S1PR2,36.53846153846153
S1PR3,78.84615384615384
SAA1,5.769230769230769
SAA2,3.8461538461538463
SAA4,0.0
SAAL1,78.84615384615384
SAC3D1,100.0
SACM1L,0.0
SACS,42.30769230769231
SAE1,1.9230769230769231
SAFB,0.0
SAFB2,5.769230769230769
SAMD1,53.84615384615385
SAMD4A,75.0
SAMD4B,34.61538461538461
SAMD9,3.8461538461538463
SAMD9L,25.0
SAMHD1,0.0
SAMM50,5.769230769230769
SAMSN1,57.692307692307686
SAP130,44.230769230769226
SAP18,13.461538461538462
SAP30,65.38461538461539
SAP30BP,30.76923076923077
SAP30L,48.07692307692308
SAR1A,0.0
SAR1B,1.9230769230769231
SARAF,94.23076923076923
SARDH,51.92307692307693
SARM1,17.307692307692307
SARNP,3.8461538461538463
SARS1,0.0
SARS2,9.615384615384617
SART1,13.461538461538462
SART3,0.0
SASH1,23.076923076923077
SASH3,0.0
SASS6,98.07692307692307
SAT2,28.846153846153843
SBDS,1.9230769230769231
SBF1,7.6923076923076925
SBF2,30.76923076923077
SBNO1,51.92307692307693
SBSN,46.15384615384615
SBSPON,36.53846153846153
SCAF1,75.0
SCAF11,46.15384615384615
SCAF4,19.230769230769234
SCAF8,11.538461538461538
SCAI,76.92307692307693
SCAMP1,3.8461538461538463
SCAMP2,1.9230769230769231
SCAMP3,3.8461538461538463
SCAMP4,19.230769230769234
SCAP,69.23076923076923
SCARA3,65.38461538461539
SCARA5,32.69230769230769
SCARB1,30.76923076923077
SCARB2,0.0
SCARF2,28.846153846153843
SCCPDH,1.9230769230769231
SCD,46.15384615384615
SCD5,78.84615384615384
SCFD1,0.0
SCFD2,9.615384615384617
SCG2,61.53846153846154
SCG3,86.53846153846155
SCG5,90.38461538461539
SCGB1D2,19.230769230769234
SCGB2A1,98.07692307692307
SCGB3A1,73.07692307692307
SCGB3A2,82.6923076923077
SCGN,92.3076923076923
SCIMP,88.46153846153845
SCIN,15.384615384615385
SCLT1,98.07692307692307
SCLY,9.615384615384617
SCML2,98.07692307692307
SCN3A,96.15384615384616
SCN7A,78.84615384615384
SCO1,9.615384615384617
SCO2,30.76923076923077
SCOC,32.69230769230769
SCP2,0.0
SCPEP1,0.0
SCRIB,5.769230769230769
SCRN1,0.0
SCRN2,1.9230769230769231
SCRN3,3.8461538461538463
SCUBE1,55.769230769230774
SCUBE3,38.46153846153847
SCYL1,7.6923076923076925
SCYL2,5.769230769230769
SCYL3,73.07692307692307
SDAD1,48.07692307692308
SDC1,44.230769230769226
SDC2,7.6923076923076925
SDC4,44.230769230769226
SDCBP,0.0
SDCCAG8,63.46153846153846
SDE2,76.92307692307693
SDF2,11.538461538461538
SDF2L1,11.538461538461538
SDF4,17.307692307692307
SDHA,0.0
SDHAF2,67.3076923076923
SDHAF4,75.0
SDHB,0.0
SDHC,3.8461538461538463
SDHD,19.230769230769234
SDK1,17.307692307692307
SDK2,82.6923076923077
SDR39U1,17.307692307692307
SDR9C7,76.92307692307693
SDS,88.46153846153845
SDSL,19.230769230769234
SEC11A,0.0
SEC11C,7.6923076923076925
SEC13,0.0
SEC14L1,59.61538461538461
SEC14L2,0.0
SEC14L4,0.0
SEC16A,5.769230769230769
SEC22A,38.46153846153847
SEC22B,0.0
SEC23A,0.0
SEC23B,11.538461538461538
SEC23IP,0.0
SEC24A,5.769230769230769
SEC24B,3.8461538461538463
SEC24C,0.0
SEC24D,1.9230769230769231
SEC31A,0.0
SEC61A1,0.0
SEC61B,1.9230769230769231
SEC61G,0.0
SEC62,3.8461538461538463
SEC63,1.9230769230769231
SECISBP2L,94.23076923076923
SEH1L,9.615384615384617
SEL1L,0.0
SEL1L3,88.46153846153845
SELENBP1,0.0
SELENOF,0.0
SELENOH,7.6923076923076925
SELENOI,92.3076923076923
SELENOK,73.07692307692307
SELENOM,3.8461538461538463
SELENON,40.38461538461539
SELENOO,3.8461538461538463
SELENOP,0.0
SELENOS,13.461538461538462
SELENOT,9.615384615384617
SELENOW,44.230769230769226
SELL,5.769230769230769
SELP,0.0
SELPLG,55.769230769230774
SEMA3B,80.76923076923077
SEMA3C,11.538461538461538
SEMA3D,96.15384615384616
SEMA3E,78.84615384615384
SEMA3F,98.07692307692307
SEMA4A,50.0
SEMA4B,23.076923076923077
SEMA4C,94.23076923076923
SEMA4D,30.76923076923077
SEMA7A,13.461538461538462
SEMG1,94.23076923076923
SENP1,78.84615384615384
SENP3,82.6923076923077
SENP5,100.0
SENP7,57.692307692307686
SENP8,36.53846153846153
SEPHS1,0.0
SEPHS2,34.61538461538461
SEPSECS,11.538461538461538
SEPTIN1,15.384615384615385
SEPTIN10,5.769230769230769
SEPTIN11,0.0
SEPTIN2,0.0
SEPTIN3,44.230769230769226
SEPTIN4,11.538461538461538
SEPTIN5,65.38461538461539
SEPTIN6,0.0
SEPTIN7,0.0
SEPTIN8,0.0
SEPTIN9,0.0
SERAC1,53.84615384615385
SERBP1,0.0
SERF2,75.0
SERGEF,90.38461538461539
SERINC1,15.384615384615385
SERINC3,46.15384615384615
SERPINA1,0.0
SERPINA10,0.0
SERPINA11,42.30769230769231
SERPINA12,46.15384615384615
SERPINA3,0.0
SERPINA4,0.0
SERPINA5,0.0
SERPINA6,0.0
SERPINA7,0.0
SERPINB1,0.0
SERPINB10,3.8461538461538463
SERPINB12,0.0
SERPINB13,96.15384615384616
SERPINB2,38.46153846153847
SERPINB3,3.8461538461538463
SERPINB4,90.38461538461539
SERPINB5,94.23076923076923
SERPINB6,0.0
SERPINB7,67.3076923076923
SERPINB8,0.0
SERPINB9,0.0
SERPINC1;cRAP-SERPINC1,0.0
SERPIND1,0.0
SERPINE1,0.0
SERPINE2,0.0
SERPINF1,0.0
SERPINF2,0.0
SERPING1,0.0
SERPINH1,0.0
SERPINI1,46.15384615384615
SESN1,75.0
SESTD1,11.538461538461538
SET,0.0
SETD1A,32.69230769230769
SETD2,100.0
SETD3,9.615384615384617
SETD7,5.769230769230769
SETD9,88.46153846153845
SETDB1,67.3076923076923
SETMAR,42.30769230769231
SETX,69.23076923076923
SEZ6L2,98.07692307692307
SF1,3.8461538461538463
SF3A1,0.0
SF3A2,5.769230769230769
SF3A3,3.8461538461538463
SF3B1,0.0
SF3B2,0.0
SF3B3,0.0
SF3B4,3.8461538461538463
SF3B5,11.538461538461538
SF3B6,13.461538461538462
SFN,36.53846153846153
SFPQ,1.9230769230769231
SFR1,100.0
SFRP1,11.538461538461538
SFRP2,5.769230769230769
SFRP4,5.769230769230769
SFSWAP,71.15384615384616
SFT2D2,9.615384615384617
SFT2D3,28.846153846153843
SFTPA1;SFTPA2,82.6923076923077
SFTPB,30.76923076923077
SFXN1,0.0
SFXN2,30.76923076923077
SFXN3,0.0
SFXN4,55.769230769230774
SFXN5,65.38461538461539
SGCB,11.538461538461538
SGCD,7.6923076923076925
SGCE,9.615384615384617
SGCG,51.92307692307693
SGF29,63.46153846153846
SGIP1,90.38461538461539
SGK1,100.0
SGK3,38.46153846153847
SGMS1,84.61538461538461
SGPL1,1.9230769230769231
SGPP1,84.61538461538461
SGSH,1.9230769230769231
SGSM1,90.38461538461539
SGTA,0.0
SGTB,3.8461538461538463
SH2B1,53.84615384615385
SH2D1A,48.07692307692308
SH2D3C,69.23076923076923
SH2D4A,84.61538461538461
SH3BGR,94.23076923076923
SH3BGRL,0.0
SH3BGRL2,1.9230769230769231
SH3BGRL3,0.0
SH3BP1,0.0
SH3BP2,80.76923076923077
SH3BP4,55.769230769230774
SH3BP5,42.30769230769231
SH3BP5L,50.0
SH3D19,13.461538461538462
SH3GL1,0.0
SH3GL2,98.07692307692307
SH3GLB1,1.9230769230769231
SH3GLB2,0.0
SH3KBP1,25.0
SH3PXD2A,51.92307692307693
SH3PXD2B,7.6923076923076925
SH3TC1,84.61538461538461
SHANK3,25.0
SHARPIN,63.46153846153846
SHBG,0.0
SHC1,7.6923076923076925
SHCBP1,100.0
SHFL,9.615384615384617
SHISA4,48.07692307692308
SHMT1,1.9230769230769231
SHMT2,0.0
SHOC2,7.6923076923076925
SHPK,1.9230769230769231
SHROOM3,44.230769230769226
SHTN1,0.0
SIAE,0.0
SIDT2,11.538461538461538
SIGIRR,69.23076923076923
SIGLEC1,7.6923076923076925
SIGLEC5,11.538461538461538
SIGLEC7,55.769230769230774
SIGLEC9,25.0
SIGMAR1,13.461538461538462
SIK2,78.84615384615384
SIK3,86.53846153846155
SIKE1,92.3076923076923
SIL1,1.9230769230769231
SIN3A,5.769230769230769
SIN3B,84.61538461538461
SIPA1,0.0
SIPA1L1,65.38461538461539
SIPA1L2,71.15384615384616
SIRPA,0.0
SIRPB1,92.3076923076923
SIRT1,90.38461538461539
SIRT2,1.9230769230769231
SIRT3,21.153846153846153
SIRT5,15.384615384615385
SIRT6,61.53846153846154
SIRT7,98.07692307692307
SIT1,90.38461538461539
SIVA1,94.23076923076923
SKAP1,82.6923076923077
SKAP2,1.9230769230769231
SKIC2,1.9230769230769231
SKIC3,1.9230769230769231
SKIC8,1.9230769230769231
SKP1,0.0
SKP2,100.0
SLAIN2,17.307692307692307
SLAMF1,84.61538461538461
SLAMF6,80.76923076923077
SLAMF7,76.92307692307693
SLAMF8,65.38461538461539
SLBP,100.0
SLC11A2,86.53846153846155
SLC12A2,21.153846153846153
SLC12A3,100.0
SLC12A4,9.615384615384617
SLC12A6,36.53846153846153
SLC12A7,21.153846153846153
SLC12A9,13.461538461538462
SLC14A1,1.9230769230769231
SLC15A3,9.615384615384617
SLC15A4,13.461538461538462
SLC16A1,5.769230769230769
SLC16A10,88.46153846153845
SLC16A2,30.76923076923077
SLC16A3,0.0
SLC16A6,100.0
SLC16A7,25.0
SLC17A5,1.9230769230769231
SLC18A1,92.3076923076923
SLC18A2,94.23076923076923
SLC18B1,30.76923076923077
SLC19A1,96.15384615384616
SLC19A3,67.3076923076923
SLC1A3,36.53846153846153
SLC1A4,28.846153846153843
SLC1A5,3.8461538461538463
SLC20A2,51.92307692307693
SLC22A18,21.153846153846153
SLC22A3,30.76923076923077
SLC25A1,1.9230769230769231
SLC25A10,19.230769230769234
SLC25A11,0.0
SLC25A12,1.9230769230769231
SLC25A13,1.9230769230769231
SLC25A15,71.15384615384616
SLC25A16,34.61538461538461
SLC25A17,69.23076923076923
SLC25A19,21.153846153846153
SLC25A20,1.9230769230769231
SLC25A22,9.615384615384617
SLC25A23,50.0
SLC25A24,0.0
SLC25A25,69.23076923076923
SLC25A3,0.0
SLC25A30,75.0
SLC25A32,34.61538461538461
SLC25A35,26.923076923076923
SLC25A36,48.07692307692308
SLC25A4,3.8461538461538463
SLC25A40,15.384615384615385
SLC25A42,48.07692307692308
SLC25A46,32.69230769230769
SLC25A5,0.0
SLC25A52,51.92307692307693
SLC25A6,0.0
SLC26A2,53.84615384615385
SLC26A6,100.0
SLC27A1,3.8461538461538463
SLC27A2,53.84615384615385
SLC27A3,3.8461538461538463
SLC27A4,3.8461538461538463
SLC29A1,0.0
SLC29A2,100.0
SLC29A3,26.923076923076923
SLC2A1,0.0
SLC2A10,61.53846153846154
SLC2A13,63.46153846153846
SLC2A3,0.0
SLC2A4,42.30769230769231
SLC2A5,26.923076923076923
SLC2A6,57.692307692307686
SLC2A9,53.84615384615385
SLC30A1,5.769230769230769
SLC30A5,34.61538461538461
SLC30A6,76.92307692307693
SLC30A7,19.230769230769234
SLC30A9,15.384615384615385
SLC31A1,21.153846153846153
SLC33A1,15.384615384615385
SLC35A1,55.769230769230774
SLC35A3,23.076923076923077
SLC35A4,1.9230769230769231
SLC35B1,65.38461538461539
SLC35B2,13.461538461538462
SLC35B3,65.38461538461539
SLC35C1,44.230769230769226
SLC35E1,32.69230769230769
SLC35F2,100.0
SLC35F6,5.769230769230769
SLC36A1,17.307692307692307
SLC37A2,86.53846153846155
SLC37A4,28.846153846153843
SLC38A1,94.23076923076923
SLC38A10,23.076923076923077
SLC38A2,84.61538461538461
SLC38A5,96.15384615384616
SLC38A7,36.53846153846153
SLC38A9,92.3076923076923
SLC39A1,73.07692307692307
SLC39A10,30.76923076923077
SLC39A11,17.307692307692307
SLC39A13,67.3076923076923
SLC39A14,5.769230769230769
SLC39A6,96.15384615384616
SLC39A7,73.07692307692307
SLC3A2,0.0
SLC40A1,7.6923076923076925
SLC41A3,15.384615384615385
SLC43A2,7.6923076923076925
SLC43A3,90.38461538461539
SLC44A1,0.0
SLC44A2,0.0
SLC46A1,36.53846153846153
SLC49A4,65.38461538461539
SLC4A1,0.0
SLC4A1AP,17.307692307692307
SLC4A2,25.0
SLC4A7,40.38461538461539
SLC5A3,76.92307692307693
SLC5A6,88.46153846153845
SLC66A2,21.153846153846153
SLC66A3,9.615384615384617
SLC6A15,100.0
SLC6A2,84.61538461538461
SLC6A6,55.769230769230774
SLC6A9,100.0
SLC7A1,94.23076923076923
SLC7A11,100.0
SLC7A2,92.3076923076923
SLC7A5,30.76923076923077
SLC7A6OS,88.46153846153845
SLC7A7,71.15384615384616
SLC7A8,55.769230769230774
SLC8A1,32.69230769230769
SLC9A1,11.538461538461538
SLC9A6,19.230769230769234
SLC9A9,26.923076923076923
SLCO2A1,53.84615384615385
SLCO2B1,11.538461538461538
SLCO3A1,23.076923076923077
SLCO4A1,100.0
SLFN11,51.92307692307693
SLFN5,9.615384615384617
SLIRP,1.9230769230769231
SLIT2,38.46153846153847
SLIT3,17.307692307692307
SLITRK4,86.53846153846155
SLK,5.769230769230769
SLMAP,46.15384615384615
SLPI,0.0
SLTM,7.6923076923076925
SLU7,90.38461538461539
SLX9,92.3076923076923
SMAD1,50.0
SMAD2,9.615384615384617
SMAD3,32.69230769230769
SMAD4,21.153846153846153
SMAD5,17.307692307692307
SMAP,7.6923076923076925
SMAP1,13.461538461538462
SMAP2,1.9230769230769231
SMARCA1,46.15384615384615
SMARCA2,5.769230769230769
SMARCA4,38.46153846153847
SMARCA5,9.615384615384617
SMARCAD1,65.38461538461539
SMARCAL1,46.15384615384615
SMARCB1,28.846153846153843
SMARCC1,46.15384615384615
SMARCC2,3.8461538461538463
SMARCD1,59.61538461538461
SMARCD2,19.230769230769234
SMARCE1,3.8461538461538463
SMC1A,3.8461538461538463
SMC2,32.69230769230769
SMC3,3.8461538461538463
SMC4,53.84615384615385
SMC5,42.30769230769231
SMC6,51.92307692307693
SMCHD1,13.461538461538462
SMCO3,51.92307692307693
SMCR8,59.61538461538461
SMDT1,34.61538461538461
SMG1,23.076923076923077
SMG5,65.38461538461539
SMG6,84.61538461538461
SMG8,36.53846153846153
SMG9,25.0
SMIM1,34.61538461538461
SMIM12,32.69230769230769
SMIM15,42.30769230769231
SMIM20,5.769230769230769
SMIM24,55.769230769230774
SMIM7,61.53846153846154
SMN1,63.46153846153846
SMNDC1,57.692307692307686
SMOC1,9.615384615384617
SMOC2,11.538461538461538
SMOX,100.0
SMPD1,17.307692307692307
SMPD2,55.769230769230774
SMPD4,23.076923076923077
SMPDL3A,78.84615384615384
SMPDL3B,50.0
SMS,0.0
SMTN,55.769230769230774
SMU1,1.9230769230769231
SMUG1,55.769230769230774
SMURF1,76.92307692307693
SMURF2,57.692307692307686
SMYD3,86.53846153846155
SMYD5,7.6923076923076925
SNAP23,0.0
SNAP25,65.38461538461539
SNAP29,0.0
SNAP91,76.92307692307693
SNAPC4,100.0
SNAPIN,0.0
SNCA,0.0
SNCB,82.6923076923077
SNCG,1.9230769230769231
SND1,0.0
SNED1,21.153846153846153
SNF8,1.9230769230769231
SNIP1,67.3076923076923
SNRNP200,1.9230769230769231
SNRNP27,75.0
SNRNP40,7.6923076923076925
SNRNP48,100.0
SNRNP70,3.8461538461538463
SNRPA,5.769230769230769
SNRPA1,3.8461538461538463
SNRPB,3.8461538461538463
SNRPB2,9.615384615384617
SNRPC,5.769230769230769
SNRPD1,1.9230769230769231
SNRPD2,1.9230769230769231
SNRPD3,0.0
SNRPE,0.0
SNRPF,1.9230769230769231
SNRPG;SNRPGP15,3.8461538461538463
SNTA1,28.846153846153843
SNTB1,3.8461538461538463
SNTB2,3.8461538461538463
SNU13,0.0
SNUPN,69.23076923076923
SNW1,19.230769230769234
SNX1,0.0
SNX11,50.0
SNX12,0.0
SNX13,36.53846153846153
SNX14,34.61538461538461
SNX15,15.384615384615385
SNX17,0.0
SNX18,0.0
SNX2,0.0
SNX21,51.92307692307693
SNX24,21.153846153846153
SNX27,0.0
SNX29,50.0
SNX3,0.0
SNX30,30.76923076923077
SNX33,19.230769230769234
SNX4,1.9230769230769231
SNX5,0.0
SNX6,0.0
SNX7,25.0
SNX8,11.538461538461538
SNX9,1.9230769230769231
SOAT1,36.53846153846153
SOD1;cRAP-SOD1,0.0
SOD2,0.0
SOD3,0.0
SOGA3,94.23076923076923
SON,15.384615384615385
SORBS1,3.8461538461538463
SORBS2,9.615384615384617
SORBS3,5.769230769230769
SORCS1,59.61538461538461
SORCS2,63.46153846153846
SORD,0.0
SORL1,0.0
SORT1,0.0
SOS1,15.384615384615385
SOST,67.3076923076923
SOWAHC,36.53846153846153
SOWAHD,51.92307692307693
SP1,25.0
SP100,7.6923076923076925
SP110,51.92307692307693
SP140,78.84615384615384
SP2,44.230769230769226
SP3,15.384615384615385
SPACDR,1.9230769230769231
SPAG1,92.3076923076923
SPAG5,84.61538461538461
SPAG7,51.92307692307693
SPAG9,1.9230769230769231
SPARC,0.0
SPARCL1,3.8461538461538463
SPART,9.615384615384617
SPAST,32.69230769230769
SPATA13,50.0
SPATA18,98.07692307692307
SPATA20,23.076923076923077
SPATA33,55.769230769230774
SPATA5,32.69230769230769
SPATA5L1,28.846153846153843
SPATS2,65.38461538461539
SPATS2L,25.0
SPC24,100.0
SPC25,100.0
SPCS1,57.692307692307686
SPCS2,1.9230769230769231
SPCS3,0.0
SPECC1,15.384615384615385
SPECC1L,11.538461538461538
SPEG,69.23076923076923
SPEN,42.30769230769231
SPG11,26.923076923076923
SPG21,9.615384615384617
SPG7,32.69230769230769
SPHK1,48.07692307692308
SPHK2,57.692307692307686
SPI1,63.46153846153846
SPIN1,19.230769230769234
SPINT2,76.92307692307693
SPN,17.307692307692307
SPNS1,13.461538461538462
SPOCK1,32.69230769230769
SPOCK2,71.15384615384616
SPON1,5.769230769230769
SPOUT1,84.61538461538461
SPP1,17.307692307692307
SPP2,0.0
SPPL2A,7.6923076923076925
SPPL2B,92.3076923076923
SPR,0.0
SPRR1A;SPRR1B,84.61538461538461
SPRR2A;SPRR2B;SPRR2D;SPRR2E;SPRR2G,78.84615384615384
SPRY4,65.38461538461539
SPRYD3,92.3076923076923
SPRYD4,1.9230769230769231
SPRYD7,7.6923076923076925
SPTA1,0.0
SPTAN1,0.0
SPTB,0.0
SPTBN1,0.0
SPTBN2,78.84615384615384
SPTLC1,1.9230769230769231
SPTLC2,11.538461538461538
SPTY2D1,96.15384615384616
SQLE,65.38461538461539
SQOR,0.0
SQSTM1,3.8461538461538463
SRA1,23.076923076923077
SRBD1,23.076923076923077
SRC,0.0
SRCAP,67.3076923076923
SREK1,23.076923076923077
SRFBP1,75.0
SRGAP1,84.61538461538461
SRGAP2,13.461538461538462
SRGN,0.0
SRI,0.0
SRM,0.0
SRP14,0.0
SRP19,5.769230769230769
SRP54,1.9230769230769231
SRP68,0.0
SRP72,0.0
SRP9,1.9230769230769231
SRPK1,34.61538461538461
SRPK2,30.76923076923077
SRPRA,1.9230769230769231
SRPRB,0.0
SRPX,1.9230769230769231
SRPX2,13.461538461538462
SRR,65.38461538461539
SRRM1,3.8461538461538463
SRRM2,7.6923076923076925
SRRT,1.9230769230769231
SRSF1,0.0
SRSF10,1.9230769230769231
SRSF11,17.307692307692307
SRSF2,0.0
SRSF3,1.9230769230769231
SRSF4,5.769230769230769
SRSF5,7.6923076923076925
SRSF6,0.0
SRSF7,0.0
SRSF9,5.769230769230769
SRXN1,7.6923076923076925
SS18,38.46153846153847
SS18L2,98.07692307692307
SSB,0.0
SSBP1,0.0
SSBP2,44.230769230769226
SSBP3,34.61538461538461
SSC5D,3.8461538461538463
SSH1,67.3076923076923
SSH3,13.461538461538462
SSNA1,32.69230769230769
SSPN,19.230769230769234
SSR1,0.0
SSR3,13.461538461538462
SSR4,0.0
SSRP1,5.769230769230769
SST,96.15384615384616
SSU72,34.61538461538461
SSX2IP,100.0
ST13,0.0
ST14,42.30769230769231
ST3GAL1,82.6923076923077
ST3GAL4,82.6923076923077
ST6GAL1,28.846153846153843
ST6GAL2,78.84615384615384
ST8SIA4,86.53846153846155
STAB1,0.0
STAB2,73.07692307692307
STAC2,96.15384615384616
STAG1,13.461538461538462
STAG2,15.384615384615385
STAM,0.0
STAM2,1.9230769230769231
STAMBP,3.8461538461538463
STAMBPL1,90.38461538461539
STAP1,94.23076923076923
STARD10,19.230769230769234
STARD13,30.76923076923077
STARD3,53.84615384615385
STARD3NL,13.461538461538462
STARD5,13.461538461538462
STARD7,75.0
STARD9,57.692307692307686
STAT1,0.0
STAT2,7.6923076923076925
STAT3,0.0
STAT4,82.6923076923077
STAT5A,0.0
STAT5B,5.769230769230769
STAT6,0.0
STAU1,5.769230769230769
STAU2,34.61538461538461
STBD1,5.769230769230769
STC1,34.61538461538461
STC2,46.15384615384615
STEAP1,46.15384615384615
STEAP2,61.53846153846154
STEAP3,5.769230769230769
STEAP4,3.8461538461538463
STEEP1,55.769230769230774
STIM1,0.0
STIM2,57.692307692307686
STING1,1.9230769230769231
STIP1,0.0
STK10,0.0
STK11,78.84615384615384
STK11IP,26.923076923076923
STK17B,5.769230769230769
STK19,73.07692307692307
STK24,0.0
STK25,23.076923076923077
STK26,9.615384615384617
STK3,13.461538461538462
STK32C,92.3076923076923
STK38,5.769230769230769
STK38L,0.0
STK39,3.8461538461538463
STK4,0.0
STMN1,0.0
STMN2,42.30769230769231
STMN3,94.23076923076923
STOM,0.0
STOML2,0.0
STON1,25.0
STON2,36.53846153846153
STRA6,76.92307692307693
STRADA,78.84615384615384
STRAP,0.0
STRBP,34.61538461538461
STRIP1,7.6923076923076925
STRN,0.0
STRN3,1.9230769230769231
STRN4,5.769230769230769
STS,11.538461538461538
STT3A,0.0
STT3B,0.0
STUB1,5.769230769230769
STX10,38.46153846153847
STX11,0.0
STX12,0.0
STX16,82.6923076923077
STX17,21.153846153846153
STX18,23.076923076923077
STX1A,86.53846153846155
STX1B,88.46153846153845
STX2,13.461538461538462
STX3,3.8461538461538463
STX4,0.0
STX5,5.769230769230769
STX6,17.307692307692307
STX7,0.0
STX8,0.0
STXBP1,1.9230769230769231
STXBP2,0.0
STXBP3,0.0
STXBP4,94.23076923076923
STXBP5,1.9230769230769231
STXBP6,78.84615384615384
SUB1,0.0
SUCLA2,3.8461538461538463
SUCLG1,0.0
SUCLG2,0.0
SUDS3,53.84615384615385
SUFU,59.61538461538461
SUGCT,32.69230769230769
SUGP1,51.92307692307693
SUGP2,53.84615384615385
SUGT1,0.0
SULF1,17.307692307692307
SULF2,51.92307692307693
SULT1A1,0.0
SULT1A2,67.3076923076923
SULT1A3;SULT1A4,1.9230769230769231
SULT1B1,38.46153846153847
SULT1C2,90.38461538461539
SULT1E1,96.15384615384616
SULT2B1,96.15384615384616
SULT4A1,88.46153846153845
SUMF1,7.6923076923076925
SUMF2,0.0
SUMO1;cRAP-SUMO1,3.8461538461538463
SUMO2,0.0
SUMO3,0.0
SUN1,13.461538461538462
SUN2,0.0
SUOX,7.6923076923076925
SUPT16H,3.8461538461538463
SUPT20H,96.15384615384616
SUPT4H1,36.53846153846153
SUPT5H,9.615384615384617
SUPT6H,15.384615384615385
SUPT7L,94.23076923076923
SUPV3L1,9.615384615384617
SURF1,9.615384615384617
SURF2,100.0
SURF4,0.0
SURF6,90.38461538461539
SUSD1,86.53846153846155
SUSD2,5.769230769230769
SUSD5,46.15384615384615
SUV39H1,98.07692307692307
SUZ12,61.53846153846154
SV2A,92.3076923076923
SVBP,82.6923076923077
SVEP1,7.6923076923076925
SVIL,5.769230769230769
SVIP,0.0
SWAP70,1.9230769230769231
SYAP1,3.8461538461538463
SYDE1,50.0
SYF2,63.46153846153846
SYK,0.0
SYMPK,13.461538461538462
SYN1,78.84615384615384
SYN2,75.0
SYNC,48.07692307692308
SYNCRIP,0.0
SYNE1,5.769230769230769
SYNE2,11.538461538461538
SYNE3,11.538461538461538
SYNGR1,13.461538461538462
SYNGR2,0.0
SYNGR3,65.38461538461539
SYNJ1,9.615384615384617
SYNJ2,46.15384615384615
SYNJ2BP,5.769230769230769
SYNM,5.769230769230769
SYNPO,5.769230769230769
SYNPO2,23.076923076923077
SYNRG,34.61538461538461
SYP,53.84615384615385
SYPL1,0.0
SYPL2,50.0
SYT1,73.07692307692307
SYT11,73.07692307692307
SYT15,75.0
SYT4,98.07692307692307
SYT5,88.46153846153845
SYTL1,26.923076923076923
SYTL2,44.230769230769226
SYTL4,5.769230769230769
SYVN1,5.769230769230769
SZRD1,26.923076923076923
TAB1,9.615384615384617
TAB2,63.46153846153846
TAB3,94.23076923076923
TACC1,3.8461538461538463
TACC2,15.384615384615385
TACC3,40.38461538461539
TACO1,13.461538461538462
TACSTD2,100.0
TADA1,92.3076923076923
TAF1,61.53846153846154
TAF10,53.84615384615385
TAF12,65.38461538461539
TAF15,0.0
TAF1C,100.0
TAF2,82.6923076923077
TAF3,100.0
TAF4,46.15384615384615
TAF5,61.53846153846154
TAF5L,100.0
TAF6,40.38461538461539
TAF6L,88.46153846153845
TAF7,57.692307692307686
TAF8,50.0
TAF9,51.92307692307693
TAF9B,96.15384615384616
TAFAZZIN,96.15384615384616
TAGLN,0.0
TAGLN2,0.0
TAGLN3,23.076923076923077
TALDO1,0.0
TAMM41,36.53846153846153
TANC1,28.846153846153843
TANC2,69.23076923076923
TANGO2,0.0
TANGO6,57.692307692307686
TANK,44.230769230769226
TAOK1,11.538461538461538
TAOK2,61.53846153846154
TAOK3,0.0
TAP1,1.9230769230769231
TAP2,1.9230769230769231
TAPBP,0.0
TAPBPL,7.6923076923076925
TAPT1,30.76923076923077
TARBP1,59.61538461538461
TARBP2,84.61538461538461
TARDBP,0.0
TARS1,0.0
TARS2,30.76923076923077
TARS3,19.230769230769234
TASOR,32.69230769230769
TASP1,46.15384615384615
TATDN1,1.9230769230769231
TATDN3,26.923076923076923
TAX1BP1,55.769230769230774
TAX1BP3,1.9230769230769231
TBC1D1,15.384615384615385
TBC1D10A,19.230769230769234
TBC1D10B,5.769230769230769
TBC1D10C,32.69230769230769
TBC1D13,0.0
TBC1D15,1.9230769230769231
TBC1D17,5.769230769230769
TBC1D2,38.46153846153847
TBC1D20,17.307692307692307
TBC1D22A,3.8461538461538463
TBC1D22B,90.38461538461539
TBC1D23,13.461538461538462
TBC1D24,3.8461538461538463
TBC1D25,75.0
TBC1D2B,5.769230769230769
TBC1D4,25.0
TBC1D5,1.9230769230769231
TBC1D8,57.692307692307686
TBC1D8B,36.53846153846153
TBC1D9B,1.9230769230769231
TBCA,0.0
TBCB,0.0
TBCC,19.230769230769234
TBCD,1.9230769230769231
TBCE,11.538461538461538
TBCEL,0.0
TBCK,23.076923076923077
TBK1,1.9230769230769231
TBL1X,98.07692307692307
TBL1XR1,0.0
TBL2,0.0
TBL3,21.153846153846153
TBP,46.15384615384615
TBPL1,80.76923076923077
TBRG1,100.0
TBRG4,17.307692307692307
TBX3,100.0
TBXA2R,65.38461538461539
TBXAS1,0.0
TC2N,76.92307692307693
TCAF1,36.53846153846153
TCAF2,46.15384615384615
TCEA1,1.9230769230769231
TCEAL1,69.23076923076923
TCEAL3,9.615384615384617
TCEAL4,23.076923076923077
TCERG1,9.615384615384617
TCF12,59.61538461538461
TCF20,96.15384615384616
TCF25,38.46153846153847
TCIRG1,0.0
TCL1A,76.92307692307693
TCN1,19.230769230769234
TCN2,32.69230769230769
TCOF1,5.769230769230769
TCP1,0.0
TCP11L1,34.61538461538461
TCTN3,59.61538461538461
TDG,100.0
TDP1,65.38461538461539
TDP2,48.07692307692308
TDRD3,92.3076923076923
TDRD7,34.61538461538461
TDRKH,36.53846153846153
TDRP,65.38461538461539
TEAD1,90.38461538461539
TECPR1,32.69230769230769
TECPR2,25.0
TECR,1.9230769230769231
TEFM,63.46153846153846
TELO2,55.769230769230774
TENM3,80.76923076923077
TENM4,92.3076923076923
TENT4B,100.0
TENT5A,73.07692307692307
TENT5C,69.23076923076923
TEP1,17.307692307692307
TEPSIN,92.3076923076923
TERF2,21.153846153846153
TERF2IP,15.384615384615385
TES,0.0
TESC,30.76923076923077
TEX10,25.0
TEX2,50.0
TEX264,32.69230769230769
TEX30,100.0
TF,0.0
TFAM,3.8461538461538463
TFAP2A,98.07692307692307
TFAP4,92.3076923076923
TFB1M,71.15384615384616
TFB2M,55.769230769230774
TFCP2,15.384615384615385
TFDP1,94.23076923076923
TFE3,65.38461538461539
TFEB,25.0
TFG,0.0
TFIP11,28.846153846153843
TFPI,9.615384615384617
TFPI2,90.38461538461539
TFPT,90.38461538461539
TFRC,0.0
TG,100.0
TGFB1,0.0
TGFB1I1,0.0
TGFB2,73.07692307692307
TGFB3,73.07692307692307
TGFBI,0.0
TGFBR1,36.53846153846153
TGFBR2,42.30769230769231
TGFBR3,25.0
TGFBRAP1,21.153846153846153
TGM1,19.230769230769234
TGM2,0.0
TGM3,1.9230769230769231
TGM5,23.076923076923077
TGOLN2,0.0
TGS1,86.53846153846155
TH,65.38461538461539
THADA,84.61538461538461
THAP11,53.84615384615385
THAP12,78.84615384615384
THBD,9.615384615384617
THBS1,0.0
THBS2,1.9230769230769231
THBS3,3.8461538461538463
THBS4,0.0
THEM4,50.0
THEM6,3.8461538461538463
THEMIS,78.84615384615384
THEMIS2,5.769230769230769
THG1L,1.9230769230769231
THNSL1,13.461538461538462
THOC1,21.153846153846153
THOC2,13.461538461538462
THOC3,44.230769230769226
THOC5,48.07692307692308
THOC6,13.461538461538462
THOC7,50.0
THOP1,0.0
THRAP3,3.8461538461538463
THSD4,23.076923076923077
THSD7A,19.230769230769234
THTPA,7.6923076923076925
THUMPD1,5.769230769230769
THUMPD3,30.76923076923077
THY1,0.0
THYN1,11.538461538461538
TIA1,26.923076923076923
TIAL1,0.0
TICAM2,1.9230769230769231
TIE1,78.84615384615384
TIFA,75.0
TIGAR,25.0
TIMD4,96.15384615384616
TIMELESS,100.0
TIMM10,1.9230769230769231
TIMM10B,25.0
TIMM13,0.0
TIMM17B,55.769230769230774
TIMM21,17.307692307692307
TIMM22,9.615384615384617
TIMM23,30.76923076923077
TIMM29,23.076923076923077
TIMM44,0.0
TIMM50,3.8461538461538463
TIMM8A,5.769230769230769
TIMM8B,32.69230769230769
TIMM9,3.8461538461538463
TIMMDC1,15.384615384615385
TIMP1,0.0
TIMP2,1.9230769230769231
TIMP3,0.0
TIMP4,82.6923076923077
TINAGL1,7.6923076923076925
TIPRL,0.0
TJAP1,44.230769230769226
TJP1,1.9230769230769231
TJP2,0.0
TK1,100.0
TK2,0.0
TKFC,0.0
TKT,0.0
TLCD1,100.0
TLCD2,80.76923076923077
TLCD4,46.15384615384615
TLE1,71.15384615384616
TLE3,26.923076923076923
TLE5,28.846153846153843
TLK1,92.3076923076923
TLK2,88.46153846153845
TLL2,73.07692307692307
TLN1,0.0
TLN2,5.769230769230769
TLR1,25.0
TLR2,0.0
TLR3,15.384615384615385
TLR7,51.92307692307693
TLR8,30.76923076923077
TM2D3,63.46153846153846
TM4SF1,9.615384615384617
TM6SF1,75.0
TM7SF2,25.0
TM9SF1,15.384615384615385
TM9SF2,0.0
TM9SF3,0.0
TM9SF4,9.615384615384617
TMA16,48.07692307692308
TMA7,1.9230769230769231
TMBIM1,0.0
TMBIM6,19.230769230769234
TMC8,55.769230769230774
TMCC3,53.84615384615385
TMCO1,19.230769230769234
TMCO4,67.3076923076923
TMED1,5.769230769230769
TMED10,0.0
TMED2,0.0
TMED3,36.53846153846153
TMED4,1.9230769230769231
TMED5,0.0
TMED8,7.6923076923076925
TMED9,0.0
TMEM106A,59.61538461538461
TMEM106B,5.769230769230769
TMEM109,0.0
TMEM11,19.230769230769234
TMEM115,90.38461538461539
TMEM119,21.153846153846153
TMEM120A,11.538461538461538
TMEM120B,94.23076923076923
TMEM123,21.153846153846153
TMEM126A,7.6923076923076925
TMEM126B,63.46153846153846
TMEM128,15.384615384615385
TMEM131,100.0
TMEM143,53.84615384615385
TMEM147,88.46153846153845
TMEM14C,3.8461538461538463
TMEM160,38.46153846153847
TMEM161A,96.15384615384616
TMEM164,90.38461538461539
TMEM165,13.461538461538462
TMEM167A,1.9230769230769231
TMEM168,63.46153846153846
TMEM175,50.0
TMEM176B,55.769230769230774
TMEM177,73.07692307692307
TMEM179B,19.230769230769234
TMEM181,50.0
TMEM184C,75.0
TMEM186,86.53846153846155
TMEM19,80.76923076923077
TMEM192,3.8461538461538463
TMEM201,11.538461538461538
TMEM204,76.92307692307693
TMEM205,0.0
TMEM209,25.0
TMEM214,11.538461538461538
TMEM219,50.0
TMEM222,32.69230769230769
TMEM223,48.07692307692308
TMEM230,25.0
TMEM231,21.153846153846153
TMEM237,100.0
TMEM245,5.769230769230769
TMEM248,73.07692307692307
TMEM256,88.46153846153845
TMEM258,9.615384615384617
TMEM259,67.3076923076923
TMEM263,3.8461538461538463
TMEM30A,1.9230769230769231
TMEM30B,88.46153846153845
TMEM33,0.0
TMEM35A,30.76923076923077
TMEM35B,26.923076923076923
TMEM38A,92.3076923076923
TMEM38B,76.92307692307693
TMEM40,48.07692307692308
TMEM41A,13.461538461538462
TMEM41B,51.92307692307693
TMEM43,0.0
TMEM47,46.15384615384615
TMEM51,40.38461538461539
TMEM59,76.92307692307693
TMEM62,82.6923076923077
TMEM63A,0.0
TMEM63B,44.230769230769226
TMEM63C,96.15384615384616
TMEM65,7.6923076923076925
TMEM68,46.15384615384615
TMEM69,98.07692307692307
TMEM70,11.538461538461538
TMEM87A,19.230769230769234
TMEM87B,51.92307692307693
TMEM9,98.07692307692307
TMEM94,44.230769230769226
TMEM97,48.07692307692308
TMEM9B,53.84615384615385
TMF1,23.076923076923077
TMLHE,15.384615384615385
TMOD1,0.0
TMOD2,7.6923076923076925
TMOD3,0.0
TMPO,0.0
TMPPE,19.230769230769234
TMPRSS3,100.0
TMSB10,0.0
TMSB4X,0.0
TMTC1,55.769230769230774
TMTC3,11.538461538461538
TMUB1,36.53846153846153
TMUB2,67.3076923076923
TMX1,0.0
TMX2,15.384615384615385
TMX3,0.0
TMX4,1.9230769230769231
TNC,0.0
TNFAIP2,1.9230769230769231
TNFAIP3,65.38461538461539
TNFAIP6,46.15384615384615
TNFAIP8,0.0
TNFAIP8L1,71.15384615384616
TNFAIP8L2,13.461538461538462
TNFAIP8L3,26.923076923076923
TNFRSF10B,100.0
TNFRSF10C,26.923076923076923
TNFRSF11B,11.538461538461538
TNFRSF12A,84.61538461538461
TNFRSF13C,94.23076923076923
TNFRSF14,28.846153846153843
TNFRSF6B,40.38461538461539
TNFSF12,5.769230769230769
TNFSF13B,61.53846153846154
TNFSF4,75.0
TNIK,71.15384615384616
TNIP1,36.53846153846153
TNIP2,38.46153846153847
TNK1,98.07692307692307
TNK2,73.07692307692307
TNKS1BP1,1.9230769230769231
TNPO1,0.0
TNPO2,13.461538461538462
TNPO3,0.0
TNRC6B,55.769230769230774
TNS1,1.9230769230769231
TNS2,7.6923076923076925
TNS3,0.0
TNXB,0.0
TOE1,67.3076923076923
TOLLIP,0.0
TOM1,0.0
TOM1L1,38.46153846153847
TOM1L2,5.769230769230769
TOMM20,7.6923076923076925
TOMM22,5.769230769230769
TOMM34,19.230769230769234
TOMM40,3.8461538461538463
TOMM40L,40.38461538461539
TOMM5,17.307692307692307
TOMM6,98.07692307692307
TOMM7,86.53846153846155
TOMM70,0.0
TONSL,90.38461538461539
TOP1,5.769230769230769
TOP2A,84.61538461538461
TOP2B,3.8461538461538463
TOP3A,90.38461538461539
TOP3B,40.38461538461539
TOPBP1,96.15384615384616
TOR1A,0.0
TOR1AIP1,1.9230769230769231
TOR1AIP2,1.9230769230769231
TOR1B,15.384615384615385
TOR2A,11.538461538461538
TOR3A,55.769230769230774
TOR4A,1.9230769230769231
TOX4,36.53846153846153
TP53BP1,13.461538461538462
TP53BP2,42.30769230769231
TP53I11,7.6923076923076925
TP53I3,0.0
TP53RK,13.461538461538462
TPBG,15.384615384615385
TPCN1,26.923076923076923
TPD52,1.9230769230769231
TPD52L1,67.3076923076923
TPD52L2,0.0
TPH1,94.23076923076923
TPI1,0.0
TPK1,25.0
TPM1,0.0
TPM2,0.0
TPM3,0.0
TPM4,0.0
TPMT,1.9230769230769231
TPP1,0.0
TPP2,0.0
TPPP,30.76923076923077
TPPP3,1.9230769230769231
TPR,0.0
TPRG1L,21.153846153846153
TPRKB,17.307692307692307
TPRN,100.0
TPSAB1;TPSB2,0.0
TPST1,53.84615384615385
TPST2,23.076923076923077
TPT1,0.0
TPX2,100.0
TRA2A,3.8461538461538463
TRA2B,5.769230769230769
TRABD,46.15384615384615
TRAC,86.53846153846155
TRADD,1.9230769230769231
TRAF1,40.38461538461539
TRAF2,19.230769230769234
TRAF3IP3,17.307692307692307
TRAF4,100.0
TRAF6,25.0
TRAF7,88.46153846153845
TRAFD1,44.230769230769226
TRAM1,1.9230769230769231
TRAM2,46.15384615384615
TRAP1,0.0
TRAPPC1,13.461538461538462
TRAPPC10,26.923076923076923
TRAPPC11,15.384615384615385
TRAPPC12,17.307692307692307
TRAPPC13,21.153846153846153
TRAPPC2;TRAPPC2B,7.6923076923076925
TRAPPC2L,11.538461538461538
TRAPPC3,0.0
TRAPPC4,1.9230769230769231
TRAPPC5,7.6923076923076925
TRAPPC6B,15.384615384615385
TRAPPC8,7.6923076923076925
TRAPPC9,7.6923076923076925
TRARG1,44.230769230769226
TRB,71.15384615384616
TREM1,51.92307692307693
TREM2,38.46153846153847
TREML1,44.230769230769226
TREX1,19.230769230769234
TREX2,94.23076923076923
TRIAP1,19.230769230769234
TRIB3,100.0
TRIM14,73.07692307692307
TRIM16,63.46153846153846
TRIM2,40.38461538461539
TRIM21,0.0
TRIM22,11.538461538461538
TRIM24,67.3076923076923
TRIM25,0.0
TRIM26,11.538461538461538
TRIM27,75.0
TRIM28,0.0
TRIM29,94.23076923076923
TRIM3,19.230769230769234
TRIM32,17.307692307692307
TRIM33,51.92307692307693
TRIM36,90.38461538461539
TRIM38,21.153846153846153
TRIM4,3.8461538461538463
TRIM41,98.07692307692307
TRIM44,88.46153846153845
TRIM47,5.769230769230769
TRIM5,28.846153846153843
TRIM56,17.307692307692307
TRIM58,34.61538461538461
TRIM65,42.30769230769231
TRIM72,92.3076923076923
TRIO,17.307692307692307
TRIOBP,1.9230769230769231
TRIP10,1.9230769230769231
TRIP11,11.538461538461538
TRIP12,11.538461538461538
TRIP13,65.38461538461539
TRIP4,44.230769230769226
TRIP6,1.9230769230769231
TRIQK,11.538461538461538
TRIR,17.307692307692307
TRIT1,92.3076923076923
TRMT1,30.76923076923077
TRMT10A,100.0
TRMT10C,7.6923076923076925
TRMT11,36.53846153846153
TRMT112,7.6923076923076925
TRMT13,92.3076923076923
TRMT1L,48.07692307692308
TRMT2A,40.38461538461539
TRMT2B,88.46153846153845
TRMT5,75.0
TRMT6,40.38461538461539
TRMT61A,53.84615384615385
TRMT61B,84.61538461538461
TRMU,98.07692307692307
TRNAU1AP,94.23076923076923
TRNT1,9.615384615384617
TRPC4,46.15384615384615
TRPC6,53.84615384615385
TRPM4,26.923076923076923
TRPT1,63.46153846153846
TRPV2,19.230769230769234
TRPV4,63.46153846153846
TRRAP,19.230769230769234
TRUB1,40.38461538461539
TRUB2,98.07692307692307
TSC1,30.76923076923077
TSC2,19.230769230769234
TSC22D1,11.538461538461538
TSC22D2,21.153846153846153
TSC22D3,34.61538461538461
TSEN15,69.23076923076923
TSEN2,94.23076923076923
TSEN34,50.0
TSEN54,100.0
TSFM,9.615384615384617
TSG101,0.0
TSKU,61.53846153846154
TSN,0.0
TSNAX,0.0
TSPAN11,51.92307692307693
TSPAN14,0.0
TSPAN15,3.8461538461538463
TSPAN2,21.153846153846153
TSPAN31,19.230769230769234
TSPAN33,65.38461538461539
TSPAN4,15.384615384615385
TSPAN6,36.53846153846153
TSPAN7,15.384615384615385
TSPAN8,28.846153846153843
TSPAN9,7.6923076923076925
TSPO,0.0
TSPYL1,50.0
TSPYL5,53.84615384615385
TSR1,34.61538461538461
TSR2,21.153846153846153
TSR3,78.84615384615384
TSSC4,40.38461538461539
TST,0.0
TSTD1,25.0
TTC1,7.6923076923076925
TTC13,80.76923076923077
TTC17,59.61538461538461
TTC19,28.846153846153843
TTC21B,36.53846153846153
TTC26,71.15384615384616
TTC27,19.230769230769234
TTC28,25.0
TTC33,90.38461538461539
TTC38,1.9230769230769231
TTC39B,23.076923076923077
TTC39C,26.923076923076923
TTC4,38.46153846153847
TTC5,40.38461538461539
TTC7A,38.46153846153847
TTC7B,9.615384615384617
TTC8,44.230769230769226
TTC9,55.769230769230774
TTC9C,17.307692307692307
TTF1,98.07692307692307
TTF2,88.46153846153845
TTI1,71.15384615384616
TTI2,67.3076923076923
TTK,100.0
TTL,51.92307692307693
TTLL12,0.0
TTPAL,75.0
TTR,0.0
TTYH3,59.61538461538461
TUB,67.3076923076923
TUBA1A,0.0
TUBA1C,0.0
TUBA4A,0.0
TUBA4B,3.8461538461538463
TUBA8,0.0
TUBAL3,0.0
TUBB,0.0
TUBB1,0.0
TUBB2A,1.9230769230769231
TUBB2B,26.923076923076923
TUBB3,0.0
TUBB4A,0.0
TUBB4B,0.0
TUBB6,0.0
TUBG1,5.769230769230769
TUBGCP2,1.9230769230769231
TUBGCP3,7.6923076923076925
TUBGCP4,25.0
TUBGCP5,48.07692307692308
TUBGCP6,55.769230769230774
TUFM,0.0
TUFT1,96.15384615384616
TULP3,61.53846153846154
TUSC2,46.15384615384615
TUT1,88.46153846153845
TUT4,59.61538461538461
TUT7,36.53846153846153
TVP23B;TVP23C,65.38461538461539
TWF1,0.0
TWF2,0.0
TWNK,100.0
TWSG1,44.230769230769226
TXLNA,9.615384615384617
TXLNG,75.0
TXN2,9.615384615384617
TXN;cRAP-TXN,0.0
TXNDC11,59.61538461538461
TXNDC12,0.0
TXNDC15,26.923076923076923
TXNDC17,0.0
TXNDC5,0.0
TXNDC9,32.69230769230769
TXNIP,5.769230769230769
TXNL1,0.0
TXNL4A,11.538461538461538
TXNL4B,84.61538461538461
TXNRD1,0.0
TXNRD2,1.9230769230769231
TXNRD3,38.46153846153847
TYK2,55.769230769230774
TYMP,0.0
TYMS,96.15384615384616
TYROBP,28.846153846153843
TYSND1,96.15384615384616
TYW1;TYW1B,92.3076923076923
TYW3,94.23076923076923
TYW5,55.769230769230774
U2AF1,5.769230769230769
U2AF2,0.0
U2SURP,7.6923076923076925
UACA,3.8461538461538463
UAP1,0.0
UAP1L1,5.769230769230769
UBA1,0.0
UBA2,0.0
UBA3,0.0
UBA5,0.0
UBA6,0.0
UBA7,0.0
UBAC1,0.0
UBAC2,59.61538461538461
UBAP1,46.15384615384615
UBAP2,86.53846153846155
UBAP2L,7.6923076923076925
UBASH3A,76.92307692307693
UBASH3B,13.461538461538462
UBE2A,98.07692307692307
UBE2C;cRAP-UBE2C,100.0
UBE2D1;UBE2D4,40.38461538461539
UBE2D3,0.0
UBE2E1;cRAP-UBE2E1,38.46153846153847
UBE2E2,11.538461538461538
UBE2F,9.615384615384617
UBE2G1,11.538461538461538
UBE2G2,17.307692307692307
UBE2H,3.8461538461538463
UBE2I;cRAP-UBE2I,0.0
UBE2J1,5.769230769230769
UBE2J2,73.07692307692307
UBE2K,0.0
UBE2L3,0.0
UBE2L6,17.307692307692307
UBE2M,0.0
UBE2N,0.0
UBE2O,0.0
UBE2Q1,17.307692307692307
UBE2R2,13.461538461538462
UBE2S,96.15384615384616
UBE2T,100.0
UBE2V1,0.0
UBE2V2,0.0
UBE2W,90.38461538461539
UBE2Z,3.8461538461538463
UBE3A,7.6923076923076925
UBE3B,40.38461538461539
UBE3C,3.8461538461538463
UBE3D,88.46153846153845
UBE4A,3.8461538461538463
UBE4B,25.0
UBFD1,5.769230769230769
UBIAD1,90.38461538461539
UBL3,26.923076923076923
UBL4A,1.9230769230769231
UBL5,1.9230769230769231
UBL7,48.07692307692308
UBLCP1,3.8461538461538463
UBN2,98.07692307692307
UBP1,42.30769230769231
UBQLN1,7.6923076923076925
UBQLN2,0.0
UBQLN4,1.9230769230769231
UBR1,7.6923076923076925
UBR2,26.923076923076923
UBR3,28.846153846153843
UBR4,0.0
UBR5,32.69230769230769
UBR7,30.76923076923077
UBTD1,55.769230769230774
UBTD2,34.61538461538461
UBTF,7.6923076923076925
UBXN1,0.0
UBXN2B,80.76923076923077
UBXN4,0.0
UBXN6,15.384615384615385
UBXN7,17.307692307692307
UCHL1,0.0
UCHL3,0.0
UCHL5,1.9230769230769231
UCK1,55.769230769230774
UCK2,65.38461538461539
UCKL1,80.76923076923077
UEVLD,17.307692307692307
UFC1,0.0
UFD1,0.0
UFL1,0.0
UFM1,0.0
UFSP2,11.538461538461538
UGCG,90.38461538461539
UGDH,0.0
UGGT1,0.0
UGGT2,25.0
UGP2,1.9230769230769231
UGT1A5,71.15384615384616
UHRF1,88.46153846153845
UHRF2,40.38461538461539
UIMC1,75.0
ULK3,63.46153846153846
UMAD1,44.230769230769226
UMOD,94.23076923076923
UMPS,1.9230769230769231
UNC119B,30.76923076923077
UNC13B,53.84615384615385
UNC13D,0.0
UNC45A,1.9230769230769231
UNC50,100.0
UNC5B,75.0
UNC93B1,15.384615384615385
UNG,75.0
UNK,34.61538461538461
UPF1,0.0
UPF2,28.846153846153843
UPF3B,46.15384615384615
UPP1,13.461538461538462
UPRT,86.53846153846155
UQCC1,23.076923076923077
UQCC2,13.461538461538462
UQCC3,78.84615384615384
UQCC6,94.23076923076923
UQCR10,17.307692307692307
UQCR11,3.8461538461538463
UQCRB,0.0
UQCRC1,0.0
UQCRC2,0.0
UQCRFS1,0.0
UQCRH,1.9230769230769231
UQCRQ,13.461538461538462
URB1,57.692307692307686
URB2,61.53846153846154
URGCP,65.38461538461539
URI1,51.92307692307693
URM1,15.384615384615385
UROD,0.0
UROS,0.0
USE1,7.6923076923076925
USF1,94.23076923076923
USF2,40.38461538461539
USO1,0.0
USP1,100.0
USP10,11.538461538461538
USP11,7.6923076923076925
USP13,84.61538461538461
USP14,0.0
USP15,0.0
USP16,65.38461538461539
USP19,15.384615384615385
USP24,0.0
USP25,23.076923076923077
USP28,86.53846153846155
USP3,59.61538461538461
USP34,69.23076923076923
USP35,59.61538461538461
USP36,98.07692307692307
USP39,11.538461538461538
USP4,17.307692307692307
USP42,100.0
USP46,7.6923076923076925
USP47,0.0
USP48,21.153846153846153
USP5,0.0
USP7,0.0
USP8,5.769230769230769
USP9X,0.0
UST,69.23076923076923
UTP11,78.84615384615384
UTP14A,28.846153846153843
UTP15,30.76923076923077
UTP18,48.07692307692308
UTP20,40.38461538461539
UTP23,50.0
UTP25,76.92307692307693
UTP3,94.23076923076923
UTP4,34.61538461538461
UTP6,34.61538461538461
UTRN,0.0
UVRAG,9.615384615384617
UXS1,17.307692307692307
UXT,32.69230769230769
VAC14,0.0
VAMP1,94.23076923076923
VAMP2,17.307692307692307
VAMP3,0.0
VAMP4,34.61538461538461
VAMP5,11.538461538461538
VAMP7,1.9230769230769231
VAMP8,0.0
VANGL1,61.53846153846154
VAPA,0.0
VAPB,0.0
VARS1,0.0
VARS2,42.30769230769231
VASN,3.8461538461538463
VASP,0.0
VAT1,0.0
VAT1L,40.38461538461539
VAV1,0.0
VAV2,32.69230769230769
VAV3,44.230769230769226
VBP1,0.0
VCAM1,0.0
VCAN,0.0
VCL,0.0
VCP,0.0
VCPIP1,3.8461538461538463
VCPKMT,98.07692307692307
VDAC1,0.0
VDAC2,0.0
VDAC3,0.0
VDR,98.07692307692307
VEGFA,51.92307692307693
VEGFC,63.46153846153846
VEZF1,98.07692307692307
VEZT,92.3076923076923
VGF,84.61538461538461
VGLL4,86.53846153846155
VIM,0.0
VIP,92.3076923076923
VIPAS39,5.769230769230769
VIRMA,34.61538461538461
VIT,30.76923076923077
VKORC1,5.769230769230769
VKORC1L1,0.0
VLDLR,48.07692307692308
VMA21,19.230769230769234
VMAC,38.46153846153847
VMO1,42.30769230769231
VMP1,3.8461538461538463
VNN1,3.8461538461538463
VNN2,7.6923076923076925
VPS11,5.769230769230769
VPS13A,1.9230769230769231
VPS13C,0.0
VPS13D,51.92307692307693
VPS16,5.769230769230769
VPS18,7.6923076923076925
VPS25,1.9230769230769231
VPS26A,0.0
VPS26B,0.0
VPS26C,0.0
VPS28,3.8461538461538463
VPS29,0.0
VPS33A,1.9230769230769231
VPS33B,5.769230769230769
VPS35,0.0
VPS35L,1.9230769230769231
VPS36,0.0
VPS37A,7.6923076923076925
VPS37B,0.0
VPS37C,3.8461538461538463
VPS39,5.769230769230769
VPS41,9.615384615384617
VPS45,0.0
VPS4A,1.9230769230769231
VPS4B,0.0
VPS50,1.9230769230769231
VPS51,1.9230769230769231
VPS52,5.769230769230769
VPS53,7.6923076923076925
VPS72,100.0
VPS8,13.461538461538462
VRK1,17.307692307692307
VRK2,44.230769230769226
VRK3,55.769230769230774
VSIG4,0.0
VSIR,1.9230769230769231
VSNL1,53.84615384615385
VSTM4,94.23076923076923
VTA1,0.0
VTI1A,15.384615384615385
VTI1B,1.9230769230769231
VTN,0.0
VWA1,3.8461538461538463
VWA5A,0.0
VWA5B2,98.07692307692307
VWA8,11.538461538461538
VWF,0.0
WAC,55.769230769230774
WAPL,48.07692307692308
WARS1,0.0
WARS2,28.846153846153843
WAS,0.0
WASF2,0.0
WASH2P;WASH3P,17.307692307692307
WASH6P,1.9230769230769231
WASHC2A,13.461538461538462
WASHC2C,5.769230769230769
WASHC3,5.769230769230769
WASHC4,1.9230769230769231
WASHC5,0.0
WASL,9.615384615384617
WBP11,5.769230769230769
WBP2,0.0
WBP4,59.61538461538461
WDCP,100.0
WDFY1,0.0
WDFY2,46.15384615384615
WDFY3,26.923076923076923
WDFY4,9.615384615384617
WDHD1,98.07692307692307
WDR1,0.0
WDR11,5.769230769230769
WDR12,11.538461538461538
WDR13,3.8461538461538463
WDR18,7.6923076923076925
WDR20,36.53846153846153
WDR24,59.61538461538461
WDR26,5.769230769230769
WDR3,30.76923076923077
WDR33,30.76923076923077
WDR36,28.846153846153843
WDR37,7.6923076923076925
WDR4,75.0
WDR41,90.38461538461539
WDR43,11.538461538461538
WDR44,0.0
WDR45,23.076923076923077
WDR45B,23.076923076923077
WDR46,48.07692307692308
WDR47,26.923076923076923
WDR48,13.461538461538462
WDR5,5.769230769230769
WDR53,100.0
WDR54,42.30769230769231
WDR55,26.923076923076923
WDR59,57.692307692307686
WDR6,48.07692307692308
WDR62,98.07692307692307
WDR7,9.615384615384617
WDR70,44.230769230769226
WDR73,73.07692307692307
WDR74,73.07692307692307
WDR75,42.30769230769231
WDR76,100.0
WDR77,0.0
WDR81,3.8461538461538463
WDR82,7.6923076923076925
WDR89,57.692307692307686
WDR91,0.0
WDSUB1,42.30769230769231
WDTC1,63.46153846153846
WFDC2,92.3076923076923
WFS1,9.615384615384617
WIPF1,0.0
WIPF2,28.846153846153843
WIPF3,80.76923076923077
WIPI1,13.461538461538462
WIPI2,5.769230769230769
WIZ,80.76923076923077
WLS,19.230769230769234
WNK1,0.0
WNK2,17.307692307692307
WNT11,90.38461538461539
WNT2,80.76923076923077
WNT2B,78.84615384615384
WNT5A,78.84615384615384
WRAP53,100.0
WRN,82.6923076923077
WRNIP1,28.846153846153843
WTAP,17.307692307692307
WWC3,40.38461538461539
WWOX,53.84615384615385
WWP2,57.692307692307686
WWTR1,82.6923076923077
XAB2,34.61538461538461
XIAP,28.846153846153843
XK,59.61538461538461
XP32,42.30769230769231
XPA,46.15384615384615
XPC,15.384615384615385
XPNPEP1,0.0
XPNPEP2,76.92307692307693
XPNPEP3,36.53846153846153
XPO1,0.0
XPO4,9.615384615384617
XPO5,30.76923076923077
XPO6,48.07692307692308
XPO7,0.0
XPOT,0.0
XPR1,100.0
XRCC1,19.230769230769234
XRCC4,25.0
XRCC5,0.0
XRCC6,0.0
XRN1,15.384615384615385
XRN2,7.6923076923076925
XXYLT1,15.384615384615385
XYLB,26.923076923076923
YAF2,100.0
YAP1,38.46153846153847
YARS1,0.0
YARS2,13.461538461538462
YBEY,63.46153846153846
YBX1,0.0
YBX3,82.6923076923077
YDJC,100.0
YEATS2,71.15384615384616
YEATS4,80.76923076923077
YES1,15.384615384615385
YIF1A,34.61538461538461
YIF1B,9.615384615384617
YIPF3,32.69230769230769
YIPF4,15.384615384615385
YIPF5,15.384615384615385
YIPF6,7.6923076923076925
YJU2,88.46153846153845
YJU2B,98.07692307692307
YKT6,0.0
YLPM1,23.076923076923077
YME1L1,19.230769230769234
YOD1,0.0
YPEL5,28.846153846153843
YRDC,61.53846153846154
YTHDC1,23.076923076923077
YTHDC2,15.384615384615385
YTHDF1,96.15384615384616
YTHDF2,21.153846153846153
YTHDF3,15.384615384615385
YWHAB,0.0
YWHAE,0.0
YWHAG,0.0
YWHAH,0.0
YWHAQ,0.0
YWHAZ,0.0
YY1,34.61538461538461
YY1AP1,96.15384615384616
ZAP70,53.84615384615385
ZBED1,82.6923076923077
ZBP1,96.15384615384616
ZBTB11,92.3076923076923
ZBTB16,88.46153846153845
ZBTB20,28.846153846153843
ZBTB21,88.46153846153845
ZBTB43,98.07692307692307
ZBTB47,82.6923076923077
ZBTB5,100.0
ZBTB7A,94.23076923076923
ZBTB7B,100.0
ZBTB8OS,19.230769230769234
ZBTB9,100.0
ZC2HC1A,32.69230769230769
ZC3H11A,19.230769230769234
ZC3H13,86.53846153846155
ZC3H14,36.53846153846153
ZC3H15,5.769230769230769
ZC3H18,36.53846153846153
ZC3H3,100.0
ZC3H4,21.153846153846153
ZC3H7A,40.38461538461539
ZC3H7B,26.923076923076923
ZC3H8,98.07692307692307
ZC3HAV1,0.0
ZC3HAV1L,17.307692307692307
ZC3HC1,34.61538461538461
ZCCHC10,100.0
ZCCHC17,73.07692307692307
ZCCHC3,69.23076923076923
ZCCHC4,92.3076923076923
ZCCHC8,23.076923076923077
ZCCHC9,100.0
ZDHHC12,94.23076923076923
ZDHHC13,75.0
ZDHHC15,75.0
ZDHHC20,30.76923076923077
ZDHHC3,46.15384615384615
ZDHHC5,46.15384615384615
ZDHHC6,86.53846153846155
ZEB1,50.0
ZEB2,44.230769230769226
ZER1,40.38461538461539
ZFAND1,25.0
ZFAND2B,69.23076923076923
ZFAND3,100.0
ZFAND6,44.230769230769226
ZFC3H1,86.53846153846155
ZFHX3,92.3076923076923
ZFP36L1,71.15384615384616
ZFP36L2,53.84615384615385
ZFP62,98.07692307692307
ZFP64,98.07692307692307
ZFP91,96.15384615384616
ZFPL1,15.384615384615385
ZFR,13.461538461538462
ZFTRAF1,63.46153846153846
ZFY,86.53846153846155
ZFYVE1,30.76923076923077
ZFYVE16,9.615384615384617
ZFYVE19,90.38461538461539
ZFYVE21,19.230769230769234
ZFYVE26,19.230769230769234
ZG16,25.0
ZG16B,26.923076923076923
ZGPAT,73.07692307692307
ZHX1,80.76923076923077
ZHX2,40.38461538461539
ZKSCAN1,100.0
ZKSCAN8,86.53846153846155
ZMAT2,36.53846153846153
ZMIZ2,69.23076923076923
ZMPSTE24,1.9230769230769231
ZMYM1,94.23076923076923
ZMYM3,75.0
ZMYM4,82.6923076923077
ZMYND11,57.692307692307686
ZMYND8,46.15384615384615
ZNF121,100.0
ZNF131,92.3076923076923
ZNF143,84.61538461538461
ZNF146,100.0
ZNF148,78.84615384615384
ZNF185,9.615384615384617
ZNF207,3.8461538461538463
ZNF22,36.53846153846153
ZNF24,90.38461538461539
ZNF280D,73.07692307692307
ZNF281,98.07692307692307
ZNF318,59.61538461538461
ZNF324;ZNF324B,92.3076923076923
ZNF326,26.923076923076923
ZNF330,48.07692307692308
ZNF346,73.07692307692307
ZNF362,50.0
ZNF384,46.15384615384615
ZNF426,88.46153846153845
ZNF428,26.923076923076923
ZNF451,98.07692307692307
ZNF503,57.692307692307686
ZNF512,19.230769230769234
ZNF512B,71.15384615384616
ZNF574,100.0
ZNF579,86.53846153846155
ZNF592,86.53846153846155
ZNF593,92.3076923076923
ZNF598,38.46153846153847
ZNF609,98.07692307692307
ZNF622,50.0
ZNF629,100.0
ZNF638,40.38461538461539
ZNF639,98.07692307692307
ZNF644,94.23076923076923
ZNF66,90.38461538461539
ZNF668,98.07692307692307
ZNF672,98.07692307692307
ZNF687,92.3076923076923
ZNF689,90.38461538461539
ZNF706,73.07692307692307
ZNF740,76.92307692307693
ZNF768,100.0
ZNF787,82.6923076923077
ZNF800,86.53846153846155
ZNF804B,80.76923076923077
ZNF830,82.6923076923077
ZNF835,76.92307692307693
ZNFX1,30.76923076923077
ZNG1A;ZNG1B,61.53846153846154
ZNHIT2,90.38461538461539
ZNHIT3,100.0
ZNRD2,11.538461538461538
ZNRF2,25.0
ZPR1,13.461538461538462
ZRANB2,17.307692307692307
ZSCAN18,76.92307692307693
ZSCAN26,88.46153846153845
ZSWIM8,11.538461538461538
ZW10,9.615384615384617
ZWILCH,100.0
ZWINT,100.0
ZYG11B,21.153846153846153
ZYX,0.0
ZZEF1,1.9230769230769231
cRAP-AHSG,0.0
cRAP-ALB,0.0
cRAP-ALDOA,100.0
cRAP-CSN1S1,0.0
cRAP-CSN1S2,5.769230769230769
cRAP-CSN2,9.615384615384617
cRAP-CSN3,46.15384615384615
cRAP-FETUB,86.53846153846155
cRAP-KRT15,0.0
cRAP-KRTAP6-1,98.07692307692307
cRAP-LALBA,63.46153846153846
cRAP-LYZ,78.84615384615384
cRAP-SERPINB14,84.61538461538461
cRAP-SRPP,28.846153846153843
cRAP-TF,98.07692307692307
,0.0
