protein,missingness_percentage
A1BG,0.0
A2M,0.0
A2ML1,95.45454545454545
A4GALT,59.09090909090909
AAAS,9.090909090909092
AACS,40.909090909090914
AAGAB,15.909090909090908
AAK1,0.0
AAMDC,0.0
AAMP,2.272727272727273
AAR2,29.545454545454547
AARS1,0.0
AARS2,4.545454545454546
AARSD1,2.272727272727273
AASDHPPT,11.363636363636363
AASS,9.090909090909092
AATF,54.54545454545454
ABAT,11.363636363636363
ABCA1,20.454545454545457
ABCA2,77.27272727272727
ABCA6,15.909090909090908
ABCA8,11.363636363636363
ABCA9,77.27272727272727
ABCB1,47.72727272727273
ABCB10,0.0
ABCB11,77.27272727272727
ABCB6,0.0
ABCB7,0.0
ABCB8,63.63636363636363
ABCC1,0.0
ABCC10,93.18181818181817
ABCC2,97.72727272727273
ABCC3,36.36363636363637
ABCC4,0.0
ABCC9,59.09090909090909
ABCD1,13.636363636363635
ABCD2,79.54545454545455
ABCD3,0.0
ABCD4,59.09090909090909
ABCE1,0.0
ABCF1,0.0
ABCF2,13.636363636363635
ABCF3,6.8181818181818175
ABCG1,88.63636363636364
ABCG2,52.27272727272727
ABHD10,0.0
ABHD11,2.272727272727273
ABHD12,0.0
ABHD13,79.54545454545455
ABHD14B,0.0
ABHD15,84.0909090909091
ABHD16A,0.0
ABHD17B,54.54545454545454
ABHD4,38.63636363636363
ABHD5,29.545454545454547
ABHD6,22.727272727272727
ABI1,0.0
ABI2,34.090909090909086
ABI3,0.0
ABI3BP,0.0
ABITRAM,100.0
ABL1,52.27272727272727
ABL2,81.81818181818183
ABLIM1,4.545454545454546
ABLIM2,13.636363636363635
ABLIM3,18.181818181818183
ABR,0.0
ABRACL,34.090909090909086
ABRAXAS2,0.0
ABT1,95.45454545454545
ABTB2,97.72727272727273
ACAA1,0.0
ACAA2,0.0
ACACA,9.090909090909092
ACACB,40.909090909090914
ACAD10,84.0909090909091
ACAD11,29.545454545454547
ACAD8,4.545454545454546
ACAD9,0.0
ACADL,38.63636363636363
ACADM,0.0
ACADS,0.0
ACADSB,0.0
ACADVL,0.0
ACAN,6.8181818181818175
ACAP1,15.909090909090908
ACAP2,0.0
ACAT1,0.0
ACAT2,0.0
ACBD3,0.0
ACBD5,6.8181818181818175
ACBD6,25.0
ACE,0.0
ACHE,31.818181818181817
ACIN1,0.0
ACLY,0.0
ACO1,0.0
ACO2,0.0
ACOT1,0.0
ACOT11,59.09090909090909
ACOT13,0.0
ACOT7,0.0
ACOT8,9.090909090909092
ACOT9,0.0
ACOX1,0.0
ACOX2,22.727272727272727
ACOX3,4.545454545454546
ACP1,0.0
ACP2,0.0
ACP3,31.818181818181817
ACP5,29.545454545454547
ACP6,59.09090909090909
ACSF2,2.272727272727273
ACSF3,4.545454545454546
ACSL1,0.0
ACSL3,0.0
ACSL4,0.0
ACSL5,2.272727272727273
ACSL6,52.27272727272727
ACSM5,86.36363636363636
ACSS1,0.0
ACSS2,0.0
ACSS3,15.909090909090908
ACTA1,81.81818181818183
ACTA2,0.0
ACTB,0.0
ACTBL2,0.0
ACTC1,95.45454545454545
ACTG1,4.545454545454546
ACTG2,15.909090909090908
ACTL6A,0.0
ACTL8,100.0
ACTMAP,95.45454545454545
ACTN1,0.0
ACTN2,52.27272727272727
ACTN4,0.0
ACTR10,0.0
ACTR1A,0.0
ACTR1B,0.0
ACTR2,0.0
ACTR3,0.0
ACTR3B,100.0
ACTR5,56.81818181818182
ACTR6,70.45454545454545
ACTR8,52.27272727272727
ACVR1,36.36363636363637
ACVRL1,52.27272727272727
ACY1,4.545454545454546
ACYP1,0.0
ACYP2,0.0
ADA,0.0
ADA2,0.0
ADAL,88.63636363636364
ADAM10,0.0
ADAM15,18.181818181818183
ADAM17,0.0
ADAM22,75.0
ADAM28,81.81818181818183
ADAM8,27.27272727272727
ADAM9,0.0
ADAMDEC1,6.8181818181818175
ADAMTS1,31.818181818181817
ADAMTS13,40.909090909090914
ADAMTS2,61.36363636363637
ADAMTS4,43.18181818181818
ADAMTS7,47.72727272727273
ADAMTS8,97.72727272727273
ADAMTSL1,47.72727272727273
ADAMTSL2,29.545454545454547
ADAMTSL3,22.727272727272727
ADAMTSL4,0.0
ADAMTSL5,93.18181818181817
ADAP1,34.090909090909086
ADAP2,20.454545454545457
ADAR,0.0
ADARB1,27.27272727272727
ADAT2,97.72727272727273
ADAT3,90.9090909090909
ADCK1,77.27272727272727
ADCK5,40.909090909090914
ADCY3,31.818181818181817
ADCY5,52.27272727272727
ADCY6,27.27272727272727
ADCY7,38.63636363636363
ADCY9,77.27272727272727
ADD1,0.0
ADD2,0.0
ADD3,0.0
ADGRA2,47.72727272727273
ADGRE2,31.818181818181817
ADGRE3,63.63636363636363
ADGRE5,0.0
ADGRF5,13.636363636363635
ADGRG1,88.63636363636364
ADGRG3,34.090909090909086
ADGRG6,54.54545454545454
ADGRL2,31.818181818181817
ADGRL3,68.18181818181817
ADGRL4,84.0909090909091
ADH1B,0.0
ADH1C,36.36363636363637
ADH4,86.36363636363636
ADH5,0.0
ADHFE1,63.63636363636363
ADI1,0.0
ADIPOQ,0.0
ADIRF,0.0
ADK,0.0
ADNP,18.181818181818183
ADO,6.8181818181818175
ADPGK,0.0
ADPRH,2.272727272727273
ADPRS,0.0
ADRA2A,25.0
ADRM1,0.0
ADSL,0.0
ADSS1,9.090909090909092
ADSS2,0.0
AEBP1,0.0
AFAP1,13.636363636363635
AFAP1L1,63.63636363636363
AFAP1L2,9.090909090909092
AFDN,6.8181818181818175
AFF1,52.27272727272727
AFF4,77.27272727272727
AFG1L,63.63636363636363
AFG3L2,0.0
AFM,0.0
AFMID,54.54545454545454
AFP,93.18181818181817
AFTPH,45.45454545454545
AGA,2.272727272727273
AGAP2,52.27272727272727
AGAP3,9.090909090909092
AGFG1,0.0
AGFG2,15.909090909090908
AGK,0.0
AGL,0.0
AGMAT,90.9090909090909
AGO1,2.272727272727273
AGO2,0.0
AGO3,9.090909090909092
AGPAT1,13.636363636363635
AGPAT2,2.272727272727273
AGPAT3,11.363636363636363
AGPAT4,25.0
AGPAT5,36.36363636363637
AGPS,0.0
AGR2,93.18181818181817
AGRN,0.0
AGT,0.0
AGTPBP1,75.0
AGTRAP,0.0
AHCTF1,15.909090909090908
AHCY,0.0
AHCYL1,0.0
AHCYL2,6.8181818181818175
AHNAK,0.0
AHNAK2,2.272727272727273
AHR,22.727272727272727
AHSA1,0.0
AHSG,0.0
AHSP,0.0
AIDA,0.0
AIF1,0.0
AIF1L,15.909090909090908
AIFM1,0.0
AIFM2,4.545454545454546
AIG1,15.909090909090908
AIMP1,0.0
AIMP2,6.8181818181818175
AIP,0.0
AJUBA,100.0
AK1,0.0
AK2,0.0
AK3,0.0
AK4,0.0
AK5,81.81818181818183
AK6,54.54545454545454
AKAP1,38.63636363636363
AKAP10,40.909090909090914
AKAP11,52.27272727272727
AKAP12,0.0
AKAP13,4.545454545454546
AKAP17A,63.63636363636363
AKAP2,0.0
AKAP5,93.18181818181817
AKAP7,59.09090909090909
AKAP8,50.0
AKAP8L,29.545454545454547
AKAP9,22.727272727272727
AKR1A1,0.0
AKR1B1,0.0
AKR1B10,2.272727272727273
AKR1C1,31.818181818181817
AKR1C2,6.8181818181818175
AKR1C3,0.0
AKR1D1,61.36363636363637
AKR1E2,25.0
AKR7A2,0.0
AKR7A3,100.0
AKT1,2.272727272727273
AKT1S1,61.36363636363637
AKT2,6.8181818181818175
AKT3,34.090909090909086
AKTIP,38.63636363636363
ALAD,0.0
ALB;cRAP-ALB,0.0
ALCAM,2.272727272727273
ALDH16A1,0.0
ALDH18A1,0.0
ALDH1A1,0.0
ALDH1A2,29.545454545454547
ALDH1A3,2.272727272727273
ALDH1B1,0.0
ALDH1L1,29.545454545454547
ALDH1L2,0.0
ALDH2,0.0
ALDH3A1,100.0
ALDH3A2,0.0
ALDH3B1,0.0
ALDH4A1,0.0
ALDH5A1,4.545454545454546
ALDH6A1,0.0
ALDH7A1,0.0
ALDH8A1,100.0
ALDH9A1,0.0
ALDOA,0.0
ALDOB,65.9090909090909
ALDOC,0.0
ALG1,4.545454545454546
ALG10;ALG10B,77.27272727272727
ALG11,2.272727272727273
ALG12,34.090909090909086
ALG13,52.27272727272727
ALG14,47.72727272727273
ALG2,2.272727272727273
ALG3,18.181818181818183
ALG5,2.272727272727273
ALG6,75.0
ALG8,59.09090909090909
ALG9,25.0
ALKAL2,93.18181818181817
ALKBH2,90.9090909090909
ALKBH3,61.36363636363637
ALKBH4,40.909090909090914
ALKBH5,20.454545454545457
ALKBH7,52.27272727272727
ALOX12,2.272727272727273
ALOX12B,43.18181818181818
ALOX15,47.72727272727273
ALOX15B,72.72727272727273
ALOX5,0.0
ALOX5AP,0.0
ALPL,27.27272727272727
ALYREF,0.0
AMACR,20.454545454545457
AMBP,0.0
AMBRA1,97.72727272727273
AMDHD2,0.0
AMFR,27.27272727272727
AMIGO2,72.72727272727273
AMMECR1,100.0
AMOTL1,36.36363636363637
AMOTL2,88.63636363636364
AMPD2,0.0
AMPD3,0.0
AMPH,63.63636363636363
AMT,63.63636363636363
AMY1A;AMY1B;AMY1C;cRAP-AMY1A,90.9090909090909
AMZ2,68.18181818181817
ANAPC1,27.27272727272727
ANAPC10,54.54545454545454
ANAPC11,100.0
ANAPC16,50.0
ANAPC2,25.0
ANAPC4,25.0
ANAPC5,18.181818181818183
ANAPC7,11.363636363636363
ANG,0.0
ANGEL2,77.27272727272727
ANGPT1,81.81818181818183
ANGPT2,50.0
ANGPTL1,40.909090909090914
ANGPTL2,0.0
ANGPTL3,70.45454545454545
ANGPTL4,15.909090909090908
ANGPTL6,34.090909090909086
ANGPTL7,88.63636363636364
ANK1,0.0
ANK2,9.090909090909092
ANK3,18.181818181818183
ANKFY1,0.0
ANKH,22.727272727272727
ANKHD1,25.0
ANKLE2,45.45454545454545
ANKMY2,20.454545454545457
ANKRD13A,0.0
ANKRD13D,25.0
ANKRD17,43.18181818181818
ANKRD22,18.181818181818183
ANKRD27,54.54545454545454
ANKRD28,29.545454545454547
ANKRD29,90.9090909090909
ANKRD35,52.27272727272727
ANKRD36C,95.45454545454545
ANKRD44,0.0
ANKRD49,97.72727272727273
ANKRD50,50.0
ANKRD52,100.0
ANKRD54,45.45454545454545
ANKS1A,13.636363636363635
ANKZF1,68.18181818181817
ANLN,100.0
ANO1,72.72727272727273
ANO10,0.0
ANO6,0.0
ANO9,88.63636363636364
ANOS1,29.545454545454547
ANP32A,0.0
ANP32B,0.0
ANP32E,0.0
ANPEP,0.0
ANTXR1,4.545454545454546
ANTXR2,0.0
ANXA1,0.0
ANXA11,0.0
ANXA13,90.9090909090909
ANXA2,0.0
ANXA3,0.0
ANXA4,0.0
ANXA5;cRAP-ANXA5,0.0
ANXA6,0.0
ANXA7,0.0
ANXA8,61.36363636363637
ANXA8L1,100.0
ANXA9,88.63636363636364
AOAH,52.27272727272727
AOC1,54.54545454545454
AOC3,0.0
AOX1,9.090909090909092
AP1B1,31.818181818181817
AP1G1,0.0
AP1G2,11.363636363636363
AP1M1,0.0
AP1S1,2.272727272727273
AP1S2,0.0
AP2A1,0.0
AP2A2,0.0
AP2B1,0.0
AP2M1,0.0
AP2S1,0.0
AP3B1,0.0
AP3B2,81.81818181818183
AP3D1,0.0
AP3M1,0.0
AP3M2,36.36363636363637
AP3S1,0.0
AP4B1,63.63636363636363
AP4E1,40.909090909090914
AP4M1,95.45454545454545
AP4S1,6.8181818181818175
AP5B1,29.545454545454547
AP5M1,47.72727272727273
AP5S1,45.45454545454545
AP5Z1,13.636363636363635
APAF1,2.272727272727273
APBB1,43.18181818181818
APBB1IP,0.0
APBB2,40.909090909090914
APCS,0.0
APEH,0.0
APEX1,0.0
APEX2,100.0
APH1A,56.81818181818182
API5,0.0
APIP,0.0
APLP2,4.545454545454546
APMAP,0.0
APOA1,0.0
APOA2,0.0
APOA4,0.0
APOA5,36.36363636363637
APOB,0.0
APOBEC3A,86.36363636363636
APOBEC3B,61.36363636363637
APOBEC3C,13.636363636363635
APOBEC3F,47.72727272727273
APOBEC3G,31.818181818181817
APOBR,4.545454545454546
APOC1,0.0
APOC2,0.0
APOC3,0.0
APOC4,0.0
APOD,0.0
APOE,0.0
APOF,0.0
APOH,0.0
APOL1,0.0
APOL2,0.0
APOL3,13.636363636363635
APOM,0.0
APOO,0.0
APOOL,0.0
APP,0.0
APPL1,0.0
APPL2,0.0
APRT,0.0
APTX,84.0909090909091
AQP1,0.0
AQP7;AQP7P3,88.63636363636364
AQR,27.27272727272727
ARAF,11.363636363636363
ARAP1,0.0
ARAP3,27.27272727272727
ARCN1,0.0
ARF1,0.0
ARF3,100.0
ARF4,0.0
ARF5,0.0
ARF6,0.0
ARFGAP1,0.0
ARFGAP2,4.545454545454546
ARFGAP3,4.545454545454546
ARFGEF1,6.8181818181818175
ARFGEF2,4.545454545454546
ARFGEF3,90.9090909090909
ARFIP1,81.81818181818183
ARFIP2,38.63636363636363
ARFRP1,34.090909090909086
ARG1,0.0
ARGLU1,11.363636363636363
ARHGAP1,0.0
ARHGAP10,11.363636363636363
ARHGAP12,43.18181818181818
ARHGAP15,25.0
ARHGAP17,0.0
ARHGAP18,0.0
ARHGAP21,38.63636363636363
ARHGAP23,77.27272727272727
ARHGAP24,50.0
ARHGAP25,27.27272727272727
ARHGAP26,20.454545454545457
ARHGAP27,15.909090909090908
ARHGAP29,65.9090909090909
ARHGAP30,2.272727272727273
ARHGAP31,38.63636363636363
ARHGAP35,15.909090909090908
ARHGAP36,93.18181818181817
ARHGAP4,0.0
ARHGAP42,56.81818181818182
ARHGAP44,77.27272727272727
ARHGAP45,0.0
ARHGAP5,54.54545454545454
ARHGAP6,11.363636363636363
ARHGAP9,4.545454545454546
ARHGDIA,0.0
ARHGDIB,0.0
ARHGEF1,0.0
ARHGEF10,6.8181818181818175
ARHGEF10L,6.8181818181818175
ARHGEF11,27.27272727272727
ARHGEF12,2.272727272727273
ARHGEF15,56.81818181818182
ARHGEF16,95.45454545454545
ARHGEF17,9.090909090909092
ARHGEF18,25.0
ARHGEF2,0.0
ARHGEF25,65.9090909090909
ARHGEF37,13.636363636363635
ARHGEF40,29.545454545454547
ARHGEF5,90.9090909090909
ARHGEF6,0.0
ARHGEF7,0.0
ARID1A,15.909090909090908
ARID1B,29.545454545454547
ARID2,72.72727272727273
ARID4B,68.18181818181817
ARIH1,0.0
ARIH2,0.0
ARL1,0.0
ARL15,9.090909090909092
ARL2,0.0
ARL2BP,2.272727272727273
ARL3,0.0
ARL4C,77.27272727272727
ARL5A,27.27272727272727
ARL6,31.818181818181817
ARL6IP1,0.0
ARL6IP4,27.27272727272727
ARL6IP5,0.0
ARL6IP6,20.454545454545457
ARL8A,0.0
ARL8B,0.0
ARMC1,22.727272727272727
ARMC10,0.0
ARMC5,93.18181818181817
ARMC6,77.27272727272727
ARMC8,2.272727272727273
ARMC9,31.818181818181817
ARMCX1,9.090909090909092
ARMCX2,25.0
ARMCX3,2.272727272727273
ARMH3,18.181818181818183
ARMT1,4.545454545454546
ARNT,95.45454545454545
ARPC1A,0.0
ARPC1B,0.0
ARPC2,0.0
ARPC3,0.0
ARPC4,0.0
ARPC5,0.0
ARPC5L,0.0
ARPIN,0.0
ARPP19,20.454545454545457
ARRB1,0.0
ARRB2,0.0
ARRDC1,15.909090909090908
ARSA,0.0
ARSB,0.0
ARSD,34.090909090909086
ARSK,90.9090909090909
ART4,22.727272727272727
ARVCF,34.090909090909086
AS3MT,43.18181818181818
ASAH1,0.0
ASAP1,0.0
ASAP2,0.0
ASAP3,36.36363636363637
ASB1,84.0909090909091
ASB16,100.0
ASB6,63.63636363636363
ASB8,77.27272727272727
ASB9,100.0
ASCC1,22.727272727272727
ASCC2,22.727272727272727
ASCC3,13.636363636363635
ASDURF,88.63636363636364
ASF1A,72.72727272727273
ASH2L,11.363636363636363
ASL,0.0
ASMTL,2.272727272727273
ASNS,29.545454545454547
ASPA,20.454545454545457
ASPH,0.0
ASPN,0.0
ASPRV1,61.36363636363637
ASPSCR1,0.0
ASRGL1,6.8181818181818175
ASS1,2.272727272727273
ASTE1,95.45454545454545
ASXL2,40.909090909090914
ATAD1,2.272727272727273
ATAD2,90.9090909090909
ATAD2B,97.72727272727273
ATAD3A,0.0
ATAD3B,100.0
ATCAY,97.72727272727273
ATE1,4.545454545454546
ATF2,43.18181818181818
ATF7,29.545454545454547
ATF7IP,63.63636363636363
ATG101,72.72727272727273
ATG12,29.545454545454547
ATG13,56.81818181818182
ATG16L1,9.090909090909092
ATG2A,50.0
ATG2B,40.909090909090914
ATG3,0.0
ATG4A,2.272727272727273
ATG4B,0.0
ATG4C,45.45454545454545
ATG5,11.363636363636363
ATG7,0.0
ATG9A,27.27272727272727
ATIC,0.0
ATL1,0.0
ATL2,9.090909090909092
ATL3,0.0
ATM,4.545454545454546
ATN1,84.0909090909091
ATOX1,0.0
ATP11A,18.181818181818183
ATP11B,6.8181818181818175
ATP11C,15.909090909090908
ATP13A1,0.0
ATP13A3,15.909090909090908
ATP1A1,0.0
ATP1A2,25.0
ATP1A3,65.9090909090909
ATP1B1,0.0
ATP1B2,61.36363636363637
ATP1B3,0.0
ATP2A1,43.18181818181818
ATP2A2,0.0
ATP2A3,0.0
ATP2B1,0.0
ATP2B3,93.18181818181817
ATP2B4,0.0
ATP2C1,2.272727272727273
ATP5F1A,0.0
ATP5F1B,0.0
ATP5F1C,0.0
ATP5F1D,0.0
ATP5F1E;ATP5F1EP2,0.0
ATP5IF1,4.545454545454546
ATP5ME,0.0
ATP5MF,0.0
ATP5MG,0.0
ATP5MJ,4.545454545454546
ATP5MK,0.0
ATP5PB,0.0
ATP5PD,0.0
ATP5PF,0.0
ATP5PO,0.0
ATP6AP1,6.8181818181818175
ATP6AP2,2.272727272727273
ATP6V0A1,0.0
ATP6V0A2,38.63636363636363
ATP6V0C,9.090909090909092
ATP6V0D1,0.0
ATP6V0D2,65.9090909090909
ATP6V1A,0.0
ATP6V1B2,0.0
ATP6V1C1,0.0
ATP6V1D,0.0
ATP6V1E1,0.0
ATP6V1F,2.272727272727273
ATP6V1G1,0.0
ATP6V1G2,81.81818181818183
ATP6V1H,0.0
ATP7A,4.545454545454546
ATP8A1,2.272727272727273
ATP8A2,93.18181818181817
ATP8B1,95.45454545454545
ATP8B2,65.9090909090909
ATP9A,18.181818181818183
ATP9B,61.36363636363637
ATPAF1,27.27272727272727
ATPAF2,31.818181818181817
ATR,90.9090909090909
ATRAID,61.36363636363637
ATRIP,100.0
ATRN,0.0
ATRX,18.181818181818183
ATXN1,45.45454545454545
ATXN10,0.0
ATXN1L,97.72727272727273
ATXN2,20.454545454545457
ATXN2L,2.272727272727273
ATXN3,2.272727272727273
ATXN7L3B,81.81818181818183
AUH,9.090909090909092
AUP1,4.545454545454546
AURKA,100.0
AURKB,100.0
AVEN,47.72727272727273
AVIL,77.27272727272727
AVL9,47.72727272727273
AXL,6.8181818181818175
AZGP1,0.0
AZI2,47.72727272727273
AZU1,0.0
B2M;cRAP-B2M,0.0
B3GALT6,72.72727272727273
B3GAT3,22.727272727272727
B3GLCT,15.909090909090908
B3GNT7,72.72727272727273
B3GNT9,34.090909090909086
B4GALNT1,97.72727272727273
B4GALT1,6.8181818181818175
B4GALT4,63.63636363636363
B4GALT5,68.18181818181817
B4GALT7,36.36363636363637
B4GAT1,29.545454545454547
BABAM1,2.272727272727273
BABAM2,0.0
BACE2,70.45454545454545
BACH1,68.18181818181817
BAD,50.0
BAG1,2.272727272727273
BAG2,4.545454545454546
BAG3,2.272727272727273
BAG4,56.81818181818182
BAG5,2.272727272727273
BAG6,0.0
BAIAP2,25.0
BAIAP2L1,97.72727272727273
BAIAP3,86.36363636363636
BAK1,36.36363636363637
BANF1,0.0
BANK1,70.45454545454545
BANP,95.45454545454545
BAP18,0.0
BASP1,0.0
BAX,0.0
BAZ1A,59.09090909090909
BAZ1B,13.636363636363635
BAZ2A,95.45454545454545
BBLN,97.72727272727273
BBS1,47.72727272727273
BBS2,31.818181818181817
BBS4,70.45454545454545
BBS5,65.9090909090909
BBS7,45.45454545454545
BBS9,70.45454545454545
BBX,86.36363636363636
BCAM,0.0
BCAP29,0.0
BCAP31,0.0
BCAR1,20.454545454545457
BCAR3,79.54545454545455
BCAS1,72.72727272727273
BCAS2,13.636363636363635
BCAS3,20.454545454545457
BCAT1,2.272727272727273
BCAT2,0.0
BCCIP,11.363636363636363
BCDIN3D,100.0
BCHE,2.272727272727273
BCKDHA,0.0
BCKDHB,9.090909090909092
BCKDK,9.090909090909092
BCL10,29.545454545454547
BCL2,22.727272727272727
BCL2L1,11.363636363636363
BCL2L11,70.45454545454545
BCL2L13,0.0
BCL2L2,2.272727272727273
BCL3,36.36363636363637
BCL7B,27.27272727272727
BCL7C,50.0
BCL9L,90.9090909090909
BCLAF1,0.0
BCR,13.636363636363635
BCS1L,4.545454545454546
BDH1,25.0
BDH2,0.0
BDNF,93.18181818181817
BECN1,15.909090909090908
BEND3,100.0
BET1,4.545454545454546
BET1L,31.818181818181817
BGN,0.0
BHLHA15,70.45454545454545
BHLHE40,84.0909090909091
BHMT,97.72727272727273
BICC1,68.18181818181817
BICD2,2.272727272727273
BID,0.0
BID;cRAP-BID,100.0
BIN1,0.0
BIN2,0.0
BIN3,9.090909090909092
BIRC6,15.909090909090908
BLK,86.36363636363636
BLM,61.36363636363637
BLMH,0.0
BLNK,84.0909090909091
BLOC1S1,4.545454545454546
BLOC1S2,0.0
BLOC1S3,2.272727272727273
BLOC1S4,22.727272727272727
BLOC1S5,2.272727272727273
BLOC1S6,47.72727272727273
BLTP2,65.9090909090909
BLTP3A,75.0
BLTP3B,45.45454545454545
BLVRA,0.0
BLVRB,0.0
BMI1,59.09090909090909
BMP1,34.090909090909086
BMP2K,9.090909090909092
BMP6,95.45454545454545
BMPER,77.27272727272727
BMPR1A,84.0909090909091
BMPR2,20.454545454545457
BMS1,25.0
BMX,63.63636363636363
BNIP1,2.272727272727273
BNIP2,13.636363636363635
BNIP3L,11.363636363636363
BOD1,97.72727272727273
BOD1L1,27.27272727272727
BOK,56.81818181818182
BOLA1,31.818181818181817
BOLA2,0.0
BOLA3,81.81818181818183
BOP1,27.27272727272727
BORCS5,0.0
BORCS6,4.545454545454546
BORCS7,0.0
BORCS8,45.45454545454545
BPGM,0.0
BPHL,11.363636363636363
BPI,0.0
BPIFA1,50.0
BPIFA3,2.272727272727273
BPIFB1,38.63636363636363
BPNT1,0.0
BPNT2,0.0
BPTF,47.72727272727273
BRAF,34.090909090909086
BRAP,36.36363636363637
BRAT1,25.0
BRCC3,4.545454545454546
BRD1,47.72727272727273
BRD2,70.45454545454545
BRD3,25.0
BRD4,4.545454545454546
BRD7,93.18181818181817
BRD8,52.27272727272727
BRD9,70.45454545454545
BRI3BP,2.272727272727273
BRIX1,38.63636363636363
BRK1,0.0
BRMS1,90.9090909090909
BRMS1L,52.27272727272727
BROX,0.0
BRPF1,93.18181818181817
BRSK2,95.45454545454545
BRWD1,88.63636363636364
BSCL2,40.909090909090914
BSDC1,18.181818181818183
BSG,0.0
BST1,0.0
BST2,2.272727272727273
BTAF1,45.45454545454545
BTBD6,84.0909090909091
BTC,93.18181818181817
BTD,0.0
BTF3,38.63636363636363
BTF3L4,11.363636363636363
BTG1,93.18181818181817
BTK,0.0
BTN2A1,36.36363636363637
BTN3A1,31.818181818181817
BTN3A2,25.0
BTN3A3,0.0
BTNL9,68.18181818181817
BUB1B,100.0
BUB3,0.0
BUD13,93.18181818181817
BUD23,97.72727272727273
BUD31,22.727272727272727
BYSL,22.727272727272727
BZW1,0.0
BZW2,11.363636363636363
C11orf54,0.0
C11orf68,0.0
C11orf96,4.545454545454546
C11orf98,20.454545454545457
C12orf29,88.63636363636364
C12orf4,29.545454545454547
C12orf57,11.363636363636363
C15orf40,22.727272727272727
C16orf87,75.0
C17orf58,68.18181818181817
C17orf75,70.45454545454545
C17orf78,90.9090909090909
C17orf80,68.18181818181817
C18orf25,88.63636363636364
C18orf32,38.63636363636363
C19orf12,13.636363636363635
C19orf25,20.454545454545457
C19orf47,81.81818181818183
C19orf53,90.9090909090909
C1D,65.9090909090909
C1GALT1,52.27272727272727
C1GALT1C1,45.45454545454545
C1QA,0.0
C1QB,0.0
C1QBP,0.0
C1QC,0.0
C1QTNF2,84.0909090909091
C1QTNF3,27.27272727272727
C1QTNF5,9.090909090909092
C1QTNF6,93.18181818181817
C1QTNF7,61.36363636363637
C1R,0.0
C1RL,0.0
C1S,0.0
C1orf122,47.72727272727273
C1orf131,100.0
C1orf174,88.63636363636364
C1orf198,2.272727272727273
C1orf50,20.454545454545457
C1orf52,95.45454545454545
C2,0.0
C20orf27,0.0
C2CD2,20.454545454545457
C2CD2L,31.818181818181817
C2CD5,4.545454545454546
C2orf49,63.63636363636363
C2orf69,38.63636363636363
C2orf76,50.0
C2orf88,43.18181818181818
C3,0.0
C3AR1,20.454545454545457
C3orf38,50.0
C4A,0.0
C4B,0.0
C4BPA,0.0
C4BPB,0.0
C4orf3,52.27272727272727
C5;cRAP-C5,0.0
C5AR1,4.545454545454546
C5orf22,65.9090909090909
C5orf24,90.9090909090909
C6,0.0
C6orf120,45.45454545454545
C6orf47,22.727272727272727
C7,0.0
C7orf25,22.727272727272727
C7orf50,36.36363636363637
C8A,0.0
C8B,0.0
C8G,0.0
C8orf33,56.81818181818182
C8orf82,11.363636363636363
C9,0.0
C9orf40,0.0
C9orf64,0.0
C9orf72,77.27272727272727
C9orf78,70.45454545454545
CA12,36.36363636363637
CA13,38.63636363636363
CA1;cRAP-CA1,0.0
CA2;cRAP-CA2,0.0
CA3,0.0
CA4,25.0
CA5B,22.727272727272727
CA6,90.9090909090909
CA9,97.72727272727273
CAAP1,90.9090909090909
CAB39,0.0
CAB39L,2.272727272727273
CABS1,100.0
CACHD1,70.45454545454545
CACNA2D1,0.0
CACNA2D2,65.9090909090909
CACNB1,86.36363636363636
CACNB3,65.9090909090909
CACTIN,86.36363636363636
CACUL1,84.0909090909091
CACYBP,0.0
CAD,0.0
CADM1,13.636363636363635
CADM2,75.0
CADM3,13.636363636363635
CADM4,47.72727272727273
CADPS,38.63636363636363
CADPS2,31.818181818181817
CALB2,22.727272727272727
CALCB,88.63636363636364
CALCOCO1,9.090909090909092
CALCOCO2,34.090909090909086
CALCRL,29.545454545454547
CALD1,0.0
CALHM2,13.636363636363635
CALHM5,11.363636363636363
CALHM6,84.0909090909091
CALM1;CALM2;CALM3,0.0
CALML3,0.0
CALML5,22.727272727272727
CALR,0.0
CALU,0.0
CAMK1,2.272727272727273
CAMK1D,15.909090909090908
CAMK2A,95.45454545454545
CAMK2B,84.0909090909091
CAMK2D,0.0
CAMK2G,4.545454545454546
CAMK4,93.18181818181817
CAMKK1,88.63636363636364
CAMKK2,22.727272727272727
CAMLG,52.27272727272727
CAMP,0.0
CAMSAP1,40.909090909090914
CAMSAP2,43.18181818181818
CAMSAP3,90.9090909090909
CAND1,0.0
CAND2,27.27272727272727
CANT1,36.36363636363637
CANX,0.0
CAP1,0.0
CAP2,2.272727272727273
CAPG,0.0
CAPN1,0.0
CAPN2,0.0
CAPN5,4.545454545454546
CAPN6,90.9090909090909
CAPN7,2.272727272727273
CAPNS1,0.0
CAPRIN1,0.0
CAPRIN2,97.72727272727273
CAPS,77.27272727272727
CAPZA1,0.0
CAPZA2,0.0
CAPZB,0.0
CARD11,59.09090909090909
CARD16,4.545454545454546
CARD18,88.63636363636364
CARD19,13.636363636363635
CARD6,84.0909090909091
CARD8,34.090909090909086
CARD9,29.545454545454547
CARHSP1,0.0
CARM1,0.0
CARMIL1,15.909090909090908
CARMIL2,61.36363636363637
CARNMT1,50.0
CARS1,0.0
CARS2,2.272727272727273
CARTPT,72.72727272727273
CASC3,61.36363636363637
CASK,2.272727272727273
CASKIN2,40.909090909090914
CASP1,0.0
CASP10,36.36363636363637
CASP14,0.0
CASP2,77.27272727272727
CASP3,0.0
CASP4,29.545454545454547
CASP6,2.272727272727273
CASP7,11.363636363636363
CASP8,2.272727272727273
CASP9,70.45454545454545
CASQ2,65.9090909090909
CASS4,11.363636363636363
CAST,0.0
CASTOR1,40.909090909090914
CASTOR2,56.81818181818182
CAT;cRAP-CAT,0.0
CAV1,2.272727272727273
CAV2,4.545454545454546
CAV3,100.0
CAVIN1,0.0
CAVIN2,0.0
CAVIN3,0.0
CBFB,2.272727272727273
CBL,2.272727272727273
CBLB,40.909090909090914
CBLL1,90.9090909090909
CBR1,0.0
CBR3,0.0
CBR4,11.363636363636363
CBS,95.45454545454545
CBX1,2.272727272727273
CBX3,0.0
CBX4,100.0
CBX5,9.090909090909092
CBX6,75.0
CBX7,68.18181818181817
CBX8,77.27272727272727
CC2D1A,0.0
CC2D1B,15.909090909090908
CCAR1,4.545454545454546
CCAR2,0.0
CCDC102A,31.818181818181817
CCDC115,100.0
CCDC117,90.9090909090909
CCDC12,93.18181818181817
CCDC120,97.72727272727273
CCDC124,2.272727272727273
CCDC126,47.72727272727273
CCDC127,27.27272727272727
CCDC134,29.545454545454547
CCDC137,93.18181818181817
CCDC149,52.27272727272727
CCDC186,100.0
CCDC22,0.0
CCDC25,2.272727272727273
CCDC28A,38.63636363636363
CCDC3,84.0909090909091
CCDC43,18.181818181818183
CCDC47,0.0
CCDC50,4.545454545454546
CCDC51,22.727272727272727
CCDC59,95.45454545454545
CCDC6,0.0
CCDC69,79.54545454545455
CCDC8,63.63636363636363
CCDC80,0.0
CCDC86,59.09090909090909
CCDC88A,11.363636363636363
CCDC88B,13.636363636363635
CCDC88C,86.36363636363636
CCDC9,13.636363636363635
CCDC90B,34.090909090909086
CCDC91,22.727272727272727
CCDC92,40.909090909090914
CCDC93,0.0
CCDC97,70.45454545454545
CCDC9B,61.36363636363637
CCL14,2.272727272727273
CCL16,84.0909090909091
CCL18,0.0
CCL19,56.81818181818182
CCL2,68.18181818181817
CCL20,90.9090909090909
CCL21,31.818181818181817
CCL22,36.36363636363637
CCL5,36.36363636363637
CCM2,11.363636363636363
CCN1,11.363636363636363
CCN2,2.272727272727273
CCN3,18.181818181818183
CCN4,86.36363636363636
CCN5,0.0
CCNB1,100.0
CCNB2,100.0
CCNH,72.72727272727273
CCNI,88.63636363636364
CCNK,22.727272727272727
CCNL1,84.0909090909091
CCNT1,79.54545454545455
CCNY,6.8181818181818175
CCNYL1,45.45454545454545
CCPG1,43.18181818181818
CCR1,20.454545454545457
CCR6,90.9090909090909
CCS,0.0
CCT2,0.0
CCT3,0.0
CCT4,0.0
CCT5,0.0
CCT6A,0.0
CCT6B,93.18181818181817
CCT7,0.0
CCT8,0.0
CCZ1;CCZ1B,4.545454545454546
CD101,38.63636363636363
CD109,0.0
CD14,0.0
CD151,0.0
CD163,0.0
CD163L1,6.8181818181818175
CD177,25.0
CD180,15.909090909090908
CD19,72.72727272727273
CD2,43.18181818181818
CD200,13.636363636363635
CD200R1,31.818181818181817
CD209,4.545454545454546
CD22,77.27272727272727
CD226,43.18181818181818
CD247,79.54545454545455
CD248,6.8181818181818175
CD27,77.27272727272727
CD274,43.18181818181818
CD276,9.090909090909092
CD28,65.9090909090909
CD2AP,0.0
CD2BP2,15.909090909090908
CD300A,15.909090909090908
CD300LF,61.36363636363637
CD300LG,90.9090909090909
CD320,86.36363636363636
CD33,25.0
CD34,11.363636363636363
CD36,0.0
CD37,50.0
CD38,2.272727272727273
CD3D,70.45454545454545
CD3E,31.818181818181817
CD3G,70.45454545454545
CD4,18.181818181818183
CD40,6.8181818181818175
CD40LG,88.63636363636364
CD44,0.0
CD46,0.0
CD47,0.0
CD48,4.545454545454546
CD5,45.45454545454545
CD55,0.0
CD58,0.0
CD59,0.0
CD5L,0.0
CD6,77.27272727272727
CD63,0.0
CD68,47.72727272727273
CD69,63.63636363636363
CD7,68.18181818181817
CD72,56.81818181818182
CD74,0.0
CD79A,86.36363636363636
CD79B,72.72727272727273
CD80,81.81818181818183
CD81,0.0
CD82,0.0
CD84,0.0
CD8A,40.909090909090914
CD8B;CD8B2,100.0
CD9,0.0
CD93,0.0
CD99,0.0
CD99L2,13.636363636363635
CDA,6.8181818181818175
CDAN1,97.72727272727273
CDC123,45.45454545454545
CDC16,11.363636363636363
CDC20,100.0
CDC23,11.363636363636363
CDC26,47.72727272727273
CDC27,31.818181818181817
CDC34,79.54545454545455
CDC37,0.0
CDC37L1,45.45454545454545
CDC40,40.909090909090914
CDC42,0.0
CDC42BPA,11.363636363636363
CDC42BPB,0.0
CDC42EP1,6.8181818181818175
CDC42EP2,79.54545454545455
CDC42EP3,50.0
CDC42EP4,11.363636363636363
CDC42EP5,29.545454545454547
CDC42SE2,56.81818181818182
CDC45,100.0
CDC5L,0.0
CDC7,100.0
CDC73,6.8181818181818175
CDCA2,100.0
CDCA5,100.0
CDCA8,100.0
CDCP1,79.54545454545455
CDH1,2.272727272727273
CDH11,4.545454545454546
CDH13,0.0
CDH19,56.81818181818182
CDH2,31.818181818181817
CDH24,29.545454545454547
CDH5,4.545454545454546
CDH6,43.18181818181818
CDIPT,0.0
CDK1,86.36363636363636
CDK11B,4.545454545454546
CDK12,43.18181818181818
CDK13,52.27272727272727
CDK14,34.090909090909086
CDK16,36.36363636363637
CDK17,56.81818181818182
CDK18,40.909090909090914
CDK2,0.0
CDK2AP1,97.72727272727273
CDK4,22.727272727272727
CDK5,2.272727272727273
CDK5RAP2,81.81818181818183
CDK5RAP3,0.0
CDK6,4.545454545454546
CDK7,31.818181818181817
CDK9,22.727272727272727
CDKAL1,25.0
CDKL3,72.72727272727273
CDKN1A,68.18181818181817
CDKN1B,11.363636363636363
CDKN1C,77.27272727272727
CDKN2A,45.45454545454545
CDKN2AIP,6.8181818181818175
CDKN2AIPNL,54.54545454545454
CDKN2C,6.8181818181818175
CDS2,0.0
CDSN,2.272727272727273
CDV3,0.0
CDYL,90.9090909090909
CDYL2,93.18181818181817
CEACAM1,13.636363636363635
CEACAM21,90.9090909090909
CEACAM6,2.272727272727273
CEACAM8,0.0
CEBPB,52.27272727272727
CEBPD,81.81818181818183
CEBPZ,59.09090909090909
CEBPZOS,59.09090909090909
CELA3A;CELA3B,97.72727272727273
CELF1,9.090909090909092
CELF2,0.0
CEMIP,22.727272727272727
CEMIP2,9.090909090909092
CENATAC,100.0
CEND1,65.9090909090909
CENPB,29.545454545454547
CENPC,70.45454545454545
CENPF,84.0909090909091
CENPI,100.0
CENPN,100.0
CENPS,100.0
CENPU,100.0
CENPV,29.545454545454547
CEP104,75.0
CEP131,79.54545454545455
CEP135,72.72727272727273
CEP152,100.0
CEP170,4.545454545454546
CEP170B,50.0
CEP192,93.18181818181817
CEP250,77.27272727272727
CEP350,75.0
CEP41,43.18181818181818
CEP43,38.63636363636363
CEP44,43.18181818181818
CEP70,100.0
CEP78,100.0
CEP85,95.45454545454545
CEP97,77.27272727272727
CEPT1,2.272727272727273
CERCAM,50.0
CERS2,2.272727272727273
CERS6,59.09090909090909
CERT1,2.272727272727273
CES1,0.0
CES2,38.63636363636363
CETN2,0.0
CETN3,45.45454545454545
CETP,13.636363636363635
CFAP20,6.8181818181818175
CFAP298,45.45454545454545
CFAP36,77.27272727272727
CFAP410,54.54545454545454
CFAP418,81.81818181818183
CFB,0.0
CFD,0.0
CFDP1,4.545454545454546
CFH,0.0
CFHR1,6.8181818181818175
CFHR2,0.0
CFHR3,15.909090909090908
CFHR4,0.0
CFHR5,0.0
CFI,0.0
CFL1,0.0
CFL2,0.0
CFP,0.0
CGA,100.0
CGAS,52.27272727272727
CGGBP1,18.181818181818183
CGNL1,31.818181818181817
CGREF1,59.09090909090909
CHAC2,63.63636363636363
CHAD,72.72727272727273
CHAF1A,100.0
CHAF1B,100.0
CHAMP1,22.727272727272727
CHCHD1,84.0909090909091
CHCHD2,2.272727272727273
CHCHD3,0.0
CHCHD4,18.181818181818183
CHCHD5,70.45454545454545
CHCHD6,34.090909090909086
CHCHD7,56.81818181818182
CHD1,45.45454545454545
CHD1L,22.727272727272727
CHD2,54.54545454545454
CHD3,36.36363636363637
CHD4,0.0
CHD7,97.72727272727273
CHD8,65.9090909090909
CHD9,97.72727272727273
CHDH,50.0
CHEK1,100.0
CHEK2,93.18181818181817
CHERP,9.090909090909092
CHGA,47.72727272727273
CHGB,54.54545454545454
CHI3L1,0.0
CHI3L2,84.0909090909091
CHID1,0.0
CHIT1,6.8181818181818175
CHKA,93.18181818181817
CHKB,6.8181818181818175
CHL1,11.363636363636363
CHM,15.909090909090908
CHML,93.18181818181817
CHMP1A,0.0
CHMP1B,0.0
CHMP2A,0.0
CHMP2B,4.545454545454546
CHMP3,0.0
CHMP4A,0.0
CHMP4B,0.0
CHMP4C,97.72727272727273
CHMP5,18.181818181818183
CHMP6,0.0
CHMP7,20.454545454545457
CHN1,47.72727272727273
CHORDC1,0.0
CHP1,0.0
CHPF,52.27272727272727
CHPF2,61.36363636363637
CHPT1,34.090909090909086
CHRAC1,50.0
CHRD,68.18181818181817
CHRDL1,47.72727272727273
CHRDL2,97.72727272727273
CHRNA3,97.72727272727273
CHST11,68.18181818181817
CHST14,11.363636363636363
CHST15,52.27272727272727
CHST2,81.81818181818183
CHST3,59.09090909090909
CHSY1,38.63636363636363
CHSY3,84.0909090909091
CHTF18,97.72727272727273
CHTF8,100.0
CHTOP,6.8181818181818175
CHUK,9.090909090909092
CHURC1,20.454545454545457
CIAO1,2.272727272727273
CIAO2A,4.545454545454546
CIAO2B,25.0
CIAO3,22.727272727272727
CIAPIN1,0.0
CIB1,11.363636363636363
CIC,47.72727272727273
CILP,6.8181818181818175
CILP2,47.72727272727273
CINP,100.0
CIP2A,100.0
CIR1,100.0
CIRBP,0.0
CISD1,0.0
CISD2,0.0
CISD3,27.27272727272727
CIT,97.72727272727273
CIZ1,65.9090909090909
CKAP2,100.0
CKAP4,0.0
CKAP5,0.0
CKB,0.0
CKM;cRAP-CKM,88.63636363636364
CKMT1A,38.63636363636363
CKMT2,15.909090909090908
CKS1B,97.72727272727273
CLASP1,2.272727272727273
CLASP2,0.0
CLASRP,95.45454545454545
CLC,9.090909090909092
CLCC1,0.0
CLCN3,36.36363636363637
CLCN6,65.9090909090909
CLCN7,6.8181818181818175
CLDN1,59.09090909090909
CLDN11,59.09090909090909
CLDN3,95.45454545454545
CLDN5,15.909090909090908
CLDND1,6.8181818181818175
CLEC10A,72.72727272727273
CLEC11A,9.090909090909092
CLEC12A,34.090909090909086
CLEC14A,13.636363636363635
CLEC16A,27.27272727272727
CLEC1A,72.72727272727273
CLEC1B,63.63636363636363
CLEC2B,70.45454545454545
CLEC3B,0.0
CLEC4A,70.45454545454545
CLEC4E,72.72727272727273
CLEC4G,75.0
CLEC4M,0.0
CLEC5A,15.909090909090908
CLIC1,0.0
CLIC2,0.0
CLIC3,56.81818181818182
CLIC4,0.0
CLIC5,29.545454545454547
CLIC6,29.545454545454547
CLINT1,0.0
CLIP1,0.0
CLIP2,2.272727272727273
CLIP3,97.72727272727273
CLK2,100.0
CLK3,97.72727272727273
CLK4,97.72727272727273
CLMN,34.090909090909086
CLMP,63.63636363636363
CLN3,47.72727272727273
CLN5,9.090909090909092
CLN6,75.0
CLN8,43.18181818181818
CLNS1A,0.0
CLP1,63.63636363636363
CLPB,4.545454545454546
CLPP,0.0
CLPTM1,2.272727272727273
CLPTM1L,2.272727272727273
CLPX,13.636363636363635
CLSTN1,18.181818181818183
CLSTN3,81.81818181818183
CLTA,0.0
CLTB,0.0
CLTC,0.0
CLTCL1,75.0
CLU,0.0
CLUH,18.181818181818183
CLVS2,95.45454545454545
CLYBL,6.8181818181818175
CMA1,0.0
CMAS,0.0
CMBL,0.0
CMC1,13.636363636363635
CMC2,11.363636363636363
CMC4,6.8181818181818175
CMIP,25.0
CMKLR1,61.36363636363637
CMPK1,0.0
CMPK2,4.545454545454546
CMSS1,54.54545454545454
CMTM3,4.545454545454546
CMTM5,31.818181818181817
CMTM6,36.36363636363637
CMTM7,70.45454545454545
CMTR1,18.181818181818183
CMTR2,79.54545454545455
CNBP,0.0
CNDP1,4.545454545454546
CNDP2,0.0
CNEP1R1,20.454545454545457
CNIH4,34.090909090909086
CNK3/IPCEF1,43.18181818181818
CNN1,0.0
CNN2,0.0
CNN3,0.0
CNNM2,79.54545454545455
CNNM3,15.909090909090908
CNNM4,40.909090909090914
CNOT1,2.272727272727273
CNOT10,15.909090909090908
CNOT11,31.818181818181817
CNOT2,27.27272727272727
CNOT3,15.909090909090908
CNOT4,63.63636363636363
CNOT6L,20.454545454545457
CNOT7,18.181818181818183
CNOT8,65.9090909090909
CNOT9,18.181818181818183
CNP,0.0
CNPY2,0.0
CNPY3,0.0
CNPY4,0.0
CNRIP1,0.0
CNST,45.45454545454545
CNTFR,63.63636363636363
CNTN1,20.454545454545457
CNTN3,90.9090909090909
CNTN4,45.45454545454545
CNTNAP1,31.818181818181817
COA1,77.27272727272727
COA3,2.272727272727273
COA4,47.72727272727273
COA5,50.0
COA6,11.363636363636363
COA7,34.090909090909086
COASY,0.0
COBL,97.72727272727273
COBLL1,6.8181818181818175
COCH,54.54545454545454
COG1,11.363636363636363
COG2,4.545454545454546
COG3,22.727272727272727
COG4,13.636363636363635
COG5,11.363636363636363
COG6,9.090909090909092
COG7,22.727272727272727
COG8,31.818181818181817
COIL,59.09090909090909
COL10A1,61.36363636363637
COL11A1,31.818181818181817
COL12A1,0.0
COL14A1,0.0
COL15A1,0.0
COL16A1,15.909090909090908
COL18A1,0.0
COL1A1,0.0
COL1A2,0.0
COL21A1,31.818181818181817
COL28A1,40.909090909090914
COL3A1,0.0
COL4A1,0.0
COL4A2,0.0
COL4A6,100.0
COL5A1,6.8181818181818175
COL5A2,11.363636363636363
COL5A3,77.27272727272727
COL6A1,0.0
COL6A2,0.0
COL6A3,0.0
COL6A6,70.45454545454545
COL7A1,70.45454545454545
COL8A1,15.909090909090908
COL8A2,79.54545454545455
COLEC10,15.909090909090908
COLEC11,11.363636363636363
COLEC12,2.272727272727273
COLGALT1,0.0
COMMD1,4.545454545454546
COMMD10,2.272727272727273
COMMD2,2.272727272727273
COMMD3,2.272727272727273
COMMD4,2.272727272727273
COMMD5,2.272727272727273
COMMD6,0.0
COMMD7,0.0
COMMD8,18.181818181818183
COMMD9,4.545454545454546
COMP,0.0
COMT,0.0
COMTD1,9.090909090909092
COPA,0.0
COPB1,0.0
COPB2,0.0
COPE,0.0
COPG1,0.0
COPG2,0.0
COPRS,54.54545454545454
COPS2,0.0
COPS3,0.0
COPS4,0.0
COPS5,0.0
COPS6,0.0
COPS7A,0.0
COPS7B,0.0
COPS8,0.0
COPZ1,0.0
COPZ2,2.272727272727273
COQ10B,61.36363636363637
COQ3,47.72727272727273
COQ5,2.272727272727273
COQ6,6.8181818181818175
COQ7,9.090909090909092
COQ8A,6.8181818181818175
COQ8B,72.72727272727273
COQ9,2.272727272727273
CORO1A,0.0
CORO1B,0.0
CORO1C,0.0
CORO2A,34.090909090909086
CORO2B,15.909090909090908
CORO6,75.0
CORO7,0.0
COTL1,0.0
COX11,97.72727272727273
COX14,31.818181818181817
COX15,22.727272727272727
COX16,81.81818181818183
COX17,2.272727272727273
COX19,63.63636363636363
COX20,2.272727272727273
COX4I1,0.0
COX5A,0.0
COX5B,0.0
COX6B1,0.0
COX6C,0.0
COX7A1,4.545454545454546
COX7A2,0.0
COX7A2L,2.272727272727273
COX7B,15.909090909090908
COX7C,0.0
CP,0.0
CPA3,0.0
CPA4,75.0
CPB2,0.0
CPD,11.363636363636363
CPE,18.181818181818183
CPEB4,86.36363636363636
CPED1,84.0909090909091
CPLX1,90.9090909090909
CPLX2,79.54545454545455
CPM,2.272727272727273
CPN1,0.0
CPN2,0.0
CPNE1,2.272727272727273
CPNE2,0.0
CPNE3,0.0
CPNE4,97.72727272727273
CPNE6,84.0909090909091
CPNE8,2.272727272727273
CPOX,0.0
CPPED1,0.0
CPQ,0.0
CPS1,79.54545454545455
CPSF1,4.545454545454546
CPSF2,20.454545454545457
CPSF3,6.8181818181818175
CPSF4,20.454545454545457
CPSF6,0.0
CPSF7,0.0
CPT1A,0.0
CPT2,0.0
CPTP,54.54545454545454
CPVL,0.0
CPXM1,34.090909090909086
CPXM2,0.0
CPZ,47.72727272727273
CR1,4.545454545454546
CR2,43.18181818181818
CRABP1,45.45454545454545
CRABP2,4.545454545454546
CRACD,72.72727272727273
CRACR2A,84.0909090909091
CRADD,9.090909090909092
CRAT,2.272727272727273
CRBN,20.454545454545457
CRCP,97.72727272727273
CREB1,0.0
CREBBP,81.81818181818183
CREG1,77.27272727272727
CRELD1,0.0
CRELD2,0.0
CRIM1,54.54545454545454
CRIP1,0.0
CRIP2,0.0
CRIPT,70.45454545454545
CRISP3,0.0
CRISPLD1,84.0909090909091
CRISPLD2,25.0
CRK,0.0
CRKL,0.0
CRLF1,52.27272727272727
CRLF3,4.545454545454546
CRMP1,59.09090909090909
CRNKL1,13.636363636363635
CROCC,6.8181818181818175
CROT,56.81818181818182
CRP,4.545454545454546
CRP;cRAP-CRP,4.545454545454546
CRPPA,22.727272727272727
CRTAC1,2.272727272727273
CRTAP,0.0
CRTC1,65.9090909090909
CRTC2,56.81818181818182
CRTC3,25.0
CRYAB,0.0
CRYBB1,52.27272727272727
CRYBG1,15.909090909090908
CRYBG3,15.909090909090908
CRYL1,0.0
CRYM,90.9090909090909
CRYZ,0.0
CRYZL1,0.0
CS,0.0
CSAD,43.18181818181818
CSDC2,97.72727272727273
CSDE1,0.0
CSE1L,0.0
CSF1,47.72727272727273
CSF1R,11.363636363636363
CSF2RA,61.36363636363637
CSGALNACT2,11.363636363636363
CSK,0.0
CSNK1A1,0.0
CSNK1D,13.636363636363635
CSNK1G3,15.909090909090908
CSNK2A1,0.0
CSNK2A2,0.0
CSNK2B,0.0
CSPG4,0.0
CSRP1,0.0
CSRP2,0.0
CST2,95.45454545454545
CST3,0.0
CST4,100.0
CST6,18.181818181818183
CST7,38.63636363636363
CSTA,0.0
CSTB,0.0
CSTF1,20.454545454545457
CSTF2,9.090909090909092
CSTF2T,18.181818181818183
CSTF3,6.8181818181818175
CT83,100.0
CTBP1,0.0
CTBP2,0.0
CTBS,0.0
CTCF,22.727272727272727
CTDNEP1,40.909090909090914
CTDP1,40.909090909090914
CTDSP1,11.363636363636363
CTDSPL,31.818181818181817
CTDSPL2,45.45454545454545
CTF1,68.18181818181817
CTH,36.36363636363637
CTHRC1,6.8181818181818175
CTIF,11.363636363636363
CTNNA1,0.0
CTNNA2,27.27272727272727
CTNNA3,70.45454545454545
CTNNAL1,59.09090909090909
CTNNB1,2.272727272727273
CTNNBIP1,59.09090909090909
CTNNBL1,2.272727272727273
CTNND1,0.0
CTPS1,0.0
CTPS2,0.0
CTR9,6.8181818181818175
CTSA,0.0
CTSB,0.0
CTSC,0.0
CTSD;cRAP-CTSD,0.0
CTSF,22.727272727272727
CTSG;cRAP-CTSG,0.0
CTSH,0.0
CTSK,22.727272727272727
CTSL,0.0
CTSL3P,97.72727272727273
CTSO,75.0
CTSS,0.0
CTSV,100.0
CTSZ,0.0
CTTN,0.0
CTTNBP2NL,13.636363636363635
CTU1,77.27272727272727
CTU2,79.54545454545455
CUL1,0.0
CUL2,0.0
CUL3,0.0
CUL4A,0.0
CUL4B,0.0
CUL5,0.0
CUL7,34.090909090909086
CUSTOS,77.27272727272727
CUTA,0.0
CUTC,2.272727272727273
CUX1,0.0
CWC15,40.909090909090914
CWC22,36.36363636363637
CWC25,77.27272727272727
CWC27,22.727272727272727
CWF19L1,29.545454545454547
CWF19L2,97.72727272727273
CXADR,88.63636363636364
CXCL10,52.27272727272727
CXCL12,2.272727272727273
CXCL13,81.81818181818183
CXCL14,77.27272727272727
CXCL16,11.363636363636363
CXCL5,75.0
CXCL8;cRAP-IL8,65.9090909090909
CXCL9,97.72727272727273
CXCR1,40.909090909090914
CXCR2,70.45454545454545
CXCR4,56.81818181818182
CXXC1,79.54545454545455
CXorf38,2.272727272727273
CYB561,86.36363636363636
CYB561D2,2.272727272727273
CYB5A;cRAP-CYB5A,0.0
CYB5B,0.0
CYB5R1,0.0
CYB5R2,4.545454545454546
CYB5R3,0.0
CYB5R4,9.090909090909092
CYBA,0.0
CYBB,0.0
CYBC1,0.0
CYBRD1,0.0
CYC1,0.0
CYCS;cRAP-CYCS,0.0
CYFIP1,0.0
CYFIP2,0.0
CYGB,9.090909090909092
CYLD,22.727272727272727
CYP11A1,97.72727272727273
CYP11B1,100.0
CYP1A1,84.0909090909091
CYP1B1,25.0
CYP20A1,0.0
CYP27A1,0.0
CYP2S1,15.909090909090908
CYP2U1,13.636363636363635
CYP4F11,90.9090909090909
CYP4F3,6.8181818181818175
CYP4V2,54.54545454545454
CYP4X1,11.363636363636363
CYP51A1,20.454545454545457
CYP7B1,20.454545454545457
CYRIA,0.0
CYRIB,0.0
CYS1,81.81818181818183
CYSRT1,100.0
CYSTM1,18.181818181818183
CYTH1,2.272727272727273
CYTH3,15.909090909090908
CYTH4,9.090909090909092
CYTL1,29.545454545454547
CZIB,0.0
D2HGDH,34.090909090909086
DAAM1,2.272727272727273
DAAM2,27.27272727272727
DAB2,0.0
DAB2IP,29.545454545454547
DACT3,88.63636363636364
DAD1,0.0
DAG1,0.0
DAGLB,13.636363636363635
DALRD3,77.27272727272727
DAP,11.363636363636363
DAP3,2.272727272727273
DAPK1,31.818181818181817
DAPK2,72.72727272727273
DAPK3,11.363636363636363
DAPP1,18.181818181818183
DARS1,0.0
DARS2,0.0
DAXX,56.81818181818182
DAZAP1,0.0
DBH,15.909090909090908
DBI,0.0
DBN1,0.0
DBNL,0.0
DBR1,36.36363636363637
DBT,4.545454545454546
DCAF1,29.545454545454547
DCAF10,100.0
DCAF11,13.636363636363635
DCAF13,84.0909090909091
DCAF16,100.0
DCAF5,56.81818181818182
DCAF6,9.090909090909092
DCAF7,11.363636363636363
DCAF8,6.8181818181818175
DCAKD,9.090909090909092
DCANP1,95.45454545454545
DCBLD2,93.18181818181817
DCD,0.0
DCHS1,70.45454545454545
DCK,18.181818181818183
DCLK1,4.545454545454546
DCLK2,90.9090909090909
DCN,0.0
DCP1A,34.090909090909086
DCP1B,79.54545454545455
DCP2,97.72727272727273
DCPS,0.0
DCTD,0.0
DCTN1,0.0
DCTN2,0.0
DCTN3,0.0
DCTN4,0.0
DCTN5,2.272727272727273
DCTN6,0.0
DCTPP1,15.909090909090908
DCUN1D1,0.0
DCUN1D3,9.090909090909092
DCUN1D4,77.27272727272727
DCUN1D5,43.18181818181818
DCXR,0.0
DDA1,40.909090909090914
DDAH1,4.545454545454546
DDAH2,0.0
DDB1,0.0
DDB2,25.0
DDC,68.18181818181817
DDHD2,15.909090909090908
DDI2,0.0
DDOST,0.0
DDR2,20.454545454545457
DDRGK1,0.0
DDT,0.0
DDX1,0.0
DDX10,54.54545454545454
DDX11,100.0
DDX17,0.0
DDX18,15.909090909090908
DDX19A,0.0
DDX19B,15.909090909090908
DDX20,50.0
DDX21,0.0
DDX23,4.545454545454546
DDX24,18.181818181818183
DDX27,15.909090909090908
DDX28,72.72727272727273
DDX31,61.36363636363637
DDX39A,27.27272727272727
DDX39B,0.0
DDX3X,0.0
DDX3Y,25.0
DDX41,40.909090909090914
DDX42,47.72727272727273
DDX46,0.0
DDX47,25.0
DDX49,54.54545454545454
DDX5,0.0
DDX50,22.727272727272727
DDX51,79.54545454545455
DDX52,95.45454545454545
DDX54,43.18181818181818
DDX55,86.36363636363636
DDX56,47.72727272727273
DDX59,52.27272727272727
DDX6,0.0
DDX60,4.545454545454546
DDX60L,70.45454545454545
DECR1,0.0
DECR2,22.727272727272727
DEF6,2.272727272727273
DEFA1,4.545454545454546
DEFA3,0.0
DEFA4,0.0
DEFB1,81.81818181818183
DEGS1,22.727272727272727
DEK,0.0
DENND10,6.8181818181818175
DENND11,43.18181818181818
DENND1A,40.909090909090914
DENND1C,43.18181818181818
DENND2B,34.090909090909086
DENND2D,50.0
DENND3,11.363636363636363
DENND4A,52.27272727272727
DENND4B,34.090909090909086
DENND4C,6.8181818181818175
DENND5A,56.81818181818182
DENND5B,61.36363636363637
DENND6A,50.0
DENR,0.0
DEPDC7,100.0
DEPTOR,13.636363636363635
DERA,0.0
DERL1,2.272727272727273
DERL2,50.0
DERL3,61.36363636363637
DERPC,68.18181818181817
DES,2.272727272727273
DESI1,56.81818181818182
DFFA,4.545454545454546
DFFB,84.0909090909091
DGAT1,15.909090909090908
DGCR8,100.0
DGKA,0.0
DGKB,95.45454545454545
DGKE,65.9090909090909
DGKQ,56.81818181818182
DGKZ,36.36363636363637
DGLUCY,15.909090909090908
DGUOK,15.909090909090908
DHCR24,54.54545454545454
DHCR7,2.272727272727273
DHFR,88.63636363636364
DHODH,4.545454545454546
DHPS,72.72727272727273
DHRS1,0.0
DHRS11,0.0
DHRS13,93.18181818181817
DHRS2,100.0
DHRS3,4.545454545454546
DHRS4,2.272727272727273
DHRS7,0.0
DHRS7B,0.0
DHRS9,72.72727272727273
DHRSX,15.909090909090908
DHTKD1,22.727272727272727
DHX15,0.0
DHX16,15.909090909090908
DHX29,4.545454545454546
DHX30,9.090909090909092
DHX32,50.0
DHX33,90.9090909090909
DHX34,95.45454545454545
DHX35,68.18181818181817
DHX36,9.090909090909092
DHX37,63.63636363636363
DHX38,6.8181818181818175
DHX40,34.090909090909086
DHX57,47.72727272727273
DHX58,81.81818181818183
DHX8,20.454545454545457
DHX9,0.0
DIABLO,0.0
DIAPH1,0.0
DIAPH2,2.272727272727273
DIAPH3,100.0
DICER1,29.545454545454547
DIDO1,22.727272727272727
DIMT1,27.27272727272727
DIP2A,15.909090909090908
DIP2B,2.272727272727273
DIP2C,18.181818181818183
DIPK1A,68.18181818181817
DIPK2A,15.909090909090908
DIS3,4.545454545454546
DIS3L,95.45454545454545
DIS3L2,6.8181818181818175
DIXDC1,61.36363636363637
DKC1,0.0
DKK2,90.9090909090909
DKK3,43.18181818181818
DLAT,0.0
DLC1,65.9090909090909
DLD,0.0
DLG1,0.0
DLG2,61.36363636363637
DLG3,27.27272727272727
DLG5,97.72727272727273
DLGAP4,0.0
DLGAP5,100.0
DLST,0.0
DMAC1,70.45454545454545
DMAC2,75.0
DMAC2L,6.8181818181818175
DMAP1,59.09090909090909
DMBT1,90.9090909090909
DMD,2.272727272727273
DMKN,65.9090909090909
DMPK,61.36363636363637
DMTN,0.0
DMXL1,22.727272727272727
DMXL2,18.181818181818183
DNAAF10,31.818181818181817
DNAAF2,95.45454545454545
DNAAF5,9.090909090909092
DNAAF9,90.9090909090909
DNAJA1,0.0
DNAJA2,0.0
DNAJA3,11.363636363636363
DNAJA4,0.0
DNAJB1,0.0
DNAJB11,0.0
DNAJB12,15.909090909090908
DNAJB14,38.63636363636363
DNAJB2,0.0
DNAJB4,4.545454545454546
DNAJB5,54.54545454545454
DNAJB6,11.363636363636363
DNAJB9,88.63636363636364
DNAJC1,4.545454545454546
DNAJC10,0.0
DNAJC11,4.545454545454546
DNAJC13,0.0
DNAJC16,50.0
DNAJC17,22.727272727272727
DNAJC19,13.636363636363635
DNAJC2,27.27272727272727
DNAJC21,43.18181818181818
DNAJC25,18.181818181818183
DNAJC3,0.0
DNAJC30,61.36363636363637
DNAJC5,0.0
DNAJC6,86.36363636363636
DNAJC7,4.545454545454546
DNAJC8,2.272727272727273
DNAJC9,0.0
DNAL1,70.45454545454545
DNASE1L1,4.545454545454546
DNASE1L3,88.63636363636364
DNASE2,6.8181818181818175
DNLZ,27.27272727272727
DNM1,13.636363636363635
DNM1L,0.0
DNM2,0.0
DNM3,13.636363636363635
DNMBP,34.090909090909086
DNMT1,47.72727272727273
DNPEP,0.0
DNPH1,0.0
DNTTIP1,50.0
DNTTIP2,63.63636363636363
DOCK1,9.090909090909092
DOCK10,0.0
DOCK11,0.0
DOCK2,0.0
DOCK4,11.363636363636363
DOCK5,0.0
DOCK6,22.727272727272727
DOCK7,6.8181818181818175
DOCK8,0.0
DOCK9,11.363636363636363
DOHH,40.909090909090914
DOK1,11.363636363636363
DOK2,0.0
DOK3,0.0
DOP1B,15.909090909090908
DPAGT1,4.545454545454546
DPCD,18.181818181818183
DPEP1,75.0
DPF2,31.818181818181817
DPH1,63.63636363636363
DPH2,56.81818181818182
DPH3,97.72727272727273
DPH5,65.9090909090909
DPH6,88.63636363636364
DPH7,90.9090909090909
DPM1,0.0
DPM3,0.0
DPP3,0.0
DPP4,0.0
DPP6,95.45454545454545
DPP7,0.0
DPP8,27.27272727272727
DPP9,0.0
DPT,0.0
DPY19L1,4.545454545454546
DPY19L3,43.18181818181818
DPY19L4,88.63636363636364
DPY30,9.090909090909092
DPYD,0.0
DPYSL2,0.0
DPYSL3,0.0
DPYSL4,75.0
DPYSL5,63.63636363636363
DR1,9.090909090909092
DRAM2,47.72727272727273
DRAP1,11.363636363636363
DRG1,0.0
DRG2,4.545454545454546
DROSHA,93.18181818181817
DRP2,95.45454545454545
DSC1,0.0
DSC3,25.0
DSCC1,100.0
DSE,79.54545454545455
DSG1,0.0
DSG2,81.81818181818183
DSN1,79.54545454545455
DSP,2.272727272727273
DST,4.545454545454546
DSTN,0.0
DTD1,0.0
DTD2,65.9090909090909
DTL,100.0
DTNA,6.8181818181818175
DTNB,81.81818181818183
DTNBP1,13.636363636363635
DTWD2,86.36363636363636
DTX2,90.9090909090909
DTX3,56.81818181818182
DTX3L,4.545454545454546
DTYMK,0.0
DUS1L,100.0
DUS2,20.454545454545457
DUS3L,38.63636363636363
DUSP1,90.9090909090909
DUSP11,100.0
DUSP12,20.454545454545457
DUSP15,54.54545454545454
DUSP22,6.8181818181818175
DUSP23,2.272727272727273
DUSP3,0.0
DUT,0.0
DVL1,88.63636363636364
DVL2,38.63636363636363
DVL3,61.36363636363637
DYM,20.454545454545457
DYNC1H1,0.0
DYNC1I1,52.27272727272727
DYNC1I2,0.0
DYNC1LI1,0.0
DYNC1LI2,0.0
DYNC2I2,90.9090909090909
DYNLL1,0.0
DYNLL2,11.363636363636363
DYNLRB1,0.0
DYNLT1,0.0
DYNLT3,2.272727272727273
DYRK1A,38.63636363636363
DYSF,0.0
E2F4,81.81818181818183
EAPP,88.63636363636364
EARS2,29.545454545454547
EBF1,15.909090909090908
EBNA1BP2,22.727272727272727
EBP,25.0
ECD,97.72727272727273
ECE1,0.0
ECH1,0.0
ECHDC1,0.0
ECHDC2,13.636363636363635
ECHDC3,27.27272727272727
ECHS1,0.0
ECI1,0.0
ECI2,0.0
ECM1,0.0
ECM2,4.545454545454546
ECPAS,0.0
ECSIT,43.18181818181818
ECT2,100.0
EDC3,50.0
EDC4,6.8181818181818175
EDEM1,95.45454545454545
EDEM2,29.545454545454547
EDEM3,25.0
EDF1,0.0
EDIL3,6.8181818181818175
EDNRA,31.818181818181817
EDNRB,84.0909090909091
EDRF1,100.0
EEA1,0.0
EED,50.0
EEF1A1,0.0
EEF1A2,0.0
EEF1AKMT2,47.72727272727273
EEF1AKMT4,97.72727272727273
EEF1B2,0.0
EEF1D,0.0
EEF1E1,0.0
EEF1G,0.0
EEF2,0.0
EEF2K,100.0
EEF2KMT;FAM86B1;FAM86B2,100.0
EEFSEC,0.0
EEIG2,95.45454545454545
EEPD1,11.363636363636363
EFCAB3,77.27272727272727
EFCAB5,77.27272727272727
EFEMP1,0.0
EFEMP2,0.0
EFHD1,9.090909090909092
EFHD2,0.0
EFL1,9.090909090909092
EFNB1,2.272727272727273
EFNB2,70.45454545454545
EFR3A,9.090909090909092
EFS,70.45454545454545
EFTUD2,0.0
EGFL7,75.0
EGFL8,90.9090909090909
EGFLAM,61.36363636363637
EGFR,9.090909090909092
EGLN1,11.363636363636363
EHBP1,9.090909090909092
EHBP1L1,0.0
EHD1,0.0
EHD2,0.0
EHD3,0.0
EHD4,0.0
EHHADH,9.090909090909092
EHMT1,56.81818181818182
EHMT2,90.9090909090909
EI24,25.0
EIF1,47.72727272727273
EIF1AD,38.63636363636363
EIF1AX,4.545454545454546
EIF1AY,0.0
EIF1B,0.0
EIF2A,0.0
EIF2AK2,0.0
EIF2AK3,70.45454545454545
EIF2AK4,13.636363636363635
EIF2B1,0.0
EIF2B2,4.545454545454546
EIF2B3,2.272727272727273
EIF2B4,2.272727272727273
EIF2B5,0.0
EIF2D,6.8181818181818175
EIF2S1,0.0
EIF2S2,0.0
EIF2S3,0.0
EIF3A,0.0
EIF3B,0.0
EIF3C,0.0
EIF3D,0.0
EIF3E,0.0
EIF3F,0.0
EIF3G,0.0
EIF3H,0.0
EIF3I,0.0
EIF3J,0.0
EIF3K,0.0
EIF3L,0.0
EIF3M,0.0
EIF4A1,0.0
EIF4A2,0.0
EIF4A3,0.0
EIF4B,0.0
EIF4E,0.0
EIF4E2,20.454545454545457
EIF4E3,43.18181818181818
EIF4EBP1,18.181818181818183
EIF4EBP2,56.81818181818182
EIF4ENIF1,68.18181818181817
EIF4G1,0.0
EIF4G2,0.0
EIF4G3,4.545454545454546
EIF4H,0.0
EIF5,0.0
EIF5A,0.0
EIF5B,0.0
EIF6,0.0
EIPR1,2.272727272727273
ELAC1,100.0
ELAC2,20.454545454545457
ELANE,0.0
ELAPOR2,68.18181818181817
ELAVL1,0.0
ELAVL2,90.9090909090909
ELAVL4,90.9090909090909
ELF1,18.181818181818183
ELF2,93.18181818181817
ELK1,100.0
ELL,95.45454545454545
ELMO1,0.0
ELMO2,0.0
ELMOD2,0.0
ELN,18.181818181818183
ELOA,38.63636363636363
ELOB,0.0
ELOC,0.0
ELOF1,100.0
ELOVL1,29.545454545454547
ELOVL5,27.27272727272727
ELP1,4.545454545454546
ELP2,36.36363636363637
ELP3,15.909090909090908
ELP4,56.81818181818182
ELP5,88.63636363636364
ELP6,65.9090909090909
EMB,25.0
EMC1,0.0
EMC10,0.0
EMC2,2.272727272727273
EMC3,0.0
EMC4,27.27272727272727
EMC6,100.0
EMC7,0.0
EMC8,18.181818181818183
EMD,0.0
EME1,97.72727272727273
EMG1,22.727272727272727
EMILIN1,0.0
EMILIN2,0.0
EML1,2.272727272727273
EML2,0.0
EML3,0.0
EML4,0.0
EMP3,34.090909090909086
EMSY,75.0
ENAH,2.272727272727273
ENDOD1,0.0
ENDOG,15.909090909090908
ENG,0.0
ENGASE,45.45454545454545
ENO1,0.0
ENO2,0.0
ENO3,59.09090909090909
ENOPH1,0.0
ENOSF1,4.545454545454546
ENPEP,22.727272727272727
ENPP1,6.8181818181818175
ENPP2,11.363636363636363
ENPP4,2.272727272727273
ENPP6,65.9090909090909
ENSA,2.272727272727273
ENTPD1,0.0
ENTPD2,70.45454545454545
ENTPD3,79.54545454545455
ENTPD4,86.36363636363636
ENTPD5,56.81818181818182
ENTR1,81.81818181818183
ENY2,11.363636363636363
EOGT,0.0
EP300,25.0
EP400,31.818181818181817
EPB41,0.0
EPB41L1,4.545454545454546
EPB41L2,4.545454545454546
EPB41L3,0.0
EPB41L5,59.09090909090909
EPB42,0.0
EPDR1,0.0
EPG5,45.45454545454545
EPHA2,18.181818181818183
EPHA3,68.18181818181817
EPHB2,22.727272727272727
EPHB3,63.63636363636363
EPHB4,38.63636363636363
EPHX1,0.0
EPHX2,6.8181818181818175
EPM2A,29.545454545454547
EPM2AIP1,15.909090909090908
EPN1,0.0
EPN2,11.363636363636363
EPN3,54.54545454545454
EPPK1,59.09090909090909
EPRS1,0.0
EPS15,0.0
EPS15L1,0.0
EPS8,2.272727272727273
EPS8L2,29.545454545454547
EPX,2.272727272727273
ERAL1,75.0
ERAP1,0.0
ERAP2,29.545454545454547
ERBB2,47.72727272727273
ERBIN,2.272727272727273
ERC1,2.272727272727273
ERCC1,79.54545454545455
ERCC2,34.090909090909086
ERCC3,43.18181818181818
ERCC4,56.81818181818182
ERCC5,52.27272727272727
ERCC6,77.27272727272727
ERCC6L,93.18181818181817
ERG,56.81818181818182
ERG28,9.090909090909092
ERGIC1,0.0
ERGIC2,15.909090909090908
ERGIC3,2.272727272727273
ERH,0.0
ERI1,63.63636363636363
ERI3,6.8181818181818175
ERLEC1,0.0
ERLIN1,0.0
ERLIN2,0.0
ERMAP,4.545454545454546
ERMP1,0.0
ERO1A,0.0
ERO1B,25.0
ERP29,0.0
ERP44,0.0
ESAM,0.0
ESCO2,97.72727272727273
ESD,0.0
ESF1,68.18181818181817
ESM1,95.45454545454545
ESRP2,100.0
ESS2,95.45454545454545
ESYT1,9.090909090909092
ESYT2,0.0
ETF1,0.0
ETFA,0.0
ETFB,0.0
ETFDH,0.0
ETHE1,0.0
ETS1,56.81818181818182
ETV6,61.36363636363637
EVA1B,70.45454545454545
EVA1C,72.72727272727273
EVI2B,4.545454545454546
EVI5,95.45454545454545
EVL,0.0
EVPL,88.63636363636364
EWSR1,0.0
EXD2,27.27272727272727
EXOC1,0.0
EXOC2,0.0
EXOC3,0.0
EXOC3L2,52.27272727272727
EXOC4,0.0
EXOC5,2.272727272727273
EXOC6,27.27272727272727
EXOC6B,2.272727272727273
EXOC7,0.0
EXOC8,0.0
EXOG,25.0
EXOSC1,40.909090909090914
EXOSC10,18.181818181818183
EXOSC2,6.8181818181818175
EXOSC3,38.63636363636363
EXOSC4,22.727272727272727
EXOSC5,13.636363636363635
EXOSC6,22.727272727272727
EXOSC7,22.727272727272727
EXOSC8,11.363636363636363
EXOSC9,20.454545454545457
EXT1,40.909090909090914
EXT2,27.27272727272727
EXTL2,45.45454545454545
EYA3,79.54545454545455
EYA4,100.0
EZH2,100.0
EZR,0.0
F10,0.0
F11,0.0
F11R,0.0
F12,0.0
F13A1,0.0
F13B,0.0
F2,0.0
F2R,75.0
F2RL3,27.27272727272727
F3,29.545454545454547
F5,0.0
F7,0.0
F8,13.636363636363635
F8A1,18.181818181818183
F9,0.0
FAAH,43.18181818181818
FAAP100,93.18181818181817
FABP1,75.0
FABP3;cRAP-FABP3,2.272727272727273
FABP4,0.0
FABP5,0.0
FABP7,88.63636363636364
FADD,65.9090909090909
FADS1,97.72727272727273
FADS3,52.27272727272727
FAF1,0.0
FAF2,2.272727272727273
FAH,0.0
FAHD1,0.0
FAHD2A,0.0
FAIM,52.27272727272727
FAM107B,0.0
FAM111A,93.18181818181817
FAM111B,100.0
FAM114A1,0.0
FAM114A2,0.0
FAM117B,75.0
FAM118B,50.0
FAM120A,0.0
FAM120B,2.272727272727273
FAM120C,29.545454545454547
FAM136A,25.0
FAM151A,88.63636363636364
FAM151B,77.27272727272727
FAM162A,0.0
FAM169A,79.54545454545455
FAM171A1,81.81818181818183
FAM172A,15.909090909090908
FAM174A,56.81818181818182
FAM177A1,6.8181818181818175
FAM180A,36.36363636363637
FAM180B,56.81818181818182
FAM185A,47.72727272727273
FAM20B,22.727272727272727
FAM20C,27.27272727272727
FAM210A,50.0
FAM210B,6.8181818181818175
FAM234A,11.363636363636363
FAM234B,65.9090909090909
FAM241A,29.545454545454547
FAM241B,86.36363636363636
FAM32A,97.72727272727273
FAM3A,59.09090909090909
FAM3C,0.0
FAM50A,6.8181818181818175
FAM76B,84.0909090909091
FAM83A,100.0
FAM83B,97.72727272727273
FAM83D,100.0
FAM83H,93.18181818181817
FAM89B,56.81818181818182
FAM8A1,9.090909090909092
FAM91A1,15.909090909090908
FAM98A,4.545454545454546
FAM98B,0.0
FAM98C,40.909090909090914
FANCB,100.0
FANCD2,97.72727272727273
FANCE,100.0
FANCI,100.0
FANCL,90.9090909090909
FAP,0.0
FAR1,38.63636363636363
FARP1,2.272727272727273
FARP2,34.090909090909086
FARS2,29.545454545454547
FARSA,0.0
FARSB,0.0
FAS,0.0
FASN,0.0
FASTKD1,100.0
FASTKD2,61.36363636363637
FASTKD3,95.45454545454545
FASTKD5,75.0
FAT1,22.727272727272727
FAT3,61.36363636363637
FAT4,34.090909090909086
FAU,4.545454545454546
FBH1,61.36363636363637
FBL,0.0
FBLIM1,2.272727272727273
FBLL1,93.18181818181817
FBLN1,0.0
FBLN2,0.0
FBLN5,0.0
FBLN7,11.363636363636363
FBN1,0.0
FBN2,75.0
FBP1,0.0
FBP2,2.272727272727273
FBRS,97.72727272727273
FBXL12,97.72727272727273
FBXL15,84.0909090909091
FBXL18,20.454545454545457
FBXL2,95.45454545454545
FBXL20,22.727272727272727
FBXL22,97.72727272727273
FBXL5,97.72727272727273
FBXL6,81.81818181818183
FBXL8,6.8181818181818175
FBXO11,97.72727272727273
FBXO2,52.27272727272727
FBXO21,65.9090909090909
FBXO22,9.090909090909092
FBXO28,88.63636363636364
FBXO3,22.727272727272727
FBXO30,56.81818181818182
FBXO38,68.18181818181817
FBXO4,6.8181818181818175
FBXO42,70.45454545454545
FBXO45,100.0
FBXO6,43.18181818181818
FBXO7,0.0
FBXO9,84.0909090909091
FBXW11,68.18181818181817
FBXW2,43.18181818181818
FBXW5,59.09090909090909
FBXW8,90.9090909090909
FBXW9,31.818181818181817
FCAR,4.545454545454546
FCER1G,0.0
FCER2,81.81818181818183
FCF1,77.27272727272727
FCGBP,0.0
FCGR1A,0.0
FCGR2A,0.0
FCGR2B,4.545454545454546
FCGR3A,0.0
FCGR3B,11.363636363636363
FCGRT,0.0
FCHO1,86.36363636363636
FCHO2,0.0
FCHSD1,22.727272727272727
FCHSD2,29.545454545454547
FCN1,0.0
FCN2,2.272727272727273
FCN3,0.0
FCRL5,63.63636363636363
FCRLA,90.9090909090909
FCSK,0.0
FDFT1,61.36363636363637
FDPS,0.0
FDX1,11.363636363636363
FDX2,2.272727272727273
FDXR,0.0
FECH,0.0
FEM1B,59.09090909090909
FEN1,6.8181818181818175
FER,13.636363636363635
FERMT1,95.45454545454545
FERMT2,0.0
FERMT3,0.0
FES,9.090909090909092
FETUB,0.0
FEZ1,93.18181818181817
FEZ2,22.727272727272727
FGA,0.0
FGB,0.0
FGD2,34.090909090909086
FGD3,22.727272727272727
FGD4,4.545454545454546
FGD5,6.8181818181818175
FGF1,29.545454545454547
FGF2,38.63636363636363
FGF7,25.0
FGFBP2,70.45454545454545
FGFR1,34.090909090909086
FGFR1OP2,29.545454545454547
FGG,0.0
FGGY,45.45454545454545
FGL1,52.27272727272727
FGL2,0.0
FGR,9.090909090909092
FH,0.0
FHIP1B,47.72727272727273
FHIP2A,0.0
FHIT,15.909090909090908
FHL1,0.0
FHL2,0.0
FHL3,2.272727272727273
FHL5,13.636363636363635
FHOD1,0.0
FIBCD1,93.18181818181817
FIBIN,29.545454545454547
FIBP,4.545454545454546
FIG4,29.545454545454547
FIGNL1,100.0
FILIP1,38.63636363636363
FILIP1L,4.545454545454546
FIP1L1,13.636363636363635
FIS1,0.0
FITM2,25.0
FIZ1,97.72727272727273
FKBP10,0.0
FKBP11,2.272727272727273
FKBP14,40.909090909090914
FKBP15,0.0
FKBP1A,0.0
FKBP1B,97.72727272727273
FKBP2,0.0
FKBP3,0.0
FKBP4,0.0
FKBP5,0.0
FKBP7,0.0
FKBP8,0.0
FKBP9,0.0
FKBPL,84.0909090909091
FKRP,68.18181818181817
FLAD1,13.636363636363635
FLCN,56.81818181818182
FLG,6.8181818181818175
FLG2,0.0
FLI1,31.818181818181817
FLII,0.0
FLNA,0.0
FLNB,0.0
FLNC,0.0
FLOT1,0.0
FLOT2,0.0
FLRT2,29.545454545454547
FLT1,18.181818181818183
FLVCR1,100.0
FLVCR2,79.54545454545455
FLYWCH2,9.090909090909092
FMC1,40.909090909090914
FMNL1,0.0
FMNL2,4.545454545454546
FMNL3,25.0
FMO1,40.909090909090914
FMO2,68.18181818181817
FMO3,47.72727272727273
FMO4,59.09090909090909
FMOD,0.0
FMR1,9.090909090909092
FN1,0.0
FN3K,0.0
FN3KRP,0.0
FNBP1,0.0
FNBP1L,27.27272727272727
FNBP4,52.27272727272727
FNDC1,25.0
FNDC3A,15.909090909090908
FNDC3B,11.363636363636363
FNTA,0.0
FNTB,0.0
FOCAD,6.8181818181818175
FOLH1,56.81818181818182
FOLR1,97.72727272727273
FOLR2,0.0
FOLR3,88.63636363636364
FOS,13.636363636363635
FOSB,43.18181818181818
FOSL2,61.36363636363637
FOXC1,75.0
FOXC2,86.36363636363636
FOXJ3,93.18181818181817
FOXK1,29.545454545454547
FOXK2,100.0
FOXO1,63.63636363636363
FOXO3,95.45454545454545
FOXP1,72.72727272727273
FOXRED1,47.72727272727273
FPGS,52.27272727272727
FPGT,13.636363636363635
FPR1,22.727272727272727
FPR2,43.18181818181818
FPR3,54.54545454545454
FRG1,45.45454545454545
FRK,86.36363636363636
FRMD4A,36.36363636363637
FRMD6,40.909090909090914
FRMD8,2.272727272727273
FRY,11.363636363636363
FRYL,6.8181818181818175
FRZB,13.636363636363635
FSCN1,0.0
FSD1,95.45454545454545
FSD1L,90.9090909090909
FST,15.909090909090908
FSTL1,0.0
FSTL3,75.0
FTH1,0.0
FTL,0.0
FTO,0.0
FTSJ1,75.0
FTSJ3,29.545454545454547
FUBP1,0.0
FUBP3,2.272727272727273
FUCA1,0.0
FUCA2,4.545454545454546
FUNDC2,0.0
FUS,0.0
FUT11,50.0
FUT4,75.0
FUT8,18.181818181818183
FXN,4.545454545454546
FXR1,0.0
FXR2,25.0
FXYD1,9.090909090909092
FXYD6,81.81818181818183
FYB1,0.0
FYCO1,4.545454545454546
FYN,9.090909090909092
FYTTD1,43.18181818181818
FZD1,27.27272727272727
FZD7,31.818181818181817
FZD8,97.72727272727273
G3BP1,0.0
G3BP2,0.0
G6PC3,68.18181818181817
G6PD,0.0
GAA,0.0
GAB1,29.545454545454547
GABARAP,4.545454545454546
GABARAPL1,18.181818181818183
GABARAPL2,0.0
GABPA,20.454545454545457
GABPB1,100.0
GADD45GIP1,9.090909090909092
GAK,2.272727272727273
GAL,88.63636363636364
GAL3ST4,31.818181818181817
GALC,18.181818181818183
GALE,0.0
GALK1,0.0
GALK2,2.272727272727273
GALM,0.0
GALNS,2.272727272727273
GALNT1,4.545454545454546
GALNT10,70.45454545454545
GALNT12,36.36363636363637
GALNT16,45.45454545454545
GALNT17,97.72727272727273
GALNT18,93.18181818181817
GALNT2,0.0
GALNT4,93.18181818181817
GALNT5,45.45454545454545
GALNT6,65.9090909090909
GALNT7,18.181818181818183
GALT,2.272727272727273
GAMT,11.363636363636363
GAN,13.636363636363635
GANAB,0.0
GANC,36.36363636363637
GAP43,15.909090909090908
GAPDH,0.0
GAPVD1,0.0
GAR1,2.272727272727273
GARS1,0.0
GART,0.0
GAS1,70.45454545454545
GAS2L1,43.18181818181818
GAS6,2.272727272727273
GAS7,31.818181818181817
GASK1B,15.909090909090908
GATAD1,65.9090909090909
GATAD2A,4.545454545454546
GATAD2B,18.181818181818183
GATB,47.72727272727273
GATC,15.909090909090908
GATD1,2.272727272727273
GATD3;GATD3B,0.0
GATM,0.0
GBA1,0.0
GBA2,77.27272727272727
GBE1,0.0
GBF1,2.272727272727273
GBP1,0.0
GBP2,0.0
GBP4,20.454545454545457
GBP5,63.63636363636363
GBP7,52.27272727272727
GC,0.0
GCA,0.0
GCAT,97.72727272727273
GCC1,22.727272727272727
GCC2,22.727272727272727
GCDH,0.0
GCFC2,68.18181818181817
GCHFR,4.545454545454546
GCLC,0.0
GCLM,0.0
GCN1,0.0
GCSH,4.545454545454546
GDA,90.9090909090909
GDAP1,15.909090909090908
GDAP2,18.181818181818183
GDE1,2.272727272727273
GDF10,88.63636363636364
GDF15,86.36363636363636
GDF7,88.63636363636364
GDI1,0.0
GDI2,0.0
GDPD1,25.0
GDPD3,79.54545454545455
GDPGP1,29.545454545454547
GEM,54.54545454545454
GEMIN2,100.0
GEMIN4,52.27272727272727
GEMIN5,15.909090909090908
GEMIN6,93.18181818181817
GEMIN7,68.18181818181817
GEMIN8,88.63636363636364
GET1,61.36363636363637
GET3,0.0
GET4,2.272727272727273
GFAP,72.72727272727273
GFER,34.090909090909086
GFM1,4.545454545454546
GFM2,45.45454545454545
GFOD1,38.63636363636363
GFPT1,0.0
GFPT2,38.63636363636363
GFRA1,40.909090909090914
GFRA2,81.81818181818183
GFRA3,61.36363636363637
GFUS,0.0
GGA1,2.272727272727273
GGA2,31.818181818181817
GGA3,4.545454545454546
GGACT,25.0
GGCT,0.0
GGCX,13.636363636363635
GGH,0.0
GGNBP2,70.45454545454545
GGPS1,0.0
GGT1,0.0
GGT5,2.272727272727273
GGT7,36.36363636363637
GGTA1,95.45454545454545
GHDC,4.545454545454546
GHITM,0.0
GID8,9.090909090909092
GIGYF1,72.72727272727273
GIGYF2,20.454545454545457
GIMAP1,0.0
GIMAP2,68.18181818181817
GIMAP4,0.0
GIMAP5,0.0
GIMAP6,75.0
GIMAP7,6.8181818181818175
GIMAP8,2.272727272727273
GIN1,81.81818181818183
GINM1,97.72727272727273
GINS1,100.0
GINS2,100.0
GINS3,97.72727272727273
GINS4,100.0
GIPC1,9.090909090909092
GIPC2,29.545454545454547
GIPC3,63.63636363636363
GIT1,6.8181818181818175
GIT2,0.0
GJA1,6.8181818181818175
GJA4,95.45454545454545
GJA5,86.36363636363636
GJC1,84.0909090909091
GJC3,95.45454545454545
GK,2.272727272727273
GK2,88.63636363636364
GKAP1,88.63636363636364
GKN1,88.63636363636364
GLA,0.0
GLB1,0.0
GLCCI1,77.27272727272727
GLCE,54.54545454545454
GLDN,88.63636363636364
GLE1,27.27272727272727
GLG1,0.0
GLIPR1,27.27272727272727
GLIPR2,0.0
GLMN,11.363636363636363
GLMP,6.8181818181818175
GLO1,0.0
GLOD4,0.0
GLRX,0.0
GLRX2,93.18181818181817
GLRX3,0.0
GLRX5,0.0
GLS,0.0
GLT8D1,20.454545454545457
GLT8D2,50.0
GLTP,2.272727272727273
GLUD1,0.0
GLUL,0.0
GLYAT,81.81818181818183
GLYR1,56.81818181818182
GM2A,0.0
GMDS,0.0
GMEB1,63.63636363636363
GMEB2,65.9090909090909
GMFB,0.0
GMFG,0.0
GMIP,2.272727272727273
GMPPA,0.0
GMPPB,0.0
GMPR,0.0
GMPR2,0.0
GMPS,0.0
GNA11,0.0
GNA12,43.18181818181818
GNA13,0.0
GNA14,6.8181818181818175
GNA15,43.18181818181818
GNAI1,2.272727272727273
GNAI2,0.0
GNAI3,0.0
GNAO1,4.545454545454546
GNAQ,0.0
GNAS,0.0
GNAZ,13.636363636363635
GNB1,0.0
GNB1L,61.36363636363637
GNB2,0.0
GNB4,0.0
GNB5,68.18181818181817
GNE,20.454545454545457
GNG10,81.81818181818183
GNG11,11.363636363636363
GNG12,0.0
GNG2,0.0
GNG4,65.9090909090909
GNG5,2.272727272727273
GNG7,13.636363636363635
GNGT2,86.36363636363636
GNL1,0.0
GNL2,88.63636363636364
GNL3,27.27272727272727
GNL3L,81.81818181818183
GNPAT,6.8181818181818175
GNPDA1,0.0
GNPDA2,0.0
GNPNAT1,0.0
GNPTAB,81.81818181818183
GNPTG,25.0
GNS,0.0
GOLGA1,34.090909090909086
GOLGA2,0.0
GOLGA3,0.0
GOLGA4,13.636363636363635
GOLGA5,6.8181818181818175
GOLGA7,4.545454545454546
GOLGB1,2.272727272727273
GOLIM4,0.0
GOLM1,31.818181818181817
GOLM2,2.272727272727273
GOLPH3,0.0
GOLPH3L,13.636363636363635
GOLT1B,0.0
GON7,4.545454545454546
GOPC,9.090909090909092
GORAB,86.36363636363636
GORASP1,40.909090909090914
GORASP2,0.0
GOSR1,13.636363636363635
GOSR2,2.272727272727273
GOT1,0.0
GOT2,0.0
GP1BA,0.0
GP1BB,0.0
GP5,2.272727272727273
GP6,0.0
GP9,0.0
GPAA1,20.454545454545457
GPALPP1,72.72727272727273
GPAM,29.545454545454547
GPAT3,34.090909090909086
GPAT4,43.18181818181818
GPATCH11,52.27272727272727
GPATCH4,97.72727272727273
GPATCH8,61.36363636363637
GPC1,0.0
GPC4,4.545454545454546
GPC6,2.272727272727273
GPCPD1,6.8181818181818175
GPD1,9.090909090909092
GPD1L,0.0
GPD2,0.0
GPHN,2.272727272727273
GPI,0.0
GPKOW,22.727272727272727
GPLD1,0.0
GPM6A,90.9090909090909
GPM6B,70.45454545454545
GPN1,6.8181818181818175
GPN2,95.45454545454545
GPN3,52.27272727272727
GPNMB,0.0
GPR107,25.0
GPR108,63.63636363636363
GPR137B,72.72727272727273
GPR176,72.72727272727273
GPR180,20.454545454545457
GPR183,68.18181818181817
GPR68,77.27272727272727
GPR84,88.63636363636364
GPR89A;GPR89B,29.545454545454547
GPRC5A,97.72727272727273
GPRIN3,43.18181818181818
GPS1,0.0
GPS2,77.27272727272727
GPSM1,86.36363636363636
GPSM3,9.090909090909092
GPT,34.090909090909086
GPT2,79.54545454545455
GPX1,0.0
GPX3,0.0
GPX4,0.0
GPX7,4.545454545454546
GPX8,2.272727272727273
GRAMD1A,68.18181818181817
GRAMD1B,100.0
GRAMD2B,40.909090909090914
GRAMD4,18.181818181818183
GRAP,72.72727272727273
GRAP2,18.181818181818183
GRB10,90.9090909090909
GRB2,0.0
GREM1,45.45454545454545
GRHPR,0.0
GRIA1,90.9090909090909
GRIA2,88.63636363636364
GRIK3,88.63636363636364
GRIPAP1,0.0
GRK2,0.0
GRK3,65.9090909090909
GRK4,88.63636363636364
GRK5,20.454545454545457
GRK6,6.8181818181818175
GRN,0.0
GRP,95.45454545454545
GRPEL1,0.0
GRPEL2,93.18181818181817
GRSF1,31.818181818181817
GRTP1,95.45454545454545
GRWD1,13.636363636363635
GSDMA,20.454545454545457
GSDMD,0.0
GSDME,0.0
GSE1,100.0
GSK3A,13.636363636363635
GSK3B,0.0
GSKIP,59.09090909090909
GSN,0.0
GSN;cRAP-GSN,0.0
GSPT1,0.0
GSPT2,9.090909090909092
GSR,0.0
GSS,0.0
GSTA2,97.72727272727273
GSTA4,86.36363636363636
GSTCD,79.54545454545455
GSTK1,0.0
GSTM1,22.727272727272727
GSTM2,0.0
GSTM3,0.0
GSTM4,27.27272727272727
GSTM5,20.454545454545457
GSTO1,0.0
GSTP1;cRAP-GSTP1,0.0
GSTT1,9.090909090909092
GSTT2;GSTT2B,22.727272727272727
GSTZ1,2.272727272727273
GTDC1,22.727272727272727
GTF2A1,13.636363636363635
GTF2A2,38.63636363636363
GTF2B,36.36363636363637
GTF2E1,15.909090909090908
GTF2E2,65.9090909090909
GTF2F1,9.090909090909092
GTF2F2,34.090909090909086
GTF2H1,52.27272727272727
GTF2H2;GTF2H2C,52.27272727272727
GTF2H3,54.54545454545454
GTF2H4,65.9090909090909
GTF2H5,100.0
GTF2I,0.0
GTF3C1,27.27272727272727
GTF3C2,61.36363636363637
GTF3C3,34.090909090909086
GTF3C4,20.454545454545457
GTF3C5,9.090909090909092
GTF3C6,88.63636363636364
GTPBP1,0.0
GTPBP10,50.0
GTPBP2,9.090909090909092
GTPBP3,77.27272727272727
GTPBP4,27.27272727272727
GTPBP6,77.27272727272727
GTPBP8,93.18181818181817
GTSE1,100.0
GUCY1A1,0.0
GUCY1A2,68.18181818181817
GUCY1B1,2.272727272727273
GUF1,61.36363636363637
GUK1,0.0
GULP1,36.36363636363637
GUSB,0.0
GXYLT1,20.454545454545457
GXYLT2,54.54545454545454
GYG1,0.0
GYG2,65.9090909090909
GYPA,0.0
GYPC,100.0
GYS1,0.0
GZMA,31.818181818181817
GZMK,25.0
GZMM,63.63636363636363
H1-0,0.0
H1-10,0.0
H1-2,0.0
H1-3,72.72727272727273
H1-4,2.272727272727273
H1-5,0.0
H2AC11;H2AC12;H2AC14;H2AJ,0.0
H2AC21,15.909090909090908
H2AC6,11.363636363636363
H2AX,0.0
H2AZ2,0.0
H2BC11,0.0
H2BC14,0.0
H3-3A,2.272727272727273
H3-7,2.272727272727273
H4C1,0.0
H6PD,0.0
HAAO,2.272727272727273
HABP2,0.0
HABP4,52.27272727272727
HACD1,95.45454545454545
HACD2,43.18181818181818
HACD3,0.0
HACD4,18.181818181818183
HACE1,20.454545454545457
HACL1,29.545454545454547
HADH,0.0
HADHA,0.0
HADHB,0.0
HAGH,0.0
HAL,65.9090909090909
HAMP,79.54545454545455
HAPLN1,25.0
HAPLN3,6.8181818181818175
HARS1;cRAP-HARS,0.0
HARS2,0.0
HAS1,93.18181818181817
HAT1,11.363636363636363
HAUS1,95.45454545454545
HAUS2,93.18181818181817
HAUS3,81.81818181818183
HAUS4,61.36363636363637
HAUS5,84.0909090909091
HAUS6,90.9090909090909
HAUS7,100.0
HAUS8,97.72727272727273
HAVCR2,61.36363636363637
HAX1,56.81818181818182
HBA1;cRAP-HBA1,0.0
HBB;cRAP-HBB,0.0
HBD,0.0
HBE1,0.0
HBG1,0.0
HBG2,0.0
HBM,9.090909090909092
HBQ1,0.0
HBS1L,4.545454545454546
HBZ,4.545454545454546
HCCS,9.090909090909092
HCFC1,0.0
HCFC2,38.63636363636363
HCK,0.0
HCLS1,0.0
HDAC1,0.0
HDAC2,6.8181818181818175
HDAC3,45.45454545454545
HDAC4,11.363636363636363
HDAC5,34.090909090909086
HDAC6,9.090909090909092
HDAC7,18.181818181818183
HDAC8,97.72727272727273
HDDC2,0.0
HDDC3,2.272727272727273
HDGF,0.0
HDGFL2,4.545454545454546
HDGFL3,4.545454545454546
HDHD2,0.0
HDHD3,9.090909090909092
HDHD5,4.545454545454546
HDLBP,0.0
HEATR1,18.181818181818183
HEATR3,25.0
HEATR5A,29.545454545454547
HEATR5B,9.090909090909092
HEATR6,70.45454545454545
HEBP1,0.0
HEBP2,0.0
HECA,40.909090909090914
HECTD1,6.8181818181818175
HECTD3,0.0
HECTD4,54.54545454545454
HEG1,13.636363636363635
HELLS,84.0909090909091
HELZ,77.27272727272727
HELZ2,72.72727272727273
HEPACAM,61.36363636363637
HEPH,18.181818181818183
HERC1,52.27272727272727
HERC2,68.18181818181817
HERC4,0.0
HERC5,97.72727272727273
HERPUD1,38.63636363636363
HEXA,0.0
HEXB,0.0
HEXIM1,22.727272727272727
HFE,6.8181818181818175
HGD,100.0
HGF,18.181818181818183
HGFAC,0.0
HGH1,9.090909090909092
HGS,0.0
HHIPL1,81.81818181818183
HIBADH,0.0
HIBCH,0.0
HIC1,79.54545454545455
HID1,31.818181818181817
HIDE1,40.909090909090914
HIF1AN,25.0
HIGD1A,72.72727272727273
HIKESHI,2.272727272727273
HINT1,0.0
HINT2,0.0
HINT3,4.545454545454546
HIP1,0.0
HIP1R,34.090909090909086
HIRA,68.18181818181817
HIRIP3,95.45454545454545
HK1,0.0
HK2,2.272727272727273
HK3,0.0
HLA-A,0.0
HLA-B,0.0
HLA-C,0.0
HLA-DMA,75.0
HLA-DMB,0.0
HLA-DOA,52.27272727272727
HLA-DOB,72.72727272727273
HLA-DPA1,0.0
HLA-DPB1,0.0
HLA-DQA1,9.090909090909092
HLA-DQA2,13.636363636363635
HLA-DQB1,0.0
HLA-DRA,0.0
HLA-DRB1,0.0
HLA-DRB3,15.909090909090908
HLA-DRB4,9.090909090909092
HLA-DRB5,0.0
HLA-E,2.272727272727273
HLA-F,25.0
HLA-G,29.545454545454547
HLA-H,36.36363636363637
HLCS,65.9090909090909
HLTF,72.72727272727273
HM13,0.0
HMBOX1,68.18181818181817
HMBS,0.0
HMCES,45.45454545454545
HMCN1,27.27272727272727
HMCN2,68.18181818181817
HMG20A,36.36363636363637
HMG20B,61.36363636363637
HMGA1,2.272727272727273
HMGB1,0.0
HMGB2,0.0
HMGB3,0.0
HMGCL,0.0
HMGCS1,61.36363636363637
HMGN1,0.0
HMGN2,11.363636363636363
HMGN3,0.0
HMGN4,4.545454545454546
HMGN5,13.636363636363635
HMGXB4,100.0
HMMR,95.45454545454545
HMOX1,0.0
HMOX2,2.272727272727273
HMSD,72.72727272727273
HNMT,0.0
HNRNPA0,0.0
HNRNPA1,0.0
HNRNPA2B1,0.0
HNRNPA3,0.0
HNRNPAB,0.0
HNRNPC,0.0
HNRNPD,0.0
HNRNPDL,0.0
HNRNPF,0.0
HNRNPH1,0.0
HNRNPH2,0.0
HNRNPH3,0.0
HNRNPK,0.0
HNRNPL,0.0
HNRNPLL,0.0
HNRNPM,0.0
HNRNPR,0.0
HNRNPU,0.0
HNRNPUL1,0.0
HNRNPUL2,0.0
HOGA1,88.63636363636364
HOMER3,18.181818181818183
HOOK1,93.18181818181817
HOOK3,0.0
HOPX,22.727272727272727
HP,0.0
HP1BP3,0.0
HPCAL1,0.0
HPCAL4,90.9090909090909
HPD,90.9090909090909
HPDL,100.0
HPF1,29.545454545454547
HPGD,61.36363636363637
HPGDS,18.181818181818183
HPR,0.0
HPRT1,0.0
HPS3,52.27272727272727
HPS5,34.090909090909086
HPS6,25.0
HPSE,4.545454545454546
HPSE2,97.72727272727273
HPX,0.0
HRAS;cRAP-HRAS,13.636363636363635
HRC,25.0
HRG,0.0
HRNR,0.0
HS1BP3,0.0
HS2ST1,22.727272727272727
HS6ST2,97.72727272727273
HSBP1,6.8181818181818175
HSCB,40.909090909090914
HSD11B1,34.090909090909086
HSD17B10,0.0
HSD17B11,0.0
HSD17B12,0.0
HSD17B13,90.9090909090909
HSD17B2,97.72727272727273
HSD17B4,0.0
HSD17B6,72.72727272727273
HSD17B7,34.090909090909086
HSD17B8,0.0
HSD3B7,43.18181818181818
HSDL1,9.090909090909092
HSDL2,0.0
HSF1,31.818181818181817
HSH2D,95.45454545454545
HSP90AA1,0.0
HSP90AA2P,84.0909090909091
HSP90AA4P,70.45454545454545
HSP90AB1,0.0
HSP90AB2P,59.09090909090909
HSP90AB4P,68.18181818181817
HSP90B1,0.0
HSPA12A,2.272727272727273
HSPA12B,9.090909090909092
HSPA13,2.272727272727273
HSPA14,20.454545454545457
HSPA1A;HSPA1B,0.0
HSPA1L,0.0
HSPA2,0.0
HSPA4,0.0
HSPA4L,11.363636363636363
HSPA5,0.0
HSPA6,0.0
HSPA8,0.0
HSPA9,0.0
HSPB1,0.0
HSPB11,6.8181818181818175
HSPB2,36.36363636363637
HSPB6,0.0
HSPB7,34.090909090909086
HSPB8,22.727272727272727
HSPBAP1,88.63636363636364
HSPBP1,0.0
HSPD1,0.0
HSPE1,0.0
HSPG2,0.0
HSPH1,0.0
HTATIP2,0.0
HTATSF1,18.181818181818183
HTRA1,0.0
HTRA2,2.272727272727273
HTRA3,79.54545454545455
HTT,0.0
HUS1,68.18181818181817
HUWE1,0.0
HVCN1,0.0
HYAL1,40.909090909090914
HYAL2,61.36363636363637
HYCC1,4.545454545454546
HYI,2.272727272727273
HYOU1,0.0
HYPK,15.909090909090908
IAH1,0.0
IARS1,0.0
IARS2,0.0
IBA57,6.8181818181818175
IBTK,95.45454545454545
ICAM1,0.0
ICAM2,6.8181818181818175
ICAM3,0.0
ICAM4,20.454545454545457
ICE2,100.0
ICMT,45.45454545454545
ICOSLG,20.454545454545457
ID1,93.18181818181817
ID3,95.45454545454545
IDE,0.0
IDH1,0.0
IDH2,0.0
IDH3A,0.0
IDH3B,0.0
IDH3G,2.272727272727273
IDI1,18.181818181818183
IDI2-AS1,86.36363636363636
IDNK,36.36363636363637
IDO1,86.36363636363636
IDS,40.909090909090914
IDUA,15.909090909090908
IER3IP1,40.909090909090914
IER5,36.36363636363637
IFI16,0.0
IFI27,77.27272727272727
IFI30,4.545454545454546
IFI35,0.0
IFI44,45.45454545454545
IFI44L,75.0
IFIH1,27.27272727272727
IFIT1,6.8181818181818175
IFIT2,9.090909090909092
IFIT3,2.272727272727273
IFIT5,0.0
IFITM2,75.0
IFITM3,0.0
IFNAR2,79.54545454545455
IFNGR1,47.72727272727273
IFRD1,97.72727272727273
IFRD2,79.54545454545455
IFT122,77.27272727272727
IFT140,31.818181818181817
IFT172,72.72727272727273
IFT20,25.0
IFT27,2.272727272727273
IFT74,27.27272727272727
IFT81,47.72727272727273
IGBP1,0.0
IGF1,75.0
IGF1R,20.454545454545457
IGF2;cRAP-IGF2,6.8181818181818175
IGF2BP1,86.36363636363636
IGF2BP2,13.636363636363635
IGF2BP3,52.27272727272727
IGF2R,0.0
IGFALS,0.0
IGFBP1,31.818181818181817
IGFBP2,6.8181818181818175
IGFBP3,0.0
IGFBP4,2.272727272727273
IGFBP5,0.0
IGFBP6,20.454545454545457
IGFBP7,0.0
IGFBPL1,97.72727272727273
IGHA1,0.0
IGHD,47.72727272727273
IGHG2,0.0
IGHG3,0.0
IGHG4,0.0
IGHM,0.0
IGHMBP2,86.36363636363636
IGHV1-18,0.0
IGHV1-2,0.0
IGHV1-24,31.818181818181817
IGHV1-3,6.8181818181818175
IGHV1-45,2.272727272727273
IGHV1-46,0.0
IGHV1-58,72.72727272727273
IGHV1-69,0.0
IGHV1-69-2,90.9090909090909
IGHV1-69D,29.545454545454547
IGHV1-8,25.0
IGHV2-26,11.363636363636363
IGHV2-5,2.272727272727273
IGHV2-70,70.45454545454545
IGHV2-70D,25.0
IGHV3-11,45.45454545454545
IGHV3-13,6.8181818181818175
IGHV3-15,0.0
IGHV3-16,90.9090909090909
IGHV3-20,29.545454545454547
IGHV3-23,0.0
IGHV3-30;IGHV3-30-5,75.0
IGHV3-33,6.8181818181818175
IGHV3-35,0.0
IGHV3-38,2.272727272727273
IGHV3-38-3,25.0
IGHV3-43,0.0
IGHV3-48,84.0909090909091
IGHV3-49,0.0
IGHV3-53,47.72727272727273
IGHV3-64,4.545454545454546
IGHV3-64D,0.0
IGHV3-7,0.0
IGHV3-72,4.545454545454546
IGHV3-73,13.636363636363635
IGHV3-74,0.0
IGHV3-9,4.545454545454546
IGHV4-28,0.0
IGHV4-30-2,75.0
IGHV4-34,22.727272727272727
IGHV4-38-2,63.63636363636363
IGHV4-39,0.0
IGHV4-4,0.0
IGHV5-10-1,0.0
IGHV5-51,0.0
IGHV6-1,0.0
IGHV7-4-1,79.54545454545455
IGHV7-81,97.72727272727273
IGHV8-51-1,93.18181818181817
IGKC,0.0
IGKJ1,15.909090909090908
IGKV1-13;IGKV1D-13,36.36363636363637
IGKV1-16,0.0
IGKV1-17,0.0
IGKV1-27,0.0
IGKV1-33;IGKV1D-33,2.272727272727273
IGKV1-37;IGKV1D-37,52.27272727272727
IGKV1-39;IGKV1D-39,0.0
IGKV1-5,0.0
IGKV1-8,15.909090909090908
IGKV1D-16,2.272727272727273
IGKV1D-8,70.45454545454545
IGKV2-28;IGKV2D-28,18.181818181818183
IGKV2-30,18.181818181818183
IGKV2-40;IGKV2D-40,0.0
IGKV2D-24,0.0
IGKV2D-29,0.0
IGKV2D-30,61.36363636363637
IGKV3-11,0.0
IGKV3-20,0.0
IGKV3-7,0.0
IGKV3D-15,0.0
IGKV3D-20,2.272727272727273
IGKV4-1,0.0
IGKV5-2,70.45454545454545
IGKV6-21,0.0
IGKV6D-21,6.8181818181818175
IGLC3,0.0
IGLC6,97.72727272727273
IGLC7,0.0
IGLL1,6.8181818181818175
IGLV1-36,4.545454545454546
IGLV1-40,2.272727272727273
IGLV1-44,4.545454545454546
IGLV1-47,0.0
IGLV1-51,0.0
IGLV10-54,63.63636363636363
IGLV2-11,4.545454545454546
IGLV2-14,40.909090909090914
IGLV2-18,0.0
IGLV2-33,72.72727272727273
IGLV2-8,11.363636363636363
IGLV3-1,15.909090909090908
IGLV3-10,0.0
IGLV3-12,63.63636363636363
IGLV3-16,72.72727272727273
IGLV3-19,0.0
IGLV3-21,2.272727272727273
IGLV3-25,0.0
IGLV3-27,6.8181818181818175
IGLV3-9,0.0
IGLV4-3,81.81818181818183
IGLV4-60,20.454545454545457
IGLV4-69,2.272727272727273
IGLV5-37,61.36363636363637
IGLV5-39,88.63636363636364
IGLV5-45,6.8181818181818175
IGLV5-52,97.72727272727273
IGLV6-57,2.272727272727273
IGLV7-43,47.72727272727273
IGLV7-46,2.272727272727273
IGLV8-61,2.272727272727273
IGLV9-49,11.363636363636363
IGSF1,54.54545454545454
IGSF3,88.63636363636364
IGSF6,52.27272727272727
IGSF8,6.8181818181818175
IHH,81.81818181818183
IK,11.363636363636363
IKBIP,0.0
IKBKB,4.545454545454546
IKBKG,0.0
IKZF1,63.63636363636363
IKZF3,84.0909090909091
IL13RA2,93.18181818181817
IL16,0.0
IL17B,90.9090909090909
IL18,4.545454545454546
IL18R1,40.909090909090914
IL1A,100.0
IL1RAP,9.090909090909092
IL1RN,43.18181818181818
IL33,20.454545454545457
IL34,47.72727272727273
IL36G,84.0909090909091
IL3RA,79.54545454545455
IL4I1,2.272727272727273
IL6,59.09090909090909
IL6ST,15.909090909090908
ILF2,0.0
ILF3,0.0
ILK,0.0
ILKAP,9.090909090909092
ILRUN,97.72727272727273
ILVBL,0.0
IMMT,0.0
IMP3,13.636363636363635
IMP4,70.45454545454545
IMPA1,0.0
IMPA2,59.09090909090909
IMPACT,4.545454545454546
IMPDH1,2.272727272727273
IMPDH2,0.0
IMUP,100.0
INA,63.63636363636363
INCENP,97.72727272727273
INF2,0.0
ING3,97.72727272727273
ING4,100.0
INHBA,15.909090909090908
INHBC,25.0
INHBE,84.0909090909091
INIP,47.72727272727273
INMT,61.36363636363637
INO80,68.18181818181817
INO80B,97.72727272727273
INO80C,70.45454545454545
INPP1,4.545454545454546
INPP4A,20.454545454545457
INPP4B,11.363636363636363
INPP5A,6.8181818181818175
INPP5B,15.909090909090908
INPP5D,0.0
INPP5K,9.090909090909092
INPPL1,2.272727272727273
INSR,11.363636363636363
INTS1,20.454545454545457
INTS10,59.09090909090909
INTS11,43.18181818181818
INTS12,38.63636363636363
INTS13,13.636363636363635
INTS14,47.72727272727273
INTS15,77.27272727272727
INTS2,54.54545454545454
INTS3,20.454545454545457
INTS4,25.0
INTS5,27.27272727272727
INTS6,34.090909090909086
INTS7,27.27272727272727
INTS8,31.818181818181817
INTS9,38.63636363636363
IP6K1,47.72727272727273
IPO11,4.545454545454546
IPO13,9.090909090909092
IPO4,6.8181818181818175
IPO5,0.0
IPO7,0.0
IPO8,15.909090909090908
IPO9,0.0
IQCB1,86.36363636363636
IQCJ-SCHIP1,97.72727272727273
IQGAP1,0.0
IQGAP2,0.0
IQGAP3,95.45454545454545
IQSEC1,4.545454545454546
IQSEC2,70.45454545454545
IRAG1,86.36363636363636
IRAG2,15.909090909090908
IRAK1,54.54545454545454
IRAK3,27.27272727272727
IRAK4,6.8181818181818175
IREB2,18.181818181818183
IRF2BP1,20.454545454545457
IRF2BP2,11.363636363636363
IRF2BPL,4.545454545454546
IRF3,9.090909090909092
IRF4,61.36363636363637
IRF5,31.818181818181817
IRF8,61.36363636363637
IRF9,75.0
IRGQ,2.272727272727273
IRS1,70.45454545454545
IRS2,63.63636363636363
ISCA1,54.54545454545454
ISCA2,25.0
ISCU,2.272727272727273
ISG15,0.0
ISG20,4.545454545454546
ISG20L2,97.72727272727273
ISLR,0.0
ISLR2,95.45454545454545
ISOC1,0.0
ISOC2,6.8181818181818175
IST1,0.0
ISY1,25.0
ISYNA1,2.272727272727273
ITCH,9.090909090909092
ITFG1,6.8181818181818175
ITFG2,81.81818181818183
ITGA1,0.0
ITGA10,77.27272727272727
ITGA11,9.090909090909092
ITGA2,0.0
ITGA2B,0.0
ITGA3,0.0
ITGA4,6.8181818181818175
ITGA5,0.0
ITGA6,0.0
ITGA7,2.272727272727273
ITGA8,25.0
ITGA9,2.272727272727273
ITGAL,0.0
ITGAM,0.0
ITGAV,0.0
ITGAX,0.0
ITGB1,0.0
ITGB1BP2,95.45454545454545
ITGB2,0.0
ITGB3,0.0
ITGB4,9.090909090909092
ITGB5,0.0
ITGB6,11.363636363636363
ITGB7,63.63636363636363
ITGB8,61.36363636363637
ITGBL1,13.636363636363635
ITIH1,0.0
ITIH2,0.0
ITIH3,0.0
ITIH4,0.0
ITIH5,4.545454545454546
ITLN1,50.0
ITM2B,0.0
ITM2C,86.36363636363636
ITPA,0.0
ITPK1,34.090909090909086
ITPKC,93.18181818181817
ITPR1,0.0
ITPR2,2.272727272727273
ITPR3,15.909090909090908
ITPRID2,27.27272727272727
ITPRIP,15.909090909090908
ITSN1,0.0
ITSN2,2.272727272727273
IVD,0.0
IVL,95.45454545454545
IVNS1ABP,45.45454545454545
IWS1,9.090909090909092
JADE2,97.72727272727273
JADE3,100.0
JAG1,56.81818181818182
JAGN1,0.0
JAK1,2.272727272727273
JAK2,22.727272727272727
JAK3,50.0
JAM2,18.181818181818183
JAM3,2.272727272727273
JAML,47.72727272727273
JCAD,22.727272727272727
JCHAIN,0.0
JMJD6,25.0
JMJD7,40.909090909090914
JMJD8,90.9090909090909
JMY,88.63636363636364
JPH2,29.545454545454547
JPT1,2.272727272727273
JPT2,2.272727272727273
JSRP1,79.54545454545455
JTB,25.0
JUN,22.727272727272727
JUNB,15.909090909090908
JUND,43.18181818181818
JUP,0.0
KALRN,13.636363636363635
KANK1,29.545454545454547
KANK2,2.272727272727273
KANK3,15.909090909090908
KANK4,29.545454545454547
KANSL2,97.72727272727273
KARS1,0.0
KAT5,100.0
KAT6A,81.81818181818183
KAT7,34.090909090909086
KAT8,88.63636363636364
KATNA1,77.27272727272727
KATNAL1,50.0
KATNB1,77.27272727272727
KAZN,97.72727272727273
KBTBD11,4.545454545454546
KBTBD2,52.27272727272727
KBTBD4,90.9090909090909
KBTBD6,93.18181818181817
KCMF1,43.18181818181818
KCNA2,88.63636363636364
KCNAB1,27.27272727272727
KCNAB2,0.0
KCNJ5,75.0
KCNK17,97.72727272727273
KCNK6,65.9090909090909
KCNMA1,36.36363636363637
KCNMB1,75.0
KCNN4,56.81818181818182
KCT2,47.72727272727273
KCTD10,25.0
KCTD12,0.0
KCTD15,100.0
KCTD21,29.545454545454547
KCTD5,81.81818181818183
KCTD9,77.27272727272727
KDELR1,43.18181818181818
KDELR2,15.909090909090908
KDELR3,43.18181818181818
KDM1A,18.181818181818183
KDM1B,59.09090909090909
KDM2A,22.727272727272727
KDM2B,93.18181818181817
KDM3A,90.9090909090909
KDM3B,13.636363636363635
KDM4B,100.0
KDM5A,56.81818181818182
KDM5C,84.0909090909091
KDSR,0.0
KEAP1,38.63636363636363
KEL,6.8181818181818175
KHDC4,97.72727272727273
KHDRBS1,0.0
KHDRBS3,31.818181818181817
KHK,72.72727272727273
KHNYN,45.45454545454545
KHSRP,0.0
KIAA0040,97.72727272727273
KIAA0319L,61.36363636363637
KIAA0513,68.18181818181817
KIAA0930,25.0
KIAA1143,34.090909090909086
KIAA1191,43.18181818181818
KIAA1217,11.363636363636363
KIAA1522,84.0909090909091
KIAA1671,11.363636363636363
KIAA2013,47.72727272727273
KIDINS220,45.45454545454545
KIF11,95.45454545454545
KIF13A,22.727272727272727
KIF13B,0.0
KIF14,100.0
KIF15,100.0
KIF16B,84.0909090909091
KIF18B,100.0
KIF1A,15.909090909090908
KIF1B,27.27272727272727
KIF1C,40.909090909090914
KIF20A,100.0
KIF21A,45.45454545454545
KIF22,100.0
KIF23,100.0
KIF2A,0.0
KIF2C,100.0
KIF3A,25.0
KIF3B,40.909090909090914
KIF4A,93.18181818181817
KIF5A,77.27272727272727
KIF5B,0.0
KIF5C,77.27272727272727
KIFAP3,50.0
KIFBP,11.363636363636363
KIFC1,90.9090909090909
KIFC3,97.72727272727273
KIN,86.36363636363636
KIRREL1,9.090909090909092
KIT,72.72727272727273
KLC1,0.0
KLC2,34.090909090909086
KLC4,2.272727272727273
KLF13,97.72727272727273
KLF4,84.0909090909091
KLF5,88.63636363636364
KLHDC4,52.27272727272727
KLHL20,84.0909090909091
KLHL21,90.9090909090909
KLHL22,34.090909090909086
KLHL26,88.63636363636364
KLHL36,95.45454545454545
KLHL4,77.27272727272727
KLHL42,25.0
KLHL9,63.63636363636363
KLK10,68.18181818181817
KLK7,97.72727272727273
KLK9,100.0
KLKB1,0.0
KMO,63.63636363636363
KMT2A,50.0
KNG1,0.0
KNL1,100.0
KNOP1,100.0
KNTC1,77.27272727272727
KPNA1,6.8181818181818175
KPNA2,20.454545454545457
KPNA3,0.0
KPNA4,0.0
KPNA6,0.0
KPNB1,0.0
KPRP,4.545454545454546
KPTN,59.09090909090909
KRAS,0.0
KRI1,65.9090909090909
KRIT1,56.81818181818182
KRR1,38.63636363636363
KRT10;cRAP-KRT10,0.0
KRT13,0.0
KRT14,0.0
KRT16,0.0
KRT17,0.0
KRT18,11.363636363636363
KRT19,2.272727272727273
KRT1;cRAP-KRT1,0.0
KRT23,13.636363636363635
KRT27,0.0
KRT28,4.545454545454546
KRT2;cRAP-KRT2,0.0
KRT3,2.272727272727273
KRT31;cRAP-KRT31,79.54545454545455
KRT33B;cRAP-KRT33B,88.63636363636364
KRT34;cRAP-KRT34,86.36363636363636
KRT36;cRAP-KRT36,86.36363636363636
KRT4,77.27272727272727
KRT5,0.0
KRT6A,0.0
KRT6B,0.0
KRT7,13.636363636363635
KRT71,93.18181818181817
KRT73,0.0
KRT75,2.272727272727273
KRT76,0.0
KRT77,0.0
KRT78,0.0
KRT79,72.72727272727273
KRT8,0.0
KRT80,2.272727272727273
KRT84;cRAP-KRT84,79.54545454545455
KRT85;cRAP-KRT85,93.18181818181817
KRT86;cRAP-KRT86,88.63636363636364
KRT9;cRAP-KRT9,0.0
KRTAP11-1,97.72727272727273
KRTCAP2,0.0
KRTDAP,79.54545454545455
KTI12,81.81818181818183
KTN1,0.0
KXD1,11.363636363636363
KYAT1,18.181818181818183
KYAT3,0.0
KYNU,4.545454545454546
L1CAM,27.27272727272727
L2HGDH,18.181818181818183
L3HYPDH,0.0
L3MBTL2,95.45454545454545
L3MBTL3,95.45454545454545
LACC1,56.81818181818182
LACRT,90.9090909090909
LACTB,0.0
LACTB2,0.0
LAGE3,40.909090909090914
LAIR1,15.909090909090908
LAMA2,9.090909090909092
LAMA3,59.09090909090909
LAMA4,0.0
LAMA5,0.0
LAMB1,0.0
LAMB2,0.0
LAMB3,97.72727272727273
LAMC1,0.0
LAMP1,0.0
LAMP2,0.0
LAMP5,93.18181818181817
LAMTOR1,0.0
LAMTOR2,0.0
LAMTOR3,2.272727272727273
LAMTOR4,25.0
LAMTOR5,6.8181818181818175
LANCL1,0.0
LANCL2,0.0
LAP3,0.0
LAPTM5,34.090909090909086
LARP1,4.545454545454546
LARP4,47.72727272727273
LARP4B,27.27272727272727
LARP6,86.36363636363636
LARP7,15.909090909090908
LARS1,0.0
LARS2,6.8181818181818175
LAS1L,38.63636363636363
LASP1,0.0
LAT,61.36363636363637
LAT2,65.9090909090909
LAX1,79.54545454545455
LAYN,97.72727272727273
LBH,45.45454545454545
LBP,0.0
LBR,0.0
LCAT,4.545454545454546
LCK,40.909090909090914
LCLAT1,6.8181818181818175
LCMT1,4.545454545454546
LCMT2,90.9090909090909
LCN1,59.09090909090909
LCN2,0.0
LCP1,0.0
LCP2,0.0
LDAF1,27.27272727272727
LDAH,2.272727272727273
LDB1,63.63636363636363
LDB3,86.36363636363636
LDHA,0.0
LDHAL6B,20.454545454545457
LDHB,0.0
LDHD,20.454545454545457
LDLR,40.909090909090914
LDLRAP1,25.0
LEAP2,84.0909090909091
LECT2,4.545454545454546
LEFTY2,86.36363636363636
LEMD2,0.0
LEMD3,6.8181818181818175
LENG1,90.9090909090909
LENG8,61.36363636363637
LENG9,79.54545454545455
LEO1,34.090909090909086
LEP;cRAP-LEP,68.18181818181817
LEPR,65.9090909090909
LEPROT,18.181818181818183
LEPROTL1,100.0
LETM1,0.0
LETMD1,43.18181818181818
LFNG,50.0
LGALS1,0.0
LGALS12,68.18181818181817
LGALS3,0.0
LGALS3BP,0.0
LGALS7,38.63636363636363
LGALS8,9.090909090909092
LGALS9,0.0
LGALSL,0.0
LGI1,100.0
LGI4,93.18181818181817
LGMN,0.0
LGR6,97.72727272727273
LHFPL2,72.72727272727273
LHFPL6,22.727272727272727
LHPP,0.0
LIFR,93.18181818181817
LIG1,65.9090909090909
LIG3,13.636363636363635
LIG4,29.545454545454547
LILRA1,93.18181818181817
LILRA3,56.81818181818182
LILRA5,77.27272727272727
LILRA6,25.0
LILRB1,61.36363636363637
LILRB2,0.0
LILRB4,25.0
LILRB5,15.909090909090908
LIMA1,0.0
LIMCH1,6.8181818181818175
LIMD1,11.363636363636363
LIMD2,13.636363636363635
LIME1,90.9090909090909
LIMK2,79.54545454545455
LIMS1,15.909090909090908
LIMS2,25.0
LIN54,86.36363636363636
LIN7A,45.45454545454545
LIN7C,4.545454545454546
LIN9,54.54545454545454
LIPA,0.0
LIPC,22.727272727272727
LIPE,22.727272727272727
LIPG,97.72727272727273
LITAF,47.72727272727273
LIX1L,61.36363636363637
LLGL1,13.636363636363635
LLGL2,100.0
LLPH,52.27272727272727
LMAN1,0.0
LMAN2,0.0
LMAN2L,6.8181818181818175
LMBR1,79.54545454545455
LMBRD1,34.090909090909086
LMBRD2,34.090909090909086
LMCD1,0.0
LMF1,38.63636363636363
LMF2,2.272727272727273
LMNA,0.0
LMNB1,0.0
LMNB2,0.0
LMO7,54.54545454545454
LMOD1,2.272727272727273
LMTK2,61.36363636363637
LNPEP,0.0
LNPK,0.0
LONP1,0.0
LONP2,63.63636363636363
LOX,9.090909090909092
LOXL1,27.27272727272727
LOXL2,20.454545454545457
LOXL3,18.181818181818183
LOXL4,65.9090909090909
LPA,2.272727272727273
LPAR1,9.090909090909092
LPCAT1,0.0
LPCAT2,0.0
LPCAT3,0.0
LPCAT4,29.545454545454547
LPGAT1,2.272727272727273
LPIN1,45.45454545454545
LPIN2,6.8181818181818175
LPL,25.0
LPP,0.0
LPXN,20.454545454545457
LRBA,0.0
LRCH1,13.636363636363635
LRCH3,25.0
LRCH4,2.272727272727273
LRFN4,100.0
LRG1,0.0
LRIF1,100.0
LRIG1,25.0
LRMDA,38.63636363636363
LRP1,0.0
LRP10,50.0
LRP6,97.72727272727273
LRP8,100.0
LRPAP1,0.0
LRPPRC,0.0
LRR1,100.0
LRRC1,59.09090909090909
LRRC14,72.72727272727273
LRRC15,27.27272727272727
LRRC17,20.454545454545457
LRRC20,6.8181818181818175
LRRC25,4.545454545454546
LRRC32,11.363636363636363
LRRC40,2.272727272727273
LRRC41,27.27272727272727
LRRC47,0.0
LRRC57,0.0
LRRC58,59.09090909090909
LRRC59,0.0
LRRC8A,11.363636363636363
LRRC8C,11.363636363636363
LRRC8D,25.0
LRRC8E,97.72727272727273
LRRFIP1,6.8181818181818175
LRRFIP2,0.0
LRRK1,38.63636363636363
LRRK2,27.27272727272727
LRRTM1,93.18181818181817
LRSAM1,2.272727272727273
LRWD1,47.72727272727273
LSAMP,38.63636363636363
LSG1,38.63636363636363
LSM1,25.0
LSM11,100.0
LSM12,4.545454545454546
LSM14A,4.545454545454546
LSM14B,38.63636363636363
LSM2,0.0
LSM3,0.0
LSM4,0.0
LSM5,2.272727272727273
LSM6,0.0
LSM7,25.0
LSM8,0.0
LSP1,0.0
LSR,72.72727272727273
LSS,0.0
LST1,61.36363636363637
LTA4H,0.0
LTB4R,9.090909090909092
LTBP1,0.0
LTBP2,0.0
LTBP3,13.636363636363635
LTBP4,2.272727272727273
LTC4S,47.72727272727273
LTF;cRAP-LTF,0.0
LTN1,31.818181818181817
LTV1,90.9090909090909
LUC7L,0.0
LUC7L2,0.0
LUC7L3,0.0
LUM,0.0
LUZP1,4.545454545454546
LXN,0.0
LY6D,77.27272727272727
LY6G6F,11.363636363636363
LY6K,100.0
LY75,0.0
LY9,90.9090909090909
LY96,52.27272727272727
LYAR,11.363636363636363
LYN,2.272727272727273
LYNX1;SLURP2,47.72727272727273
LYPLA1,0.0
LYPLA2,4.545454545454546
LYPLAL1,0.0
LYRM2,36.36363636363637
LYRM4,0.0
LYRM7,6.8181818181818175
LYRM9,77.27272727272727
LYSMD2,13.636363636363635
LYST,20.454545454545457
LYVE1,9.090909090909092
LYZ;cRAP-LYZ,0.0
LZIC,0.0
LZTFL1,0.0
LZTR1,47.72727272727273
LZTS2,90.9090909090909
M6PR,0.0
MACF1,4.545454545454546
MACO1,40.909090909090914
MACROD1,2.272727272727273
MACROD2,59.09090909090909
MACROH2A1,0.0
MACROH2A2,0.0
MAD1L1,13.636363636363635
MAD2L1,81.81818181818183
MAD2L1BP,100.0
MADD,54.54545454545454
MAEA,11.363636363636363
MAF1,75.0
MAFB,77.27272727272727
MAFF,63.63636363636363
MAFG,45.45454545454545
MAFK,100.0
MAG,75.0
MAGED2,22.727272727272727
MAGI1,52.27272727272727
MAGI3,90.9090909090909
MAGOH,0.0
MAGOHB,65.9090909090909
MAGT1,2.272727272727273
MAIP1,9.090909090909092
MAK16,40.909090909090914
MAL2,20.454545454545457
MALSU1,97.72727272727273
MALT1,40.909090909090914
MAMDC2,13.636363636363635
MAN1A1,0.0
MAN1A2,40.909090909090914
MAN1B1,27.27272727272727
MAN1C1,31.818181818181817
MAN2A1,0.0
MAN2A2,2.272727272727273
MAN2B1,0.0
MAN2B2,6.8181818181818175
MAN2C1,0.0
MANBA,2.272727272727273
MANBAL,43.18181818181818
MANEA,75.0
MANF,0.0
MANSC1,95.45454545454545
MAOA,0.0
MAOB,0.0
MAP1A,4.545454545454546
MAP1B,0.0
MAP1LC3A,0.0
MAP1LC3B;MAP1LC3B2,11.363636363636363
MAP1S,0.0
MAP2,9.090909090909092
MAP2K1,0.0
MAP2K2,0.0
MAP2K3,0.0
MAP2K4,2.272727272727273
MAP2K6,22.727272727272727
MAP2K7,52.27272727272727
MAP3K2,34.090909090909086
MAP3K20,9.090909090909092
MAP3K4,61.36363636363637
MAP3K5,31.818181818181817
MAP3K6,34.090909090909086
MAP3K7,50.0
MAP3K7CL,90.9090909090909
MAP3K8,75.0
MAP4,0.0
MAP4K1,56.81818181818182
MAP4K2,61.36363636363637
MAP4K3,47.72727272727273
MAP4K4,0.0
MAP4K5,9.090909090909092
MAP6,50.0
MAP7,93.18181818181817
MAP7D1,4.545454545454546
MAP7D2,93.18181818181817
MAP7D3,63.63636363636363
MAPK1,0.0
MAPK11,68.18181818181817
MAPK12,84.0909090909091
MAPK13,31.818181818181817
MAPK14,0.0
MAPK15,79.54545454545455
MAPK1IP1L,9.090909090909092
MAPK3,0.0
MAPK4,79.54545454545455
MAPK7,65.9090909090909
MAPK8,38.63636363636363
MAPK8IP3,81.81818181818183
MAPK9,0.0
MAPKAP1,63.63636363636363
MAPKAPK2,4.545454545454546
MAPKAPK3,88.63636363636364
MAPKAPK5,72.72727272727273
MAPRE1,0.0
MAPRE2,0.0
MAPRE3,9.090909090909092
MAPT,31.818181818181817
MAPT;cRAP-MAPT,50.0
MARCHF5,22.727272727272727
MARCHF6,97.72727272727273
MARCKS,0.0
MARCKSL1,0.0
MARCO,15.909090909090908
MARF1,75.0
MARK1,68.18181818181817
MARK2,0.0
MARK3,6.8181818181818175
MARS1,0.0
MARS2,59.09090909090909
MARVELD1,65.9090909090909
MASP1,0.0
MASP2,6.8181818181818175
MAST3,40.909090909090914
MAST4,40.909090909090914
MASTL,95.45454545454545
MAT1A,97.72727272727273
MAT2A,0.0
MAT2B,0.0
MATN2,2.272727272727273
MATN3,68.18181818181817
MATN4,79.54545454545455
MATR3,0.0
MAU2,29.545454545454547
MAVS,0.0
MAX,29.545454545454547
MAZ,29.545454545454547
MB21D2,75.0
MB;cRAP-MB,93.18181818181817
MBD1,29.545454545454547
MBD2,22.727272727272727
MBD3,70.45454545454545
MBD4,95.45454545454545
MBL2,13.636363636363635
MBLAC1,72.72727272727273
MBLAC2,4.545454545454546
MBNL1,13.636363636363635
MBNL2,97.72727272727273
MBNL3,100.0
MBOAT2,11.363636363636363
MBOAT7,0.0
MBP,27.27272727272727
MCAM,0.0
MCAT,18.181818181818183
MCC,63.63636363636363
MCCC1,2.272727272727273
MCCC2,2.272727272727273
MCEE,6.8181818181818175
MCEMP1,13.636363636363635
MCF2L,63.63636363636363
MCFD2,25.0
MCL1,34.090909090909086
MCM2,38.63636363636363
MCM3,13.636363636363635
MCM3AP,38.63636363636363
MCM4,63.63636363636363
MCM5,31.818181818181817
MCM6,59.09090909090909
MCM7,36.36363636363637
MCMBP,9.090909090909092
MCRIP1,9.090909090909092
MCRIP2,100.0
MCRS1,68.18181818181817
MCTS1,0.0
MCU,0.0
MCUB,50.0
MCUR1,29.545454545454547
MDC1,40.909090909090914
MDFIC,45.45454545454545
MDGA1,97.72727272727273
MDH1,0.0
MDH2,0.0
MDK,22.727272727272727
MDM1,77.27272727272727
MDN1,70.45454545454545
MDP1,2.272727272727273
ME1,0.0
ME2,0.0
ME3,13.636363636363635
MEA1,50.0
MEAF6,38.63636363636363
MEAK7,4.545454545454546
MECP2,0.0
MECR,11.363636363636363
MED1,29.545454545454547
MED10,34.090909090909086
MED12,59.09090909090909
MED13,100.0
MED14,54.54545454545454
MED15,38.63636363636363
MED16,31.818181818181817
MED17,84.0909090909091
MED18,43.18181818181818
MED20,54.54545454545454
MED21,56.81818181818182
MED22,68.18181818181817
MED23,25.0
MED24,50.0
MED25,59.09090909090909
MED26,81.81818181818183
MED27,88.63636363636364
MED28,77.27272727272727
MED29,56.81818181818182
MED30,25.0
MED31,97.72727272727273
MED4,34.090909090909086
MED6,72.72727272727273
MED8,95.45454545454545
MEDAG,50.0
MEF2C,45.45454545454545
MEF2D,20.454545454545457
MEGF6,61.36363636363637
MEGF9,47.72727272727273
MEIS1,70.45454545454545
MELTF,29.545454545454547
MEMO1,2.272727272727273
MEN1,52.27272727272727
MENT,65.9090909090909
MEOX2,61.36363636363637
MEPCE,47.72727272727273
MERTK,86.36363636363636
MESD,0.0
MEST,63.63636363636363
MET,36.36363636363637
METAP1,4.545454545454546
METAP1D,100.0
METAP2,0.0
METRNL,63.63636363636363
METTL1,59.09090909090909
METTL13,18.181818181818183
METTL14,43.18181818181818
METTL15,56.81818181818182
METTL16,20.454545454545457
METTL17,59.09090909090909
METTL18,95.45454545454545
METTL21A,100.0
METTL25B,100.0
METTL26,6.8181818181818175
METTL3,18.181818181818183
METTL5,56.81818181818182
METTL7A,0.0
METTL7B,56.81818181818182
METTL9,61.36363636363637
MFAP1,40.909090909090914
MFAP2,2.272727272727273
MFAP4,0.0
MFAP5,2.272727272727273
MFF,15.909090909090908
MFGE8,0.0
MFN1,2.272727272727273
MFN2,2.272727272727273
MFNG,52.27272727272727
MFSD1,13.636363636363635
MFSD10,0.0
MFSD12,100.0
MFSD3,77.27272727272727
MFSD6,63.63636363636363
MGA,77.27272727272727
MGAM,11.363636363636363
MGARP,86.36363636363636
MGAT1,0.0
MGAT2,6.8181818181818175
MGAT4A,63.63636363636363
MGAT5,43.18181818181818
MGLL,0.0
MGME1,34.090909090909086
MGMT,0.0
MGP,0.0
MGRN1,86.36363636363636
MGST1,0.0
MGST2,0.0
MGST3,0.0
MIA2,2.272727272727273
MIA3,0.0
MIB1,52.27272727272727
MICA,100.0
MICAL1,0.0
MICAL2,11.363636363636363
MICAL3,11.363636363636363
MICALL1,40.909090909090914
MICALL2,18.181818181818183
MICOS10,25.0
MICOS13,45.45454545454545
MICU1,20.454545454545457
MICU2,40.909090909090914
MICU3,68.18181818181817
MID1,9.090909090909092
MID1IP1,100.0
MID2,81.81818181818183
MIDEAS,40.909090909090914
MIEF1,81.81818181818183
MIEN1,2.272727272727273
MIER1,25.0
MIF,0.0
MIF4GD,15.909090909090908
MIGA2,95.45454545454545
MINDY1,15.909090909090908
MINDY2,29.545454545454547
MINDY3,0.0
MINK1,13.636363636363635
MINPP1,2.272727272727273
MIOS,13.636363636363635
MIPEP,20.454545454545457
MIS12,70.45454545454545
MIS18BP1,100.0
MISP,100.0
MITD1,100.0
MIX23,2.272727272727273
MKI67,95.45454545454545
MKLN1,56.81818181818182
MKNK1,38.63636363636363
MKRN1,95.45454545454545
MKRN2,38.63636363636363
MLEC,0.0
MLF2,22.727272727272727
MLH1,75.0
MLIP,81.81818181818183
MLKL,11.363636363636363
MLLT1,54.54545454545454
MLLT3,100.0
MLLT6,95.45454545454545
MLST8,15.909090909090908
MLX,43.18181818181818
MLYCD,4.545454545454546
MMAA,9.090909090909092
MMAB,6.8181818181818175
MME,15.909090909090908
MMGT1,25.0
MMP1,22.727272727272727
MMP11,79.54545454545455
MMP12,9.090909090909092
MMP13,79.54545454545455
MMP14,0.0
MMP15,90.9090909090909
MMP19,11.363636363636363
MMP2,0.0
MMP23B,50.0
MMP25,59.09090909090909
MMP7,22.727272727272727
MMP8,0.0
MMP9,0.0
MMRN1,0.0
MMRN2,0.0
MMS19,6.8181818181818175
MMS22L,97.72727272727273
MMTAG2,81.81818181818183
MMUT,0.0
MNAT1,45.45454545454545
MNDA,0.0
MOB1A;MOB1B,2.272727272727273
MOB2,4.545454545454546
MOB3A,43.18181818181818
MOB3C,34.090909090909086
MOB4,13.636363636363635
MOCOS,97.72727272727273
MOCS1,18.181818181818183
MOCS2,9.090909090909092
MOCS3,18.181818181818183
MOGS,0.0
MON1A,50.0
MON1B,38.63636363636363
MON2,4.545454545454546
MORC2,70.45454545454545
MORC3,13.636363636363635
MORF4L1,18.181818181818183
MOSPD1,97.72727272727273
MOSPD2,0.0
MOV10,20.454545454545457
MOXD1,20.454545454545457
MPC1,34.090909090909086
MPC2,9.090909090909092
MPDU1,0.0
MPDZ,54.54545454545454
MPEG1,6.8181818181818175
MPG,11.363636363636363
MPHOSPH10,65.9090909090909
MPHOSPH6,84.0909090909091
MPHOSPH8,29.545454545454547
MPI,0.0
MPIG6B,2.272727272727273
MPO,0.0
MPP1,0.0
MPP7,22.727272727272727
MPPE1,63.63636363636363
MPPED2,93.18181818181817
MPRIP,2.272727272727273
MPST,0.0
MPV17,50.0
MPV17L2,61.36363636363637
MPZ,34.090909090909086
MPZL1,0.0
MPZL2,97.72727272727273
MR1,43.18181818181818
MRAS,13.636363636363635
MRC1,0.0
MRC2,0.0
MRE11,0.0
MRFAP1,38.63636363636363
MRGBP,47.72727272727273
MRGPRF,20.454545454545457
MRI1,0.0
MRM1,84.0909090909091
MRM3,59.09090909090909
MROH1,18.181818181818183
MRPL1,25.0
MRPL10,68.18181818181817
MRPL11,13.636363636363635
MRPL12,0.0
MRPL13,25.0
MRPL14,18.181818181818183
MRPL15,13.636363636363635
MRPL16,34.090909090909086
MRPL17,29.545454545454547
MRPL18,54.54545454545454
MRPL19,6.8181818181818175
MRPL2,75.0
MRPL20,11.363636363636363
MRPL21,9.090909090909092
MRPL22,18.181818181818183
MRPL23,40.909090909090914
MRPL24,18.181818181818183
MRPL27,11.363636363636363
MRPL28,34.090909090909086
MRPL3,40.909090909090914
MRPL30,29.545454545454547
MRPL32,81.81818181818183
MRPL33,93.18181818181817
MRPL34,15.909090909090908
MRPL35,81.81818181818183
MRPL37,2.272727272727273
MRPL38,11.363636363636363
MRPL39,20.454545454545457
MRPL4,15.909090909090908
MRPL40,25.0
MRPL41,22.727272727272727
MRPL42,63.63636363636363
MRPL43,22.727272727272727
MRPL44,15.909090909090908
MRPL45,22.727272727272727
MRPL46,4.545454545454546
MRPL47,29.545454545454547
MRPL48,31.818181818181817
MRPL49,4.545454545454546
MRPL50,13.636363636363635
MRPL51,61.36363636363637
MRPL52,38.63636363636363
MRPL53,40.909090909090914
MRPL54,11.363636363636363
MRPL55,20.454545454545457
MRPL57,27.27272727272727
MRPL58,6.8181818181818175
MRPL9,6.8181818181818175
MRPS10,29.545454545454547
MRPS11,31.818181818181817
MRPS12,79.54545454545455
MRPS14,61.36363636363637
MRPS15,38.63636363636363
MRPS16,29.545454545454547
MRPS17,29.545454545454547
MRPS18A,29.545454545454547
MRPS18B,27.27272727272727
MRPS18C,54.54545454545454
MRPS2,27.27272727272727
MRPS21,22.727272727272727
MRPS22,6.8181818181818175
MRPS23,4.545454545454546
MRPS24,61.36363636363637
MRPS25,15.909090909090908
MRPS26,77.27272727272727
MRPS27,0.0
MRPS28,31.818181818181817
MRPS30,45.45454545454545
MRPS31,13.636363636363635
MRPS33,34.090909090909086
MRPS34,13.636363636363635
MRPS35,15.909090909090908
MRPS36,2.272727272727273
MRPS5,54.54545454545454
MRPS6,47.72727272727273
MRPS7,27.27272727272727
MRPS9,18.181818181818183
MRRF,18.181818181818183
MRS2,84.0909090909091
MRTFA,54.54545454545454
MRTFB,34.090909090909086
MRTO4,22.727272727272727
MS4A1,50.0
MS4A6A,31.818181818181817
MSANTD2,70.45454545454545
MSH2,15.909090909090908
MSH3,56.81818181818182
MSH6,34.090909090909086
MSI2,13.636363636363635
MSL3P1,100.0
MSLN,81.81818181818183
MSMO1,50.0
MSN,0.0
MSR1,4.545454545454546
MSRA,0.0
MSRB2,11.363636363636363
MSRB3,6.8181818181818175
MST1,0.0
MST1L,65.9090909090909
MST1R,100.0
MSTO1,68.18181818181817
MT-ATP6,0.0
MT-ATP8,0.0
MT-CO1,9.090909090909092
MT-CO2,0.0
MT-CYB,15.909090909090908
MT-ND1,29.545454545454547
MT-ND2,45.45454545454545
MT-ND3,59.09090909090909
MT-ND4,2.272727272727273
MT-ND5,6.8181818181818175
MT1E,0.0
MT1F,79.54545454545455
MT1G,100.0
MT1H,90.9090909090909
MT1X,15.909090909090908
MT2A,6.8181818181818175
MT3,81.81818181818183
MTA1,20.454545454545457
MTA2,6.8181818181818175
MTA3,84.0909090909091
MTAP,0.0
MTARC1,43.18181818181818
MTARC2,4.545454545454546
MTBP,84.0909090909091
MTCH1,0.0
MTCH2,0.0
MTCL1,93.18181818181817
MTDH,0.0
MTERF1,95.45454545454545
MTERF3,97.72727272727273
MTERF4,100.0
MTF2,95.45454545454545
MTFMT,47.72727272727273
MTFP1,84.0909090909091
MTFR1,97.72727272727273
MTFR1L,9.090909090909092
MTG1,95.45454545454545
MTG2,95.45454545454545
MTHFD1,0.0
MTHFD1L,18.181818181818183
MTHFD2,52.27272727272727
MTHFR,6.8181818181818175
MTHFS,18.181818181818183
MTHFSD,100.0
MTIF2,15.909090909090908
MTIF3,18.181818181818183
MTM1,2.272727272727273
MTMR1,11.363636363636363
MTMR10,47.72727272727273
MTMR11,72.72727272727273
MTMR12,6.8181818181818175
MTMR14,11.363636363636363
MTMR2,18.181818181818183
MTMR3,56.81818181818182
MTMR6,6.8181818181818175
MTMR7,50.0
MTMR9,0.0
MTO1,93.18181818181817
MTOR,0.0
MTPAP,27.27272727272727
MTPN,0.0
MTR,2.272727272727273
MTRES1,47.72727272727273
MTREX,0.0
MTRF1L,45.45454545454545
MTRR,56.81818181818182
MTSS1,20.454545454545457
MTTP,95.45454545454545
MTURN,0.0
MTUS2,95.45454545454545
MTX1,2.272727272727273
MTX2,13.636363636363635
MTX3,52.27272727272727
MUC1,65.9090909090909
MUC16,100.0
MUCL1,31.818181818181817
MUS81,100.0
MUSTN1,0.0
MUTYH,95.45454545454545
MVB12A,18.181818181818183
MVD,0.0
MVK,11.363636363636363
MVP,0.0
MX1,0.0
MX2,6.8181818181818175
MXRA5,9.090909090909092
MXRA7,2.272727272727273
MXRA8,9.090909090909092
MYADM,0.0
MYBBP1A,4.545454545454546
MYCBP,0.0
MYCBP2,4.545454545454546
MYCT1,65.9090909090909
MYD88,4.545454545454546
MYDGF,0.0
MYEF2,36.36363636363637
MYG1,0.0
MYH10,0.0
MYH11,0.0
MYH14,13.636363636363635
MYH2,93.18181818181817
MYH7,90.9090909090909
MYH9,0.0
MYL1,4.545454545454546
MYL11,88.63636363636364
MYL12A,72.72727272727273
MYL12B,0.0
MYL2,95.45454545454545
MYL3,93.18181818181817
MYL4,2.272727272727273
MYL6,0.0
MYL6B,47.72727272727273
MYL9,0.0
MYLK,0.0
MYLK2;MYLK3;MYLK4,84.0909090909091
MYMX,77.27272727272727
MYO18A,0.0
MYO19,100.0
MYO1B,2.272727272727273
MYO1C,52.27272727272727
MYO1D,0.0
MYO1E,0.0
MYO1F,0.0
MYO1G,0.0
MYO5A,0.0
MYO5B,95.45454545454545
MYO6,2.272727272727273
MYO9B,0.0
MYOC,86.36363636363636
MYOF,0.0
MYOZ1,54.54545454545454
MYOZ2,86.36363636363636
MYPN,100.0
MYZAP,59.09090909090909
MZB1,0.0
MZT1,97.72727272727273
MZT2B,22.727272727272727
N4BP1,65.9090909090909
N6AMT1,36.36363636363637
NAA10,2.272727272727273
NAA15,2.272727272727273
NAA16,36.36363636363637
NAA20,43.18181818181818
NAA25,18.181818181818183
NAA30,56.81818181818182
NAA35,65.9090909090909
NAA38,77.27272727272727
NAA40,95.45454545454545
NAA50,0.0
NAA80,88.63636363636364
NAAA,2.272727272727273
NAALAD2,86.36363636363636
NAALADL2,15.909090909090908
NAB1,38.63636363636363
NABP1,100.0
NACA,0.0
NACAD,81.81818181818183
NACC1,70.45454545454545
NADK,6.8181818181818175
NADK2,0.0
NADSYN1,0.0
NAE1,0.0
NAF1,97.72727272727273
NAGA,0.0
NAGK,0.0
NAGLU,0.0
NAGPA,81.81818181818183
NAIP,27.27272727272727
NAMPT,0.0
NANP,61.36363636363637
NANS,0.0
NAP1L1,29.545454545454547
NAP1L4,0.0
NAP1L5,52.27272727272727
NAPA,0.0
NAPB,40.909090909090914
NAPG,0.0
NAPRT,0.0
NARS1,0.0
NARS2,22.727272727272727
NASP,0.0
NAT1,15.909090909090908
NAT10,15.909090909090908
NAT14,54.54545454545454
NAV1,22.727272727272727
NAXD,13.636363636363635
NAXE,0.0
NBAS,0.0
NBEA,90.9090909090909
NBEAL1,36.36363636363637
NBEAL2,0.0
NBN,13.636363636363635
NCALD,2.272727272727273
NCAM1,4.545454545454546
NCAM2,34.090909090909086
NCAPD2,88.63636363636364
NCAPD3,90.9090909090909
NCAPG,81.81818181818183
NCAPG2,97.72727272727273
NCAPH,90.9090909090909
NCAPH2,100.0
NCBP1,0.0
NCBP2,25.0
NCBP2AS2,84.0909090909091
NCBP3,34.090909090909086
NCCRP1,31.818181818181817
NCDN,11.363636363636363
NCEH1,0.0
NCF1,0.0
NCF1B,95.45454545454545
NCF2,0.0
NCF4,0.0
NCK1,0.0
NCK2,0.0
NCKAP1,0.0
NCKAP1L,0.0
NCKIPSD,6.8181818181818175
NCL,0.0
NCLN,0.0
NCOA2,88.63636363636364
NCOA3,100.0
NCOA5,15.909090909090908
NCOA6,97.72727272727273
NCOA7,6.8181818181818175
NCOR1,43.18181818181818
NCOR2,75.0
NCR3LG1,100.0
NCS1,22.727272727272727
NCSTN,0.0
NDC1,18.181818181818183
NDC80,100.0
NDE1,9.090909090909092
NDEL1,56.81818181818182
NDOR1,84.0909090909091
NDRG1,0.0
NDRG2,4.545454545454546
NDRG3,0.0
NDRG4,54.54545454545454
NDST1,43.18181818181818
NDUFA10,0.0
NDUFA11,0.0
NDUFA12,0.0
NDUFA13,0.0
NDUFA2,0.0
NDUFA3,4.545454545454546
NDUFA4,0.0
NDUFA4L2,22.727272727272727
NDUFA5,0.0
NDUFA6,2.272727272727273
NDUFA7,2.272727272727273
NDUFA8,0.0
NDUFA9,0.0
NDUFAB1,0.0
NDUFAF1,84.0909090909091
NDUFAF2,2.272727272727273
NDUFAF3,9.090909090909092
NDUFAF4,6.8181818181818175
NDUFAF5,40.909090909090914
NDUFAF6,79.54545454545455
NDUFAF7,18.181818181818183
NDUFB1,6.8181818181818175
NDUFB10,0.0
NDUFB11,4.545454545454546
NDUFB3,0.0
NDUFB4,0.0
NDUFB5,0.0
NDUFB6,15.909090909090908
NDUFB7,4.545454545454546
NDUFB8,0.0
NDUFB9,0.0
NDUFC1,47.72727272727273
NDUFC2,18.181818181818183
NDUFS1,0.0
NDUFS2,0.0
NDUFS3,0.0
NDUFS4,0.0
NDUFS5,0.0
NDUFS6,0.0
NDUFS7,0.0
NDUFS8,0.0
NDUFV1,0.0
NDUFV2,0.0
NDUFV3,0.0
NEBL,75.0
NECAP1,11.363636363636363
NECAP2,0.0
NECTIN1,29.545454545454547
NECTIN2,0.0
NECTIN3,97.72727272727273
NEDD1,25.0
NEDD4,2.272727272727273
NEDD4L,43.18181818181818
NEDD8;cRAP-NEDD8,0.0
NEFH,59.09090909090909
NEFL,47.72727272727273
NEFM,54.54545454545454
NEGR1,4.545454545454546
NEK1,77.27272727272727
NEK10,72.72727272727273
NEK7,0.0
NEK9,0.0
NELFA,13.636363636363635
NELFB,2.272727272727273
NELFCD,13.636363636363635
NELFE,29.545454545454547
NEMF,6.8181818181818175
NEMP1,63.63636363636363
NENF,0.0
NEO1,27.27272727272727
NEPRO,88.63636363636364
NES,0.0
NEU1,15.909090909090908
NEU2,75.0
NEU3,100.0
NEURL4,100.0
NEXN,11.363636363636363
NF1,20.454545454545457
NF2,22.727272727272727
NFASC,36.36363636363637
NFAT5,75.0
NFATC1,20.454545454545457
NFATC2,11.363636363636363
NFATC2IP,59.09090909090909
NFATC3,86.36363636363636
NFATC4,43.18181818181818
NFIA,4.545454545454546
NFIB,9.090909090909092
NFIC,20.454545454545457
NFIL3,97.72727272727273
NFIX,27.27272727272727
NFKB1,2.272727272727273
NFKB2,0.0
NFKBIA,59.09090909090909
NFKBIB,63.63636363636363
NFKBIE,59.09090909090909
NFKBIL1,97.72727272727273
NFRKB,54.54545454545454
NFS1,0.0
NFU1,0.0
NFX1,81.81818181818183
NFXL1,36.36363636363637
NFYB,4.545454545454546
NFYC,6.8181818181818175
NGDN,77.27272727272727
NGEF,65.9090909090909
NGFR,13.636363636363635
NGLY1,4.545454545454546
NGRN,97.72727272727273
NHEJ1,6.8181818181818175
NHERF1,0.0
NHERF2,2.272727272727273
NHLRC2,0.0
NHLRC3,11.363636363636363
NHP2,0.0
NHS,38.63636363636363
NHSL2,36.36363636363637
NIBAN1,0.0
NIBAN2,0.0
NIBAN3,93.18181818181817
NID1,0.0
NID2,2.272727272727273
NIF3L1,0.0
NIFK,50.0
NINJ2,75.0
NIP7,54.54545454545454
NIPA1,86.36363636363636
NIPAL2,79.54545454545455
NIPBL,29.545454545454547
NIPSNAP1,0.0
NIPSNAP2,0.0
NIPSNAP3A,0.0
NIPSNAP3B,15.909090909090908
NISCH,4.545454545454546
NIT1,0.0
NIT2,0.0
NKAP,100.0
NKIRAS1,72.72727272727273
NKIRAS2,20.454545454545457
NKRF,86.36363636363636
NKTR,100.0
NLE1,31.818181818181817
NLGN1,86.36363636363636
NLGN4X,29.545454545454547
NLN,0.0
NLRC4,9.090909090909092
NLRP12,70.45454545454545
NLRX1,2.272727272727273
NMD3,25.0
NME1,0.0
NME2,0.0
NME3,0.0
NME4,27.27272727272727
NME6,79.54545454545455
NME7,13.636363636363635
NMES1,40.909090909090914
NMI,0.0
NMNAT1,6.8181818181818175
NMNAT3,18.181818181818183
NMRAL1,22.727272727272727
NMRK1,34.090909090909086
NMT1,0.0
NMT2,9.090909090909092
NNMT,0.0
NNT,0.0
NOA1,97.72727272727273
NOB1,54.54545454545454
NOC2L,34.090909090909086
NOC3L,36.36363636363637
NOC4L,25.0
NOL10,40.909090909090914
NOL11,29.545454545454547
NOL12,100.0
NOL3,29.545454545454547
NOL6,38.63636363636363
NOL7,54.54545454545454
NOL8,84.0909090909091
NOL9,56.81818181818182
NOLC1,15.909090909090908
NOM1,97.72727272727273
NOMO1,0.0
NOMO2,27.27272727272727
NONO,0.0
NOP10,11.363636363636363
NOP14,45.45454545454545
NOP16,45.45454545454545
NOP2,2.272727272727273
NOP53,95.45454545454545
NOP56,0.0
NOP58,0.0
NOP9,25.0
NOPCHAP1,93.18181818181817
NOS1,93.18181818181817
NOS3,22.727272727272727
NOSIP,22.727272727272727
NOSTRIN,50.0
NOTCH1,93.18181818181817
NOTCH2,6.8181818181818175
NOTCH3,4.545454545454546
NOVA2,20.454545454545457
NOX4,97.72727272727273
NPC1,2.272727272727273
NPC2,0.0
NPDC1,84.0909090909091
NPEPL1,0.0
NPEPPS,0.0
NPHP3,77.27272727272727
NPL,0.0
NPLOC4,0.0
NPM1,0.0
NPM3,81.81818181818183
NPNT,22.727272727272727
NPR1,27.27272727272727
NPR2,22.727272727272727
NPR3,75.0
NPRL3,38.63636363636363
NPTN,0.0
NPTX2,88.63636363636364
NPY,90.9090909090909
NQO1;cRAP-NQO1,13.636363636363635
NQO2;cRAP-NQO2,2.272727272727273
NR1H2,86.36363636363636
NR2C2,68.18181818181817
NR2C2AP,2.272727272727273
NR2F2,34.090909090909086
NR2F6,97.72727272727273
NR3C1,15.909090909090908
NR4A1,72.72727272727273
NRAS,0.0
NRBF2,29.545454545454547
NRBP1,0.0
NRBP2,22.727272727272727
NRCAM,52.27272727272727
NRDC,2.272727272727273
NRDE2,100.0
NRF1,22.727272727272727
NRGN,81.81818181818183
NRIP2,13.636363636363635
NRM,4.545454545454546
NRP1,0.0
NRP2,2.272727272727273
NRXN1,81.81818181818183
NRXN3,97.72727272727273
NSA2,84.0909090909091
NSD2,100.0
NSD3,65.9090909090909
NSDHL,0.0
NSF,0.0
NSFL1C,0.0
NSL1,65.9090909090909
NSMAF,25.0
NSMCE1,61.36363636363637
NSMCE2,63.63636363636363
NSMCE3,68.18181818181817
NSMCE4A,47.72727272727273
NSRP1,97.72727272727273
NSUN2,0.0
NSUN4,81.81818181818183
NSUN5,45.45454545454545
NSUN6,61.36363636363637
NSUN7,45.45454545454545
NT5C,2.272727272727273
NT5C2,0.0
NT5C3A,2.272727272727273
NT5C3B,81.81818181818183
NT5DC1,0.0
NT5DC2,20.454545454545457
NT5DC3,22.727272727272727
NT5E,0.0
NTAN1,6.8181818181818175
NTAQ1,75.0
NTHL1,77.27272727272727
NTM,15.909090909090908
NTMT1,9.090909090909092
NTN1,84.0909090909091
NTN3,93.18181818181817
NTN4,59.09090909090909
NTPCR,6.8181818181818175
NTRK2,40.909090909090914
NTRK3,77.27272727272727
NUB1,2.272727272727273
NUBP1,0.0
NUBP2,0.0
NUBPL,29.545454545454547
NUCB1,0.0
NUCB2,0.0
NUCKS1,2.272727272727273
NUDC,0.0
NUDCD1,2.272727272727273
NUDCD2,0.0
NUDCD3,6.8181818181818175
NUDT1,27.27272727272727
NUDT12,36.36363636363637
NUDT14,54.54545454545454
NUDT15,43.18181818181818
NUDT16,2.272727272727273
NUDT16L1,13.636363636363635
NUDT18,6.8181818181818175
NUDT19,52.27272727272727
NUDT2,4.545454545454546
NUDT21,0.0
NUDT3,2.272727272727273
NUDT4,0.0
NUDT5,0.0
NUDT8,77.27272727272727
NUDT9,13.636363636363635
NUF2,100.0
NUFIP2,18.181818181818183
NUMA1,11.363636363636363
NUMB,0.0
NUMBL,18.181818181818183
NUP107,2.272727272727273
NUP133,0.0
NUP153,2.272727272727273
NUP155,0.0
NUP160,6.8181818181818175
NUP188,11.363636363636363
NUP205,0.0
NUP210,0.0
NUP214,2.272727272727273
NUP35,13.636363636363635
NUP37,15.909090909090908
NUP42,43.18181818181818
NUP43,2.272727272727273
NUP50,13.636363636363635
NUP54,0.0
NUP58,18.181818181818183
NUP62,0.0
NUP85,4.545454545454546
NUP88,2.272727272727273
NUP93,0.0
NUP98,0.0
NUSAP1,100.0
NUTF2,0.0
NVL,79.54545454545455
NXF1,15.909090909090908
NXN,2.272727272727273
NXPH3,95.45454545454545
NXT1,72.72727272727273
OAF,2.272727272727273
OARD1,20.454545454545457
OAS1,22.727272727272727
OAS2,0.0
OAS3,0.0
OAT,0.0
OBI1,100.0
OBSL1,38.63636363636363
OCC1,72.72727272727273
OCIAD1,0.0
OCIAD2,36.36363636363637
OCRL,4.545454545454546
ODF2,86.36363636363636
ODF2L,97.72727272727273
ODR4,2.272727272727273
OFD1,97.72727272727273
OGA,4.545454545454546
OGDH,0.0
OGDHL,93.18181818181817
OGFOD1,93.18181818181817
OGFOD3,22.727272727272727
OGFR,2.272727272727273
OGFRL1,27.27272727272727
OGN,0.0
OGT,0.0
OIT3,50.0
OLA1,0.0
OLFM1,52.27272727272727
OLFM4,2.272727272727273
OLFML1,0.0
OLFML2A,47.72727272727273
OLFML2B,65.9090909090909
OLFML3,0.0
OLR1,31.818181818181817
OMA1,38.63636363636363
OMD,9.090909090909092
OPA1,0.0
OPA3,11.363636363636363
OPHN1,52.27272727272727
OPLAH,4.545454545454546
OPTN,0.0
ORC1,97.72727272727273
ORC2,54.54545454545454
ORC3,43.18181818181818
ORC4,56.81818181818182
ORC5,52.27272727272727
ORM1,0.0
ORM2,0.0
ORMDL2,63.63636363636363
ORMDL3,22.727272727272727
OS9,2.272727272727273
OSBP,0.0
OSBP2,22.727272727272727
OSBPL10,9.090909090909092
OSBPL11,11.363636363636363
OSBPL1A,4.545454545454546
OSBPL2,2.272727272727273
OSBPL3,27.27272727272727
OSBPL5,38.63636363636363
OSBPL6,88.63636363636364
OSBPL7,65.9090909090909
OSBPL8,0.0
OSBPL9,0.0
OSCAR,36.36363636363637
OSCP1,59.09090909090909
OSGEP,0.0
OSGEPL1,59.09090909090909
OSMR,65.9090909090909
OSTC,0.0
OSTF1,0.0
OSTM1,11.363636363636363
OTC,81.81818181818183
OTUB1,0.0
OTUD4,45.45454545454545
OTUD5,100.0
OTUD6B,25.0
OTUD7B,22.727272727272727
OTULIN,4.545454545454546
OTULINL,13.636363636363635
OVCA2,13.636363636363635
OXA1L,34.090909090909086
OXCT1,0.0
OXLD1,68.18181818181817
OXNAD1,79.54545454545455
OXR1,0.0
OXSM,18.181818181818183
OXSR1,0.0
P2RX1,29.545454545454547
P2RX4,0.0
P2RX7,31.818181818181817
P2RY12,86.36363636363636
P2RY13,61.36363636363637
P2RY8,68.18181818181817
P3H1,0.0
P3H2,97.72727272727273
P3H3,22.727272727272727
P3H4,29.545454545454547
P4HA1,0.0
P4HA2,9.090909090909092
P4HA3,95.45454545454545
P4HB,0.0
P4HTM,61.36363636363637
PA2G4,0.0
PAAF1,2.272727272727273
PABIR1,93.18181818181817
PABIR2,93.18181818181817
PABPC1,0.0
PABPC4,0.0
PACC1,52.27272727272727
PACS1,0.0
PACS2,15.909090909090908
PACSIN1,75.0
PACSIN2,0.0
PACSIN3,13.636363636363635
PADI2,2.272727272727273
PADI4,0.0
PAF1,25.0
PAFAH1B1,0.0
PAFAH1B2,0.0
PAFAH1B3,0.0
PAFAH2,34.090909090909086
PAG1,13.636363636363635
PAGE2;PAGE2B,25.0
PAICS,0.0
PAIP1,0.0
PAK1,9.090909090909092
PAK1IP1,31.818181818181817
PAK2,0.0
PAK3,97.72727272727273
PAK4,59.09090909090909
PALD1,6.8181818181818175
PALLD,0.0
PALM,4.545454545454546
PALM2,6.8181818181818175
PALMD,22.727272727272727
PALS1,63.63636363636363
PALS2,4.545454545454546
PAM,11.363636363636363
PAMR1,34.090909090909086
PAN2,56.81818181818182
PANK2,4.545454545454546
PANK4,4.545454545454546
PANX1,25.0
PAPLN,4.545454545454546
PAPOLA,4.545454545454546
PAPOLG,100.0
PAPPA,20.454545454545457
PAPSS1,0.0
PAPSS2,0.0
PARD3,31.818181818181817
PARD3B,47.72727272727273
PARD6B,97.72727272727273
PARG,52.27272727272727
PARK7,0.0
PARL,34.090909090909086
PARN,34.090909090909086
PARP1,0.0
PARP10,6.8181818181818175
PARP12,11.363636363636363
PARP14,6.8181818181818175
PARP16,47.72727272727273
PARP2,88.63636363636364
PARP4,0.0
PARP9,4.545454545454546
PARS2,40.909090909090914
PARVA,0.0
PARVB,0.0
PARVG,2.272727272727273
PASK,84.0909090909091
PATJ,100.0
PATL1,34.090909090909086
PATZ1,61.36363636363637
PAWR,0.0
PAX5,81.81818181818183
PAXBP1,40.909090909090914
PAXIP1,59.09090909090909
PAXX,0.0
PBDC1,2.272727272727273
PBK,95.45454545454545
PBLD,34.090909090909086
PBRM1,29.545454545454547
PBX1,29.545454545454547
PBX2,100.0
PBXIP1,0.0
PC,0.0
PCBD1,0.0
PCBD2,0.0
PCBP1,0.0
PCBP2,0.0
PCBP3,68.18181818181817
PCBP4,75.0
PCCA,0.0
PCCB,0.0
PCDH1,6.8181818181818175
PCDH10,81.81818181818183
PCDH12,88.63636363636364
PCDH18,63.63636363636363
PCDH7,29.545454545454547
PCDHB7,68.18181818181817
PCDHGC3,47.72727272727273
PCF11,70.45454545454545
PCGF1,97.72727272727273
PCGF5,75.0
PCGF6,72.72727272727273
PCID2,20.454545454545457
PCIF1,29.545454545454547
PCK1,79.54545454545455
PCK2,0.0
PCM1,25.0
PCMT1,0.0
PCMTD1,43.18181818181818
PCNA,2.272727272727273
PCNP,0.0
PCNT,43.18181818181818
PCOLCE,0.0
PCOLCE2,2.272727272727273
PCP4,90.9090909090909
PCSK1N,68.18181818181817
PCSK2,90.9090909090909
PCSK5,93.18181818181817
PCSK6,54.54545454545454
PCSK9,15.909090909090908
PCTP,11.363636363636363
PCYOX1,0.0
PCYOX1L,0.0
PCYT1A,0.0
PCYT2,0.0
PDAP1,2.272727272727273
PDCD10,0.0
PDCD11,31.818181818181817
PDCD2,79.54545454545455
PDCD2L,40.909090909090914
PDCD4,0.0
PDCD5,0.0
PDCD6,0.0
PDCD6IP,0.0
PDCD7,93.18181818181817
PDCL,29.545454545454547
PDCL3,9.090909090909092
PDE12,0.0
PDE1A,75.0
PDE1B,40.909090909090914
PDE1C,79.54545454545455
PDE2A,29.545454545454547
PDE3A,6.8181818181818175
PDE3B,88.63636363636364
PDE4D,70.45454545454545
PDE4DIP,56.81818181818182
PDE5A,0.0
PDE6D,9.090909090909092
PDE8A,70.45454545454545
PDE8B,95.45454545454545
PDF,65.9090909090909
PDGFB;cRAP-PDGFB,38.63636363636363
PDGFC,45.45454545454545
PDGFD,50.0
PDGFRA,22.727272727272727
PDGFRB,4.545454545454546
PDGFRL,47.72727272727273
PDHA1,0.0
PDHB,0.0
PDHX,0.0
PDIA2,97.72727272727273
PDIA3,0.0
PDIA4,0.0
PDIA5,0.0
PDIA6,0.0
PDK1,13.636363636363635
PDK2,27.27272727272727
PDK3,2.272727272727273
PDK4,36.36363636363637
PDLIM1,0.0
PDLIM2,0.0
PDLIM3,0.0
PDLIM4,0.0
PDLIM5,0.0
PDLIM7,0.0
PDP1,0.0
PDPK1,4.545454545454546
PDPN,61.36363636363637
PDPR,0.0
PDRG1,63.63636363636363
PDS5A,2.272727272727273
PDS5B,4.545454545454546
PDSS2,54.54545454545454
PDXDC1,0.0
PDXK,0.0
PDXP,0.0
PDZD11,68.18181818181817
PDZD8,13.636363636363635
PEA15,0.0
PEAK1,15.909090909090908
PEAR1,18.181818181818183
PEBP1,0.0
PEBP4,75.0
PECAM1,0.0
PECR,20.454545454545457
PEF1,0.0
PELO,9.090909090909092
PELP1,6.8181818181818175
PENK,59.09090909090909
PEPD,0.0
PES1,40.909090909090914
PEX1,79.54545454545455
PEX10,52.27272727272727
PEX11B,0.0
PEX12,100.0
PEX13,86.36363636363636
PEX14,2.272727272727273
PEX16,79.54545454545455
PEX19,13.636363636363635
PEX2,97.72727272727273
PEX3,38.63636363636363
PEX5,38.63636363636363
PEX6,79.54545454545455
PF4,0.0
PF4V1,4.545454545454546
PFAS,0.0
PFDN1,0.0
PFDN2,0.0
PFDN4,0.0
PFDN5,0.0
PFDN6,2.272727272727273
PFKFB2,4.545454545454546
PFKFB3,43.18181818181818
PFKL,0.0
PFKM,0.0
PFKP,0.0
PFN1,0.0
PFN2,0.0
PGA3;PGA4;PGA5,97.72727272727273
PGAM1,0.0
PGAM2,63.63636363636363
PGAM5,0.0
PGAP1,52.27272727272727
PGAP4,93.18181818181817
PGD,0.0
PGGHG,25.0
PGGT1B,4.545454545454546
PGK1,0.0
PGK2,13.636363636363635
PGLS,0.0
PGLYRP1,6.8181818181818175
PGLYRP2,0.0
PGM1,0.0
PGM2,0.0
PGM2L1,0.0
PGM3,0.0
PGM5,0.0
PGP,0.0
PGPEP1,77.27272727272727
PGR,86.36363636363636
PGRMC1,0.0
PGRMC2,0.0
PGS1,20.454545454545457
PHACTR2,13.636363636363635
PHACTR4,52.27272727272727
PHAF1,27.27272727272727
PHAX,34.090909090909086
PHB1,0.0
PHB2,0.0
PHC2,45.45454545454545
PHC3,27.27272727272727
PHETA2,95.45454545454545
PHF1,29.545454545454547
PHF10,61.36363636363637
PHF14,54.54545454545454
PHF2,36.36363636363637
PHF20,90.9090909090909
PHF21A,54.54545454545454
PHF23,93.18181818181817
PHF3,36.36363636363637
PHF5A,9.090909090909092
PHF6,50.0
PHF8,77.27272727272727
PHGDH,0.0
PHIP,34.090909090909086
PHKA1,52.27272727272727
PHKA2,6.8181818181818175
PHKB,2.272727272727273
PHKG1,90.9090909090909
PHKG2,20.454545454545457
PHLDA1,97.72727272727273
PHLDA2,100.0
PHLDA3,25.0
PHLDB1,6.8181818181818175
PHLDB2,13.636363636363635
PHPT1,0.0
PHRF1,47.72727272727273
PHYH,65.9090909090909
PHYHD1,15.909090909090908
PHYHIP,95.45454545454545
PHYHIPL,84.0909090909091
PHYKPL,4.545454545454546
PI15,86.36363636363636
PI16,11.363636363636363
PI3,100.0
PI4K2A,0.0
PI4K2B,29.545454545454547
PI4KA,0.0
PI4KB,45.45454545454545
PIAS1,22.727272727272727
PIAS4,45.45454545454545
PICALM,0.0
PID1,25.0
PIEZO1,4.545454545454546
PIGA,97.72727272727273
PIGBOS1,68.18181818181817
PIGG,56.81818181818182
PIGH,100.0
PIGK,4.545454545454546
PIGO,29.545454545454547
PIGR,6.8181818181818175
PIGS,0.0
PIGT,0.0
PIGU,20.454545454545457
PIH1D1,36.36363636363637
PIK3AP1,2.272727272727273
PIK3C2A,6.8181818181818175
PIK3C2B,22.727272727272727
PIK3C3,4.545454545454546
PIK3CA,13.636363636363635
PIK3CB,22.727272727272727
PIK3CD,13.636363636363635
PIK3CG,18.181818181818183
PIK3IP1,38.63636363636363
PIK3R1,0.0
PIK3R2,65.9090909090909
PIK3R4,0.0
PIKFYVE,52.27272727272727
PILRA,43.18181818181818
PIN1,0.0
PIN4,4.545454545454546
PINX1,88.63636363636364
PIP,0.0
PIP4K2A,0.0
PIP4K2B,6.8181818181818175
PIP4K2C,0.0
PIP4P1,2.272727272727273
PIP4P2,2.272727272727273
PIP5K1A,52.27272727272727
PIP5K1C,4.545454545454546
PIPOX,90.9090909090909
PIR,0.0
PISD,47.72727272727273
PITHD1,0.0
PITPNA,0.0
PITPNB,0.0
PITPNC1,18.181818181818183
PITPNM1,34.090909090909086
PITRM1,0.0
PJA2,68.18181818181817
PKD1,75.0
PKD2,22.727272727272727
PKIG,43.18181818181818
PKLR,0.0
PKM,0.0
PKN1,0.0
PKN2,11.363636363636363
PKNOX1,100.0
PKP1,11.363636363636363
PKP2,93.18181818181817
PKP3,90.9090909090909
PKP4,50.0
PLA1A,59.09090909090909
PLA2G12B,81.81818181818183
PLA2G15,11.363636363636363
PLA2G2A,2.272727272727273
PLA2G2D,84.0909090909091
PLA2G4A,4.545454545454546
PLA2G4B,100.0
PLA2G4C,47.72727272727273
PLA2G5,81.81818181818183
PLA2G7,40.909090909090914
PLAA,0.0
PLAAT3,56.81818181818182
PLAC9,45.45454545454545
PLAT,0.0
PLAU,31.818181818181817
PLAUR,0.0
PLBD1,0.0
PLBD2,0.0
PLCB1,43.18181818181818
PLCB2,0.0
PLCB3,2.272727272727273
PLCB4,43.18181818181818
PLCD1,0.0
PLCD3,29.545454545454547
PLCG1,9.090909090909092
PLCG2,2.272727272727273
PLCL1,43.18181818181818
PLCL2,25.0
PLCXD3,25.0
PLD1,15.909090909090908
PLD2,9.090909090909092
PLD3,0.0
PLD4,61.36363636363637
PLEC,6.8181818181818175
PLEK,0.0
PLEK2,77.27272727272727
PLEKHA1,40.909090909090914
PLEKHA2,4.545454545454546
PLEKHA3,68.18181818181817
PLEKHA4,75.0
PLEKHA5,27.27272727272727
PLEKHA6,63.63636363636363
PLEKHA7,68.18181818181817
PLEKHF1,11.363636363636363
PLEKHF2,4.545454545454546
PLEKHG3,50.0
PLEKHG5,86.36363636363636
PLEKHH3,84.0909090909091
PLEKHJ1,61.36363636363637
PLEKHM2,15.909090909090908
PLEKHO1,36.36363636363637
PLEKHO2,0.0
PLG,0.0
PLGRKT,4.545454545454546
PLIN1,13.636363636363635
PLIN2,9.090909090909092
PLIN3,0.0
PLIN4,11.363636363636363
PLIN5,77.27272727272727
PLK1,100.0
PLLP,50.0
PLN,27.27272727272727
PLOD1,0.0
PLOD2,0.0
PLOD3,0.0
PLP1,47.72727272727273
PLP2,0.0
PLPBP,0.0
PLPP1,4.545454545454546
PLPP2,100.0
PLPP3,9.090909090909092
PLPP6,65.9090909090909
PLRG1,15.909090909090908
PLS1,4.545454545454546
PLS3,0.0
PLSCR1,0.0
PLSCR3,6.8181818181818175
PLSCR4,4.545454545454546
PLTP,0.0
PLVAP,4.545454545454546
PLXDC1,47.72727272727273
PLXDC2,0.0
PLXNA1,0.0
PLXNA2,50.0
PLXNA3,54.54545454545454
PLXNA4,2.272727272727273
PLXNB1,15.909090909090908
PLXNB2,0.0
PLXNC1,2.272727272727273
PLXND1,0.0
PM20D1,88.63636363636364
PM20D2,47.72727272727273
PMF1,52.27272727272727
PML,0.0
PMM1,54.54545454545454
PMM2,0.0
PMP2,43.18181818181818
PMPCA,0.0
PMPCB,2.272727272727273
PMS2,72.72727272727273
PMVK,0.0
PNISR,97.72727272727273
PNKD,31.818181818181817
PNKP,13.636363636363635
PNMA1,50.0
PNMA8B,77.27272727272727
PNN,2.272727272727273
PNO1,50.0
PNP,0.0
PNPLA2,34.090909090909086
PNPLA4,38.63636363636363
PNPLA6,0.0
PNPLA7,75.0
PNPLA8,9.090909090909092
PNPO,0.0
PNPT1,2.272727272727273
PODN,0.0
PODNL1,47.72727272727273
PODXL,2.272727272727273
POF1B,9.090909090909092
POFUT1,0.0
POFUT2,9.090909090909092
POGLUT1,0.0
POGLUT2,38.63636363636363
POGLUT3,0.0
POGZ,20.454545454545457
POLA1,88.63636363636364
POLA2,100.0
POLB,45.45454545454545
POLD1,27.27272727272727
POLD2,61.36363636363637
POLD3,72.72727272727273
POLD4,100.0
POLDIP2,15.909090909090908
POLDIP3,36.36363636363637
POLE,100.0
POLE2,100.0
POLE3,56.81818181818182
POLE4,100.0
POLG,79.54545454545455
POLG2,90.9090909090909
POLL,100.0
POLR1A,29.545454545454547
POLR1B,54.54545454545454
POLR1C,6.8181818181818175
POLR1D,54.54545454545454
POLR1E,79.54545454545455
POLR1F,43.18181818181818
POLR1G,97.72727272727273
POLR1H,88.63636363636364
POLR2A,6.8181818181818175
POLR2B,0.0
POLR2C,4.545454545454546
POLR2D,29.545454545454547
POLR2E,2.272727272727273
POLR2F,43.18181818181818
POLR2G,29.545454545454547
POLR2H,2.272727272727273
POLR2I,25.0
POLR2J,34.090909090909086
POLR2K,50.0
POLR2L,20.454545454545457
POLR2M,84.0909090909091
POLR3A,27.27272727272727
POLR3B,56.81818181818182
POLR3C,56.81818181818182
POLR3D,75.0
POLR3E,75.0
POLR3F,65.9090909090909
POLR3H,90.9090909090909
POLR3K,97.72727272727273
POLRMT,86.36363636363636
POM121,100.0
POM121C,61.36363636363637
POMGNT1,65.9090909090909
POMGNT2,25.0
POMK,70.45454545454545
POMT1,100.0
PON1,0.0
PON2,0.0
PON3,11.363636363636363
POP1,36.36363636363637
POP4,54.54545454545454
POP5,86.36363636363636
POP7,75.0
POR,0.0
POSTN,0.0
POT1,65.9090909090909
POTEI,68.18181818181817
POU2AF1,95.45454545454545
POU2F1,36.36363636363637
PPA1,0.0
PPA2,0.0
PPAN,68.18181818181817
PPAT,0.0
PPBP,0.0
PPCDC,4.545454545454546
PPCS,0.0
PPFIA1,6.8181818181818175
PPFIA2,79.54545454545455
PPFIBP1,2.272727272727273
PPFIBP2,22.727272727272727
PPHLN1,68.18181818181817
PPIA,0.0
PPIA;cRAP-PPIA,0.0
PPIB,0.0
PPIC,6.8181818181818175
PPID,4.545454545454546
PPIE,6.8181818181818175
PPIF,0.0
PPIG,36.36363636363637
PPIH,0.0
PPIL1,0.0
PPIL2,25.0
PPIL3,0.0
PPIL4,22.727272727272727
PPIP5K1,56.81818181818182
PPIP5K2,0.0
PPL,11.363636363636363
PPM1A,0.0
PPM1B,0.0
PPM1F,0.0
PPM1G,4.545454545454546
PPM1H,72.72727272727273
PPM1K,65.9090909090909
PPM1L,88.63636363636364
PPME1,0.0
PPOX,6.8181818181818175
PPP1CA,0.0
PPP1CB,0.0
PPP1CC,0.0
PPP1R10,43.18181818181818
PPP1R11,15.909090909090908
PPP1R12A,0.0
PPP1R12B,6.8181818181818175
PPP1R12C,2.272727272727273
PPP1R13L,18.181818181818183
PPP1R14A,4.545454545454546
PPP1R14B,36.36363636363637
PPP1R16B,88.63636363636364
PPP1R18,0.0
PPP1R2,2.272727272727273
PPP1R21,2.272727272727273
PPP1R3D,15.909090909090908
PPP1R3F,95.45454545454545
PPP1R3G,52.27272727272727
PPP1R7,0.0
PPP1R8,6.8181818181818175
PPP1R9A,93.18181818181817
PPP1R9B,2.272727272727273
PPP2CA,0.0
PPP2CB,9.090909090909092
PPP2R1A,0.0
PPP2R1B,4.545454545454546
PPP2R2A,0.0
PPP2R2D,20.454545454545457
PPP2R5A,0.0
PPP2R5B,9.090909090909092
PPP2R5C,6.8181818181818175
PPP2R5D,0.0
PPP2R5E,0.0
PPP3CA,0.0
PPP3CB,4.545454545454546
PPP3CC,31.818181818181817
PPP3R1,0.0
PPP4C,6.8181818181818175
PPP4R1,4.545454545454546
PPP4R2,27.27272727272727
PPP4R3A,20.454545454545457
PPP4R3B,93.18181818181817
PPP5C,0.0
PPP6C,0.0
PPP6R1,0.0
PPP6R2,9.090909090909092
PPP6R3,0.0
PPT1,0.0
PPT2,100.0
PPTC7,54.54545454545454
PPWD1,15.909090909090908
PQBP1,18.181818181818183
PRAF2,0.0
PRAM1,27.27272727272727
PRAP1,45.45454545454545
PRC1,100.0
PRCC,27.27272727272727
PRCP,0.0
PRDM10,88.63636363636364
PRDM2,97.72727272727273
PRDM6,97.72727272727273
PRDX1;cRAP-PRDX1,0.0
PRDX2,0.0
PRDX3,0.0
PRDX4,0.0
PRDX5,0.0
PRDX6,0.0
PREB,0.0
PRELP,0.0
PREP,0.0
PREPL,40.909090909090914
PREX1,0.0
PRF1,31.818181818181817
PRG2,13.636363636363635
PRG3,9.090909090909092
PRG4,0.0
PRIM1,86.36363636363636
PRIM2,72.72727272727273
PRKAA1,0.0
PRKAA2,70.45454545454545
PRKAB1,6.8181818181818175
PRKAB2,6.8181818181818175
PRKACA,0.0
PRKACB,0.0
PRKACG,56.81818181818182
PRKAG1,0.0
PRKAG2,38.63636363636363
PRKAR1A,0.0
PRKAR1B,56.81818181818182
PRKAR2A,0.0
PRKAR2B,9.090909090909092
PRKCA,0.0
PRKCB,0.0
PRKCD,0.0
PRKCE,68.18181818181817
PRKCH,59.09090909090909
PRKCI,36.36363636363637
PRKCSH,0.0
PRKCZ,93.18181818181817
PRKD1,20.454545454545457
PRKD2,9.090909090909092
PRKDC,0.0
PRKG1,0.0
PRKRA,0.0
PRMT1,0.0
PRMT2,40.909090909090914
PRMT3,68.18181818181817
PRMT5,0.0
PRMT7,95.45454545454545
PRMT9,75.0
PRNP,0.0
PROC,0.0
PROCR,0.0
PRODH,95.45454545454545
PROM1,97.72727272727273
PRORP,20.454545454545457
PROS1,0.0
PROSER2,100.0
PROSER3,93.18181818181817
PROX1,100.0
PROZ,4.545454545454546
PRPF19,0.0
PRPF3,15.909090909090908
PRPF31,9.090909090909092
PRPF38A,34.090909090909086
PRPF38B,29.545454545454547
PRPF39,25.0
PRPF4,11.363636363636363
PRPF40A,0.0
PRPF40B,100.0
PRPF4B,15.909090909090908
PRPF6,0.0
PRPF8,0.0
PRPH,38.63636363636363
PRPS1,0.0
PRPS2,0.0
PRPSAP1,0.0
PRPSAP2,0.0
PRR12,90.9090909090909
PRR14,34.090909090909086
PRRC1,0.0
PRRC2A,20.454545454545457
PRRC2B,84.0909090909091
PRRC2C,2.272727272727273
PRRX1,11.363636363636363
PRSS1,84.0909090909091
PRSS2,77.27272727272727
PRSS21,95.45454545454545
PRSS23,29.545454545454547
PRSS3,9.090909090909092
PRSS57,50.0
PRTFDC1,13.636363636363635
PRTN3,0.0
PRUNE1,2.272727272727273
PRUNE2,29.545454545454547
PRX,52.27272727272727
PRXL2A,0.0
PRXL2B,0.0
PRXL2C,59.09090909090909
PSAP,0.0
PSAT1,0.0
PSCA,100.0
PSD4,72.72727272727273
PSEN1,31.818181818181817
PSIP1,0.0
PSMA1,0.0
PSMA2,0.0
PSMA3,0.0
PSMA4,0.0
PSMA5,0.0
PSMA6,0.0
PSMA7,0.0
PSMB1,0.0
PSMB10,0.0
PSMB2,0.0
PSMB3,0.0
PSMB4,0.0
PSMB5,0.0
PSMB6,0.0
PSMB7,0.0
PSMB8,0.0
PSMB9,0.0
PSMC1,0.0
PSMC2,0.0
PSMC3,0.0
PSMC3IP,100.0
PSMC4,0.0
PSMC5,0.0
PSMC6,0.0
PSMD1,0.0
PSMD10,0.0
PSMD11,0.0
PSMD12,0.0
PSMD13,0.0
PSMD14,0.0
PSMD2,0.0
PSMD3,0.0
PSMD4,0.0
PSMD5,0.0
PSMD6,0.0
PSMD7,0.0
PSMD8,0.0
PSMD9,0.0
PSME1,0.0
PSME2,0.0
PSME3,0.0
PSME3IP1,52.27272727272727
PSME4,34.090909090909086
PSMF1,0.0
PSMG1,0.0
PSMG2,0.0
PSMG3,2.272727272727273
PSMG4,22.727272727272727
PSPC1,6.8181818181818175
PSPH,6.8181818181818175
PSTPIP1,25.0
PSTPIP2,2.272727272727273
PTAFR,77.27272727272727
PTAR1,45.45454545454545
PTBP1,0.0
PTBP2,68.18181818181817
PTBP3,2.272727272727273
PTCD1,88.63636363636364
PTCD2,100.0
PTCD3,9.090909090909092
PTDSS1,20.454545454545457
PTDSS2,59.09090909090909
PTEN,34.090909090909086
PTER,2.272727272727273
PTGDS,0.0
PTGER3,97.72727272727273
PTGES,65.9090909090909
PTGES2,0.0
PTGES3,0.0
PTGFRN,0.0
PTGIS,0.0
PTGR1,0.0
PTGR2,6.8181818181818175
PTGR3,25.0
PTGS1,0.0
PTGS2,93.18181818181817
PTK2,0.0
PTK2B,0.0
PTK7,11.363636363636363
PTMA,0.0
PTMS,0.0
PTN,52.27272727272727
PTOV1,97.72727272727273
PTP4A1,2.272727272727273
PTP4A2,0.0
PTP4A3,52.27272727272727
PTPA,0.0
PTPMT1,11.363636363636363
PTPN1,0.0
PTPN11,0.0
PTPN12,0.0
PTPN13,43.18181818181818
PTPN14,68.18181818181817
PTPN18,50.0
PTPN2,45.45454545454545
PTPN22,56.81818181818182
PTPN23,0.0
PTPN6,0.0
PTPN7,11.363636363636363
PTPN9,6.8181818181818175
PTPRA,0.0
PTPRB,34.090909090909086
PTPRC,0.0
PTPRCAP,27.27272727272727
PTPRD,77.27272727272727
PTPRE,4.545454545454546
PTPRF,2.272727272727273
PTPRG,2.272727272727273
PTPRJ,0.0
PTPRK,18.181818181818183
PTPRM,11.363636363636363
PTPRN,75.0
PTPRO,56.81818181818182
PTPRS,9.090909090909092
PTPRU,59.09090909090909
PTRH1,45.45454545454545
PTRH2,11.363636363636363
PTRHD1,0.0
PTS,75.0
PTTG1IP,2.272727272727273
PTX3,0.0
PUDP,2.272727272727273
PUF60,0.0
PUM1,29.545454545454547
PUM2,43.18181818181818
PUM3,27.27272727272727
PURA,0.0
PURB,0.0
PUS1,9.090909090909092
PUS3,90.9090909090909
PUS7,31.818181818181817
PUS7L,86.36363636363636
PVALB,59.09090909090909
PVR,4.545454545454546
PWP1,6.8181818181818175
PWP2,18.181818181818183
PWWP2B,86.36363636363636
PXDC1,50.0
PXDN,0.0
PXK,31.818181818181817
PXMP2,61.36363636363637
PXN,63.63636363636363
PYCARD,0.0
PYCR1,4.545454545454546
PYCR2,18.181818181818183
PYCR3,0.0
PYGB,0.0
PYGL,0.0
PYGM,11.363636363636363
PYGO2,65.9090909090909
PYHIN1,77.27272727272727
PYM1,0.0
PYROXD1,90.9090909090909
PYROXD2,59.09090909090909
PZP,13.636363636363635
QARS1,0.0
QDPR,0.0
QKI,0.0
QPCT,4.545454545454546
QPCTL,13.636363636363635
QPRT,13.636363636363635
QRICH1,15.909090909090908
QRSL1,36.36363636363637
QSER1,100.0
QSOX1,0.0
QSOX2,31.818181818181817
QTRT1,2.272727272727273
QTRT2,27.27272727272727
R3HCC1,70.45454545454545
R3HDM1,84.0909090909091
R3HDM4,100.0
RAB10,0.0
RAB11A,75.0
RAB11B,0.0
RAB11FIP1,0.0
RAB11FIP2,36.36363636363637
RAB11FIP5,4.545454545454546
RAB12,0.0
RAB13,0.0
RAB14,0.0
RAB15,61.36363636363637
RAB18,0.0
RAB1A,0.0
RAB1B,0.0
RAB20,20.454545454545457
RAB21,0.0
RAB22A,0.0
RAB23,0.0
RAB24,11.363636363636363
RAB27A,0.0
RAB27B,0.0
RAB28,34.090909090909086
RAB29,20.454545454545457
RAB2A,0.0
RAB2B,0.0
RAB30,15.909090909090908
RAB31,0.0
RAB32,0.0
RAB33A,50.0
RAB33B,0.0
RAB34,0.0
RAB35,0.0
RAB37,15.909090909090908
RAB38,72.72727272727273
RAB39A,56.81818181818182
RAB39B,54.54545454545454
RAB3A,36.36363636363637
RAB3B,86.36363636363636
RAB3C,43.18181818181818
RAB3D,0.0
RAB3GAP1,0.0
RAB3GAP2,0.0
RAB3IL1,11.363636363636363
RAB42,68.18181818181817
RAB43,18.181818181818183
RAB44,40.909090909090914
RAB4A,0.0
RAB4B,0.0
RAB5A,0.0
RAB5B,0.0
RAB5C,0.0
RAB5IF,81.81818181818183
RAB6A,0.0
RAB6B,2.272727272727273
RAB7A,0.0
RAB7B,31.818181818181817
RAB8A,0.0
RAB8B,0.0
RAB9A,2.272727272727273
RAB9B,63.63636363636363
RABAC1,45.45454545454545
RABEP1,0.0
RABEP2,0.0
RABEPK,43.18181818181818
RABGAP1,2.272727272727273
RABGAP1L,4.545454545454546
RABGEF1,9.090909090909092
RABGGTA,0.0
RABGGTB,0.0
RABIF,29.545454545454547
RABL2A;RABL2B,50.0
RABL3,6.8181818181818175
RABL6,2.272727272727273
RAC1,0.0
RAC2,0.0
RACGAP1,97.72727272727273
RACK1,0.0
RAD1,97.72727272727273
RAD17,95.45454545454545
RAD18,97.72727272727273
RAD21,6.8181818181818175
RAD23A,0.0
RAD23B,0.0
RAD50,0.0
RAD51AP1,100.0
RAD51B,97.72727272727273
RAD51C,100.0
RAD51D,100.0
RAD54L2,95.45454545454545
RAD9A,84.0909090909091
RAE1,0.0
RAF1,54.54545454545454
RAI1,100.0
RAI14,0.0
RALA,0.0
RALB,0.0
RALBP1,15.909090909090908
RALGAPA1,29.545454545454547
RALGAPA2,13.636363636363635
RALGAPB,13.636363636363635
RALGPS2,54.54545454545454
RALY,0.0
RAMAC,68.18181818181817
RAMP1,79.54545454545455
RAN,0.0
RANBP1,0.0
RANBP10,15.909090909090908
RANBP17,97.72727272727273
RANBP2,0.0
RANBP3,0.0
RANBP6,52.27272727272727
RANBP9,22.727272727272727
RANGAP1,0.0
RANGRF,70.45454545454545
RAP1A,0.0
RAP1B,0.0
RAP1GAP,97.72727272727273
RAP1GAP2,61.36363636363637
RAP1GDS1,0.0
RAP2A,11.363636363636363
RAP2B,0.0
RAP2C,4.545454545454546
RAPGEF1,13.636363636363635
RAPGEF2,11.363636363636363
RAPGEF6,72.72727272727273
RAPH1,6.8181818181818175
RARRES1,70.45454545454545
RARRES2,0.0
RARS1,0.0
RARS2,31.818181818181817
RASA1,0.0
RASA2,15.909090909090908
RASA3,0.0
RASA4,13.636363636363635
RASAL2,47.72727272727273
RASAL3,2.272727272727273
RASGRF2,84.0909090909091
RASGRP2,2.272727272727273
RASIP1,6.8181818181818175
RASL11A,93.18181818181817
RASL12,47.72727272727273
RASSF2,0.0
RASSF3,86.36363636363636
RASSF5,52.27272727272727
RASSF8,95.45454545454545
RAVER1,2.272727272727273
RAVER2,95.45454545454545
RB1,36.36363636363637
RB1CC1,45.45454545454545
RBBP4,4.545454545454546
RBBP5,11.363636363636363
RBBP6,52.27272727272727
RBBP7,0.0
RBBP9,0.0
RBCK1,27.27272727272727
RBFA,100.0
RBFOX2,31.818181818181817
RBKS,34.090909090909086
RBM10,25.0
RBM12,2.272727272727273
RBM12B,45.45454545454545
RBM14,0.0
RBM15,22.727272727272727
RBM15B,50.0
RBM17,11.363636363636363
RBM18,95.45454545454545
RBM19,50.0
RBM22,47.72727272727273
RBM24;RBM38,43.18181818181818
RBM25,9.090909090909092
RBM26,4.545454545454546
RBM27,20.454545454545457
RBM28,36.36363636363637
RBM3,0.0
RBM33,72.72727272727273
RBM34,63.63636363636363
RBM39,0.0
RBM4,34.090909090909086
RBM42,13.636363636363635
RBM45,77.27272727272727
RBM47,43.18181818181818
RBM4B,4.545454545454546
RBM5,54.54545454545454
RBM6,75.0
RBM7,61.36363636363637
RBM8A,0.0
RBMS1,0.0
RBMS2,9.090909090909092
RBMX,0.0
RBMX2,81.81818181818183
RBMXL1,20.454545454545457
RBP1,0.0
RBP4;cRAP-RBP4,0.0
RBP5,22.727272727272727
RBP7,2.272727272727273
RBPJ,9.090909090909092
RBPMS,4.545454545454546
RBPMS2,20.454545454545457
RBSN,11.363636363636363
RBX1,0.0
RC3H1,97.72727272727273
RC3H2,93.18181818181817
RCBTB2,61.36363636363637
RCC1,0.0
RCC1L,29.545454545454547
RCC2,0.0
RCCD1,88.63636363636364
RCE1,47.72727272727273
RCHY1,72.72727272727273
RCL1,45.45454545454545
RCN1,0.0
RCN2,0.0
RCN3,0.0
RCOR1,36.36363636363637
RCOR3,47.72727272727273
RCSD1,0.0
RDH10,22.727272727272727
RDH11,0.0
RDH13,2.272727272727273
RDH14,2.272727272727273
RDH5,38.63636363636363
RDX,0.0
RECK,0.0
RECQL,0.0
RECQL5,97.72727272727273
REEP1,88.63636363636364
REEP2,86.36363636363636
REEP3,22.727272727272727
REEP4,90.9090909090909
REEP5,0.0
REG1A;REG1B,86.36363636363636
REL,6.8181818181818175
RELA,0.0
RELB,75.0
RELCH,2.272727272727273
REM1,36.36363636363637
RENBP,0.0
REPIN1,95.45454545454545
REPS1,20.454545454545457
RER1,2.272727272727273
RERG,34.090909090909086
RETN,0.0
RETREG2,4.545454545454546
RETREG3,0.0
RETSAT,0.0
REXO2,0.0
REXO4,93.18181818181817
RFC1,38.63636363636363
RFC2,38.63636363636363
RFC3,13.636363636363635
RFC4,22.727272727272727
RFC5,34.090909090909086
RFESD,0.0
RFK,63.63636363636363
RFLNA,56.81818181818182
RFLNB,40.909090909090914
RFT1,11.363636363636363
RFTN1,0.0
RFTN2,40.909090909090914
RFX1,43.18181818181818
RFX5,25.0
RFXANK,79.54545454545455
RFXAP,61.36363636363637
RGCC,11.363636363636363
RGL1,84.0909090909091
RGL2,18.181818181818183
RGL3,100.0
RGN,20.454545454545457
RGP1,25.0
RGPD1;RGPD2,90.9090909090909
RGS10,0.0
RGS14,34.090909090909086
RGS17,95.45454545454545
RGS18,34.090909090909086
RGS19,27.27272727272727
RGS3,61.36363636363637
RGS5,93.18181818181817
RHAG,0.0
RHBDD1,45.45454545454545
RHBDD2,13.636363636363635
RHBDF1,63.63636363636363
RHBDF2,63.63636363636363
RHCE,4.545454545454546
RHEB,0.0
RHOA,0.0
RHOB,0.0
RHOC,0.0
RHOD,90.9090909090909
RHOF,27.27272727272727
RHOG,0.0
RHOJ,56.81818181818182
RHOQ,86.36363636363636
RHOT1,0.0
RHOT2,0.0
RHPN2,100.0
RIC1,77.27272727272727
RIC8A,0.0
RIC8B,93.18181818181817
RICTOR,36.36363636363637
RIDA,0.0
RIF1,47.72727272727273
RIGI,0.0
RILP,2.272727272727273
RILPL1,4.545454545454546
RILPL2,40.909090909090914
RIMKLB,100.0
RIMOC1,9.090909090909092
RIN1,79.54545454545455
RIN2,63.63636363636363
RIN3,13.636363636363635
RING1,11.363636363636363
RINL,68.18181818181817
RINT1,56.81818181818182
RIOK1,86.36363636363636
RIOK2,93.18181818181817
RIOK3,86.36363636363636
RIOX1,50.0
RIOX2,59.09090909090909
RIPK1,2.272727272727273
RIPK2,38.63636363636363
RIPK3,50.0
RIPOR1,13.636363636363635
RIPOR2,52.27272727272727
RIT1,50.0
RMC1,9.090909090909092
RMDN1,0.0
RMDN2,18.181818181818183
RMDN3,0.0
RMI1,100.0
RMI2,100.0
RMND1,13.636363636363635
RMND5A,31.818181818181817
RNASE1,0.0
RNASE2,0.0
RNASE3,0.0
RNASE4,0.0
RNASE6,4.545454545454546
RNASEH1,97.72727272727273
RNASEH2A,38.63636363636363
RNASEH2B,45.45454545454545
RNASEH2C,31.818181818181817
RNASEL,15.909090909090908
RNASET2,0.0
RND3,72.72727272727273
RNF11,22.727272727272727
RNF113A,43.18181818181818
RNF114,25.0
RNF121,75.0
RNF123,0.0
RNF126,25.0
RNF13,25.0
RNF135,47.72727272727273
RNF14,2.272727272727273
RNF141,88.63636363636364
RNF146,90.9090909090909
RNF149,56.81818181818182
RNF167,65.9090909090909
RNF169,90.9090909090909
RNF170,2.272727272727273
RNF181,18.181818181818183
RNF2,47.72727272727273
RNF20,22.727272727272727
RNF213,0.0
RNF214,13.636363636363635
RNF220,95.45454545454545
RNF25,43.18181818181818
RNF31,9.090909090909092
RNF34,97.72727272727273
RNF40,11.363636363636363
RNF41,79.54545454545455
RNF5,72.72727272727273
RNF7,15.909090909090908
RNGTT,38.63636363636363
RNH1,0.0
RNLS,65.9090909090909
RNMT,13.636363636363635
RNPEP,0.0
RNPS1,11.363636363636363
RO60,38.63636363636363
ROBO1,36.36363636363637
ROBO2,95.45454545454545
ROCK1,0.0
ROCK2,0.0
ROGDI,77.27272727272727
ROMO1,93.18181818181817
ROR1,29.545454545454547
ROR2,34.090909090909086
RP2,2.272727272727273
RP9,97.72727272727273
RPA1,0.0
RPA2,0.0
RPA3,2.272727272727273
RPAP1,38.63636363636363
RPAP2,88.63636363636364
RPAP3,13.636363636363635
RPE,6.8181818181818175
RPF1,90.9090909090909
RPF2,34.090909090909086
RPIA,0.0
RPL10,0.0
RPL10A,0.0
RPL11,0.0
RPL12,0.0
RPL13,0.0
RPL13A,0.0
RPL14,0.0
RPL15,0.0
RPL17,0.0
RPL18,0.0
RPL18A,0.0
RPL19,0.0
RPL21,9.090909090909092
RPL22,0.0
RPL22L1,75.0
RPL23,0.0
RPL23A,0.0
RPL24,0.0
RPL26,0.0
RPL26L1,47.72727272727273
RPL27,0.0
RPL27A,0.0
RPL28,0.0
RPL29,0.0
RPL3,0.0
RPL30,0.0
RPL31,0.0
RPL32,0.0
RPL34,0.0
RPL35,0.0
RPL35A,4.545454545454546
RPL36,0.0
RPL36AL,0.0
RPL37A,2.272727272727273
RPL38,0.0
RPL39;RPL39P5,54.54545454545454
RPL4,0.0
RPL5,0.0
RPL6,0.0
RPL7,0.0
RPL7A,0.0
RPL7L1,31.818181818181817
RPL8,0.0
RPL9,0.0
RPLP0,0.0
RPLP1,0.0
RPLP2,0.0
RPN1,0.0
RPN2,0.0
RPP14,97.72727272727273
RPP21,93.18181818181817
RPP25,70.45454545454545
RPP30,27.27272727272727
RPP38,50.0
RPP40,90.9090909090909
RPRD1A,25.0
RPRD1B,0.0
RPRD2,22.727272727272727
RPS10,0.0
RPS11,0.0
RPS12,0.0
RPS13,0.0
RPS14,0.0
RPS15,0.0
RPS15A,0.0
RPS16,0.0
RPS17,0.0
RPS18,0.0
RPS19,0.0
RPS19BP1,88.63636363636364
RPS2,0.0
RPS20,0.0
RPS21,0.0
RPS23,0.0
RPS24,0.0
RPS25,0.0
RPS26,6.8181818181818175
RPS27,0.0
RPS27A;cRAP-RPS27A,0.0
RPS27L,6.8181818181818175
RPS28,0.0
RPS29,11.363636363636363
RPS3,0.0
RPS3A,0.0
RPS4X,0.0
RPS4Y1,31.818181818181817
RPS5,0.0
RPS6,0.0
RPS6KA1,0.0
RPS6KA2,79.54545454545455
RPS6KA3,0.0
RPS6KA4,29.545454545454547
RPS6KA5,20.454545454545457
RPS6KB1,72.72727272727273
RPS6KB2,70.45454545454545
RPS7,0.0
RPS8,0.0
RPS9,0.0
RPSA,0.0
RPTOR,0.0
RPUSD2,56.81818181818182
RPUSD3,86.36363636363636
RPUSD4,97.72727272727273
RRAD,18.181818181818183
RRAGA,0.0
RRAGB,97.72727272727273
RRAGC,0.0
RRAS,0.0
RRAS2,4.545454545454546
RRBP1,0.0
RREB1,65.9090909090909
RRM1,6.8181818181818175
RRM2,59.09090909090909
RRM2B,2.272727272727273
RRN3,90.9090909090909
RRP1,68.18181818181817
RRP12,29.545454545454547
RRP15,54.54545454545454
RRP1B,40.909090909090914
RRP36,90.9090909090909
RRP7A,88.63636363636364
RRP8,56.81818181818182
RRP9,36.36363636363637
RRS1,22.727272727272727
RSBN1,59.09090909090909
RSBN1L,90.9090909090909
RSF1,15.909090909090908
RSL1D1,0.0
RSL24D1,86.36363636363636
RSRC1,90.9090909090909
RSRC2,61.36363636363637
RSU1,0.0
RTCA,0.0
RTCB,0.0
RTF1,9.090909090909092
RTF2,50.0
RTKN,75.0
RTL8C,61.36363636363637
RTN1,63.63636363636363
RTN2,2.272727272727273
RTN3,0.0
RTN4,4.545454545454546
RTN4IP1,50.0
RTRAF,0.0
RUBCN,79.54545454545455
RUFY1,0.0
RUFY2,29.545454545454547
RUFY3,15.909090909090908
RUNDC3A,90.9090909090909
RUNX1,56.81818181818182
RUNX3,95.45454545454545
RUSC1,93.18181818181817
RUSF1,2.272727272727273
RUVBL1,0.0
RUVBL2,0.0
RWDD1,4.545454545454546
RWDD2B,90.9090909090909
RWDD4,56.81818181818182
RXRA,40.909090909090914
RXRB,50.0
RYR2,81.81818181818183
S100A1,43.18181818181818
S100A10,0.0
S100A11,0.0
S100A12,0.0
S100A13,0.0
S100A14,34.090909090909086
S100A16,0.0
S100A4,0.0
S100A6,0.0
S100A7,4.545454545454546
S100A7A,100.0
S100A7L2,95.45454545454545
S100A8,0.0
S100A9,0.0
S100B,6.8181818181818175
S100P,0.0
S1PR2,34.090909090909086
S1PR3,79.54545454545455
SAA1,6.8181818181818175
SAA2,4.545454545454546
SAA4,0.0
SAAL1,77.27272727272727
SAC3D1,100.0
SACM1L,0.0
SACS,40.909090909090914
SAE1,0.0
SAFB,0.0
SAFB2,0.0
SAMD1,50.0
SAMD4A,77.27272727272727
SAMD4B,29.545454545454547
SAMD9,0.0
SAMD9L,22.727272727272727
SAMHD1,0.0
SAMM50,4.545454545454546
SAMSN1,54.54545454545454
SAP130,40.909090909090914
SAP18,9.090909090909092
SAP30,65.9090909090909
SAP30BP,25.0
SAP30L,47.72727272727273
SAR1A,0.0
SAR1B,0.0
SARAF,93.18181818181817
SARDH,45.45454545454545
SARM1,13.636363636363635
SARNP,0.0
SARS1,0.0
SARS2,4.545454545454546
SART1,9.090909090909092
SART3,0.0
SASH1,18.181818181818183
SASH3,0.0
SASS6,97.72727272727273
SAT2,29.545454545454547
SBDS,0.0
SBF1,4.545454545454546
SBF2,29.545454545454547
SBNO1,47.72727272727273
SBSN,40.909090909090914
SBSPON,34.090909090909086
SCAF1,72.72727272727273
SCAF11,40.909090909090914
SCAF4,15.909090909090908
SCAF8,9.090909090909092
SCAI,79.54545454545455
SCAMP1,0.0
SCAMP2,2.272727272727273
SCAMP3,0.0
SCAMP4,18.181818181818183
SCAP,70.45454545454545
SCARA3,63.63636363636363
SCARA5,29.545454545454547
SCARB1,25.0
SCARB2,0.0
SCARF2,22.727272727272727
SCCPDH,0.0
SCD,40.909090909090914
SCD5,77.27272727272727
SCFD1,0.0
SCFD2,4.545454545454546
SCG2,56.81818181818182
SCG3,84.0909090909091
SCG5,88.63636363636364
SCGB1D2,15.909090909090908
SCGB2A1,97.72727272727273
SCGB3A1,75.0
SCGB3A2,86.36363636363636
SCGN,90.9090909090909
SCIMP,86.36363636363636
SCIN,11.363636363636363
SCLT1,97.72727272727273
SCLY,9.090909090909092
SCML2,97.72727272727273
SCN3A,95.45454545454545
SCN7A,75.0
SCO1,6.8181818181818175
SCO2,27.27272727272727
SCOC,27.27272727272727
SCP2,0.0
SCPEP1,0.0
SCRIB,2.272727272727273
SCRN1,0.0
SCRN2,0.0
SCRN3,2.272727272727273
SCUBE1,56.81818181818182
SCUBE3,36.36363636363637
SCYL1,2.272727272727273
SCYL2,2.272727272727273
SCYL3,68.18181818181817
SDAD1,43.18181818181818
SDC1,43.18181818181818
SDC2,6.8181818181818175
SDC4,40.909090909090914
SDCBP,0.0
SDCCAG8,59.09090909090909
SDE2,72.72727272727273
SDF2,9.090909090909092
SDF2L1,6.8181818181818175
SDF4,13.636363636363635
SDHA,0.0
SDHAF2,68.18181818181817
SDHAF4,72.72727272727273
SDHB,0.0
SDHC,0.0
SDHD,18.181818181818183
SDK1,15.909090909090908
SDK2,81.81818181818183
SDR39U1,13.636363636363635
SDR9C7,75.0
SDS,86.36363636363636
SDSL,18.181818181818183
SEC11A,0.0
SEC11C,4.545454545454546
SEC13,0.0
SEC14L1,56.81818181818182
SEC14L2,0.0
SEC14L4,0.0
SEC16A,0.0
SEC22A,34.090909090909086
SEC22B,0.0
SEC23A,0.0
SEC23B,9.090909090909092
SEC23IP,0.0
SEC24A,2.272727272727273
SEC24B,2.272727272727273
SEC24C,0.0
SEC24D,0.0
SEC31A,0.0
SEC61A1,0.0
SEC61B,0.0
SEC61G,0.0
SEC62,0.0
SEC63,0.0
SECISBP2L,95.45454545454545
SEH1L,4.545454545454546
SEL1L,0.0
SEL1L3,88.63636363636364
SELENBP1,0.0
SELENOF,0.0
SELENOH,4.545454545454546
SELENOI,90.9090909090909
SELENOK,70.45454545454545
SELENOM,2.272727272727273
SELENON,40.909090909090914
SELENOO,0.0
SELENOP,0.0
SELENOS,9.090909090909092
SELENOT,6.8181818181818175
SELENOW,43.18181818181818
SELL,6.8181818181818175
SELP,0.0
SELPLG,50.0
SEMA3B,84.0909090909091
SEMA3C,9.090909090909092
SEMA3D,95.45454545454545
SEMA3E,79.54545454545455
SEMA3F,97.72727272727273
SEMA4A,45.45454545454545
SEMA4B,20.454545454545457
SEMA4C,95.45454545454545
SEMA4D,31.818181818181817
SEMA7A,9.090909090909092
SEMG1,93.18181818181817
SENP1,77.27272727272727
SENP3,84.0909090909091
SENP5,100.0
SENP7,52.27272727272727
SENP8,31.818181818181817
SEPHS1,0.0
SEPHS2,29.545454545454547
SEPSECS,6.8181818181818175
SEPTIN1,13.636363636363635
SEPTIN10,0.0
SEPTIN11,0.0
SEPTIN2,0.0
SEPTIN3,40.909090909090914
SEPTIN4,6.8181818181818175
SEPTIN5,65.9090909090909
SEPTIN6,0.0
SEPTIN7,0.0
SEPTIN8,0.0
SEPTIN9,0.0
SERAC1,52.27272727272727
SERBP1,0.0
SERF2,75.0
SERGEF,90.9090909090909
SERINC1,11.363636363636363
SERINC3,45.45454545454545
SERPINA1,0.0
SERPINA10,0.0
SERPINA11,43.18181818181818
SERPINA12,45.45454545454545
SERPINA3,0.0
SERPINA4,0.0
SERPINA5,0.0
SERPINA6,0.0
SERPINA7,0.0
SERPINB1,0.0
SERPINB10,2.272727272727273
SERPINB12,0.0
SERPINB13,95.45454545454545
SERPINB2,36.36363636363637
SERPINB3,4.545454545454546
SERPINB4,88.63636363636364
SERPINB5,93.18181818181817
SERPINB6,0.0
SERPINB7,61.36363636363637
SERPINB8,0.0
SERPINB9,0.0
SERPINC1;cRAP-SERPINC1,0.0
SERPIND1,0.0
SERPINE1,0.0
SERPINE2,0.0
SERPINF1,0.0
SERPINF2,0.0
SERPING1,0.0
SERPINH1,0.0
SERPINI1,43.18181818181818
SESN1,72.72727272727273
SESTD1,6.8181818181818175
SET,0.0
SETD1A,31.818181818181817
SETD2,100.0
SETD3,4.545454545454546
SETD7,2.272727272727273
SETD9,86.36363636363636
SETDB1,68.18181818181817
SETMAR,40.909090909090914
SETX,68.18181818181817
SEZ6L2,97.72727272727273
SF1,0.0
SF3A1,0.0
SF3A2,0.0
SF3A3,0.0
SF3B1,0.0
SF3B2,0.0
SF3B3,0.0
SF3B4,0.0
SF3B5,6.8181818181818175
SF3B6,9.090909090909092
SFN,34.090909090909086
SFPQ,0.0
SFR1,100.0
SFRP1,9.090909090909092
SFRP2,2.272727272727273
SFRP4,2.272727272727273
SFSWAP,68.18181818181817
SFT2D2,6.8181818181818175
SFT2D3,27.27272727272727
SFTPA1;SFTPA2,84.0909090909091
SFTPB,31.818181818181817
SFXN1,0.0
SFXN2,27.27272727272727
SFXN3,0.0
SFXN4,52.27272727272727
SFXN5,61.36363636363637
SGCB,6.8181818181818175
SGCD,4.545454545454546
SGCE,6.8181818181818175
SGCG,52.27272727272727
SGF29,61.36363636363637
SGIP1,90.9090909090909
SGK1,100.0
SGK3,36.36363636363637
SGMS1,86.36363636363636
SGPL1,0.0
SGPP1,84.0909090909091
SGSH,0.0
SGSM1,90.9090909090909
SGTA,0.0
SGTB,2.272727272727273
SH2B1,52.27272727272727
SH2D1A,45.45454545454545
SH2D3C,68.18181818181817
SH2D4A,81.81818181818183
SH3BGR,95.45454545454545
SH3BGRL,0.0
SH3BGRL2,2.272727272727273
SH3BGRL3,0.0
SH3BP1,0.0
SH3BP2,77.27272727272727
SH3BP4,56.81818181818182
SH3BP5,43.18181818181818
SH3BP5L,50.0
SH3D19,6.8181818181818175
SH3GL1,0.0
SH3GL2,97.72727272727273
SH3GLB1,0.0
SH3GLB2,0.0
SH3KBP1,25.0
SH3PXD2A,50.0
SH3PXD2B,6.8181818181818175
SH3TC1,81.81818181818183
SHANK3,20.454545454545457
SHARPIN,59.09090909090909
SHBG,0.0
SHC1,4.545454545454546
SHCBP1,100.0
SHFL,4.545454545454546
SHISA4,47.72727272727273
SHMT1,2.272727272727273
SHMT2,0.0
SHOC2,2.272727272727273
SHPK,0.0
SHROOM3,50.0
SHTN1,0.0
SIAE,0.0
SIDT2,9.090909090909092
SIGIRR,65.9090909090909
SIGLEC1,4.545454545454546
SIGLEC5,11.363636363636363
SIGLEC7,50.0
SIGLEC9,20.454545454545457
SIGMAR1,9.090909090909092
SIK2,79.54545454545455
SIK3,86.36363636363636
SIKE1,93.18181818181817
SIL1,2.272727272727273
SIN3A,2.272727272727273
SIN3B,84.0909090909091
SIPA1,0.0
SIPA1L1,65.9090909090909
SIPA1L2,65.9090909090909
SIRPA,0.0
SIRPB1,90.9090909090909
SIRT1,90.9090909090909
SIRT2,0.0
SIRT3,15.909090909090908
SIRT5,9.090909090909092
SIRT6,61.36363636363637
SIRT7,97.72727272727273
SIT1,88.63636363636364
SIVA1,93.18181818181817
SKAP1,79.54545454545455
SKAP2,2.272727272727273
SKIC2,0.0
SKIC3,0.0
SKIC8,0.0
SKP1,0.0
SKP2,100.0
SLAIN2,13.636363636363635
SLAMF1,84.0909090909091
SLAMF6,79.54545454545455
SLAMF7,75.0
SLAMF8,63.63636363636363
SLBP,100.0
SLC11A2,84.0909090909091
SLC12A2,18.181818181818183
SLC12A3,100.0
SLC12A4,6.8181818181818175
SLC12A6,34.090909090909086
SLC12A7,18.181818181818183
SLC12A9,9.090909090909092
SLC14A1,2.272727272727273
SLC15A3,9.090909090909092
SLC15A4,13.636363636363635
SLC16A1,2.272727272727273
SLC16A10,86.36363636363636
SLC16A2,27.27272727272727
SLC16A3,0.0
SLC16A6,100.0
SLC16A7,20.454545454545457
SLC17A5,0.0
SLC18A1,90.9090909090909
SLC18A2,93.18181818181817
SLC18B1,29.545454545454547
SLC19A1,97.72727272727273
SLC19A3,63.63636363636363
SLC1A3,34.090909090909086
SLC1A4,25.0
SLC1A5,2.272727272727273
SLC20A2,52.27272727272727
SLC22A18,18.181818181818183
SLC22A3,27.27272727272727
SLC25A1,0.0
SLC25A10,13.636363636363635
SLC25A11,0.0
SLC25A12,0.0
SLC25A13,0.0
SLC25A15,77.27272727272727
SLC25A16,34.090909090909086
SLC25A17,63.63636363636363
SLC25A19,18.181818181818183
SLC25A20,0.0
SLC25A22,6.8181818181818175
SLC25A23,52.27272727272727
SLC25A24,0.0
SLC25A25,70.45454545454545
SLC25A3,0.0
SLC25A30,77.27272727272727
SLC25A32,34.090909090909086
SLC25A35,25.0
SLC25A36,47.72727272727273
SLC25A4,0.0
SLC25A40,11.363636363636363
SLC25A42,45.45454545454545
SLC25A46,31.818181818181817
SLC25A5,0.0
SLC25A52,52.27272727272727
SLC25A6,0.0
SLC26A2,54.54545454545454
SLC26A6,100.0
SLC27A1,2.272727272727273
SLC27A2,54.54545454545454
SLC27A3,0.0
SLC27A4,2.272727272727273
SLC29A1,0.0
SLC29A2,100.0
SLC29A3,27.27272727272727
SLC2A1,0.0
SLC2A10,59.09090909090909
SLC2A13,59.09090909090909
SLC2A3,0.0
SLC2A4,38.63636363636363
SLC2A5,29.545454545454547
SLC2A6,52.27272727272727
SLC2A9,52.27272727272727
SLC30A1,2.272727272727273
SLC30A5,29.545454545454547
SLC30A6,79.54545454545455
SLC30A7,18.181818181818183
SLC30A9,11.363636363636363
SLC31A1,20.454545454545457
SLC33A1,11.363636363636363
SLC35A1,54.54545454545454
SLC35A3,20.454545454545457
SLC35A4,0.0
SLC35B1,63.63636363636363
SLC35B2,11.363636363636363
SLC35B3,68.18181818181817
SLC35C1,45.45454545454545
SLC35E1,29.545454545454547
SLC35F2,100.0
SLC35F6,4.545454545454546
SLC36A1,20.454545454545457
SLC37A2,86.36363636363636
SLC37A4,27.27272727272727
SLC38A1,93.18181818181817
SLC38A10,18.181818181818183
SLC38A2,86.36363636363636
SLC38A5,95.45454545454545
SLC38A7,34.090909090909086
SLC38A9,90.9090909090909
SLC39A1,75.0
SLC39A10,27.27272727272727
SLC39A11,15.909090909090908
SLC39A13,70.45454545454545
SLC39A14,2.272727272727273
SLC39A6,95.45454545454545
SLC39A7,70.45454545454545
SLC3A2,0.0
SLC40A1,4.545454545454546
SLC41A3,11.363636363636363
SLC43A2,4.545454545454546
SLC43A3,88.63636363636364
SLC44A1,0.0
SLC44A2,0.0
SLC46A1,34.090909090909086
SLC49A4,63.63636363636363
SLC4A1,0.0
SLC4A1AP,13.636363636363635
SLC4A2,22.727272727272727
SLC4A7,38.63636363636363
SLC5A3,75.0
SLC5A6,88.63636363636364
SLC66A2,18.181818181818183
SLC66A3,4.545454545454546
SLC6A15,100.0
SLC6A2,84.0909090909091
SLC6A6,54.54545454545454
SLC6A9,100.0
SLC7A1,93.18181818181817
SLC7A11,100.0
SLC7A2,93.18181818181817
SLC7A5,29.545454545454547
SLC7A6OS,88.63636363636364
SLC7A7,68.18181818181817
SLC7A8,54.54545454545454
SLC8A1,31.818181818181817
SLC9A1,11.363636363636363
SLC9A6,15.909090909090908
SLC9A9,27.27272727272727
SLCO2A1,50.0
SLCO2B1,9.090909090909092
SLCO3A1,20.454545454545457
SLCO4A1,100.0
SLFN11,47.72727272727273
SLFN5,4.545454545454546
SLIRP,0.0
SLIT2,36.36363636363637
SLIT3,13.636363636363635
SLITRK4,86.36363636363636
SLK,2.272727272727273
SLMAP,45.45454545454545
SLPI,0.0
SLTM,2.272727272727273
SLU7,88.63636363636364
SLX9,90.9090909090909
SMAD1,50.0
SMAD2,6.8181818181818175
SMAD3,29.545454545454547
SMAD4,18.181818181818183
SMAD5,11.363636363636363
SMAP,2.272727272727273
SMAP1,9.090909090909092
SMAP2,2.272727272727273
SMARCA1,45.45454545454545
SMARCA2,2.272727272727273
SMARCA4,34.090909090909086
SMARCA5,4.545454545454546
SMARCAD1,63.63636363636363
SMARCAL1,43.18181818181818
SMARCB1,25.0
SMARCC1,40.909090909090914
SMARCC2,2.272727272727273
SMARCD1,56.81818181818182
SMARCD2,15.909090909090908
SMARCE1,0.0
SMC1A,0.0
SMC2,27.27272727272727
SMC3,2.272727272727273
SMC4,47.72727272727273
SMC5,40.909090909090914
SMC6,52.27272727272727
SMCHD1,9.090909090909092
SMCO3,52.27272727272727
SMCR8,56.81818181818182
SMDT1,34.090909090909086
SMG1,20.454545454545457
SMG5,63.63636363636363
SMG6,84.0909090909091
SMG8,31.818181818181817
SMG9,20.454545454545457
SMIM1,36.36363636363637
SMIM12,29.545454545454547
SMIM15,43.18181818181818
SMIM20,2.272727272727273
SMIM24,54.54545454545454
SMIM7,59.09090909090909
SMN1,65.9090909090909
SMNDC1,56.81818181818182
SMOC1,9.090909090909092
SMOC2,9.090909090909092
SMOX,100.0
SMPD1,18.181818181818183
SMPD2,54.54545454545454
SMPD4,20.454545454545457
SMPDL3A,75.0
SMPDL3B,45.45454545454545
SMS,0.0
SMTN,59.09090909090909
SMU1,0.0
SMUG1,54.54545454545454
SMURF1,77.27272727272727
SMURF2,56.81818181818182
SMYD3,86.36363636363636
SMYD5,4.545454545454546
SNAP23,0.0
SNAP25,61.36363636363637
SNAP29,0.0
SNAP91,75.0
SNAPC4,100.0
SNAPIN,0.0
SNCA,0.0
SNCB,79.54545454545455
SNCG,0.0
SND1,0.0
SNED1,20.454545454545457
SNF8,0.0
SNIP1,63.63636363636363
SNRNP200,0.0
SNRNP27,77.27272727272727
SNRNP40,2.272727272727273
SNRNP48,100.0
SNRNP70,0.0
SNRPA,0.0
SNRPA1,0.0
SNRPB,0.0
SNRPB2,4.545454545454546
SNRPC,0.0
SNRPD1,0.0
SNRPD2,0.0
SNRPD3,0.0
SNRPE,0.0
SNRPF,0.0
SNRPG;SNRPGP15,2.272727272727273
SNTA1,27.27272727272727
SNTB1,0.0
SNTB2,0.0
SNU13,0.0
SNUPN,68.18181818181817
SNW1,11.363636363636363
SNX1,0.0
SNX11,50.0
SNX12,0.0
SNX13,34.090909090909086
SNX14,31.818181818181817
SNX15,15.909090909090908
SNX17,0.0
SNX18,0.0
SNX2,0.0
SNX21,50.0
SNX24,20.454545454545457
SNX27,0.0
SNX29,47.72727272727273
SNX3,0.0
SNX30,29.545454545454547
SNX33,15.909090909090908
SNX4,0.0
SNX5,0.0
SNX6,0.0
SNX7,20.454545454545457
SNX8,6.8181818181818175
SNX9,0.0
SOAT1,34.090909090909086
SOD1;cRAP-SOD1,0.0
SOD2,0.0
SOD3,0.0
SOGA3,93.18181818181817
SON,11.363636363636363
SORBS1,0.0
SORBS2,4.545454545454546
SORBS3,0.0
SORCS1,59.09090909090909
SORCS2,59.09090909090909
SORD,0.0
SORL1,0.0
SORT1,0.0
SOS1,9.090909090909092
SOST,70.45454545454545
SOWAHC,34.090909090909086
SOWAHD,52.27272727272727
SP1,18.181818181818183
SP100,2.272727272727273
SP110,45.45454545454545
SP140,75.0
SP2,40.909090909090914
SP3,11.363636363636363
SPACDR,0.0
SPAG1,95.45454545454545
SPAG5,86.36363636363636
SPAG7,45.45454545454545
SPAG9,0.0
SPARC,0.0
SPARCL1,4.545454545454546
SPART,4.545454545454546
SPAST,27.27272727272727
SPATA13,50.0
SPATA18,100.0
SPATA20,20.454545454545457
SPATA33,54.54545454545454
SPATA5,31.818181818181817
SPATA5L1,22.727272727272727
SPATS2,61.36363636363637
SPATS2L,20.454545454545457
SPC24,100.0
SPC25,100.0
SPCS1,56.81818181818182
SPCS2,0.0
SPCS3,0.0
SPECC1,11.363636363636363
SPECC1L,6.8181818181818175
SPEG,70.45454545454545
SPEN,38.63636363636363
SPG11,25.0
SPG21,6.8181818181818175
SPG7,34.090909090909086
SPHK1,43.18181818181818
SPHK2,54.54545454545454
SPI1,59.09090909090909
SPIN1,15.909090909090908
SPINT2,77.27272727272727
SPN,13.636363636363635
SPNS1,11.363636363636363
SPOCK1,34.090909090909086
SPOCK2,68.18181818181817
SPON1,4.545454545454546
SPOUT1,84.0909090909091
SPP1,15.909090909090908
SPP2,0.0
SPPL2A,4.545454545454546
SPPL2B,90.9090909090909
SPR,0.0
SPRR1A;SPRR1B,86.36363636363636
SPRR2A;SPRR2B;SPRR2D;SPRR2E;SPRR2G,77.27272727272727
SPRY4,65.9090909090909
SPRYD3,90.9090909090909
SPRYD4,0.0
SPRYD7,4.545454545454546
SPTA1,0.0
SPTAN1,0.0
SPTB,0.0
SPTBN1,0.0
SPTBN2,75.0
SPTLC1,0.0
SPTLC2,9.090909090909092
SPTY2D1,95.45454545454545
SQLE,68.18181818181817
SQOR,0.0
SQSTM1,2.272727272727273
SRA1,18.181818181818183
SRBD1,20.454545454545457
SRC,0.0
SRCAP,61.36363636363637
SREK1,15.909090909090908
SRFBP1,70.45454545454545
SRGAP1,81.81818181818183
SRGAP2,9.090909090909092
SRGN,0.0
SRI,0.0
SRM,0.0
SRP14,0.0
SRP19,0.0
SRP54,0.0
SRP68,0.0
SRP72,0.0
SRP9,0.0
SRPK1,34.090909090909086
SRPK2,27.27272727272727
SRPRA,0.0
SRPRB,0.0
SRPX,0.0
SRPX2,9.090909090909092
SRR,63.63636363636363
SRRM1,0.0
SRRM2,2.272727272727273
SRRT,0.0
SRSF1,0.0
SRSF10,0.0
SRSF11,13.636363636363635
SRSF2,0.0
SRSF3,0.0
SRSF4,0.0
SRSF5,2.272727272727273
SRSF6,0.0
SRSF7,0.0
SRSF9,0.0
SRXN1,2.272727272727273
SS18,36.36363636363637
SS18L2,97.72727272727273
SSB,0.0
SSBP1,0.0
SSBP2,40.909090909090914
SSBP3,31.818181818181817
SSC5D,2.272727272727273
SSH1,65.9090909090909
SSH3,9.090909090909092
SSNA1,29.545454545454547
SSPN,15.909090909090908
SSR1,0.0
SSR3,11.363636363636363
SSR4,0.0
SSRP1,0.0
SST,95.45454545454545
SSU72,29.545454545454547
SSX2IP,100.0
ST13,0.0
ST14,38.63636363636363
ST3GAL1,81.81818181818183
ST3GAL4,81.81818181818183
ST6GAL1,27.27272727272727
ST6GAL2,81.81818181818183
ST8SIA4,84.0909090909091
STAB1,0.0
STAB2,77.27272727272727
STAC2,97.72727272727273
STAG1,9.090909090909092
STAG2,11.363636363636363
STAM,0.0
STAM2,0.0
STAMBP,2.272727272727273
STAMBPL1,88.63636363636364
STAP1,93.18181818181817
STARD10,15.909090909090908
STARD13,29.545454545454547
STARD3,50.0
STARD3NL,11.363636363636363
STARD5,6.8181818181818175
STARD7,75.0
STARD9,52.27272727272727
STAT1,0.0
STAT2,4.545454545454546
STAT3,0.0
STAT4,81.81818181818183
STAT5A,0.0
STAT5B,4.545454545454546
STAT6,0.0
STAU1,0.0
STAU2,31.818181818181817
STBD1,2.272727272727273
STC1,36.36363636363637
STC2,50.0
STEAP1,45.45454545454545
STEAP2,61.36363636363637
STEAP3,2.272727272727273
STEAP4,0.0
STEEP1,54.54545454545454
STIM1,0.0
STIM2,54.54545454545454
STING1,0.0
STIP1,0.0
STK10,0.0
STK11,81.81818181818183
STK11IP,25.0
STK17B,4.545454545454546
STK19,72.72727272727273
STK24,0.0
STK25,20.454545454545457
STK26,6.8181818181818175
STK3,6.8181818181818175
STK32C,93.18181818181817
STK38,2.272727272727273
STK38L,0.0
STK39,0.0
STK4,0.0
STMN1,0.0
STMN2,40.909090909090914
STMN3,93.18181818181817
STOM,0.0
STOML2,0.0
STON1,20.454545454545457
STON2,34.090909090909086
STRA6,79.54545454545455
STRADA,79.54545454545455
STRAP,0.0
STRBP,29.545454545454547
STRIP1,4.545454545454546
STRN,0.0
STRN3,0.0
STRN4,2.272727272727273
STS,9.090909090909092
STT3A,0.0
STT3B,0.0
STUB1,4.545454545454546
STX10,34.090909090909086
STX11,0.0
STX12,0.0
STX16,84.0909090909091
STX17,15.909090909090908
STX18,20.454545454545457
STX1A,84.0909090909091
STX1B,86.36363636363636
STX2,9.090909090909092
STX3,0.0
STX4,0.0
STX5,4.545454545454546
STX6,13.636363636363635
STX7,0.0
STX8,0.0
STXBP1,0.0
STXBP2,0.0
STXBP3,0.0
STXBP4,95.45454545454545
STXBP5,0.0
STXBP6,77.27272727272727
SUB1,0.0
SUCLA2,0.0
SUCLG1,0.0
SUCLG2,0.0
SUDS3,47.72727272727273
SUFU,59.09090909090909
SUGCT,27.27272727272727
SUGP1,47.72727272727273
SUGP2,47.72727272727273
SUGT1,0.0
SULF1,15.909090909090908
SULF2,50.0
SULT1A1,0.0
SULT1A2,65.9090909090909
SULT1A3;SULT1A4,2.272727272727273
SULT1B1,36.36363636363637
SULT1C2,90.9090909090909
SULT1E1,95.45454545454545
SULT2B1,95.45454545454545
SULT4A1,86.36363636363636
SUMF1,4.545454545454546
SUMF2,0.0
SUMO1;cRAP-SUMO1,0.0
SUMO2,0.0
SUMO3,0.0
SUN1,9.090909090909092
SUN2,0.0
SUOX,4.545454545454546
SUPT16H,0.0
SUPT20H,95.45454545454545
SUPT4H1,34.090909090909086
SUPT5H,4.545454545454546
SUPT6H,11.363636363636363
SUPT7L,95.45454545454545
SUPV3L1,6.8181818181818175
SURF1,6.8181818181818175
SURF2,100.0
SURF4,0.0
SURF6,88.63636363636364
SUSD1,86.36363636363636
SUSD2,2.272727272727273
SUSD5,45.45454545454545
SUV39H1,100.0
SUZ12,61.36363636363637
SV2A,93.18181818181817
SVBP,84.0909090909091
SVEP1,6.8181818181818175
SVIL,2.272727272727273
SVIP,0.0
SWAP70,0.0
SYAP1,2.272727272727273
SYDE1,52.27272727272727
SYF2,63.63636363636363
SYK,0.0
SYMPK,9.090909090909092
SYN1,75.0
SYN2,75.0
SYNC,45.45454545454545
SYNCRIP,0.0
SYNE1,2.272727272727273
SYNE2,6.8181818181818175
SYNE3,6.8181818181818175
SYNGR1,9.090909090909092
SYNGR2,0.0
SYNGR3,59.09090909090909
SYNJ1,6.8181818181818175
SYNJ2,43.18181818181818
SYNJ2BP,0.0
SYNM,2.272727272727273
SYNPO,2.272727272727273
SYNPO2,20.454545454545457
SYNRG,31.818181818181817
SYP,54.54545454545454
SYPL1,0.0
SYPL2,50.0
SYT1,68.18181818181817
SYT11,72.72727272727273
SYT15,75.0
SYT4,97.72727272727273
SYT5,86.36363636363636
SYTL1,22.727272727272727
SYTL2,43.18181818181818
SYTL4,4.545454545454546
SYVN1,2.272727272727273
SZRD1,20.454545454545457
TAB1,6.8181818181818175
TAB2,61.36363636363637
TAB3,97.72727272727273
TACC1,0.0
TACC2,11.363636363636363
TACC3,34.090909090909086
TACO1,9.090909090909092
TACSTD2,100.0
TADA1,90.9090909090909
TAF1,63.63636363636363
TAF10,50.0
TAF12,65.9090909090909
TAF15,0.0
TAF1C,100.0
TAF2,81.81818181818183
TAF3,100.0
TAF4,43.18181818181818
TAF5,61.36363636363637
TAF5L,100.0
TAF6,38.63636363636363
TAF6L,86.36363636363636
TAF7,56.81818181818182
TAF8,43.18181818181818
TAF9,50.0
TAF9B,95.45454545454545
TAFAZZIN,97.72727272727273
TAGLN,0.0
TAGLN2,0.0
TAGLN3,18.181818181818183
TALDO1,0.0
TAMM41,34.090909090909086
TANC1,25.0
TANC2,68.18181818181817
TANGO2,0.0
TANGO6,56.81818181818182
TANK,38.63636363636363
TAOK1,6.8181818181818175
TAOK2,61.36363636363637
TAOK3,0.0
TAP1,0.0
TAP2,0.0
TAPBP,0.0
TAPBPL,4.545454545454546
TAPT1,29.545454545454547
TARBP1,59.09090909090909
TARBP2,81.81818181818183
TARDBP,0.0
TARS1,0.0
TARS2,27.27272727272727
TARS3,15.909090909090908
TASOR,29.545454545454547
TASP1,43.18181818181818
TATDN1,0.0
TATDN3,22.727272727272727
TAX1BP1,54.54545454545454
TAX1BP3,0.0
TBC1D1,13.636363636363635
TBC1D10A,15.909090909090908
TBC1D10B,0.0
TBC1D10C,27.27272727272727
TBC1D13,0.0
TBC1D15,0.0
TBC1D17,2.272727272727273
TBC1D2,36.36363636363637
TBC1D20,13.636363636363635
TBC1D22A,2.272727272727273
TBC1D22B,90.9090909090909
TBC1D23,9.090909090909092
TBC1D24,0.0
TBC1D25,75.0
TBC1D2B,0.0
TBC1D4,22.727272727272727
TBC1D5,0.0
TBC1D8,59.09090909090909
TBC1D8B,34.090909090909086
TBC1D9B,0.0
TBCA,0.0
TBCB,0.0
TBCC,13.636363636363635
TBCD,0.0
TBCE,9.090909090909092
TBCEL,0.0
TBCK,20.454545454545457
TBK1,2.272727272727273
TBL1X,97.72727272727273
TBL1XR1,0.0
TBL2,0.0
TBL3,18.181818181818183
TBP,45.45454545454545
TBPL1,77.27272727272727
TBRG1,100.0
TBRG4,15.909090909090908
TBX3,100.0
TBXA2R,65.9090909090909
TBXAS1,0.0
TC2N,84.0909090909091
TCAF1,31.818181818181817
TCAF2,45.45454545454545
TCEA1,0.0
TCEAL1,68.18181818181817
TCEAL3,4.545454545454546
TCEAL4,18.181818181818183
TCERG1,4.545454545454546
TCF12,59.09090909090909
TCF20,97.72727272727273
TCF25,36.36363636363637
TCIRG1,0.0
TCL1A,72.72727272727273
TCN1,15.909090909090908
TCN2,36.36363636363637
TCOF1,0.0
TCP1,0.0
TCP11L1,34.090909090909086
TCTN3,56.81818181818182
TDG,100.0
TDP1,63.63636363636363
TDP2,45.45454545454545
TDRD3,95.45454545454545
TDRD7,31.818181818181817
TDRKH,36.36363636363637
TDRP,65.9090909090909
TEAD1,93.18181818181817
TECPR1,27.27272727272727
TECPR2,20.454545454545457
TECR,0.0
TEFM,61.36363636363637
TELO2,54.54545454545454
TENM3,79.54545454545455
TENM4,90.9090909090909
TENT4B,100.0
TENT5A,72.72727272727273
TENT5C,68.18181818181817
TEP1,15.909090909090908
TEPSIN,93.18181818181817
TERF2,15.909090909090908
TERF2IP,11.363636363636363
TES,0.0
TESC,27.27272727272727
TEX10,22.727272727272727
TEX2,47.72727272727273
TEX264,31.818181818181817
TEX30,100.0
TF,0.0
TFAM,0.0
TFAP2A,97.72727272727273
TFAP4,90.9090909090909
TFB1M,72.72727272727273
TFB2M,54.54545454545454
TFCP2,11.363636363636363
TFDP1,93.18181818181817
TFE3,61.36363636363637
TFEB,22.727272727272727
TFG,0.0
TFIP11,27.27272727272727
TFPI,9.090909090909092
TFPI2,93.18181818181817
TFPT,88.63636363636364
TFRC,0.0
TG,100.0
TGFB1,0.0
TGFB1I1,0.0
TGFB2,75.0
TGFB3,72.72727272727273
TGFBI,0.0
TGFBR1,34.090909090909086
TGFBR2,43.18181818181818
TGFBR3,22.727272727272727
TGFBRAP1,18.181818181818183
TGM1,18.181818181818183
TGM2,0.0
TGM3,2.272727272727273
TGM5,20.454545454545457
TGOLN2,0.0
TGS1,86.36363636363636
TH,63.63636363636363
THADA,84.0909090909091
THAP11,52.27272727272727
THAP12,79.54545454545455
THBD,4.545454545454546
THBS1,0.0
THBS2,0.0
THBS3,2.272727272727273
THBS4,0.0
THEM4,50.0
THEM6,2.272727272727273
THEMIS,77.27272727272727
THEMIS2,4.545454545454546
THG1L,2.272727272727273
THNSL1,9.090909090909092
THOC1,18.181818181818183
THOC2,9.090909090909092
THOC3,40.909090909090914
THOC5,47.72727272727273
THOC6,11.363636363636363
THOC7,47.72727272727273
THOP1,0.0
THRAP3,0.0
THSD4,18.181818181818183
THSD7A,13.636363636363635
THTPA,2.272727272727273
THUMPD1,2.272727272727273
THUMPD3,27.27272727272727
THY1,0.0
THYN1,6.8181818181818175
TIA1,25.0
TIAL1,0.0
TICAM2,0.0
TIE1,79.54545454545455
TIFA,75.0
TIGAR,20.454545454545457
TIMD4,95.45454545454545
TIMELESS,100.0
TIMM10,0.0
TIMM10B,22.727272727272727
TIMM13,0.0
TIMM17B,52.27272727272727
TIMM21,13.636363636363635
TIMM22,0.0
TIMM23,27.27272727272727
TIMM29,20.454545454545457
TIMM44,0.0
TIMM50,0.0
TIMM8A,2.272727272727273
TIMM8B,31.818181818181817
TIMM9,0.0
TIMMDC1,11.363636363636363
TIMP1,0.0
TIMP2,2.272727272727273
TIMP3,0.0
TIMP4,88.63636363636364
TINAGL1,2.272727272727273
TIPRL,0.0
TJAP1,43.18181818181818
TJP1,0.0
TJP2,0.0
TK1,100.0
TK2,0.0
TKFC,0.0
TKT,0.0
TLCD1,100.0
TLCD2,81.81818181818183
TLCD4,50.0
TLE1,68.18181818181817
TLE3,25.0
TLE5,27.27272727272727
TLK1,90.9090909090909
TLK2,86.36363636363636
TLL2,72.72727272727273
TLN1,0.0
TLN2,2.272727272727273
TLR1,22.727272727272727
TLR2,0.0
TLR3,11.363636363636363
TLR7,50.0
TLR8,29.545454545454547
TM2D3,65.9090909090909
TM4SF1,4.545454545454546
TM6SF1,70.45454545454545
TM7SF2,22.727272727272727
TM9SF1,11.363636363636363
TM9SF2,0.0
TM9SF3,0.0
TM9SF4,6.8181818181818175
TMA16,45.45454545454545
TMA7,0.0
TMBIM1,0.0
TMBIM6,18.181818181818183
TMC8,52.27272727272727
TMCC3,52.27272727272727
TMCO1,18.181818181818183
TMCO4,68.18181818181817
TMED1,0.0
TMED10,0.0
TMED2,0.0
TMED3,31.818181818181817
TMED4,0.0
TMED5,0.0
TMED8,4.545454545454546
TMED9,0.0
TMEM106A,59.09090909090909
TMEM106B,0.0
TMEM109,0.0
TMEM11,15.909090909090908
TMEM115,93.18181818181817
TMEM119,13.636363636363635
TMEM120A,6.8181818181818175
TMEM120B,93.18181818181817
TMEM123,18.181818181818183
TMEM126A,2.272727272727273
TMEM126B,65.9090909090909
TMEM128,13.636363636363635
TMEM131,100.0
TMEM143,50.0
TMEM147,86.36363636363636
TMEM14C,2.272727272727273
TMEM160,36.36363636363637
TMEM161A,95.45454545454545
TMEM164,93.18181818181817
TMEM165,9.090909090909092
TMEM167A,0.0
TMEM168,63.63636363636363
TMEM175,47.72727272727273
TMEM176B,47.72727272727273
TMEM177,72.72727272727273
TMEM179B,15.909090909090908
TMEM181,50.0
TMEM184C,75.0
TMEM186,84.0909090909091
TMEM19,79.54545454545455
TMEM192,0.0
TMEM201,6.8181818181818175
TMEM204,77.27272727272727
TMEM205,0.0
TMEM209,20.454545454545457
TMEM214,6.8181818181818175
TMEM219,47.72727272727273
TMEM222,31.818181818181817
TMEM223,45.45454545454545
TMEM230,22.727272727272727
TMEM231,18.181818181818183
TMEM237,100.0
TMEM245,0.0
TMEM248,75.0
TMEM256,88.63636363636364
TMEM258,9.090909090909092
TMEM259,65.9090909090909
TMEM263,0.0
TMEM30A,0.0
TMEM30B,90.9090909090909
TMEM33,0.0
TMEM35A,29.545454545454547
TMEM35B,25.0
TMEM38A,93.18181818181817
TMEM38B,77.27272727272727
TMEM40,52.27272727272727
TMEM41A,11.363636363636363
TMEM41B,50.0
TMEM43,0.0
TMEM47,47.72727272727273
TMEM51,38.63636363636363
TMEM59,77.27272727272727
TMEM62,79.54545454545455
TMEM63A,0.0
TMEM63B,40.909090909090914
TMEM63C,95.45454545454545
TMEM65,6.8181818181818175
TMEM68,47.72727272727273
TMEM69,97.72727272727273
TMEM70,9.090909090909092
TMEM87A,15.909090909090908
TMEM87B,50.0
TMEM9,100.0
TMEM94,43.18181818181818
TMEM97,47.72727272727273
TMEM9B,50.0
TMF1,18.181818181818183
TMLHE,11.363636363636363
TMOD1,0.0
TMOD2,2.272727272727273
TMOD3,0.0
TMPO,0.0
TMPPE,18.181818181818183
TMPRSS3,100.0
TMSB10,0.0
TMSB4X,0.0
TMTC1,54.54545454545454
TMTC3,6.8181818181818175
TMUB1,31.818181818181817
TMUB2,65.9090909090909
TMX1,0.0
TMX2,11.363636363636363
TMX3,0.0
TMX4,0.0
TNC,0.0
TNFAIP2,2.272727272727273
TNFAIP3,63.63636363636363
TNFAIP6,47.72727272727273
TNFAIP8,0.0
TNFAIP8L1,72.72727272727273
TNFAIP8L2,13.636363636363635
TNFAIP8L3,25.0
TNFRSF10B,100.0
TNFRSF10C,25.0
TNFRSF11B,11.363636363636363
TNFRSF12A,86.36363636363636
TNFRSF13C,93.18181818181817
TNFRSF14,22.727272727272727
TNFRSF6B,40.909090909090914
TNFSF12,2.272727272727273
TNFSF13B,61.36363636363637
TNFSF4,77.27272727272727
TNIK,70.45454545454545
TNIP1,34.090909090909086
TNIP2,34.090909090909086
TNK1,97.72727272727273
TNK2,72.72727272727273
TNKS1BP1,0.0
TNPO1,0.0
TNPO2,9.090909090909092
TNPO3,0.0
TNRC6B,52.27272727272727
TNS1,0.0
TNS2,2.272727272727273
TNS3,0.0
TNXB,0.0
TOE1,65.9090909090909
TOLLIP,0.0
TOM1,0.0
TOM1L1,36.36363636363637
TOM1L2,4.545454545454546
TOMM20,4.545454545454546
TOMM22,2.272727272727273
TOMM34,18.181818181818183
TOMM40,0.0
TOMM40L,38.63636363636363
TOMM5,15.909090909090908
TOMM6,97.72727272727273
TOMM7,86.36363636363636
TOMM70,0.0
TONSL,90.9090909090909
TOP1,2.272727272727273
TOP2A,81.81818181818183
TOP2B,2.272727272727273
TOP3A,88.63636363636364
TOP3B,36.36363636363637
TOPBP1,95.45454545454545
TOR1A,0.0
TOR1AIP1,0.0
TOR1AIP2,0.0
TOR1B,11.363636363636363
TOR2A,9.090909090909092
TOR3A,54.54545454545454
TOR4A,0.0
TOX4,34.090909090909086
TP53BP1,9.090909090909092
TP53BP2,40.909090909090914
TP53I11,2.272727272727273
TP53I3,0.0
TP53RK,11.363636363636363
TPBG,11.363636363636363
TPCN1,25.0
TPD52,0.0
TPD52L1,68.18181818181817
TPD52L2,0.0
TPH1,95.45454545454545
TPI1,0.0
TPK1,20.454545454545457
TPM1,0.0
TPM2,0.0
TPM3,0.0
TPM4,0.0
TPMT,2.272727272727273
TPP1,0.0
TPP2,0.0
TPPP,25.0
TPPP3,0.0
TPR,0.0
TPRG1L,20.454545454545457
TPRKB,15.909090909090908
TPRN,100.0
TPSAB1;TPSB2,0.0
TPST1,50.0
TPST2,22.727272727272727
TPT1,0.0
TPX2,100.0
TRA2A,0.0
TRA2B,0.0
TRABD,43.18181818181818
TRAC,84.0909090909091
TRADD,0.0
TRAF1,36.36363636363637
TRAF2,15.909090909090908
TRAF3IP3,13.636363636363635
TRAF4,100.0
TRAF6,22.727272727272727
TRAF7,86.36363636363636
TRAFD1,40.909090909090914
TRAM1,0.0
TRAM2,45.45454545454545
TRAP1,0.0
TRAPPC1,9.090909090909092
TRAPPC10,25.0
TRAPPC11,11.363636363636363
TRAPPC12,13.636363636363635
TRAPPC13,15.909090909090908
TRAPPC2;TRAPPC2B,6.8181818181818175
TRAPPC2L,9.090909090909092
TRAPPC3,0.0
TRAPPC4,2.272727272727273
TRAPPC5,6.8181818181818175
TRAPPC6B,11.363636363636363
TRAPPC8,2.272727272727273
TRAPPC9,2.272727272727273
TRARG1,40.909090909090914
TRB,70.45454545454545
TREM1,52.27272727272727
TREM2,40.909090909090914
TREML1,43.18181818181818
TREX1,15.909090909090908
TREX2,93.18181818181817
TRIAP1,15.909090909090908
TRIB3,100.0
TRIM14,70.45454545454545
TRIM16,61.36363636363637
TRIM2,36.36363636363637
TRIM21,0.0
TRIM22,6.8181818181818175
TRIM24,65.9090909090909
TRIM25,0.0
TRIM26,6.8181818181818175
TRIM27,72.72727272727273
TRIM28,0.0
TRIM29,93.18181818181817
TRIM3,15.909090909090908
TRIM32,13.636363636363635
TRIM33,50.0
TRIM36,93.18181818181817
TRIM38,18.181818181818183
TRIM4,0.0
TRIM41,97.72727272727273
TRIM44,86.36363636363636
TRIM47,2.272727272727273
TRIM5,25.0
TRIM56,13.636363636363635
TRIM58,31.818181818181817
TRIM65,40.909090909090914
TRIM72,93.18181818181817
TRIO,13.636363636363635
TRIOBP,0.0
TRIP10,0.0
TRIP11,6.8181818181818175
TRIP12,6.8181818181818175
TRIP13,61.36363636363637
TRIP4,40.909090909090914
TRIP6,0.0
TRIQK,9.090909090909092
TRIR,11.363636363636363
TRIT1,90.9090909090909
TRMT1,25.0
TRMT10A,100.0
TRMT10C,4.545454545454546
TRMT11,31.818181818181817
TRMT112,0.0
TRMT13,90.9090909090909
TRMT1L,47.72727272727273
TRMT2A,36.36363636363637
TRMT2B,88.63636363636364
TRMT5,75.0
TRMT6,36.36363636363637
TRMT61A,52.27272727272727
TRMT61B,81.81818181818183
TRMU,97.72727272727273
TRNAU1AP,93.18181818181817
TRNT1,6.8181818181818175
TRPC4,47.72727272727273
TRPC6,54.54545454545454
TRPM4,25.0
TRPT1,61.36363636363637
TRPV2,15.909090909090908
TRPV4,65.9090909090909
TRRAP,15.909090909090908
TRUB1,38.63636363636363
TRUB2,97.72727272727273
TSC1,25.0
TSC2,15.909090909090908
TSC22D1,6.8181818181818175
TSC22D2,15.909090909090908
TSC22D3,31.818181818181817
TSEN15,70.45454545454545
TSEN2,95.45454545454545
TSEN34,47.72727272727273
TSEN54,100.0
TSFM,4.545454545454546
TSG101,0.0
TSKU,63.63636363636363
TSN,0.0
TSNAX,0.0
TSPAN11,45.45454545454545
TSPAN14,0.0
TSPAN15,0.0
TSPAN2,18.181818181818183
TSPAN31,15.909090909090908
TSPAN33,70.45454545454545
TSPAN4,11.363636363636363
TSPAN6,34.090909090909086
TSPAN7,9.090909090909092
TSPAN8,25.0
TSPAN9,4.545454545454546
TSPO,0.0
TSPYL1,50.0
TSPYL5,52.27272727272727
TSR1,31.818181818181817
TSR2,18.181818181818183
TSR3,77.27272727272727
TSSC4,38.63636363636363
TST,0.0
TSTD1,18.181818181818183
TTC1,2.272727272727273
TTC13,79.54545454545455
TTC17,61.36363636363637
TTC19,27.27272727272727
TTC21B,36.36363636363637
TTC26,70.45454545454545
TTC27,18.181818181818183
TTC28,25.0
TTC33,90.9090909090909
TTC38,0.0
TTC39B,22.727272727272727
TTC39C,25.0
TTC4,34.090909090909086
TTC5,38.63636363636363
TTC7A,36.36363636363637
TTC7B,4.545454545454546
TTC8,40.909090909090914
TTC9,54.54545454545454
TTC9C,15.909090909090908
TTF1,97.72727272727273
TTF2,86.36363636363636
TTI1,70.45454545454545
TTI2,63.63636363636363
TTK,100.0
TTL,50.0
TTLL12,0.0
TTPAL,75.0
TTR,0.0
TTYH3,59.09090909090909
TUB,65.9090909090909
TUBA1A,0.0
TUBA1C,0.0
TUBA4A,0.0
TUBA4B,4.545454545454546
TUBA8,0.0
TUBAL3,0.0
TUBB,0.0
TUBB1,0.0
TUBB2A,0.0
TUBB2B,22.727272727272727
TUBB3,0.0
TUBB4A,0.0
TUBB4B,0.0
TUBB6,0.0
TUBG1,2.272727272727273
TUBGCP2,0.0
TUBGCP3,4.545454545454546
TUBGCP4,25.0
TUBGCP5,45.45454545454545
TUBGCP6,54.54545454545454
TUFM,0.0
TUFT1,95.45454545454545
TULP3,59.09090909090909
TUSC2,40.909090909090914
TUT1,88.63636363636364
TUT4,61.36363636363637
TUT7,34.090909090909086
TVP23B;TVP23C,63.63636363636363
TWF1,0.0
TWF2,0.0
TWNK,100.0
TWSG1,40.909090909090914
TXLNA,4.545454545454546
TXLNG,72.72727272727273
TXN2,4.545454545454546
TXN;cRAP-TXN,0.0
TXNDC11,59.09090909090909
TXNDC12,0.0
TXNDC15,25.0
TXNDC17,0.0
TXNDC5,0.0
TXNDC9,31.818181818181817
TXNIP,4.545454545454546
TXNL1,0.0
TXNL4A,4.545454545454546
TXNL4B,84.0909090909091
TXNRD1,0.0
TXNRD2,0.0
TXNRD3,36.36363636363637
TYK2,52.27272727272727
TYMP,0.0
TYMS,95.45454545454545
TYROBP,29.545454545454547
TYSND1,95.45454545454545
TYW1;TYW1B,90.9090909090909
TYW3,95.45454545454545
TYW5,56.81818181818182
U2AF1,2.272727272727273
U2AF2,0.0
U2SURP,6.8181818181818175
UACA,0.0
UAP1,0.0
UAP1L1,4.545454545454546
UBA1,0.0
UBA2,0.0
UBA3,0.0
UBA5,0.0
UBA6,0.0
UBA7,0.0
UBAC1,0.0
UBAC2,56.81818181818182
UBAP1,45.45454545454545
UBAP2,86.36363636363636
UBAP2L,2.272727272727273
UBASH3A,79.54545454545455
UBASH3B,13.636363636363635
UBE2A,97.72727272727273
UBE2C;cRAP-UBE2C,100.0
UBE2D1;UBE2D4,38.63636363636363
UBE2D3,0.0
UBE2E1;cRAP-UBE2E1,38.63636363636363
UBE2E2,6.8181818181818175
UBE2F,6.8181818181818175
UBE2G1,9.090909090909092
UBE2G2,11.363636363636363
UBE2H,0.0
UBE2I;cRAP-UBE2I,0.0
UBE2J1,4.545454545454546
UBE2J2,75.0
UBE2K,0.0
UBE2L3,0.0
UBE2L6,11.363636363636363
UBE2M,0.0
UBE2N,0.0
UBE2O,0.0
UBE2Q1,15.909090909090908
UBE2R2,11.363636363636363
UBE2S,95.45454545454545
UBE2T,100.0
UBE2V1,0.0
UBE2V2,0.0
UBE2W,93.18181818181817
UBE2Z,0.0
UBE3A,4.545454545454546
UBE3B,38.63636363636363
UBE3C,2.272727272727273
UBE3D,86.36363636363636
UBE4A,0.0
UBE4B,22.727272727272727
UBFD1,2.272727272727273
UBIAD1,88.63636363636364
UBL3,22.727272727272727
UBL4A,0.0
UBL5,0.0
UBL7,47.72727272727273
UBLCP1,0.0
UBN2,97.72727272727273
UBP1,40.909090909090914
UBQLN1,4.545454545454546
UBQLN2,0.0
UBQLN4,0.0
UBR1,2.272727272727273
UBR2,22.727272727272727
UBR3,25.0
UBR4,0.0
UBR5,27.27272727272727
UBR7,29.545454545454547
UBTD1,56.81818181818182
UBTD2,34.090909090909086
UBTF,2.272727272727273
UBXN1,0.0
UBXN2B,81.81818181818183
UBXN4,0.0
UBXN6,11.363636363636363
UBXN7,13.636363636363635
UCHL1,0.0
UCHL3,0.0
UCHL5,0.0
UCK1,56.81818181818182
UCK2,63.63636363636363
UCKL1,81.81818181818183
UEVLD,13.636363636363635
UFC1,0.0
UFD1,0.0
UFL1,0.0
UFM1,0.0
UFSP2,6.8181818181818175
UGCG,90.9090909090909
UGDH,0.0
UGGT1,0.0
UGGT2,22.727272727272727
UGP2,2.272727272727273
UGT1A5,75.0
UHRF1,88.63636363636364
UHRF2,38.63636363636363
UIMC1,75.0
ULK3,61.36363636363637
UMAD1,43.18181818181818
UMOD,95.45454545454545
UMPS,2.272727272727273
UNC119B,25.0
UNC13B,54.54545454545454
UNC13D,0.0
UNC45A,0.0
UNC50,100.0
UNC5B,75.0
UNC93B1,13.636363636363635
UNG,70.45454545454545
UNK,31.818181818181817
UPF1,0.0
UPF2,27.27272727272727
UPF3B,45.45454545454545
UPP1,11.363636363636363
UPRT,84.0909090909091
UQCC1,20.454545454545457
UQCC2,9.090909090909092
UQCC3,77.27272727272727
UQCC6,93.18181818181817
UQCR10,18.181818181818183
UQCR11,4.545454545454546
UQCRB,0.0
UQCRC1,0.0
UQCRC2,0.0
UQCRFS1,0.0
UQCRH,0.0
UQCRQ,11.363636363636363
URB1,54.54545454545454
URB2,61.36363636363637
URGCP,63.63636363636363
URI1,50.0
URM1,11.363636363636363
UROD,0.0
UROS,0.0
USE1,4.545454545454546
USF1,93.18181818181817
USF2,34.090909090909086
USO1,0.0
USP1,100.0
USP10,6.8181818181818175
USP11,4.545454545454546
USP13,86.36363636363636
USP14,0.0
USP15,0.0
USP16,63.63636363636363
USP19,11.363636363636363
USP24,0.0
USP25,18.181818181818183
USP28,86.36363636363636
USP3,54.54545454545454
USP34,68.18181818181817
USP35,61.36363636363637
USP36,97.72727272727273
USP39,6.8181818181818175
USP4,15.909090909090908
USP42,100.0
USP46,4.545454545454546
USP47,0.0
USP48,18.181818181818183
USP5,0.0
USP7,0.0
USP8,4.545454545454546
USP9X,0.0
UST,72.72727272727273
UTP11,79.54545454545455
UTP14A,27.27272727272727
UTP15,27.27272727272727
UTP18,47.72727272727273
UTP20,38.63636363636363
UTP23,45.45454545454545
UTP25,75.0
UTP3,93.18181818181817
UTP4,29.545454545454547
UTP6,31.818181818181817
UTRN,0.0
UVRAG,9.090909090909092
UXS1,15.909090909090908
UXT,27.27272727272727
VAC14,0.0
VAMP1,93.18181818181817
VAMP2,13.636363636363635
VAMP3,0.0
VAMP4,29.545454545454547
VAMP5,6.8181818181818175
VAMP7,0.0
VAMP8,0.0
VANGL1,61.36363636363637
VAPA,0.0
VAPB,0.0
VARS1,0.0
VARS2,36.36363636363637
VASN,4.545454545454546
VASP,0.0
VAT1,0.0
VAT1L,34.090909090909086
VAV1,0.0
VAV2,27.27272727272727
VAV3,43.18181818181818
VBP1,0.0
VCAM1,0.0
VCAN,0.0
VCL,0.0
VCP,0.0
VCPIP1,2.272727272727273
VCPKMT,97.72727272727273
VDAC1,0.0
VDAC2,0.0
VDAC3,0.0
VDR,97.72727272727273
VEGFA,52.27272727272727
VEGFC,65.9090909090909
VEZF1,97.72727272727273
VEZT,93.18181818181817
VGF,81.81818181818183
VGLL4,88.63636363636364
VIM,0.0
VIP,90.9090909090909
VIPAS39,2.272727272727273
VIRMA,29.545454545454547
VIT,27.27272727272727
VKORC1,4.545454545454546
VKORC1L1,0.0
VLDLR,45.45454545454545
VMA21,15.909090909090908
VMAC,34.090909090909086
VMO1,43.18181818181818
VMP1,0.0
VNN1,4.545454545454546
VNN2,6.8181818181818175
VPS11,0.0
VPS13A,2.272727272727273
VPS13C,0.0
VPS13D,54.54545454545454
VPS16,0.0
VPS18,2.272727272727273
VPS25,0.0
VPS26A,0.0
VPS26B,0.0
VPS26C,0.0
VPS28,0.0
VPS29,0.0
VPS33A,0.0
VPS33B,0.0
VPS35,0.0
VPS35L,0.0
VPS36,0.0
VPS37A,4.545454545454546
VPS37B,0.0
VPS37C,0.0
VPS39,4.545454545454546
VPS41,6.8181818181818175
VPS45,0.0
VPS4A,0.0
VPS4B,0.0
VPS50,0.0
VPS51,0.0
VPS52,2.272727272727273
VPS53,4.545454545454546
VPS72,100.0
VPS8,9.090909090909092
VRK1,13.636363636363635
VRK2,43.18181818181818
VRK3,50.0
VSIG4,0.0
VSIR,0.0
VSNL1,50.0
VSTM4,95.45454545454545
VTA1,0.0
VTI1A,11.363636363636363
VTI1B,0.0
VTN,0.0
VWA1,2.272727272727273
VWA5A,0.0
VWA5B2,97.72727272727273
VWA8,9.090909090909092
VWF,0.0
WAC,52.27272727272727
WAPL,45.45454545454545
WARS1,0.0
WARS2,25.0
WAS,0.0
WASF2,0.0
WASH2P;WASH3P,13.636363636363635
WASH6P,0.0
WASHC2A,9.090909090909092
WASHC2C,2.272727272727273
WASHC3,2.272727272727273
WASHC4,0.0
WASHC5,0.0
WASL,6.8181818181818175
WBP11,2.272727272727273
WBP2,0.0
WBP4,59.09090909090909
WDCP,100.0
WDFY1,0.0
WDFY2,43.18181818181818
WDFY3,25.0
WDFY4,9.090909090909092
WDHD1,97.72727272727273
WDR1,0.0
WDR11,2.272727272727273
WDR12,6.8181818181818175
WDR13,0.0
WDR18,2.272727272727273
WDR20,34.090909090909086
WDR24,56.81818181818182
WDR26,4.545454545454546
WDR3,27.27272727272727
WDR33,25.0
WDR36,27.27272727272727
WDR37,2.272727272727273
WDR4,75.0
WDR41,90.9090909090909
WDR43,6.8181818181818175
WDR44,0.0
WDR45,15.909090909090908
WDR45B,18.181818181818183
WDR46,47.72727272727273
WDR47,25.0
WDR48,9.090909090909092
WDR5,2.272727272727273
WDR53,100.0
WDR54,38.63636363636363
WDR55,25.0
WDR59,56.81818181818182
WDR6,45.45454545454545
WDR62,97.72727272727273
WDR7,6.8181818181818175
WDR70,40.909090909090914
WDR73,72.72727272727273
WDR74,72.72727272727273
WDR75,38.63636363636363
WDR76,100.0
WDR77,0.0
WDR81,0.0
WDR82,2.272727272727273
WDR89,56.81818181818182
WDR91,0.0
WDSUB1,38.63636363636363
WDTC1,56.81818181818182
WFDC2,95.45454545454545
WFS1,4.545454545454546
WIPF1,0.0
WIPF2,25.0
WIPF3,81.81818181818183
WIPI1,9.090909090909092
WIPI2,0.0
WIZ,79.54545454545455
WLS,13.636363636363635
WNK1,0.0
WNK2,18.181818181818183
WNT11,90.9090909090909
WNT2,81.81818181818183
WNT2B,77.27272727272727
WNT5A,77.27272727272727
WRAP53,100.0
WRN,81.81818181818183
WRNIP1,27.27272727272727
WTAP,13.636363636363635
WWC3,40.909090909090914
WWOX,52.27272727272727
WWP2,56.81818181818182
WWTR1,84.0909090909091
XAB2,31.818181818181817
XIAP,27.27272727272727
XK,56.81818181818182
XP32,40.909090909090914
XPA,43.18181818181818
XPC,11.363636363636363
XPNPEP1,0.0
XPNPEP2,75.0
XPNPEP3,34.090909090909086
XPO1,0.0
XPO4,4.545454545454546
XPO5,27.27272727272727
XPO6,47.72727272727273
XPO7,0.0
XPOT,0.0
XPR1,100.0
XRCC1,13.636363636363635
XRCC4,22.727272727272727
XRCC5,0.0
XRCC6,0.0
XRN1,13.636363636363635
XRN2,2.272727272727273
XXYLT1,13.636363636363635
XYLB,22.727272727272727
YAF2,100.0
YAP1,36.36363636363637
YARS1,0.0
YARS2,9.090909090909092
YBEY,61.36363636363637
YBX1,0.0
YBX3,86.36363636363636
YDJC,100.0
YEATS2,68.18181818181817
YEATS4,79.54545454545455
YES1,9.090909090909092
YIF1A,34.090909090909086
YIF1B,9.090909090909092
YIPF3,29.545454545454547
YIPF4,11.363636363636363
YIPF5,13.636363636363635
YIPF6,2.272727272727273
YJU2,88.63636363636364
YJU2B,97.72727272727273
YKT6,0.0
YLPM1,20.454545454545457
YME1L1,13.636363636363635
YOD1,0.0
YPEL5,25.0
YRDC,63.63636363636363
YTHDC1,20.454545454545457
YTHDC2,11.363636363636363
YTHDF1,97.72727272727273
YTHDF2,15.909090909090908
YTHDF3,13.636363636363635
YWHAB,0.0
YWHAE,0.0
YWHAG,0.0
YWHAH,0.0
YWHAQ,0.0
YWHAZ,0.0
YY1,31.818181818181817
YY1AP1,95.45454545454545
ZAP70,50.0
ZBED1,81.81818181818183
ZBP1,95.45454545454545
ZBTB11,90.9090909090909
ZBTB16,88.63636363636364
ZBTB20,22.727272727272727
ZBTB21,88.63636363636364
ZBTB43,97.72727272727273
ZBTB47,84.0909090909091
ZBTB5,100.0
ZBTB7A,95.45454545454545
ZBTB7B,100.0
ZBTB8OS,15.909090909090908
ZBTB9,100.0
ZC2HC1A,29.545454545454547
ZC3H11A,15.909090909090908
ZC3H13,84.0909090909091
ZC3H14,31.818181818181817
ZC3H15,0.0
ZC3H18,34.090909090909086
ZC3H3,100.0
ZC3H4,15.909090909090908
ZC3H7A,38.63636363636363
ZC3H7B,22.727272727272727
ZC3H8,97.72727272727273
ZC3HAV1,0.0
ZC3HAV1L,15.909090909090908
ZC3HC1,34.090909090909086
ZCCHC10,100.0
ZCCHC17,72.72727272727273
ZCCHC3,70.45454545454545
ZCCHC4,90.9090909090909
ZCCHC8,20.454545454545457
ZCCHC9,100.0
ZDHHC12,93.18181818181817
ZDHHC13,72.72727272727273
ZDHHC15,72.72727272727273
ZDHHC20,29.545454545454547
ZDHHC3,47.72727272727273
ZDHHC5,45.45454545454545
ZDHHC6,84.0909090909091
ZEB1,47.72727272727273
ZEB2,43.18181818181818
ZER1,40.909090909090914
ZFAND1,20.454545454545457
ZFAND2B,68.18181818181817
ZFAND3,100.0
ZFAND6,36.36363636363637
ZFC3H1,84.0909090909091
ZFHX3,90.9090909090909
ZFP36L1,68.18181818181817
ZFP36L2,54.54545454545454
ZFP62,97.72727272727273
ZFP64,97.72727272727273
ZFP91,95.45454545454545
ZFPL1,11.363636363636363
ZFR,9.090909090909092
ZFTRAF1,59.09090909090909
ZFY,84.0909090909091
ZFYVE1,25.0
ZFYVE16,4.545454545454546
ZFYVE19,90.9090909090909
ZFYVE21,13.636363636363635
ZFYVE26,15.909090909090908
ZG16,27.27272727272727
ZG16B,25.0
ZGPAT,70.45454545454545
ZHX1,79.54545454545455
ZHX2,36.36363636363637
ZKSCAN1,100.0
ZKSCAN8,84.0909090909091
ZMAT2,34.090909090909086
ZMIZ2,63.63636363636363
ZMPSTE24,0.0
ZMYM1,93.18181818181817
ZMYM3,72.72727272727273
ZMYM4,79.54545454545455
ZMYND11,54.54545454545454
ZMYND8,43.18181818181818
ZNF121,100.0
ZNF131,90.9090909090909
ZNF143,84.0909090909091
ZNF146,100.0
ZNF148,77.27272727272727
ZNF185,6.8181818181818175
ZNF207,0.0
ZNF22,34.090909090909086
ZNF24,88.63636363636364
ZNF280D,72.72727272727273
ZNF281,97.72727272727273
ZNF318,59.09090909090909
ZNF324;ZNF324B,90.9090909090909
ZNF326,25.0
ZNF330,47.72727272727273
ZNF346,75.0
ZNF362,45.45454545454545
ZNF384,40.909090909090914
ZNF426,86.36363636363636
ZNF428,22.727272727272727
ZNF451,97.72727272727273
ZNF503,52.27272727272727
ZNF512,15.909090909090908
ZNF512B,70.45454545454545
ZNF574,100.0
ZNF579,86.36363636363636
ZNF592,86.36363636363636
ZNF593,93.18181818181817
ZNF598,34.090909090909086
ZNF609,97.72727272727273
ZNF622,47.72727272727273
ZNF629,100.0
ZNF638,34.090909090909086
ZNF639,97.72727272727273
ZNF644,93.18181818181817
ZNF66,93.18181818181817
ZNF668,97.72727272727273
ZNF672,97.72727272727273
ZNF687,90.9090909090909
ZNF689,90.9090909090909
ZNF706,70.45454545454545
ZNF740,75.0
ZNF768,100.0
ZNF787,81.81818181818183
ZNF800,86.36363636363636
ZNF804B,79.54545454545455
ZNF830,81.81818181818183
ZNF835,75.0
ZNFX1,29.545454545454547
ZNG1A;ZNG1B,61.36363636363637
ZNHIT2,90.9090909090909
ZNHIT3,100.0
ZNRD2,9.090909090909092
ZNRF2,20.454545454545457
ZPR1,6.8181818181818175
ZRANB2,13.636363636363635
ZSCAN18,75.0
ZSCAN26,90.9090909090909
ZSWIM8,6.8181818181818175
ZW10,6.8181818181818175
ZWILCH,100.0
ZWINT,100.0
ZYG11B,18.181818181818183
ZYX,0.0
ZZEF1,0.0
cRAP-AHSG,0.0
cRAP-ALB,0.0
cRAP-ALDOA,100.0
cRAP-CSN1S1,0.0
cRAP-CSN1S2,6.8181818181818175
cRAP-CSN2,11.363636363636363
cRAP-CSN3,45.45454545454545
cRAP-FETUB,84.0909090909091
cRAP-KRT15,0.0
cRAP-KRTAP6-1,97.72727272727273
cRAP-LALBA,65.9090909090909
cRAP-LYZ,81.81818181818183
cRAP-SERPINB14,84.0909090909091
cRAP-SRPP,27.27272727272727
cRAP-TF,97.72727272727273
,0.0
