gene1,gene2,combined_score
A1BG,AHSG,849
A1BG,AMBP,716
A1BG,GRB2,992
A1BG,SERPINA1,735
A2M,AHSG,803
A2M,AMBP,871
A2M,APOA1,998
A2M,APOA2,772
A2M,APOE,975
A2M,APOH,752
A2M,APP,905
A2M,CFB,726
A2M,CLU,896
A2M,CP,889
A2M,CPB2,805
A2M,CTSB,768
A2M,ELANE,735
A2M,F2,700
A2M,FGA,832
A2M,FGB,841
A2M,FGG,761
A2M,FN1,851
A2M,HP,997
A2M,HPX,824
A2M,HRG,762
A2M,HSPA5,972
A2M,KLKB1,957
A2M,KNG1,927
A2M,LRP1,998
A2M,MMP2,953
A2M,MMP9,845
A2M,ORM1,809
A2M,ORM2,808
A2M,PLG,779
A2M,PROC,931
A2M,SERPINA1,980
A2M,SERPINA3,929
A2M,SERPIND1,771
A2M,SERPINE1,804
A2M,SERPINF1,880
A2M,SERPINF2,968
A2M,SERPING1,905
A2M,TGFB1,910
A2M,TIMP1,736
A2M,TTR,905
ABI1,ACTR2,847
ABI1,ACTR3,839
ABI1,ARPC1B,716
ABI1,ARPC2,815
ABI1,ARPC3,781
ABI1,ARPC5,747
ABI1,ARPC5L,704
ABI1,BRK1,999
ABI1,CDC42,816
ABI1,CYFIP1,999
ABI1,GRB2,730
ABI1,HNRNPK,892
ABI1,NCK2,901
ABI1,RAC2,700
ABI1,SRC,878
ABI1,VASP,848
ABI1,WAS,894
ABI1,WASF2,999
ACAA1,DLST,852
ACAA1,ECHS1,977
ACAA1,ECI1,825
ACAA1,ETFA,729
ACAA1,HSD17B10,969
ACAA1,SCP2,982
ACAN,ADAMTS1,860
ACAN,BGN,928
ACAN,CD44,761
ACAN,COL1A1,835
ACAN,COMP,980
ACAN,FBLN1,954
ACAN,FBLN2,931
ACAN,FN1,994
ACAN,GAPDH,715
ACAN,HLA-DRA,798
ACAN,HSPG2,891
ACAN,HTRA1,843
ACAN,LUM,920
ACAN,MMP2,804
ACAN,MMP9,802
ACAN,OGN,714
ACAN,OMD,716
ACAN,PRG4,900
ACAN,SDC4,707
ACAN,SPP1,736
ACAN,TGFB1,725
ACAN,TNC,894
ACAN,VCAN,988
ACO1,ALAD,711
ACO1,FTL,799
ACO1,GLRX3,883
ACO1,HSPA9,808
ACO1,HSPD1,771
ACO1,IDH1,998
ACO1,MDH2,893
ACO1,SOD2,937
ACO1,TFRC,888
ACO1,TPI1,724
ACP1,G6PD,783
ACP1,GET3,897
ACP1,GLRX,851
ACP1,SAA4,711
ACP1,TKT,760
ACTB,ACTBL2,873
ACTB,ACTG1,999
ACTB,ACTN1,985
ACTB,ACTN4,971
ACTB,ACTR1A,977
ACTB,ACTR2,968
ACTB,ACTR3,957
ACTB,ALDOA,784
ACTB,ANXA1,700
ACTB,ANXA2,767
ACTB,APP,801
ACTB,ARPC1B,958
ACTB,ARPC2,962
ACTB,ARPC3,968
ACTB,ARPC4,961
ACTB,ARPC5,952
ACTB,ARPC5L,945
ACTB,BCL2L1,784
ACTB,CAP1,860
ACTB,CAPZA1,964
ACTB,CAPZB,976
ACTB,CASP3,989
ACTB,CCT2,905
ACTB,CCT4,702
ACTB,CCT5,865
ACTB,CCT7,722
ACTB,CD44,728
ACTB,CDC42,975
ACTB,CDH1,833
ACTB,CDH2,784
ACTB,CDH5,746
ACTB,CFL1,999
ACTB,COX4I1,763
ACTB,DCTN1,971
ACTB,DCTN2,950
ACTB,DCTN3,896
ACTB,DIAPH1,934
ACTB,DSTN,910
ACTB,DYNLRB1,853
ACTB,ENG,726
ACTB,ENO1,869
ACTB,FLNA,750
ACTB,FN1,886
ACTB,GAPDH,975
ACTB,GRB2,814
ACTB,H4C1,899
ACTB,HPRT1,795
ACTB,HSP90AA1,967
ACTB,HSP90AB1,911
ACTB,HSPA4,720
ACTB,HSPA5,808
ACTB,HSPA8,955
ACTB,HSPA9,828
ACTB,ILK,951
ACTB,ITGA2,860
ACTB,ITGA2B,937
ACTB,ITGA5,801
ACTB,ITGA6,803
ACTB,ITGAV,799
ACTB,ITGB1,984
ACTB,ITGB3,949
ACTB,LCP1,770
ACTB,LMNA,784
ACTB,LMNB1,884
ACTB,MAPK1,767
ACTB,MMP9,778
ACTB,MSN,975
ACTB,MYH9,991
ACTB,MYL6,973
ACTB,MYL9,945
ACTB,P4HB,714
ACTB,PARVB,915
ACTB,PECAM1,733
ACTB,PFDN1,735
ACTB,PFDN2,744
ACTB,PFDN5,739
ACTB,PFN1,999
ACTB,PGK1,829
ACTB,PPP1CA,785
ACTB,PTMA,705
ACTB,PTPRC,734
ACTB,RHOA,978
ACTB,RHOC,786
ACTB,RPLP0,889
ACTB,RUVBL1,993
ACTB,RUVBL2,995
ACTB,SRC,774
ACTB,TAGLN2,751
ACTB,TCP1,891
ACTB,TFRC,761
ACTB,TGFB1,773
ACTB,TLN1,960
ACTB,TMOD3,701
ACTB,TMSB4X,961
ACTB,TSG101,757
ACTB,TUBA1A,838
ACTB,TUBA1C,825
ACTB,TUBA4A,825
ACTB,TUBB,844
ACTB,TWF2,772
ACTB,VASP,955
ACTB,VCL,984
ACTB,VCP,728
ACTB,VDAC1,864
ACTB,VIM,723
ACTB,WAS,954
ACTB,WASF2,941
ACTB,WDR1,709
ACTB,YWHAB,908
ACTB,YWHAZ,899
ACTB,ZYX,942
ACTBL2,PFDN1,792
ACTBL2,PFDN2,896
ACTBL2,RUVBL1,714
ACTBL2,RUVBL2,714
ACTBL2,TWF2,721
ACTG1,ACTN1,972
ACTG1,ACTN4,970
ACTG1,ACTR2,949
ACTG1,ACTR3,936
ACTG1,ALDOA,774
ACTG1,ARPC1B,962
ACTG1,ARPC2,966
ACTG1,ARPC3,964
ACTG1,ARPC4,939
ACTG1,ARPC5,953
ACTG1,ARPC5L,975
ACTG1,BRK1,712
ACTG1,CAP1,724
ACTG1,CASP3,922
ACTG1,CCT2,876
ACTG1,CCT4,871
ACTG1,CCT5,899
ACTG1,CCT6A,934
ACTG1,CCT7,947
ACTG1,CDC42,957
ACTG1,CFL1,998
ACTG1,CTTN,714
ACTG1,DIAPH1,936
ACTG1,DSTN,911
ACTG1,FLNA,729
ACTG1,FN1,768
ACTG1,GAPDH,809
ACTG1,ILK,928
ACTG1,ITGA2,793
ACTG1,ITGA2B,904
ACTG1,ITGA5,716
ACTG1,ITGAV,709
ACTG1,ITGB1,955
ACTG1,ITGB3,913
ACTG1,LCP1,744
ACTG1,MSN,959
ACTG1,MYH9,978
ACTG1,MYL6,956
ACTG1,MYL9,940
ACTG1,PARVB,912
ACTG1,PFN1,992
ACTG1,RHOA,944
ACTG1,RUVBL1,763
ACTG1,RUVBL2,706
ACTG1,TCP1,943
ACTG1,TLN1,976
ACTG1,TMSB4X,977
ACTG1,TPM3,742
ACTG1,TUBA1A,788
ACTG1,TUBA1C,754
ACTG1,TUBB,773
ACTG1,VASP,974
ACTG1,VCL,990
ACTG1,WAS,949
ACTG1,WASF2,953
ACTG1,WDR1,748
ACTG1,ZYX,931
ACTN1,ACTN4,998
ACTN1,CAPZB,750
ACTN1,CFL1,915
ACTN1,DBN1,702
ACTN1,FLNA,716
ACTN1,ITGA2,776
ACTN1,ITGA2B,750
ACTN1,ITGA5,965
ACTN1,ITGA6,827
ACTN1,ITGAV,739
ACTN1,ITGB1,974
ACTN1,ITGB3,860
ACTN1,MYH9,844
ACTN1,PARVB,955
ACTN1,PDLIM1,972
ACTN1,PDLIM7,740
ACTN1,PFN1,756
ACTN1,PIP4K2A,906
ACTN1,SDC4,728
ACTN1,SRC,851
ACTN1,TLN1,832
ACTN1,TPM1,887
ACTN1,TPM3,715
ACTN1,VCL,999
ACTN1,ZYX,989
ACTN4,INF2,932
ACTN4,ITGA2,815
ACTN4,ITGA5,922
ACTN4,ITGA6,725
ACTN4,ITGB1,960
ACTN4,ITGB3,712
ACTN4,MYH9,926
ACTN4,PDLIM1,970
ACTN4,PDLIM5,735
ACTN4,PIP4K2A,904
ACTN4,PODXL,748
ACTN4,SPTAN1,760
ACTN4,TLN1,896
ACTN4,TPM2,760
ACTN4,TPM4,798
ACTN4,VCL,999
ACTN4,ZYX,978
ACTR1A,ACTR1B,992
ACTR1A,CAPZA1,992
ACTR1A,CAPZA2,969
ACTR1A,CAPZB,990
ACTR1A,DCTN1,999
ACTR1A,DCTN2,999
ACTR1A,DCTN3,998
ACTR1A,DYNLL1,881
ACTR1A,DYNLRB1,873
ACTR1A,HSP90AA1,845
ACTR1B,CAPZA1,811
ACTR1B,CAPZA2,880
ACTR1B,CAPZB,903
ACTR1B,DCTN1,997
ACTR1B,DCTN2,998
ACTR1B,DCTN3,992
ACTR2,ACTR3,999
ACTR2,ARPC1B,999
ACTR2,ARPC2,999
ACTR2,ARPC3,999
ACTR2,ARPC4,999
ACTR2,ARPC5,999
ACTR2,ARPC5L,999
ACTR2,BRK1,813
ACTR2,CAPZA2,743
ACTR2,CDC42,950
ACTR2,CFL1,963
ACTR2,CORO1A,707
ACTR2,CORO1B,780
ACTR2,CORO1C,899
ACTR2,CTTN,973
ACTR2,CYFIP1,807
ACTR2,GMFG,975
ACTR2,GRB2,823
ACTR2,MYH9,805
ACTR2,PFN1,920
ACTR2,RHOC,768
ACTR2,VASP,711
ACTR2,VCL,725
ACTR2,WAS,999
ACTR2,WASF2,988
ACTR2,WDR1,711
ACTR2,WIPF1,920
ACTR3,ARPC1B,999
ACTR3,ARPC2,999
ACTR3,ARPC3,999
ACTR3,ARPC4,999
ACTR3,ARPC5,999
ACTR3,ARPC5L,998
ACTR3,BRK1,715
ACTR3,CAP1,861
ACTR3,CAPZA1,711
ACTR3,CAPZB,774
ACTR3,CDC42,841
ACTR3,CFL1,750
ACTR3,CTTN,925
ACTR3,CYFIP1,730
ACTR3,GMFG,884
ACTR3,MYH9,812
ACTR3,PFN1,748
ACTR3,WAS,996
ACTR3,WASF2,953
ACTR3,WDR1,826
ACTR3,WIPF1,822
ADAM10,APOE,733
ADAM10,APP,950
ADAM10,BAX,736
ADAM10,C6,720
ADAM10,C7,720
ADAM10,C8A,720
ADAM10,C8B,720
ADAM10,C9,720
ADAM10,CD34,756
ADAM10,CD9,881
ADAM10,CDH1,881
ADAM10,NCSTN,865
ADAM10,NOTCH2,825
ADAM10,PPIF,733
ADAM10,VDAC1,748
ADAMTS13,C3,735
ADAMTS13,CD46,712
ADAMTS13,CFH,853
ADAMTS13,CFHR1,833
ADAMTS13,CFHR3,824
ADAMTS13,CFI,721
ADAMTS13,F8,950
ADAMTS13,GP1BA,931
ADAMTS13,HP,773
ADAMTS13,VWF,997
ADAMTSL2,FBN1,788
ADAMTSL2,LTBP1,956
ADAMTSL4,FBN1,940
ADD1,ANK1,986
ADD1,CAPZA2,730
ADD1,CASP3,784
ADD1,DMTN,993
ADD1,GAPDH,711
ADD1,MARCKS,760
ADD1,MTPN,756
ADD1,SLC2A1,766
ADD1,SPTBN1,716
ADD1,TMOD3,955
ADD1,TPI1,743
ADGRF5,SFTPB,803
ADH1B,COMT,936
ADH1B,ESD,864
ADH1B,GSTO1,701
ADH5,COMT,912
ADH5,ESD,998
ADH5,GSTO1,759
ADIPOQ,APOB,781
ADIPOQ,APOE,795
ADIPOQ,CALR,838
ADIPOQ,CD36,806
ADIPOQ,CDH13,996
ADIPOQ,CFD,988
ADIPOQ,ITLN1,771
ADIPOQ,LPL,794
ADIPOQ,PLIN1,947
ADIPOQ,RARRES2,773
ADIPOQ,RETN,967
ADIPOQ,SERPINE1,789
ADIPOQ,SHBG,823
ADRM1,BRCC3,767
ADRM1,COPS5,811
ADRM1,PSMA1,983
ADRM1,PSMA2,972
ADRM1,PSMA3,960
ADRM1,PSMA4,978
ADRM1,PSMA5,975
ADRM1,PSMA6,967
ADRM1,PSMA7,937
ADRM1,PSMB1,980
ADRM1,PSMB10,884
ADRM1,PSMB2,987
ADRM1,PSMB3,965
ADRM1,PSMB4,967
ADRM1,PSMB5,961
ADRM1,PSMB6,945
ADRM1,PSMB7,921
ADRM1,PSMB8,932
ADRM1,PSMB9,911
ADRM1,PSMC1,999
ADRM1,PSMC2,999
ADRM1,PSMC3,998
ADRM1,PSMC4,999
ADRM1,PSMC5,998
ADRM1,PSMC6,999
ADRM1,PSMD13,999
ADRM1,PSMD14,999
ADRM1,PSMD4,999
ADRM1,PSMD5,999
ADRM1,PSMD7,999
ADRM1,PSMD8,999
ADRM1,PSMD9,885
ADRM1,PSME1,814
ADRM1,SGTA,862
ADRM1,SNCA,714
ADRM1,TXNL1,707
ADSL,AK2,964
ADSL,APRT,990
ADSL,DCK,936
ADSL,GMPR,782
ADSL,HPRT1,935
ADSL,IDH1,860
ADSL,MDH2,908
ADSL,PDE3A,900
ADSL,PNP,725
ADSL,PRPS1,728
ADSL,SHMT2,909
AFM,APCS,701
AFM,APOH,720
AFM,HRG,774
AGRN,APOE,732
AGRN,BGN,922
AGRN,CD44,720
AGRN,CTTN,737
AGRN,DAG1,999
AGRN,FN1,983
AGRN,GPC1,802
AGRN,HSPG2,993
AGRN,ITGB1,788
AGRN,LAMA2,789
AGRN,LGALS3,720
AGRN,LRP1,750
AGRN,NCAM1,927
AGRN,NID1,985
AGRN,NID2,877
AGRN,SDC1,763
AGRN,UTRN,862
AGRN,VCAN,806
AGT,ANPEP,910
AGT,APOE,853
AGT,ATP6AP2,984
AGT,C3,718
AGT,CCL5,716
AGT,CXCL12,704
AGT,F2,846
AGT,FGB,739
AGT,FN1,790
AGT,GNAQ,962
AGT,KNG1,992
AGT,LNPEP,802
AGT,MMP9,704
AGT,SRC,799
AGT,TGFB1,812
AHCY,SELENBP1,823
AHCY,SHMT2,857
AHSG,AMBP,932
AHSG,ANXA2,854
AHSG,APOA1,944
AHSG,APOA2,943
AHSG,APOB,900
AHSG,APOC3,882
AHSG,APOH,957
AHSG,APOM,844
AHSG,AZGP1,794
AHSG,C3,700
AHSG,CP,776
AHSG,F2,980
AHSG,F5,701
AHSG,FGA,984
AHSG,FGB,909
AHSG,FGG,970
AHSG,FN1,712
AHSG,GC,959
AHSG,HP,882
AHSG,HPX,879
AHSG,HRG,924
AHSG,IGFBP1,893
AHSG,ITIH1,707
AHSG,ITIH2,922
AHSG,ITIH3,730
AHSG,ITIH4,708
AHSG,KNG1,936
AHSG,LPA,796
AHSG,MGP,977
AHSG,ORM1,926
AHSG,ORM2,908
AHSG,PLG,902
AHSG,SERPINA1,971
AHSG,SERPINA3,848
AHSG,SERPINA7,916
AHSG,SERPIND1,704
AHSG,SERPINF2,768
AHSG,SPP1,841
AHSG,SPP2,941
AHSG,TTR,858
AHSG,VTN,782
AK2,APRT,968
AK2,ATP5F1A,700
AK2,DCK,923
AK2,ENO1,884
AK2,FUCA1,726
AK2,NME1,807
AK2,NME2,849
AK2,PGM1,852
AK2,PKM,944
AKAP12,PRKAR2A,722
AKAP12,SRC,703
ALCAM,CD34,798
ALCAM,CD44,859
ALCAM,CD9,767
ALCAM,ENG,880
ALCAM,ICAM1,755
ALCAM,ITGB1,824
ALCAM,L1CAM,979
ALCAM,LGALS3,761
ALCAM,PECAM1,729
ALCAM,PTPRC,776
ALDOA,AMBP,716
ALDOA,DERA,924
ALDOA,ENO1,988
ALDOA,ENO2,942
ALDOA,G6PD,894
ALDOA,GAPDH,999
ALDOA,GPI,987
ALDOA,LDHA,973
ALDOA,MINPP1,804
ALDOA,PDHB,930
ALDOA,PGAM1,982
ALDOA,PGK1,962
ALDOA,PKM,983
ALDOA,TALDO1,972
ALDOA,TKFC,920
ALDOA,TKT,973
ALDOA,TPI1,997
AMBP,APOA1,891
AMBP,APOA2,899
AMBP,APOC3,856
AMBP,APOH,942
AMBP,CST3,739
AMBP,F2,979
AMBP,FGA,945
AMBP,FGB,931
AMBP,FGG,876
AMBP,GC,917
AMBP,HNRNPC,830
AMBP,HP,728
AMBP,HPX,916
AMBP,ITIH1,951
AMBP,ITIH2,970
AMBP,ITIH3,931
AMBP,LPA,757
AMBP,ORM1,922
AMBP,ORM2,893
AMBP,PLG,811
AMBP,PTPRC,790
AMBP,SERPINA1,716
AMBP,VTN,737
ANGPTL6,CDH1,839
ANK1,ASAP1,762
ANK1,CD44,971
ANK1,CHL1,958
ANK1,DMTN,884
ANK1,GYPA,971
ANK1,ILK,738
ANK1,L1CAM,978
ANK1,LIMS1,798
ANK1,PLEK,812
ANK1,PPP1CB,770
ANK1,SEPTIN7,718
ANK1,SLC4A1,999
ANK1,SPTA1,954
ANK1,SPTAN1,910
ANK1,SPTB,999
ANK1,SPTBN1,968
ANK1,SRC,719
ANK1,TMOD3,805
ANPEP,CD34,878
ANPEP,CD36,735
ANPEP,CD44,772
ANPEP,CD9,702
ANPEP,DPP4,931
ANPEP,ENG,863
ANPEP,FCGR3A,951
ANPEP,GCLM,924
ANPEP,GGCT,902
ANPEP,GOT2,844
ANPEP,ITGA6,786
ANPEP,ITGB1,804
ANPEP,LAP3,965
ANPEP,MPO,740
ANPEP,NCAM1,818
ANPEP,PTPRC,788
ANPEP,TFRC,832
ANTXR1,ANTXR2,943
ANTXR1,VWF,822
ANTXR2,ERAP1,776
ANTXR2,VWF,802
ANXA1,ANXA2,989
ANXA1,CALR,740
ANXA1,CD63,701
ANXA1,CD9,737
ANXA1,CDH1,776
ANXA1,ENO1,701
ANXA1,FN1,793
ANXA1,KRT8,723
ANXA1,LGALS3,736
ANXA1,S100A4,844
ANXA1,S100A6,877
ANXA1,SRC,774
ANXA1,YWHAZ,795
ANXA11,ANXA7,920
ANXA11,PDCD6,889
ANXA11,S100A6,985
ANXA2,APOH,943
ANXA2,CALR,923
ANXA2,CD151,813
ANXA2,CD44,706
ANXA2,CD63,985
ANXA2,CDC42,921
ANXA2,CLIC1,713
ANXA2,CTSB,978
ANXA2,ENO1,765
ANXA2,FLNA,729
ANXA2,FN1,723
ANXA2,GAPDH,712
ANXA2,GRB2,707
ANXA2,HSPA5,773
ANXA2,LGALS1,766
ANXA2,LGALS3,832
ANXA2,MMP2,826
ANXA2,PCSK9,858
ANXA2,PLG,997
ANXA2,S100A4,999
ANXA2,S100A6,952
ANXA2,SERPINE1,790
ANXA2,SNAP23,733
ANXA2,TSG101,790
ANXA7,LGALS3,931
ANXA7,SRI,936
ANXA7,VPS29,787
AP1S2,AP2S1,751
AP1S2,AP3S1,751
AP1S2,AP4S1,746
AP2S1,AP3S1,910
AP2S1,AP4S1,910
AP2S1,CLTA,961
AP2S1,CLTC,958
AP2S1,EPS15,952
AP2S1,STON2,744
AP2S1,TGOLN2,752
AP3S1,AP4S1,903
AP3S1,CLTA,742
APCS,APOA1,851
APCS,APOA4,836
APCS,APOE,933
APCS,APOH,766
APCS,APP,856
APCS,C4BPA,711
APCS,FCGR2A,970
APCS,FGA,791
APCS,FN1,884
APCS,HRG,808
APCS,HSPG2,739
APCS,MBL2,752
APCS,SAA1,917
APCS,SAA2,841
APCS,TTR,949
APEH,DPP4,733
APEH,IST1,791
APEH,MST1,837
APEH,NCSTN,911
APLP2,APP,816
APLP2,SPON1,721
APOA1,APOA2,999
APOA1,APOA4,989
APOA1,APOA5,951
APOA1,APOB,999
APOA1,APOC1,998
APOA1,APOC2,997
APOA1,APOC3,999
APOA1,APOC4,901
APOA1,APOD,960
APOA1,APOE,999
APOA1,APOF,912
APOA1,APOH,985
APOA1,APOL1,998
APOA1,APOM,972
APOA1,APP,982
APOA1,ATP5F1B,769
APOA1,BMP1,797
APOA1,C3,957
APOA1,C4A,724
APOA1,CD36,917
APOA1,CETP,989
APOA1,CLU,998
APOA1,CST3,826
APOA1,F2,927
APOA1,FGA,902
APOA1,FGG,732
APOA1,FN1,845
APOA1,HP,998
APOA1,HPR,997
APOA1,HPX,826
APOA1,HRG,780
APOA1,ITIH2,793
APOA1,ITIH3,818
APOA1,LBP,949
APOA1,LCAT,999
APOA1,LPA,976
APOA1,LPL,890
APOA1,MPO,924
APOA1,ORM1,869
APOA1,ORM2,828
APOA1,PCSK9,781
APOA1,PCYOX1,799
APOA1,PLTP,973
APOA1,PON1,998
APOA1,SAA1,900
APOA1,SAA2,894
APOA1,SAA4,931
APOA1,SERPINA1,927
APOA1,SNCA,883
APOA1,TTR,994
APOA1,VTN,755
APOA2,APOA4,994
APOA2,APOA5,972
APOA2,APOB,999
APOA2,APOC1,991
APOA2,APOC2,995
APOA2,APOC3,999
APOA2,APOC4,947
APOA2,APOD,993
APOA2,APOE,999
APOA2,APOF,921
APOA2,APOH,989
APOA2,APOL1,926
APOA2,APOM,980
APOA2,APP,902
APOA2,CETP,970
APOA2,CLU,967
APOA2,F2,798
APOA2,FGA,893
APOA2,FGB,849
APOA2,FGG,841
APOA2,GC,765
APOA2,HP,738
APOA2,HPR,932
APOA2,LCAT,982
APOA2,LPA,977
APOA2,LPL,818
APOA2,ORM1,772
APOA2,ORM2,834
APOA2,PCYOX1,822
APOA2,PLTP,962
APOA2,PON1,967
APOA2,SAA1,799
APOA2,SAA2,783
APOA2,SAA4,816
APOA2,SERPINA1,822
APOA2,TTR,843
APOA2,VTN,750
APOA4,APOA5,918
APOA4,APOB,992
APOA4,APOC1,969
APOA4,APOC2,987
APOA4,APOC3,999
APOA4,APOC4,887
APOA4,APOD,864
APOA4,APOE,995
APOA4,APOF,909
APOA4,APOH,938
APOA4,APOL1,928
APOA4,APOM,949
APOA4,APP,827
APOA4,CETP,937
APOA4,CLU,976
APOA4,FGG,792
APOA4,HPR,831
APOA4,LCAT,890
APOA4,LPA,887
APOA4,LPL,781
APOA4,PCYOX1,791
APOA4,PLTP,861
APOA4,PON1,927
APOA4,SAA1,773
APOA4,SAA2,751
APOA4,SAA4,757
APOA4,SERPINA1,793
APOA4,TTR,857
APOA5,APOB,986
APOA5,APOBR,740
APOA5,APOC1,947
APOA5,APOC2,994
APOA5,APOC3,995
APOA5,APOC4,929
APOA5,APOE,992
APOA5,APOF,855
APOA5,APOH,918
APOA5,APOL1,877
APOA5,APOM,942
APOA5,APP,826
APOA5,CETP,935
APOA5,CLU,872
APOA5,FGA,711
APOA5,HPR,820
APOA5,HRG,861
APOA5,LCAT,897
APOA5,LPA,947
APOA5,LPL,964
APOA5,PCYOX1,729
APOA5,PLTP,856
APOA5,PON1,854
APOA5,SERPINA7,800
APOB,APOBR,969
APOB,APOC1,996
APOB,APOC2,991
APOB,APOC3,999
APOB,APOC4,871
APOB,APOD,864
APOB,APOE,999
APOB,APOF,898
APOB,APOH,985
APOB,APOL1,892
APOB,APOM,933
APOB,APP,839
APOB,C3,819
APOB,C4A,743
APOB,CALR,892
APOB,CANX,794
APOB,CD36,980
APOB,CETP,989
APOB,CLU,865
APOB,F2,832
APOB,FGA,832
APOB,FGB,816
APOB,FGG,799
APOB,FN1,825
APOB,GOT2,773
APOB,HPR,822
APOB,HRG,805
APOB,HSP90B1,882
APOB,HSPG2,792
APOB,ITIH2,788
APOB,LCAT,983
APOB,LDLR,955
APOB,LPA,999
APOB,LPL,940
APOB,MPO,711
APOB,P4HB,861
APOB,PCSK9,987
APOB,PCYOX1,787
APOB,PDIA4,765
APOB,PECAM1,806
APOB,PLG,774
APOB,PLTP,964
APOB,PON1,952
APOB,SAA1,888
APOB,SAA2,736
APOB,SAA4,755
APOB,SERPINA1,822
APOB,SPARC,818
APOB,TFRC,813
APOB,TTR,878
APOB,VAMP7,752
APOB,VCP,746
APOC1,APOC2,999
APOC1,APOC3,999
APOC1,APOC4,990
APOC1,APOD,854
APOC1,APOE,999
APOC1,APOF,817
APOC1,APOH,931
APOC1,APOL1,918
APOC1,APOM,939
APOC1,APP,802
APOC1,CETP,985
APOC1,CLU,969
APOC1,HP,726
APOC1,HPR,853
APOC1,LCAT,973
APOC1,LPA,873
APOC1,LPL,866
APOC1,PCYOX1,772
APOC1,PEPD,780
APOC1,PLTP,881
APOC1,PON1,930
APOC1,SAA1,734
APOC1,SAA2,717
APOC1,SAA4,711
APOC1,SERPINA1,758
APOC2,APOC3,999
APOC2,APOC4,987
APOC2,APOD,754
APOC2,APOE,999
APOC2,APOF,811
APOC2,APOH,946
APOC2,APOL1,907
APOC2,APOM,943
APOC2,APP,772
APOC2,CETP,929
APOC2,CLU,955
APOC2,HPR,820
APOC2,LCAT,934
APOC2,LPA,890
APOC2,LPL,998
APOC2,PCYOX1,774
APOC2,PEPD,795
APOC2,PLTP,883
APOC2,PON1,884
APOC2,SAA1,836
APOC2,SAA2,733
APOC2,SAA4,756
APOC2,SERPINA1,708
APOC3,APOC4,929
APOC3,APOD,777
APOC3,APOE,999
APOC3,APOF,892
APOC3,APOH,987
APOC3,APOL1,924
APOC3,APOM,955
APOC3,APP,766
APOC3,CETP,977
APOC3,CLU,921
APOC3,F2,889
APOC3,FGA,822
APOC3,FGB,756
APOC3,FGG,779
APOC3,HPR,851
APOC3,LCAT,958
APOC3,LPA,957
APOC3,LPL,981
APOC3,PCSK9,734
APOC3,PCYOX1,823
APOC3,PLTP,884
APOC3,PON1,933
APOC3,SAA1,889
APOC3,SAA2,821
APOC3,SAA4,799
APOC3,SERPINA1,767
APOC3,SERPINA7,710
APOC3,TTR,771
APOC4,APOE,957
APOC4,APOF,865
APOC4,APOH,877
APOC4,APOL1,847
APOC4,APOM,890
APOC4,APP,750
APOC4,CETP,841
APOC4,CLU,816
APOC4,HPR,802
APOC4,LCAT,828
APOC4,LPA,855
APOC4,PCYOX1,825
APOC4,PLTP,840
APOC4,PON1,908
APOC4,SAA4,731
APOD,APOE,936
APOD,APOF,805
APOD,APOH,804
APOD,APOL1,722
APOD,APOM,790
APOD,AZGP1,707
APOD,C1QB,795
APOD,CLU,939
APOD,CSTB,781
APOD,LCAT,859
APOD,PIP,730
APOE,APOF,865
APOE,APOH,921
APOE,APOL1,965
APOE,APOM,941
APOE,APP,999
APOE,BCHE,835
APOE,BGN,723
APOE,C1QB,705
APOE,C3,732
APOE,C9,817
APOE,CD36,795
APOE,CD44,937
APOE,CETP,974
APOE,CFB,700
APOE,CFH,958
APOE,CLU,999
APOE,CST3,850
APOE,FGA,705
APOE,FN1,712
APOE,GPC1,721
APOE,GPX3,715
APOE,HP,811
APOE,HPR,796
APOE,HSP90B1,724
APOE,HSPG2,954
APOE,ICAM1,789
APOE,ITIH3,705
APOE,LCAT,956
APOE,LDLR,839
APOE,LPA,971
APOE,LPL,982
APOE,LRP1,999
APOE,MMP9,769
APOE,PCSK9,729
APOE,PCYOX1,784
APOE,PLTP,968
APOE,PON1,977
APOE,PRNP,717
APOE,SAA1,763
APOE,SAA2,750
APOE,SAA4,703
APOE,SDC1,932
APOE,SDC4,769
APOE,SERPINA1,781
APOE,SERPINA3,916
APOE,SNCA,996
APOE,SORL1,997
APOE,TTR,952
APOE,VCAM1,799
APOE,VDAC1,761
APOE,VTN,989
APOF,APOH,914
APOF,APOL1,929
APOF,APOM,901
APOF,CETP,981
APOF,CLU,891
APOF,HPR,743
APOF,LCAT,754
APOF,LPA,800
APOF,PCYOX1,705
APOF,PLTP,868
APOF,PON1,888
APOF,SAA1,788
APOF,SAA2,785
APOF,SAA4,758
APOH,APOL1,904
APOH,APOM,981
APOH,APP,763
APOH,AZGP1,810
APOH,CETP,817
APOH,CLU,911
APOH,CPB2,747
APOH,F2,984
APOH,FGA,871
APOH,FGB,804
APOH,FGG,910
APOH,GC,766
APOH,HP,736
APOH,HPR,874
APOH,HPX,792
APOH,HRG,862
APOH,ITIH2,867
APOH,ITIH3,777
APOH,ITIH4,851
APOH,LCAT,828
APOH,LDLR,707
APOH,LPA,941
APOH,LPL,923
APOH,ORM1,760
APOH,PCYOX1,781
APOH,PF4,763
APOH,PLG,940
APOH,PLTP,817
APOH,PON1,870
APOH,SAA4,718
APOH,SERPINA1,845
APOH,SERPIND1,806
APOH,SERPINF2,822
APOH,VTN,787
APOL1,APOM,924
APOL1,APP,756
APOL1,CETP,896
APOL1,CLU,923
APOL1,HPR,999
APOL1,INF2,830
APOL1,LCAT,876
APOL1,LPA,814
APOL1,MYH9,898
APOL1,PCYOX1,812
APOL1,PLTP,894
APOL1,PON1,912
APOL1,SAA1,778
APOL1,SAA2,763
APOL1,SAA4,727
APOM,APP,754
APOM,CETP,888
APOM,CLU,927
APOM,F2,778
APOM,HPR,832
APOM,LCAT,885
APOM,LPA,871
APOM,PCYOX1,815
APOM,PLTP,885
APOM,PON1,906
APOM,SAA1,734
APOM,SAA2,778
APOM,SAA4,740
APP,BCHE,727
APP,BGN,738
APP,C3,887
APP,CALR,878
APP,CASP3,908
APP,CD44,823
APP,CETP,761
APP,CLSTN1,847
APP,CLU,998
APP,CST3,927
APP,CTSB,902
APP,ECE1,707
APP,F11,954
APP,FGA,785
APP,FN1,782
APP,GAPDH,980
APP,GNAI2,813
APP,GNB1,932
APP,GRB2,945
APP,HPR,784
APP,HSD17B10,881
APP,HSPA4,849
APP,HSPA8,826
APP,HSPD1,916
APP,HSPG2,841
APP,ITGB1,761
APP,ITM2B,939
APP,KLC1,943
APP,KNG1,732
APP,LCAT,754
APP,LCN2,974
APP,LPA,808
APP,LRP1,983
APP,MAPK1,827
APP,NCSTN,998
APP,PARK7,731
APP,PCYOX1,726
APP,PDIA3,737
APP,PLTP,761
APP,PON1,782
APP,PRNP,998
APP,PRSS3,843
APP,RTN4,739
APP,SERPINA1,764
APP,SERPINA3,800
APP,SNCA,993
APP,SORL1,999
APP,SPON1,986
APP,SRC,864
APP,TGFB1,895
APP,TTR,982
APP,YWHAQ,854
APRT,DCK,950
APRT,GMPR,957
APRT,HPRT1,994
APRT,PDE3A,904
APRT,PDE5A,916
APRT,PNP,996
APRT,PPA2,835
APRT,PRPS1,704
APRT,PRUNE1,819
APRT,TYMP,915
ARCN1,ARF4,750
ARCN1,COPB2,999
ARCN1,COPE,999
ARCN1,COPG1,999
ARCN1,COPZ1,999
ARCN1,RAB1A,706
ARCN1,SEC13,725
ARCN1,SEC22B,731
ARCN1,SEC31A,723
ARCN1,TMED10,923
ARCN1,TMED2,724
ARF4,ASAP1,974
ARF4,COPB2,807
ARF4,COPE,707
ARF4,COPG1,771
ARF4,COPZ1,775
ARF4,RAB1A,760
ARF4,RAB8A,857
ARF4,TMED2,727
ARF6,ASAP1,991
ARF6,ASAP2,966
ARF6,CDC42,740
ARF6,CLTC,868
ARF6,EHD1,782
ARF6,EPS15,740
ARF6,PLEK,756
ARF6,RALA,722
ARF6,RHOA,719
ARF6,SDC1,706
ARF6,SDCBP,764
ARF6,SPAG9,996
ARF6,SRC,735
ARF6,TGOLN2,736
ARG1,SMS,832
ARHGAP1,ARHGDIA,711
ARHGAP1,CDC42,999
ARHGAP1,PLEK,733
ARHGAP1,RHOA,999
ARHGAP1,RHOC,891
ARHGAP1,RHOG,744
ARHGAP1,WAS,759
ARHGAP6,RHOA,797
ARHGDIA,ARHGDIB,907
ARHGDIA,CDC42,999
ARHGDIA,MSN,800
ARHGDIA,RAC2,993
ARHGDIA,RHOA,999
ARHGDIA,RHOC,987
ARHGDIA,RHOG,986
ARHGDIB,CDC42,951
ARHGDIB,RAC2,992
ARHGDIB,RHOA,995
ARHGDIB,RHOC,828
ARHGDIB,RHOG,806
ARL1,RAB6A,801
ARL1,RAB6B,767
ARPC1B,ARPC2,999
ARPC1B,ARPC3,999
ARPC1B,ARPC4,999
ARPC1B,ARPC5,999
ARPC1B,ARPC5L,999
ARPC1B,BRK1,928
ARPC1B,CDC42,792
ARPC1B,CYFIP1,730
ARPC1B,GMFG,927
ARPC1B,MYH9,755
ARPC1B,WAS,995
ARPC1B,WASF2,937
ARPC1B,WIPF1,744
ARPC2,ARPC3,999
ARPC2,ARPC4,999
ARPC2,ARPC5,999
ARPC2,ARPC5L,999
ARPC2,BRK1,959
ARPC2,CAPZA1,711
ARPC2,CAPZA2,813
ARPC2,CAPZB,880
ARPC2,CDC42,820
ARPC2,CFL1,749
ARPC2,CTTN,787
ARPC2,CYFIP1,842
ARPC2,GMFG,878
ARPC2,MYL6,823
ARPC2,TPM3,705
ARPC2,VCL,741
ARPC2,WAS,997
ARPC2,WASF2,957
ARPC2,WIPF1,715
ARPC3,ARPC4,999
ARPC3,ARPC5,999
ARPC3,ARPC5L,999
ARPC3,BRK1,965
ARPC3,CAPZA2,803
ARPC3,CAPZB,863
ARPC3,CDC42,841
ARPC3,CTTN,806
ARPC3,CYFIP1,838
ARPC3,GMFG,831
ARPC3,WAS,998
ARPC3,WASF2,946
ARPC3,WIPF1,727
ARPC4,ARPC5,999
ARPC4,ARPC5L,999
ARPC4,BRK1,955
ARPC4,CDC42,745
ARPC4,CYFIP1,715
ARPC4,GMFG,819
ARPC4,WAS,981
ARPC4,WASF2,921
ARPC5,ARPC5L,947
ARPC5,BRK1,944
ARPC5,CDC42,805
ARPC5,CYFIP1,771
ARPC5,GMFG,863
ARPC5,WAS,993
ARPC5,WASF2,943
ARPC5,WIPF1,713
ARPC5L,BRK1,933
ARPC5L,CYFIP1,708
ARPC5L,WAS,955
ARPC5L,WASF2,915
ASAH1,PSAP,928
ASAP1,ASAP2,907
ASAP1,CRKL,826
ASAP1,CTTN,964
ASAP1,GRB2,843
ASAP1,PLEK,719
ASAP1,RAB8A,732
ASAP1,SRC,976
ASPN,CILP,880
ASPN,COL1A1,719
ASPN,OGN,916
ASPN,OMD,835
ASPN,POSTN,830
ASPN,TGFB1,917
ASPN,THBS2,742
ATG3,PDCD6IP,722
ATP1A1,MAPK1,943
ATP1A1,TPT1,729
ATP2A3,HRC,916
ATP2A3,STIM1,757
ATP5F1A,ATP5F1B,999
ATP5F1A,ATP5F1D,999
ATP5F1A,ATP5ME,999
ATP5F1A,ATP5MG,999
ATP5F1A,ATP5PD,999
ATP5F1A,CNST,847
ATP5F1A,COX4I1,922
ATP5F1A,COX5A,979
ATP5F1A,COX5B,922
ATP5F1A,CYC1,991
ATP5F1A,DLD,917
ATP5F1A,DLST,894
ATP5F1A,EEF2,850
ATP5F1A,ENO1,828
ATP5F1A,ENO2,731
ATP5F1A,ETFA,786
ATP5F1A,GAPDH,785
ATP5F1A,HPRT1,845
ATP5F1A,HSP90AB1,706
ATP5F1A,HSPA9,871
ATP5F1A,HSPD1,823
ATP5F1A,MDH2,954
ATP5F1A,MT-CO2,719
ATP5F1A,NDUFA4,725
ATP5F1A,NDUFA5,724
ATP5F1A,NDUFS3,932
ATP5F1A,NDUFS8,801
ATP5F1A,PDHB,810
ATP5F1A,PPA2,857
ATP5F1A,RPLP0,913
ATP5F1A,SLC25A3,977
ATP5F1A,UQCRB,777
ATP5F1A,UQCRC1,970
ATP5F1A,UQCRC2,986
ATP5F1A,UQCRFS1,950
ATP5F1A,VDAC1,889
ATP5F1A,VDAC2,715
ATP5F1A,VDAC3,738
ATP5F1B,ATP5F1D,999
ATP5F1B,ATP5ME,999
ATP5F1B,ATP5MG,999
ATP5F1B,ATP5PD,999
ATP5F1B,ATP6V1G1,916
ATP5F1B,COX4I1,952
ATP5F1B,COX5A,952
ATP5F1B,COX5B,886
ATP5F1B,CYC1,976
ATP5F1B,GAPDH,759
ATP5F1B,HSP90AB1,756
ATP5F1B,HSPA9,863
ATP5F1B,HSPD1,821
ATP5F1B,MDH2,921
ATP5F1B,NDUFS3,864
ATP5F1B,NDUFS8,737
ATP5F1B,P4HB,731
ATP5F1B,PDHB,755
ATP5F1B,PPA2,798
ATP5F1B,PTGES3,773
ATP5F1B,SLC25A3,964
ATP5F1B,UQCRC1,969
ATP5F1B,UQCRC2,942
ATP5F1B,UQCRFS1,914
ATP5F1B,VDAC1,888
ATP5F1B,VDAC2,758
ATP5F1B,VDAC3,741
ATP5F1D,ATP5ME,999
ATP5F1D,ATP5MG,999
ATP5F1D,ATP5PD,999
ATP5F1D,C1orf198,880
ATP5F1D,CNST,849
ATP5F1D,COX4I1,933
ATP5F1D,COX5A,980
ATP5F1D,COX5B,975
ATP5F1D,COX6B1,814
ATP5F1D,CYC1,991
ATP5F1D,DLST,756
ATP5F1D,HPRT1,793
ATP5F1D,MDH2,853
ATP5F1D,NDUFA5,720
ATP5F1D,NDUFA7,903
ATP5F1D,NDUFB11,936
ATP5F1D,NDUFS3,957
ATP5F1D,NDUFS8,980
ATP5F1D,PPA2,738
ATP5F1D,UQCRB,927
ATP5F1D,UQCRC1,968
ATP5F1D,UQCRC2,824
ATP5F1D,UQCRFS1,968
ATP5ME,ATP5MG,999
ATP5ME,ATP5PD,999
ATP5ME,COX4I1,857
ATP5ME,COX5A,935
ATP5ME,COX5B,916
ATP5ME,COX6B1,759
ATP5ME,COX7A2,876
ATP5ME,NDUFA2,750
ATP5ME,NDUFA4,721
ATP5ME,NDUFA5,944
ATP5ME,NDUFA7,758
ATP5ME,NDUFB11,898
ATP5ME,NDUFS3,840
ATP5ME,NDUFS8,915
ATP5ME,PPA2,717
ATP5ME,UQCRB,842
ATP5ME,UQCRH,871
ATP5MG,ATP5PD,999
ATP5MG,COX4I1,765
ATP5MG,COX5A,912
ATP5MG,COX5B,873
ATP5MG,COX6B1,740
ATP5MG,COX7A2,910
ATP5MG,NDUFA2,844
ATP5MG,NDUFA4,886
ATP5MG,NDUFA5,869
ATP5MG,NDUFA7,853
ATP5MG,NDUFB11,734
ATP5MG,PPA2,708
ATP5MG,UQCRB,929
ATP5MG,UQCRH,889
ATP5PD,C1orf198,836
ATP5PD,COX4I1,952
ATP5PD,COX5A,994
ATP5PD,COX5B,979
ATP5PD,COX6B1,879
ATP5PD,COX7A2,929
ATP5PD,CYC1,770
ATP5PD,MDH2,724
ATP5PD,NDUFA2,978
ATP5PD,NDUFA4,879
ATP5PD,NDUFA5,951
ATP5PD,NDUFA7,913
ATP5PD,NDUFB11,940
ATP5PD,NDUFS3,954
ATP5PD,NDUFS8,820
ATP5PD,PPA2,817
ATP5PD,UQCRB,976
ATP5PD,UQCRC1,863
ATP5PD,UQCRC2,875
ATP5PD,UQCRFS1,892
ATP5PD,UQCRH,911
ATP5PD,VDAC1,735
ATP5PD,VDAC3,734
ATP6AP1,ATP6AP2,999
ATP6AP1,ATP6V0D1,999
ATP6AP1,ATP6V1G1,996
ATP6AP1,CNST,792
ATP6AP1,GDI1,862
ATP6AP1,PRKCB,903
ATP6AP2,ATP6V0D1,999
ATP6AP2,ATP6V1G1,991
ATP6AP2,VMA21,846
ATP6V0D1,ATP6V1G1,999
ATP6V0D1,CNST,974
ATP6V0D1,LAMTOR2,872
ATP6V0D1,VMA21,942
ATP6V1G1,CNST,755
ATP6V1G1,LAMTOR2,714
ATP6V1G1,LAMTOR5,731
ATP6V1G1,PPA2,799
ATRN,DPP4,711
AXL,GAS6,999
AXL,GRB2,931
AXL,HSP90AA1,786
AXL,LRP1,776
AXL,PROS1,997
AXL,SRC,983
AZGP1,GC,823
AZGP1,HP,782
AZGP1,HPX,784
AZGP1,HRG,704
AZGP1,ORM1,787
AZGP1,ORM2,715
AZGP1,PIP,999
B4GAT1,DAG1,720
BABAM1,BABAM2,999
BABAM1,BRCC3,999
BABAM1,PSMD4,776
BABAM1,SHMT2,997
BABAM2,BRCC3,999
BABAM2,SHMT2,998
BABAM2,SUMO2,785
BANF1,EMD,999
BANF1,LMNA,996
BANF1,LMNB1,922
BASP1,MARCKS,946
BAX,BCL2L1,999
BAX,C6,720
BAX,C7,720
BAX,C8A,720
BAX,C8B,724
BAX,C9,720
BAX,CAPN1,916
BAX,CAPN2,912
BAX,CASP3,884
BAX,CD34,766
BAX,CLU,886
BAX,GAPDH,735
BAX,PPIF,931
BAX,VDAC1,983
BAX,YWHAQ,792
BCHE,F2,706
BCHE,PON1,799
BCL2L1,CASP3,950
BCL2L1,CLU,745
BCL2L1,CTSB,938
BCL2L1,CTSC,910
BCL2L1,CTSF,905
BCL2L1,CTSH,908
BCL2L1,CTSL,919
BCL2L1,CTSS,936
BCL2L1,DIABLO,772
BCL2L1,DNM1L,919
BCL2L1,ELOB,892
BCL2L1,ELOC,889
BCL2L1,FIS1,753
BCL2L1,GAPDH,752
BCL2L1,HSP90AA1,727
BCL2L1,HSPA4,730
BCL2L1,MAPK14,762
BCL2L1,PARK7,970
BCL2L1,SNCA,706
BCL2L1,VDAC1,998
BCL2L1,VDAC2,713
BCL2L1,VDAC3,755
BCL2L13,DNM1L,840
BGN,BMP1,725
BGN,CD44,899
BGN,COL12A1,739
BGN,COL18A1,709
BGN,COL1A1,974
BGN,COL6A1,860
BGN,COL6A2,816
BGN,COL6A3,806
BGN,COMP,724
BGN,DAG1,836
BGN,EFEMP2,726
BGN,FBLN2,704
BGN,FBN1,784
BGN,FN1,995
BGN,GPC1,766
BGN,HSPG2,997
BGN,LUM,918
BGN,MFAP2,886
BGN,MMP2,781
BGN,NID1,786
BGN,PCOLCE,829
BGN,POSTN,830
BGN,SDC1,943
BGN,SDC4,732
BGN,SPARC,724
BGN,TGFB1,978
BGN,TGFBI,821
BGN,THBS1,779
BGN,VCAN,951
BGN,VTN,751
BLMH,CASP14,817
BLOC1S1,LAMTOR1,708
BLOC1S1,LAMTOR4,771
BLOC1S1,NAPA,804
BLOC1S1,SNAPIN,999
BLOC1S1,TXNDC5,802
BLVRA,BLVRB,993
BLVRB,CYC1,848
BLVRB,NDUFA2,782
BLVRB,NDUFA5,791
BLVRB,NDUFS3,876
BLVRB,NDUFS8,840
BLVRB,UQCRFS1,862
BMP1,C1R,920
BMP1,C1S,851
BMP1,COL1A1,777
BMP1,FN1,894
BMP1,HSPG2,724
BMP1,PCOLCE,888
BMP1,PLG,841
BMP1,POSTN,983
BPIFA1,BPIFB1,883
BPIFA1,CETP,764
BPIFA1,PLTP,839
BRCC3,PSMA1,741
BRCC3,PSMA3,781
BRCC3,PSMA4,733
BRCC3,PSMA5,731
BRCC3,PSMA6,725
BRCC3,PSMB1,703
BRCC3,PSMB2,804
BRCC3,PSMB4,741
BRCC3,PSMC1,806
BRCC3,PSMC3,721
BRCC3,PSMD13,719
BRCC3,PSMD4,881
BRCC3,SHMT2,999
BRCC3,SUMO2,813
BRK1,CDC42,824
BRK1,CYFIP1,999
BRK1,NCK2,829
BRK1,WAS,937
BRK1,WASF2,999
BSG,CD44,985
BSG,CTSL,706
BSG,DPP4,919
BSG,GP6,853
BSG,HNRNPK,706
BSG,HSPA5,728
BSG,ITGB1,957
BSG,LGALS3,702
BSG,LYVE1,898
BSG,MMP9,771
BSG,NRP1,716
BSG,PPIB,996
BSG,S100A9,700
BSG,SLC2A1,900
BSG,SLC3A2,950
BSG,SPN,953
BST1,PNP,930
BTF3L4,NACA,970
C1QA,C1QB,999
C1QA,C1QBP,800
C1QA,C1QC,999
C1QA,C1R,988
C1QA,C1S,990
C1QA,C2,950
C1QA,C4A,983
C1QA,C4B,972
C1QA,CALR,943
C1QA,CD93,857
C1QA,CFB,795
C1QA,COLEC11,775
C1QA,CSF1R,906
C1QA,CTSS,746
C1QA,FCER1G,792
C1QA,FCGR3A,702
C1QA,FCN1,710
C1QA,ITGB2,736
C1QA,MBL2,852
C1QA,SERPING1,973
C1QA,VSIG4,971
C1QB,C1QBP,752
C1QB,C1QC,999
C1QB,C1R,995
C1QB,C1S,995
C1QB,C2,966
C1QB,C4A,973
C1QB,C4B,969
C1QB,CALR,960
C1QB,CSF1R,779
C1QB,CSTB,771
C1QB,CTSS,732
C1QB,FCER1G,718
C1QB,ITGB2,708
C1QB,MASP2,848
C1QB,PTX3,914
C1QB,SERPING1,980
C1QB,VSIG4,961
C1QBP,CALR,751
C1QBP,CD93,745
C1QBP,EMD,836
C1QBP,F12,966
C1QBP,KNG1,998
C1QBP,SERPING1,800
C1QBP,VTN,959
C1QC,C1R,993
C1QC,C1S,992
C1QC,C2,944
C1QC,C4A,972
C1QC,C4B,967
C1QC,CALR,908
C1QC,COLEC11,727
C1QC,CSF1R,809
C1QC,SERPING1,959
C1QC,VSIG4,943
C1R,C1S,999
C1R,C2,953
C1R,C3,935
C1R,C4A,991
C1R,C4B,991
C1R,C8G,717
C1R,CFH,844
C1R,CFP,763
C1R,COLEC11,850
C1R,FCN1,809
C1R,FCN2,827
C1R,FCN3,788
C1R,MASP1,769
C1R,MBL2,897
C1R,SERPING1,999
C1S,C2,950
C1S,C3,908
C1S,C4A,993
C1S,C4B,993
C1S,C4BPA,705
C1S,CFH,744
C1S,CFP,769
C1S,CLU,740
C1S,COLEC11,851
C1S,FCN1,820
C1S,FCN2,835
C1S,FCN3,824
C1S,KNG1,746
C1S,MASP1,851
C1S,MASP2,703
C1S,MBL2,897
C1S,PTX3,811
C1S,SERPING1,999
C1orf198,COX4I1,936
C1orf198,COX5A,995
C1orf198,COX6B1,810
C1orf198,CYC1,980
C1orf198,HSPA9,729
C1orf198,MT-CO2,972
C1orf198,NDUFA2,721
C1orf198,NDUFA5,707
C1orf198,NDUFB11,705
C1orf198,NDUFS3,704
C1orf198,NDUFS8,900
C1orf198,UQCRB,981
C1orf198,UQCRC1,924
C1orf198,UQCRC2,966
C1orf198,UQCRFS1,987
C1orf198,UQCRH,881
C2,C3,978
C2,C4A,953
C2,C4B,975
C2,CD46,751
C2,CD55,916
C2,CFB,710
C2,CFH,876
C2,CFHR1,740
C2,CFHR3,761
C2,CFI,864
C2,MASP2,925
C2,MBL2,946
C2orf88,PRKAR1A,741
C3,C4A,998
C3,C4B,998
C3,C4BPA,817
C3,C8A,816
C3,C8B,736
C3,CD46,999
C3,CD55,999
C3,CD59,841
C3,CFB,999
C3,CFD,998
C3,CFH,999
C3,CFHR1,999
C3,CFHR2,951
C3,CFHR3,991
C3,CFHR4,998
C3,CFHR5,992
C3,CFI,999
C3,CFP,999
C3,CLU,803
C3,COLEC11,802
C3,CP,751
C3,CPB2,807
C3,F10,755
C3,F11,717
C3,F12,748
C3,F2,874
C3,F7,702
C3,FCN1,835
C3,FCN2,860
C3,FCN3,844
C3,GC,768
C3,HP,862
C3,HPX,841
C3,HRG,848
C3,ICAM1,705
C3,ITGB2,998
C3,ITIH4,745
C3,KLKB1,742
C3,KNG1,804
C3,MASP1,936
C3,MASP2,910
C3,MBL2,934
C3,MPO,786
C3,ORM1,775
C3,ORM2,772
C3,PLG,978
C3,PTX3,737
C3,SELP,991
C3,SERPINA1,859
C3,SERPING1,954
C3,TTR,782
C3,VSIG4,999
C3,VTN,790
C4A,C4B,999
C4A,C4BPA,998
C4A,C4BPB,995
C4A,C8A,915
C4A,C8B,805
C4A,CD46,998
C4A,CD55,995
C4A,CD59,712
C4A,CFB,970
C4A,CFH,965
C4A,CFHR1,769
C4A,CFI,945
C4A,CFP,734
C4A,COLEC11,701
C4A,F2,735
C4A,FCN1,744
C4A,FCN2,791
C4A,FCN3,767
C4A,HLA-A,761
C4A,HLA-B,875
C4A,HP,817
C4A,HRG,725
C4A,MASP1,942
C4A,MASP2,997
C4A,MBL2,981
C4A,PLG,722
C4A,PROS1,946
C4A,SERPING1,879
C4A,TNXB,853
C4A,VTN,808
C4B,C4BPA,998
C4B,C4BPB,995
C4B,CD46,998
C4B,CD55,992
C4B,CFB,948
C4B,CFH,951
C4B,CFHR1,774
C4B,CFHR4,723
C4B,CFI,954
C4B,CFP,710
C4B,FCN1,720
C4B,FCN2,772
C4B,FCN3,747
C4B,MASP1,935
C4B,MASP2,994
C4B,MBL2,970
C4B,PROS1,953
C4B,SERPING1,756
C4B,VTN,733
C4BPA,C4BPB,978
C4BPA,CFI,816
C4BPA,PROS1,801
C4BPB,C8A,764
C4BPB,CFHR1,706
C4BPB,CFHR2,743
C4BPB,CFHR3,711
C4BPB,CFHR4,774
C4BPB,CFI,812
C4BPB,PROS1,874
C6,C7,995
C6,C8A,985
C6,C8B,984
C6,C8G,994
C6,C9,996
C6,CD34,722
C6,PPIF,900
C6,VDAC1,901
C7,C8A,984
C7,C8B,991
C7,C8G,994
C7,C9,986
C7,CD34,739
C7,CLU,847
C7,PPIF,900
C7,VDAC1,902
C8A,C8B,999
C8A,C8G,999
C8A,C9,997
C8A,CD34,724
C8A,CD59,742
C8A,FGA,753
C8A,PPIF,900
C8A,VDAC1,903
C8A,VTN,832
C8B,C8G,999
C8B,C9,989
C8B,CD34,720
C8B,CD59,800
C8B,CLU,770
C8B,CPB2,716
C8B,PGM1,702
C8B,PPIF,900
C8B,VDAC1,900
C8B,VTN,732
C8G,C9,990
C8G,LPA,704
C8G,PLG,713
C8G,PTGDS,789
C9,CD34,724
C9,CD59,961
C9,CFI,707
C9,CLU,797
C9,FGA,731
C9,FGB,702
C9,HSPA9,730
C9,PLG,757
C9,PPIF,900
C9,VDAC1,900
C9,VTN,957
CAB39,CAB39L,977
CAB39,STK24,995
CAB39L,STK24,968
CADM1,ICAM1,773
CADM1,ITGB2,816
CADM1,SDCBP,900
CALD1,CD34,728
CALD1,MAPK1,950
CALD1,MYH9,711
CALD1,MYL9,844
CALD1,MYLK,832
CALD1,TPM1,869
CALD1,TPM2,747
CALD1,VCL,771
CALR,CALU,909
CALR,CANX,999
CALR,CD47,774
CALR,CD93,806
CALR,DNAJB11,709
CALR,ERP29,814
CALR,ERP44,744
CALR,FCN2,912
CALR,GANAB,943
CALR,GAPDH,757
CALR,HLA-A,997
CALR,HLA-B,969
CALR,HLA-C,930
CALR,HMGB1,865
CALR,HSP90AA1,968
CALR,HSP90AB1,975
CALR,HSP90B1,999
CALR,HSPA4,955
CALR,HSPA5,995
CALR,HSPA8,718
CALR,HSPA9,770
CALR,HYOU1,947
CALR,LMAN1,792
CALR,LRP1,998
CALR,MBL2,986
CALR,MMP9,753
CALR,P4HB,994
CALR,PDIA3,999
CALR,PDIA4,973
CALR,PDIA6,937
CALR,PPIB,987
CALR,PRKCSH,915
CALR,SEC22B,877
CALR,STX4,822
CALR,THBS1,988
CALR,VCP,712
CALR,VDAC1,703
CALR,VWF,710
CALU,HSP90B1,773
CALU,HSPA5,864
CALU,P4HB,872
CALU,PDIA3,754
CAMK1,MPP1,710
CAMP,ELANE,991
CAMP,GAPDH,961
CAMP,HLA-DRA,916
CAMP,HMGB1,882
CAMP,LCN2,846
CAMP,MMP9,789
CAMP,MPO,982
CAMP,S100A7,724
CANX,CD63,843
CANX,CD9,759
CANX,CISD2,706
CANX,DNAJB11,756
CANX,ERP29,744
CANX,ERP44,790
CANX,GANAB,953
CANX,GAPDH,828
CANX,HLA-A,736
CANX,HLA-B,705
CANX,HSP90AA1,848
CANX,HSP90AB1,886
CANX,HSP90B1,990
CANX,HSPA4,882
CANX,HSPA5,998
CANX,HSPA9,871
CANX,HYOU1,869
CANX,LAMP1,831
CANX,LMAN1,897
CANX,NCSTN,754
CANX,P4HB,966
CANX,PDIA3,999
CANX,PDIA4,931
CANX,PDIA6,725
CANX,PPIB,943
CANX,PRKCSH,911
CANX,SEC13,757
CANX,SEC22B,703
CANX,SEC31A,761
CANX,SERPINA1,772
CANX,STIM1,754
CANX,TMX1,872
CANX,TSG101,845
CANX,VCP,967
CANX,VDAC1,863
CAP1,CAPZB,730
CAP1,CFL1,978
CAP1,DBN1,801
CAP1,DBNL,818
CAP1,PFN1,909
CAP1,RETN,963
CAP1,TWF2,918
CAP1,WDR1,799
CAPN1,CAPN2,978
CAPN1,CAPNS1,999
CAPN1,CASP3,790
CAPN1,FKBP2,766
CAPN1,FTH1,768
CAPN1,SPTAN1,786
CAPN1,TLN1,770
CAPN2,CAPNS1,999
CAPN2,CASP3,758
CAPN2,SPTAN1,762
CAPN2,SRC,719
CAPN2,TLN1,971
CAPNS1,CASP3,735
CAPNS1,UQCRC1,749
CAPRIN1,EIF4A1,760
CAPRIN1,EIF4E,795
CAPZA1,CAPZA2,997
CAPZA1,CAPZB,999
CAPZA1,CFL1,720
CAPZA1,DCTN1,994
CAPZA1,DCTN2,995
CAPZA1,DCTN3,952
CAPZA1,DYNLRB1,858
CAPZA1,MTPN,962
CAPZA1,PDHB,766
CAPZA1,PFN1,724
CAPZA1,PLEKHO2,735
CAPZA1,SEPTIN7,776
CAPZA1,TMOD3,822
CAPZA1,TWF2,803
CAPZA2,CAPZB,999
CAPZA2,CFL1,755
CAPZA2,DCTN1,980
CAPZA2,DCTN2,988
CAPZA2,DCTN3,884
CAPZA2,MTPN,899
CAPZA2,PDHB,789
CAPZA2,TMOD3,844
CAPZA2,TWF2,810
CAPZB,CFL1,764
CAPZB,DBN1,829
CAPZB,DCTN1,988
CAPZB,DCTN2,992
CAPZB,DCTN3,950
CAPZB,DYNLRB1,902
CAPZB,MTPN,945
CAPZB,MYH9,791
CAPZB,PLEKHO2,778
CAPZB,RAB7A,778
CAPZB,SPTBN1,774
CAPZB,TWF2,877
CAPZB,WDR1,941
CASP14,CDSN,799
CASP14,FLG,946
CASP14,FLG2,928
CASP14,SERPINB12,731
CASP14,TGM1,719
CASP14,TGM3,780
CASP3,CDC42,703
CASP3,CDH1,956
CASP3,COX4I1,796
CASP3,CTTN,714
CASP3,DBNL,822
CASP3,DIABLO,851
CASP3,DSG1,797
CASP3,DSP,806
CASP3,GAPDH,890
CASP3,GPX3,741
CASP3,HMGB1,755
CASP3,HSP90AA1,878
CASP3,HSP90AB1,858
CASP3,HSPA4,906
CASP3,HSPA5,793
CASP3,HSPB1,867
CASP3,HSPD1,806
CASP3,MAPK1,961
CASP3,MAPK14,817
CASP3,MMP2,713
CASP3,MMP9,806
CASP3,PECAM1,705
CASP3,PKP1,758
CASP3,PRKCB,931
CASP3,SPTA1,913
CASP3,SPTAN1,972
CASP3,STK24,790
CASP3,STK4,950
CASP3,TGFB1,706
CASP3,TJP2,806
CASP3,VDAC1,725
CASP3,VIM,908
CASP3,YWHAE,710
CASS4,SORL1,742
CBR1,PTGES3,939
CCL5,CD44,818
CCL5,CSF1,732
CCL5,CSF1R,844
CCL5,CXCL12,999
CCL5,FCGR3A,703
CCL5,GNB1,800
CCL5,ICAM1,805
CCL5,ITGB2,747
CCL5,ITIH4,827
CCL5,LGALS3,753
CCL5,MIF,756
CCL5,MMP9,813
CCL5,PF4,999
CCL5,PF4V1,929
CCL5,PPBP,998
CCL5,PTPRC,721
CCL5,SDC1,708
CCL5,SDC4,814
CCL5,SELP,775
CCL5,SERPINE1,726
CCL5,SRC,810
CCL5,TIMP1,740
CCL5,VCAM1,739
CCS,SOD3,917
CCT2,CCT4,999
CCT2,CCT5,999
CCT2,CCT6A,999
CCT2,CCT7,999
CCT2,CDC37,932
CCT2,DNAJB11,826
CCT2,EEF1B2,778
CCT2,EEF1G,827
CCT2,EEF2,802
CCT2,EIF2S1,939
CCT2,EIF3I,848
CCT2,HSP90AA1,876
CCT2,HSP90AB1,970
CCT2,HSP90B1,744
CCT2,HSPA4,844
CCT2,HSPA5,728
CCT2,HSPA8,942
CCT2,HSPA9,768
CCT2,HSPE1,894
CCT2,KPNB1,741
CCT2,NME2,723
CCT2,PFDN1,972
CCT2,PFDN2,969
CCT2,PFDN4,965
CCT2,PFDN5,980
CCT2,PFDN6,956
CCT2,PSMA1,722
CCT2,PSMA2,740
CCT2,PSMA3,850
CCT2,PSMA4,731
CCT2,PSMA5,818
CCT2,PSMA6,720
CCT2,PSMA7,754
CCT2,PSMD14,792
CCT2,PTGES3,958
CCT2,RAN,838
CCT2,RPLP0,768
CCT2,RUVBL1,839
CCT2,RUVBL2,716
CCT2,STIP1,962
CCT2,STK24,994
CCT2,TCP1,999
CCT2,TUBA1A,837
CCT2,TUBA1C,864
CCT2,TUBB,973
CCT2,TUBB4B,757
CCT2,VBP1,974
CCT4,CCT5,999
CCT4,CCT6A,999
CCT4,CCT7,999
CCT4,CD36,795
CCT4,CDC37,937
CCT4,DCTN1,753
CCT4,DNAJB11,824
CCT4,EEF1B2,786
CCT4,EEF1G,730
CCT4,EEF2,744
CCT4,EIF2S1,793
CCT4,EIF3I,819
CCT4,GLRX3,708
CCT4,HSP90AA1,783
CCT4,HSP90AB1,946
CCT4,HSPA4,849
CCT4,HSPA8,929
CCT4,HSPA9,731
CCT4,HSPE1,893
CCT4,KPNB1,721
CCT4,PFDN1,975
CCT4,PFDN2,974
CCT4,PFDN4,974
CCT4,PFDN5,995
CCT4,PFDN6,980
CCT4,PSMA1,771
CCT4,PSMA2,843
CCT4,PSMA3,802
CCT4,PSMA5,855
CCT4,PSMA6,766
CCT4,PSMA7,827
CCT4,PSMD14,793
CCT4,PTGES3,945
CCT4,RAN,808
CCT4,RPLP0,826
CCT4,RPS12,713
CCT4,RUVBL1,841
CCT4,RUVBL2,746
CCT4,SLC25A3,825
CCT4,STIP1,953
CCT4,STK24,994
CCT4,TCP1,999
CCT4,TUBA1A,733
CCT4,TUBA1C,713
CCT4,TUBA4A,704
CCT4,TUBB,928
CCT4,TUBB4B,751
CCT4,VBP1,972
CCT5,CCT6A,999
CCT5,CCT7,999
CCT5,CDC37,928
CCT5,DDB1,841
CCT5,DNAJB11,857
CCT5,EIF2S1,866
CCT5,EIF3I,784
CCT5,GNB1,997
CCT5,HSP90AA1,868
CCT5,HSP90AB1,959
CCT5,HSPA4,799
CCT5,HSPA5,727
CCT5,HSPA8,948
CCT5,HSPE1,875
CCT5,KPNB1,732
CCT5,PFDN1,945
CCT5,PFDN2,965
CCT5,PFDN4,965
CCT5,PFDN5,965
CCT5,PFDN6,955
CCT5,PSMA2,737
CCT5,PSMA3,806
CCT5,PSMA5,727
CCT5,PSMA6,737
CCT5,PSMA7,774
CCT5,PSMD14,759
CCT5,PTGES3,938
CCT5,RAN,825
CCT5,RPLP0,716
CCT5,RUVBL1,864
CCT5,RUVBL2,705
CCT5,STIP1,978
CCT5,STK24,994
CCT5,TCP1,999
CCT5,TUBA1A,731
CCT5,TUBB,866
CCT5,TUBB4B,722
CCT5,VBP1,962
CCT5,VCP,747
CCT6A,CCT7,999
CCT6A,CDC37,931
CCT6A,DNAJB11,830
CCT6A,EIF2S1,836
CCT6A,HSP90AA1,839
CCT6A,HSP90AB1,924
CCT6A,HSPA4,761
CCT6A,HSPA8,872
CCT6A,HSPA9,752
CCT6A,HSPD1,871
CCT6A,HSPE1,880
CCT6A,PFDN1,958
CCT6A,PFDN2,977
CCT6A,PFDN4,931
CCT6A,PFDN5,990
CCT6A,PFDN6,970
CCT6A,PSMD14,747
CCT6A,PTGES3,947
CCT6A,RAN,795
CCT6A,RUVBL1,751
CCT6A,STIP1,931
CCT6A,STK24,994
CCT6A,STRN,716
CCT6A,TCP1,999
CCT6A,TUBA1A,710
CCT6A,TUBA1C,808
CCT6A,TUBB,930
CCT6A,VBP1,975
CCT6A,VDAC1,828
CCT7,CDC37,931
CCT7,DNAJB11,814
CCT7,EIF2S1,763
CCT7,EIF3I,833
CCT7,HSP90AA1,849
CCT7,HSP90AB1,956
CCT7,HSPA4,772
CCT7,HSPA5,783
CCT7,HSPA8,922
CCT7,HSPE1,862
CCT7,KPNB1,769
CCT7,PFDN1,964
CCT7,PFDN2,969
CCT7,PFDN4,971
CCT7,PFDN5,981
CCT7,PFDN6,956
CCT7,PSMA2,768
CCT7,PSMA3,774
CCT7,PSMA5,819
CCT7,PSMA7,753
CCT7,PSMC3,798
CCT7,PSMC5,765
CCT7,PSMD14,746
CCT7,PTGES3,946
CCT7,RAN,726
CCT7,RPLP0,819
CCT7,RPS12,756
CCT7,RUVBL1,880
CCT7,RUVBL2,802
CCT7,STIP1,964
CCT7,STK24,994
CCT7,TCP1,999
CCT7,TUBA1A,854
CCT7,TUBA1C,722
CCT7,TUBB,946
CCT7,TUBB4B,739
CCT7,VBP1,966
CCT7,WDR77,744
CD109,CD9,728
CD109,TGFB1,884
CD14,CSF1R,803
CD14,FCER1G,718
CD14,HSPD1,762
CD14,ITGB2,805
CD14,LBP,991
CD14,S100A8,746
CD14,S100A9,767
CD151,CD44,778
CD151,CD63,939
CD151,CD82,770
CD151,CD9,923
CD151,GP5,994
CD151,HSP90AA1,834
CD151,HSP90AB1,834
CD151,HSPA4,705
CD151,ITGA5,780
CD151,ITGA6,962
CD151,ITGB1,949
CD151,PLEC,988
CD226,FCGR3A,726
CD226,ITGB2,970
CD226,NCAM1,701
CD226,PVR,999
CD248,FN1,968
CD34,CD36,739
CD34,CD44,912
CD34,CD99,852
CD34,CDH5,880
CD34,CRKL,728
CD34,CSF1R,746
CD34,CXCL12,856
CD34,ENG,919
CD34,FCGR3A,816
CD34,FN1,960
CD34,GYPA,793
CD34,ICAM1,844
CD34,ITGA2B,859
CD34,ITGA5,731
CD34,ITGB1,887
CD34,LYVE1,716
CD34,MCAM,789
CD34,MMP9,710
CD34,MPO,735
CD34,NCAM1,821
CD34,PDGFRB,729
CD34,PECAM1,940
CD34,PODXL,805
CD34,PPIF,738
CD34,PSMA7,799
CD34,PTPRC,919
CD34,SELL,999
CD34,SELP,832
CD34,SPN,811
CD34,TFRC,728
CD34,TGFB1,787
CD34,VCAM1,896
CD34,VDAC1,734
CD34,VWF,849
CD36,CD44,714
CD36,CD47,994
CD36,CD9,902
CD36,COL1A1,720
CD36,COMP,953
CD36,FABP5,770
CD36,FCER1G,734
CD36,FCGR3A,928
CD36,FN1,702
CD36,GOT2,860
CD36,GP1BA,702
CD36,GP5,991
CD36,GP6,878
CD36,GP9,859
CD36,GYPA,839
CD36,HMGB1,789
CD36,ICAM1,806
CD36,ITGA2B,952
CD36,ITGAV,875
CD36,ITGB1,864
CD36,ITGB2,809
CD36,ITGB3,861
CD36,LPL,877
CD36,LRP1,742
CD36,LYN,987
CD36,NCAM1,716
CD36,PCSK9,745
CD36,PECAM1,851
CD36,PLIN1,815
CD36,PROCR,832
CD36,PTPRC,770
CD36,S100A9,806
CD36,SELP,861
CD36,SRC,720
CD36,THBS1,999
CD36,THBS2,995
CD36,THBS3,928
CD36,THBS4,960
CD36,VAMP7,703
CD36,VCAM1,771
CD36,VWF,803
CD44,CD47,702
CD44,CD59,737
CD44,CD63,747
CD44,CD9,985
CD44,CDC42,987
CD44,CDH1,927
CD44,CDH2,840
CD44,COL1A1,987
CD44,COL6A1,926
CD44,COL6A2,921
CD44,COL6A3,921
CD44,CXCL12,961
CD44,ENG,896
CD44,FCGR3A,746
CD44,FGFR1,848
CD44,FN1,999
CD44,GAPDH,745
CD44,GPC1,876
CD44,GPNMB,785
CD44,HSP90AA1,779
CD44,HSP90AB1,780
CD44,HSPG2,802
CD44,ICAM1,995
CD44,ICAM2,851
CD44,IGFBP3,739
CD44,ITGA2,727
CD44,ITGA2B,702
CD44,ITGA5,785
CD44,ITGA6,743
CD44,ITGAV,850
CD44,ITGB1,957
CD44,ITGB2,879
CD44,ITGB3,838
CD44,LAMA2,945
CD44,LAMA4,925
CD44,LAMB1,923
CD44,LAMB2,909
CD44,LAMC1,922
CD44,LGALS3,904
CD44,LPL,700
CD44,LYVE1,839
CD44,MCAM,700
CD44,MIF,863
CD44,MMP2,971
CD44,MMP9,998
CD44,MSN,996
CD44,NCAM1,712
CD44,NID1,991
CD44,PDGFRB,825
CD44,PECAM1,949
CD44,PKM,965
CD44,PRG4,796
CD44,PTPRC,931
CD44,RHOA,783
CD44,S100A8,887
CD44,SDC1,927
CD44,SELL,998
CD44,SELP,993
CD44,SLC3A2,764
CD44,SPN,927
CD44,SPP1,999
CD44,SRC,972
CD44,SRGN,966
CD44,TGFB1,747
CD44,THBS1,767
CD44,TIMP1,922
CD44,VCAM1,994
CD44,VCAN,996
CD44,VIM,809
CD44,VTN,863
CD46,CD55,834
CD46,CD59,967
CD46,CD9,744
CD46,CFB,724
CD46,CFHR3,720
CD46,CFHR5,720
CD46,CFI,980
CD46,MSN,985
CD46,SERPING1,755
CD47,CD9,736
CD47,COMP,955
CD47,FN1,703
CD47,GYPA,940
CD47,ITGAV,773
CD47,ITGB1,812
CD47,ITGB2,701
CD47,ITGB3,794
CD47,PECAM1,700
CD47,PTPRC,977
CD47,THBS1,999
CD47,THBS2,978
CD47,THBS3,933
CD47,THBS4,960
CD55,CD59,988
CD55,CFB,801
CD55,CFP,708
CD55,ICAM1,916
CD55,SERPING1,717
CD58,ICAM1,996
CD58,ITGB2,778
CD58,PTPRC,708
CD59,CD9,718
CD59,CFH,830
CD59,CFP,701
CD59,CLU,733
CD59,SERPING1,776
CD59,VTN,809
CD5L,HSPA5,769
CD63,CD82,987
CD63,CD9,994
CD63,ENG,726
CD63,FLOT1,949
CD63,FLOT2,741
CD63,FN1,710
CD63,GAPDH,756
CD63,HSP90AA1,829
CD63,HSP90AB1,829
CD63,HSPA4,981
CD63,HSPA8,774
CD63,ICAM1,775
CD63,ITGA2B,736
CD63,ITGB1,997
CD63,LAMP1,986
CD63,LAMP2,992
CD63,LGALS3,764
CD63,MPO,758
CD63,PDCD6IP,836
CD63,RAB27A,840
CD63,RAB27B,857
CD63,RAB5B,727
CD63,SDCBP,996
CD63,SELP,907
CD63,TFRC,721
CD63,TIMP1,998
CD63,TSG101,998
CD63,TSPAN2,732
CD63,VWF,725
CD82,CD9,983
CD82,TSG101,834
CD9,CDH1,759
CD9,DPP4,882
CD9,FLOT1,871
CD9,FN1,711
CD9,HSP90AA1,871
CD9,HSP90AB1,821
CD9,HSPA4,947
CD9,HSPA8,753
CD9,ICAM1,912
CD9,ITGA2B,814
CD9,ITGA5,826
CD9,ITGA6,871
CD9,ITGAV,718
CD9,ITGB1,989
CD9,ITGB3,806
CD9,LGALS3BP,736
CD9,PDCD6IP,808
CD9,PECAM1,827
CD9,SDCBP,899
CD9,SLC3A2,750
CD9,TFRC,825
CD9,TSG101,995
CD9,TSPAN9,761
CD9,VAMP3,797
CD9,VCAM1,759
CD93,MBL2,810
CD93,PECAM1,792
CD99,ENO2,813
CD99,ICAM1,976
CD99,NCAM1,729
CD99,PECAM1,778
CD99,PTPRC,743
CD99,SPN,725
CDC37,DNAJB11,756
CDC37,HSP90AA1,999
CDC37,HSP90AB1,999
CDC37,HSP90B1,973
CDC37,HSPA4,995
CDC37,HSPA8,902
CDC37,PTGES3,997
CDC37,RUVBL1,736
CDC37,RUVBL2,732
CDC37,SRC,899
CDC37,STIP1,995
CDC37,TCP1,929
CDC42,CDC42BPB,923
CDC42,CDH1,861
CDC42,CDH2,855
CDC42,CFL1,930
CDC42,CLIP1,979
CDC42,CTTN,938
CDC42,CYFIP1,809
CDC42,DIAPH1,776
CDC42,FLNA,976
CDC42,FN1,743
CDC42,GDI1,791
CDC42,GNB1,782
CDC42,GRB2,922
CDC42,ILK,847
CDC42,INF2,853
CDC42,IQGAP2,999
CDC42,ITGB1,769
CDC42,LYN,731
CDC42,MAPK14,968
CDC42,MMP9,726
CDC42,MSN,769
CDC42,MYL6,907
CDC42,MYL9,726
CDC42,PARVB,739
CDC42,PFN1,868
CDC42,PLEK,847
CDC42,PPP1R12A,780
CDC42,RAC2,943
CDC42,RAP1B,765
CDC42,RHOA,955
CDC42,RHOC,886
CDC42,SRC,991
CDC42,STK24,948
CDC42,SYK,768
CDC42,TFRC,738
CDC42,TLN1,789
CDC42,TUBA1A,934
CDC42,TUBA1C,936
CDC42,TUBA4A,931
CDC42,TUBA8,925
CDC42,VASP,991
CDC42,VCL,739
CDC42,WAS,999
CDC42,WASF2,934
CDC42,WIPF1,989
CDC42,YWHAZ,754
CDH1,CDH11,774
CDH1,CDH2,995
CDH1,CDH5,985
CDH1,CORO1C,781
CDH1,CTTN,831
CDH1,CXCL12,726
CDH1,DSP,761
CDH1,ETF1,800
CDH1,F11R,921
CDH1,FGFR1,885
CDH1,FLOT1,926
CDH1,FLOT2,951
CDH1,FN1,873
CDH1,GAPDH,855
CDH1,ITGA6,844
CDH1,ITGB1,856
CDH1,JUP,999
CDH1,KRT19,747
CDH1,KRT8,826
CDH1,MMP2,791
CDH1,MMP9,957
CDH1,NCSTN,806
CDH1,RHOA,751
CDH1,RPL22,813
CDH1,RPLP0,848
CDH1,RPS12,801
CDH1,S100A8,944
CDH1,SRC,988
CDH1,TGFB1,841
CDH1,TJP2,772
CDH1,VCL,996
CDH1,VIM,892
CDH11,CDH13,759
CDH11,CDH2,958
CDH11,CDH6,724
CDH11,JUP,803
CDH2,CDH5,898
CDH2,CDH6,833
CDH2,CTTN,798
CDH2,DSP,823
CDH2,FGFR1,946
CDH2,FN1,860
CDH2,GAPDH,808
CDH2,ITGA5,712
CDH2,ITGB1,818
CDH2,JUP,975
CDH2,MMP2,834
CDH2,MMP9,787
CDH2,NCAM1,967
CDH2,RHOA,779
CDH2,SRC,773
CDH2,TGFB1,738
CDH2,VCL,939
CDH2,VIM,785
CDH5,DSP,867
CDH5,ENG,879
CDH5,ESAM,850
CDH5,F11R,797
CDH5,FN1,704
CDH5,ICAM1,719
CDH5,JUP,893
CDH5,LYVE1,707
CDH5,MCAM,703
CDH5,PECAM1,999
CDH5,PTPRB,982
CDH5,PTPRC,806
CDH5,PTPRJ,811
CDH5,SRC,826
CDH5,VCAM1,806
CDH5,VCL,975
CDH5,VWF,881
CDH5,WARS1,850
CDSN,CSTA,708
CDSN,DSC1,997
CDSN,DSG1,995
CDSN,FLG,737
CDSN,FLG2,790
CDSN,HLA-C,845
CDSN,TGM1,800
CDSN,TGM3,711
CES1,CTSA,723
CES1,ESD,795
CES1,GUSB,981
CES1,MGLL,808
CES1,MPO,939
CETP,CLU,887
CETP,HPR,815
CETP,LCAT,987
CETP,LPA,932
CETP,LPL,940
CETP,PCSK9,782
CETP,PCYOX1,773
CETP,PLTP,851
CETP,PON1,968
CETP,SAA1,783
CETP,SAA2,763
CFB,CFD,997
CFB,CFH,961
CFB,CFHR1,921
CFB,CFHR3,945
CFB,CFHR4,815
CFB,CFHR5,822
CFB,CFI,970
CFB,CFP,992
CFB,SERPINA1,725
CFB,SERPING1,880
CFD,CFP,845
CFD,RETN,905
CFH,CFHR1,910
CFH,CFHR3,876
CFH,CFI,999
CFH,CFP,873
CFH,EFEMP1,786
CFH,F2,703
CFH,F5,736
CFH,FCN1,725
CFH,FCN2,734
CFH,FCN3,749
CFH,HP,727
CFH,HTRA1,781
CFH,KLKB1,789
CFH,MASP1,778
CFH,MASP2,776
CFH,MBL2,839
CFH,PTX3,913
CFH,SERPING1,722
CFH,SPP1,703
CFH,VTN,934
CFHR1,CFHR2,890
CFHR1,CFHR3,898
CFHR1,CFHR5,746
CFHR1,CFI,861
CFHR1,CFP,717
CFHR2,CFHR5,805
CFHR3,CFHR4,752
CFHR3,CFHR5,769
CFHR3,CFI,889
CFHR4,CFHR5,814
CFHR4,CFP,742
CFHR5,CFI,704
CFHR5,F9,810
CFHR5,PTX3,916
CFI,CFP,736
CFI,F2,773
CFI,FCN3,700
CFI,MBL2,811
CFI,SERPIND1,700
CFL1,CORO1A,860
CFL1,CTTN,996
CFL1,DBN1,734
CFL1,ENO1,755
CFL1,FLNA,916
CFL1,GAPDH,772
CFL1,MSN,769
CFL1,MYL6,838
CFL1,PFN1,994
CFL1,RHOA,962
CFL1,RHOC,797
CFL1,ROCK2,876
CFL1,SRC,847
CFL1,TAGLN2,716
CFL1,TMSB4X,737
CFL1,TPI1,755
CFL1,TPM3,750
CFL1,TWF2,760
CFL1,VASP,881
CFL1,VCL,833
CFL1,WAS,888
CFL1,WDR1,994
CFL1,WIPF1,845
CFL1,YWHAE,723
CFL1,YWHAZ,888
CFP,CLU,717
CFP,COMP,748
CFP,FCN1,809
CFP,MASP1,704
CFP,MASP2,707
CFP,MBL2,780
CFP,MPO,718
CFP,SERPING1,774
CHCHD3,DNM1L,736
CHCHD3,HSPA9,841
CHCHD3,NDUFS3,865
CHCHD3,UQCRC2,811
CHGA,ENO2,941
CHGA,NCAM1,830
CHL1,HSPA8,905
CHL1,NRP1,949
CHMP4B,CHMP5,972
CHMP4B,IST1,917
CHMP4B,PDCD6IP,998
CHMP4B,TSG101,968
CHMP4B,VPS37B,937
CHMP4B,VPS4A,952
CHMP4B,VPS4B,936
CHMP4B,VTA1,851
CHMP5,IST1,998
CHMP5,PDCD6IP,806
CHMP5,TSG101,927
CHMP5,VPS37B,800
CHMP5,VPS4A,998
CHMP5,VPS4B,998
CHMP5,VTA1,999
CIAO1,CIAO2A,999
CIAO1,GLRX3,765
CILP,HLA-DRA,811
CLEC11A,CSF1,705
CLEC3B,ENO1,762
CLEC3B,PLG,996
CLEC3B,SELENOP,729
CLIC4,PPM1A,751
CLIP1,DCTN1,999
CLIP1,DCTN2,785
CLIP1,IQGAP2,797
CLIP1,MACF1,776
CLIP1,MAPRE1,989
CLIP1,MAPRE2,747
CLIP1,TUBA1A,972
CLIP1,TUBB,702
CLNS1A,LSM2,869
CLNS1A,LSM3,881
CLNS1A,WDR77,999
CLSTN1,KLC1,981
CLTA,CLTC,999
CLTA,EPS15,835
CLTA,HSPA8,732
CLTC,COPB2,747
CLTC,EPS15,974
CLTC,HSPA4,757
CLTC,HSPA8,883
CLTC,KIF5B,737
CLTC,RAB5C,732
CLTC,SEC31A,808
CLTC,TFRC,840
CLTC,TGOLN2,735
CLTC,TPM3,745
CLTC,TPM4,737
CLTC,VAMP3,762
CLTC,VCL,821
CLU,CP,794
CLU,CST3,766
CLU,FN1,802
CLU,GC,745
CLU,HP,804
CLU,HPR,851
CLU,HPX,743
CLU,HSPA5,874
CLU,LCAT,891
CLU,LPA,806
CLU,LPL,773
CLU,LRP1,715
CLU,LTBP2,704
CLU,MMP9,718
CLU,ORM1,854
CLU,PCYOX1,817
CLU,PLTP,894
CLU,PLXNA4,802
CLU,PON1,996
CLU,PON3,734
CLU,SAA1,720
CLU,SAA2,705
CLU,SAA4,706
CLU,SERPINA1,896
CLU,SERPING1,721
CLU,SNCA,861
CLU,SORL1,862
CLU,SPP1,730
CLU,TGFB1,745
CLU,TTR,885
CLU,VTN,962
CMIP,FLNA,907
CMPK1,DCK,745
CMPK1,ENO1,759
CMPK1,PGD,718
CMPK1,PGM1,706
CMTM5,TREML1,798
CNDP1,CNDP2,964
CNDP2,F13B,713
CNDP2,PEPD,720
CNN2,VCL,711
CNN2,ZYX,759
CNPY2,PSAP,752
CNST,PPP1CA,785
COL12A1,COL14A1,772
COL12A1,COL1A1,836
COL12A1,COL6A1,781
COL12A1,COL6A2,793
COL12A1,COL6A3,788
COL12A1,LAMA2,767
COL12A1,LAMB1,715
COL12A1,LAMC1,721
COL12A1,LUM,769
COL12A1,MMP2,763
COL12A1,THBS2,733
COL14A1,COL15A1,779
COL14A1,COL1A1,783
COL14A1,COL6A1,768
COL14A1,COL6A2,799
COL14A1,FN1,740
COL14A1,LUM,726
COL14A1,MFAP4,710
COL14A1,MMP9,854
COL14A1,OGN,782
COL15A1,COL18A1,904
COL15A1,COL1A1,713
COL15A1,COL6A1,760
COL15A1,COL6A2,777
COL15A1,GPC1,760
COL18A1,COL1A1,724
COL18A1,COL6A1,848
COL18A1,COL6A2,718
COL18A1,FN1,838
COL18A1,GPC1,968
COL18A1,HSPG2,894
COL18A1,ITGA5,825
COL18A1,ITGAV,713
COL18A1,ITGB1,863
COL18A1,LAMB1,700
COL18A1,LAMC1,793
COL18A1,MMP2,960
COL18A1,MMP9,920
COL18A1,PLG,889
COL18A1,SPARC,757
COL18A1,THBS1,864
COL18A1,VTN,752
COL1A1,COL6A1,969
COL1A1,COL6A2,954
COL1A1,COL6A3,974
COL1A1,FBN1,929
COL1A1,FN1,974
COL1A1,GAPDH,740
COL1A1,GP6,943
COL1A1,IGFBP3,750
COL1A1,ITGA2,983
COL1A1,ITGA2B,718
COL1A1,ITGA5,944
COL1A1,ITGA6,771
COL1A1,ITGAV,874
COL1A1,ITGB1,984
COL1A1,ITGB3,932
COL1A1,LAMB1,734
COL1A1,LAMC1,770
COL1A1,LUM,981
COL1A1,MMP2,828
COL1A1,MMP9,840
COL1A1,NID1,739
COL1A1,P3H1,945
COL1A1,P4HB,763
COL1A1,PCOLCE,813
COL1A1,PDGFRB,831
COL1A1,POSTN,903
COL1A1,PPIB,893
COL1A1,SDC1,815
COL1A1,SDC4,745
COL1A1,SPARC,968
COL1A1,SPP1,747
COL1A1,TGFB1,802
COL1A1,TGFBI,716
COL1A1,THBS1,896
COL1A1,THBS2,828
COL1A1,TIMP1,842
COL1A1,VIM,778
COL1A1,VWF,877
COL6A1,COL6A2,998
COL6A1,COL6A3,994
COL6A1,FBLN1,738
COL6A1,FBN1,743
COL6A1,FN1,780
COL6A1,GP6,931
COL6A1,ITGA2,857
COL6A1,ITGA5,922
COL6A1,ITGA6,771
COL6A1,ITGAV,885
COL6A1,ITGB1,776
COL6A1,ITGB3,844
COL6A1,LAMA2,762
COL6A1,LAMA4,743
COL6A1,LAMB1,843
COL6A1,NID1,709
COL6A1,P3H1,744
COL6A1,PCOLCE,779
COL6A1,SDC4,714
COL6A1,THBS1,778
COL6A1,THBS2,756
COL6A1,THBS4,819
COL6A1,TNXB,725
COL6A2,COL6A3,994
COL6A2,FBN1,750
COL6A2,FN1,802
COL6A2,GP6,912
COL6A2,ITGA2,818
COL6A2,ITGA2B,711
COL6A2,ITGA5,892
COL6A2,ITGA6,781
COL6A2,ITGAV,758
COL6A2,ITGB1,817
COL6A2,ITGB3,831
COL6A2,LAMB1,842
COL6A2,LUM,702
COL6A2,NID1,716
COL6A2,PCOLCE,833
COL6A2,SDC1,701
COL6A2,SDC4,702
COL6A2,THBS1,784
COL6A2,THBS2,754
COL6A3,FBN1,786
COL6A3,FN1,736
COL6A3,GP6,913
COL6A3,ITGA2,781
COL6A3,ITGA5,870
COL6A3,ITGA6,725
COL6A3,ITGAV,743
COL6A3,ITGB1,859
COL6A3,ITGB3,829
COL6A3,LAMB1,760
COL6A3,LUM,853
COL6A3,P3H1,706
COL6A3,POSTN,819
COL6A3,THBS2,799
COLEC10,COLEC11,993
COLEC10,FCN1,809
COLEC10,FCN2,950
COLEC10,FCN3,940
COLEC10,MASP1,943
COLEC10,MASP2,965
COLEC10,MBL2,855
COLEC11,FCN1,881
COLEC11,FCN2,874
COLEC11,FCN3,946
COLEC11,MASP1,980
COLEC11,MASP2,968
COLEC11,MBL2,942
COMP,FN1,958
COMP,ITGA2,720
COMP,ITGA2B,902
COMP,ITGA5,710
COMP,ITGAV,911
COMP,ITGB1,923
COMP,ITGB3,945
COMP,PRG4,719
COMP,SDC1,911
COMP,SDC4,918
COMP,THBS4,856
COMT,DBH,979
COPB2,COPE,999
COPB2,COPG1,999
COPB2,COPZ1,999
COPB2,EEF1G,776
COPB2,LMAN1,739
COPB2,MAN2A1,859
COPB2,SEC13,749
COPB2,SEC22B,786
COPB2,TMED10,932
COPB2,TMED9,709
COPE,COPG1,996
COPE,COPZ1,999
COPE,SEC13,912
COPE,TMED10,763
COPG1,COPZ1,998
COPG1,RAB1A,713
COPG1,SEC22B,732
COPG1,TMED10,914
COPS4,COPS5,999
COPS4,COPS6,999
COPS4,COPS7A,999
COPS4,COPS7B,999
COPS4,COPS8,999
COPS4,DDB1,940
COPS4,ELOB,880
COPS4,ELOC,865
COPS4,GRB2,903
COPS4,PSMD14,789
COPS4,PSMD7,758
COPS4,RBX1,993
COPS4,VDAC3,705
COPS5,COPS6,999
COPS5,COPS7A,999
COPS5,COPS7B,999
COPS5,COPS8,999
COPS5,DDB1,963
COPS5,EIF3I,867
COPS5,EIF3J,845
COPS5,EIF3K,924
COPS5,ELOB,873
COPS5,ELOC,960
COPS5,GRB2,917
COPS5,MIF,976
COPS5,PSMC1,795
COPS5,PSMC6,860
COPS5,PSMD13,845
COPS5,PSMD14,799
COPS5,PSMD4,883
COPS5,PSMD7,969
COPS5,PSMD8,713
COPS5,RBX1,983
COPS5,S100A7,864
COPS5,SKP1,880
COPS5,TXNL1,757
COPS5,UCHL3,846
COPS5,USP15,782
COPS5,VCP,725
COPS6,COPS7A,999
COPS6,COPS7B,999
COPS6,COPS8,999
COPS6,DDB1,935
COPS6,ELOB,893
COPS6,ELOC,895
COPS6,GRB2,904
COPS6,PSMC3,721
COPS6,PSMC5,875
COPS6,PSMD13,782
COPS6,PSMD14,750
COPS6,PSMD4,734
COPS6,RBX1,969
COPS7A,COPS7B,987
COPS7A,COPS8,999
COPS7A,DDB1,874
COPS7A,GRB2,900
COPS7A,RBX1,857
COPS7B,COPS8,999
COPS7B,DDB1,867
COPS7B,ELOB,858
COPS7B,ELOC,838
COPS7B,GRB2,901
COPS7B,RBX1,940
COPS8,DDB1,934
COPS8,ELOB,866
COPS8,ELOC,839
COPS8,GRB2,900
COPS8,RBX1,982
COPZ1,SEC22B,720
COPZ1,TMED10,851
CORO1A,CORO1B,813
CORO1A,ITGB2,784
CORO1A,WAS,794
CORO1B,CORO1C,917
CORO1B,CTTN,763
CORO1C,FLOT1,834
CORO1C,FLOT2,745
COX4I1,COX5A,999
COX4I1,COX5B,999
COX4I1,COX6B1,999
COX4I1,COX7A2,993
COX4I1,CYC1,999
COX4I1,DLST,767
COX4I1,ECHS1,746
COX4I1,FIS1,733
COX4I1,GAPDH,776
COX4I1,GPX4,726
COX4I1,HSPD1,808
COX4I1,MT-CO2,999
COX4I1,NDUFA2,981
COX4I1,NDUFA4,990
COX4I1,NDUFA5,962
COX4I1,NDUFA7,926
COX4I1,NDUFB11,977
COX4I1,NDUFS3,993
COX4I1,NDUFS8,980
COX4I1,UQCRB,998
COX4I1,UQCRC1,998
COX4I1,UQCRC2,999
COX4I1,UQCRFS1,999
COX4I1,UQCRH,997
COX4I1,VDAC1,862
COX4I1,VDAC3,724
COX5A,COX5B,999
COX5A,COX6B1,999
COX5A,COX7A2,991
COX5A,CYC1,999
COX5A,ETFA,744
COX5A,MDH2,903
COX5A,MT-CO2,999
COX5A,NDUFA2,972
COX5A,NDUFA4,997
COX5A,NDUFA5,985
COX5A,NDUFA7,959
COX5A,NDUFB11,982
COX5A,NDUFS3,996
COX5A,NDUFS8,994
COX5A,SLC25A3,888
COX5A,UQCRB,999
COX5A,UQCRC1,999
COX5A,UQCRC2,999
COX5A,UQCRFS1,999
COX5A,UQCRH,995
COX5A,VDAC1,820
COX5B,COX6B1,999
COX5B,COX7A2,997
COX5B,CYC1,999
COX5B,HSPA9,925
COX5B,MT-CO2,999
COX5B,NDUFA2,994
COX5B,NDUFA4,995
COX5B,NDUFA5,986
COX5B,NDUFA7,982
COX5B,NDUFB11,988
COX5B,NDUFS3,985
COX5B,NDUFS8,996
COX5B,UQCRB,999
COX5B,UQCRC1,999
COX5B,UQCRC2,999
COX5B,UQCRFS1,999
COX5B,UQCRH,998
COX6B1,COX7A2,998
COX6B1,CYC1,994
COX6B1,MT-CO2,999
COX6B1,NDUFA2,982
COX6B1,NDUFA4,999
COX6B1,NDUFA5,968
COX6B1,NDUFA7,955
COX6B1,NDUFB11,952
COX6B1,NDUFS3,952
COX6B1,NDUFS8,960
COX6B1,UQCRB,999
COX6B1,UQCRC1,989
COX6B1,UQCRC2,997
COX6B1,UQCRFS1,997
COX6B1,UQCRH,992
COX7A2,CYC1,722
COX7A2,MT-CO2,999
COX7A2,NDUFA2,903
COX7A2,NDUFA4,997
COX7A2,NDUFA5,795
COX7A2,UQCRB,855
COX7A2,UQCRC1,833
COX7A2,UQCRC2,855
COX7A2,UQCRFS1,846
COX7A2,UQCRH,926
CP,F2,703
CP,HP,947
CP,HPX,880
CP,MPO,965
CP,ORM1,923
CP,ORM2,908
CP,SERPINA1,944
CP,SERPINA3,822
CP,TTR,827
CPB2,CPN1,811
CPB2,F11,763
CPB2,F2,992
CPB2,F7,763
CPB2,FGG,785
CPB2,HRG,732
CPB2,KNG1,791
CPB2,PLG,984
CPB2,PROC,753
CPB2,PROCR,724
CPB2,SERPIND1,764
CPB2,SERPINE1,774
CPB2,SERPINF1,819
CPB2,SERPINF2,895
CPN1,CPN2,993
CPN1,KNG1,704
CRKL,CSF1R,708
CRKL,FGFR1,896
CRKL,GRB2,921
CRKL,ITGA5,709
CRKL,ITGB1,785
CRKL,LCP2,759
CRKL,LYN,840
CRKL,PDGFRB,836
CRKL,RAP1A,797
CRKL,SRC,957
CRKL,SYK,764
CRKL,VASP,704
CRKL,WAS,875
CRKL,WIPF1,861
CRTAC1,MAPRE2,782
CSF1,CSF1R,999
CSF1,CXCL12,701
CSF1,FGFR1,750
CSF1,GAPDH,743
CSF1,GRB2,785
CSF1,ICAM1,829
CSF1,PDGFRB,909
CSF1,SRC,910
CSF1,TGFB1,776
CSF1R,CTSS,757
CSF1R,CXCL12,879
CSF1R,FCER1G,885
CSF1R,FCGR3A,812
CSF1R,GRAP2,831
CSF1R,GRB2,950
CSF1R,ITGB2,862
CSF1R,LYN,719
CSF1R,PDGFC,756
CSF1R,PECAM1,725
CSF1R,PTPRC,818
CSF1R,SRC,833
CSF1R,VSIG4,859
CSK,DOK2,752
CSK,DOK3,928
CSK,GRB2,791
CSK,LYN,948
CSK,PTPN12,808
CSK,PTPN6,743
CSK,PTPRC,797
CSK,SRC,998
CSK,VCL,826
CSNK2B,PRNP,909
CSPG4,GPC1,725
CSPG4,HSPG2,735
CSPG4,LGALS3,897
CSPG4,PDGFRB,775
CST3,CSTB,855
CST3,CTSB,982
CST3,CTSL,802
CST3,CTSS,951
CST3,ITM2B,896
CST3,LCN2,924
CST3,PTGDS,749
CST3,SERPING1,737
CST3,SPP1,727
CST3,TTR,865
CST6,CTSS,760
CST6,TGM3,867
CSTA,CTSB,998
CSTA,CTSH,964
CSTA,CTSL,992
CSTA,CTSS,921
CSTA,DSG1,729
CSTA,DSP,785
CSTA,TGM1,888
CSTB,CTSB,948
CSTB,CTSH,761
CSTB,CTSL,954
CSTB,CTSS,904
CTSA,CTSB,765
CTSA,CTSS,794
CTSB,CTSL,974
CTSB,CTSS,958
CTSB,LAMP1,812
CTSB,LAMP2,726
CTSB,MMP9,897
CTSB,PLG,724
CTSB,SERPINE1,725
CTSB,VTN,755
CTSC,LMAN1,811
CTSH,CTSL,773
CTSH,SFTPB,715
CTSL,CTSS,910
CTSL,PSAP,720
CTSS,ELANE,878
CTSS,HLA-DRA,745
CTSS,HSPG2,833
CTSS,ITGB2,724
CTSS,LAMP1,739
CTSS,MMP9,874
CTSS,MPO,964
CTSS,PSAP,721
CTSS,PTPRC,762
CTSS,TIMP1,763
CTTN,GNA13,866
CTTN,GRB2,854
CTTN,MYLK,708
CTTN,NEXN,834
CTTN,PFN1,723
CTTN,PLXDC2,765
CTTN,RHOA,839
CTTN,SRC,998
CTTN,SYK,763
CTTN,TJP2,727
CTTN,TLN1,937
CTTN,VASP,936
CTTN,VCL,970
CTTN,WAS,996
CTTN,WASF2,947
CTTN,WIPF1,978
CUTA,HSPE1,787
CXCL12,DPP4,832
CXCL12,FN1,884
CXCL12,HMGB1,984
CXCL12,ITGA5,726
CXCL12,ITGB2,709
CXCL12,ITIH4,811
CXCL12,LGALS3,744
CXCL12,MIF,737
CXCL12,MMP2,762
CXCL12,MMP9,891
CXCL12,PDGFRB,815
CXCL12,PECAM1,745
CXCL12,PF4,999
CXCL12,PF4V1,997
CXCL12,PPBP,999
CXCL12,PTPRC,827
CXCL12,SDC1,702
CXCL12,SELL,720
CXCL12,SELP,749
CXCL12,SRC,789
CXCL12,TGFB1,798
CXCL12,TIMP1,737
CXCL12,VCAM1,864
CYB5B,PGRMC1,766
CYB5B,PGRMC2,724
CYC1,DLST,792
CYC1,HSPA9,753
CYC1,MDH2,885
CYC1,MGLL,824
CYC1,MT-CO2,998
CYC1,NDUFA2,994
CYC1,NDUFA4,789
CYC1,NDUFA5,997
CYC1,NDUFA7,936
CYC1,NDUFB11,961
CYC1,NDUFS3,999
CYC1,NDUFS8,999
CYC1,UQCRB,999
CYC1,UQCRC1,999
CYC1,UQCRC2,999
CYC1,UQCRFS1,999
CYC1,UQCRH,999
CYC1,VDAC1,861
CYFIP1,EIF4E,997
CYFIP1,IGFBP2,841
CYFIP1,NCK2,788
CYFIP1,RAC2,930
CYFIP1,WAS,873
CYFIP1,WASF2,999
DAG1,DPM3,793
DAG1,GRB2,921
DAG1,HSPG2,999
DAG1,LAMA2,999
DAG1,LAMA4,781
DAG1,LAMB1,804
DAG1,LAMB2,763
DAG1,LAMC1,824
DAG1,NID1,788
DAG1,PLEC,849
DAG1,SRC,720
DAG1,UTRN,999
DARS1,SDCBP,784
DBN1,NEXN,708
DBN1,PDLIM7,701
DCK,NDUFS3,714
DCK,NDUFS8,703
DCK,PDE3A,901
DCK,PDIA4,781
DCK,PNP,951
DCTN1,DCTN2,999
DCTN1,DCTN3,999
DCTN1,DYNLL1,943
DCTN1,DYNLRB1,940
DCTN1,HOOK3,756
DCTN1,HSP90AA1,884
DCTN1,KIF2A,851
DCTN1,KIF5B,862
DCTN1,KLC1,820
DCTN1,MAPRE1,997
DCTN1,MSN,718
DCTN1,RAB6A,877
DCTN1,RAB8A,796
DCTN1,SPAG9,725
DCTN1,VAPB,799
DCTN1,VCP,899
DCTN2,DCTN3,999
DCTN2,DYNLL1,915
DCTN2,DYNLRB1,937
DCTN2,HSP90AA1,908
DCTN2,HSP90AB1,777
DCTN2,KIF5B,700
DCTN2,KLC1,718
DCTN2,MAPRE1,744
DCTN3,DYNLL1,862
DCTN3,DYNLRB1,864
DCTN3,HSP90AA1,800
DDB1,ELOB,813
DDB1,ELOC,822
DDB1,GSPT1,920
DDB1,H4C1,820
DDB1,RBX1,999
DDB1,RUVBL1,703
DDB1,SKP1,874
DDB1,UBA1,817
DDB1,UQCRFS1,796
DECR1,ECI1,736
DECR1,GAPDH,726
DEFA1,ELANE,749
DERA,ENO1,853
DERA,ENO2,829
DERA,GAPDH,867
DERA,GPI,905
DERA,LDHA,814
DERA,MINPP1,803
DERA,PDHB,841
DERA,PGAM1,816
DERA,PKM,831
DERA,STRAP,775
DERA,TALDO1,955
DERA,TKT,956
DERA,TPI1,929
DERA,TYMP,959
DIAPH1,PFN1,970
DIAPH1,RHOA,994
DIAPH1,RHOC,973
DLD,DLST,999
DLD,ETFA,833
DLD,GPI,736
DLD,IDH1,777
DLD,MDH2,944
DLD,NDUFS3,784
DLD,PDHB,999
DLD,SHMT2,968
DLD,TCP1,769
DLD,TKT,706
DLD,UQCRC1,831
DLD,UQCRC2,836
DLST,GSR,778
DLST,IDH1,815
DLST,MDH2,861
DLST,NDUFS8,724
DLST,PDHB,974
DLST,UQCRFS1,713
DMTN,SLC4A1,804
DMTN,TMOD3,894
DMTN,YWHAE,774
DNAJB11,ERP29,709
DNAJB11,ERP44,855
DNAJB11,GANAB,850
DNAJB11,HSP90AB1,892
DNAJB11,HSP90B1,999
DNAJB11,HSPA4,843
DNAJB11,HSPA5,997
DNAJB11,HSPA8,923
DNAJB11,HSPA9,749
DNAJB11,HYOU1,976
DNAJB11,MANF,903
DNAJB11,P4HB,840
DNAJB11,PDIA3,817
DNAJB11,PDIA4,986
DNAJB11,PDIA6,959
DNAJB11,PPIB,955
DNAJB11,PTGES3,764
DNAJB11,STIP1,826
DNAJB11,TCP1,825
DNM1L,FIS1,999
DNM1L,HSPA9,795
DNM1L,INF2,758
DNM1L,PARK7,726
DNM1L,SOD2,754
DNM1L,SUMO2,817
DNM1L,VDAC1,768
DOK2,GRB2,724
DOK3,GRB2,862
DPP4,FN1,983
DPP4,IGF2R,945
DPP4,ITGB1,967
DPP4,PLG,904
DPP4,PTPRC,990
DPT,LUM,803
DPT,POSTN,709
DPYSL2,KLC1,726
DPYSL2,PLXNA4,717
DPYSL2,RAB27A,862
DPYSL2,RAB27B,753
DSC1,DSG1,998
DSC1,DSP,959
DSC1,FLG,814
DSC1,FLG2,783
DSC1,JUP,913
DSC1,PKP1,905
DSC3,DSG1,933
DSC3,DSP,946
DSC3,JUP,974
DSC3,KRT5,706
DSC3,PKP1,894
DSG1,DSP,998
DSG1,ERBIN,877
DSG1,FLG,941
DSG1,FLG2,885
DSG1,JUP,981
DSG1,KRT14,717
DSG1,PKP1,994
DSG1,TGM1,780
DSP,FLG,727
DSP,JUP,999
DSP,KRT19,840
DSP,KRT8,869
DSP,LMNA,724
DSP,PKP1,995
DSTN,PFN1,784
DSTN,WDR1,794
DUSP3,MAPK1,979
DUSP3,MAPK14,936
DYNLL1,DYNLRB1,997
DYNLL1,HSP90AA1,879
ECH1,SCP2,818
ECHS1,ECI1,855
ECHS1,ETFA,851
ECHS1,ETFB,855
ECHS1,HSD17B10,996
ECHS1,SCP2,898
ECI1,ETFA,720
ECI1,ETFB,739
ECI1,HSD17B10,729
ECI1,SCP2,837
ECM1,EFEMP1,758
ECM1,FN1,712
ECM1,HSPG2,809
ECM1,MMP9,760
ECM2,OMD,703
EEF1B2,EEF1D,999
EEF1B2,EEF1G,999
EEF1B2,EEF2,937
EEF1B2,EIF3I,962
EEF1B2,EIF3K,704
EEF1B2,EIF4A1,837
EEF1B2,EIF5A,852
EEF1B2,ETF1,702
EEF1B2,NACA,798
EEF1B2,NME2,792
EEF1B2,PFDN5,724
EEF1B2,PSMA1,753
EEF1B2,PSMA2,708
EEF1B2,PSMA3,888
EEF1B2,PSMA4,741
EEF1B2,PSMA5,836
EEF1B2,PSMA6,755
EEF1B2,PSMA7,730
EEF1B2,RAN,759
EEF1B2,RPL22,838
EEF1B2,RPLP0,988
EEF1B2,RPLP1,947
EEF1B2,RPLP2,968
EEF1B2,RPS12,964
EEF1B2,TPT1,994
EEF1D,EEF1G,999
EEF1D,EEF2,842
EEF1D,EIF3K,774
EEF1D,EIF5A,757
EEF1D,RPLP0,849
EEF1D,RPLP1,918
EEF1D,RPLP2,853
EEF1D,RPS12,803
EEF1D,TPT1,950
EEF1G,EEF2,994
EEF1G,EIF3I,877
EEF1G,EIF3K,717
EEF1G,EIF4A1,894
EEF1G,EIF5A,755
EEF1G,GAPDH,805
EEF1G,GPI,791
EEF1G,HSP90AA1,738
EEF1G,HSP90AB1,725
EEF1G,NACA,946
EEF1G,PPA2,783
EEF1G,PSMA3,735
EEF1G,PSMA5,721
EEF1G,RPLP0,996
EEF1G,RPLP1,985
EEF1G,RPLP2,907
EEF1G,RPS12,848
EEF1G,TPT1,993
EEF2,EIF2S1,850
EEF2,EIF3I,779
EEF2,EIF4A1,970
EEF2,EIF4E,837
EEF2,EIF5,860
EEF2,EIF5A,996
EEF2,EIF6,765
EEF2,ENO1,876
EEF2,ETF1,796
EEF2,GAPDH,810
EEF2,HSD17B10,752
EEF2,HSP90AA1,879
EEF2,HSP90AB1,868
EEF2,HSPA5,858
EEF2,HSPA8,841
EEF2,PGK1,839
EEF2,PSMA3,754
EEF2,RPL22,990
EEF2,RPLP0,999
EEF2,RPLP1,985
EEF2,RPLP2,981
EEF2,RPS12,998
EEF2,TALDO1,708
EEF2,TPI1,733
EEF2,TPT1,739
EFEMP1,FBLN1,754
EFEMP1,FBLN2,769
EFEMP1,MFAP4,784
EFEMP2,FBLN5,837
EFEMP2,FBN1,873
EFEMP2,LTBP1,722
EFEMP2,MFAP2,794
EFEMP2,MFAP4,705
EFEMP2,MFAP5,779
EFNB1,NCK2,997
EFNB1,SDCBP,847
EFNB1,SRC,806
EHD1,EHD3,841
EHD1,PACSIN2,907
EHD1,RAB8A,876
EHD1,SNAP29,983
EHD3,PACSIN2,846
EIF2S1,EIF3I,999
EIF2S1,EIF3J,972
EIF2S1,EIF3K,982
EIF2S1,EIF4A1,990
EIF2S1,EIF4E,954
EIF2S1,EIF4G2,705
EIF2S1,EIF5,998
EIF2S1,ETF1,865
EIF2S1,HSP90AA1,755
EIF2S1,HSP90B1,759
EIF2S1,HSPA4,767
EIF2S1,HSPA5,939
EIF2S1,PPP1CA,996
EIF2S1,PPP1CB,949
EIF2S1,PSMA3,734
EIF2S1,PSMA5,802
EIF2S1,PSMC2,755
EIF2S1,PSMD14,999
EIF2S1,RPL22,835
EIF2S1,RPLP0,912
EIF2S1,RPLP1,785
EIF2S1,RPLP2,715
EIF2S1,RPS12,993
EIF2S1,SELENOP,889
EIF2S1,TCP1,800
EIF3I,EIF3J,999
EIF3I,EIF3K,999
EIF3I,EIF4A1,997
EIF3I,EIF4E,753
EIF3I,EIF5,999
EIF3I,EIF6,807
EIF3I,ETF1,839
EIF3I,PSMA1,826
EIF3I,PSMA2,795
EIF3I,PSMA3,805
EIF3I,PSMA5,790
EIF3I,PSMA6,782
EIF3I,PSMA7,779
EIF3I,PSMB7,999
EIF3I,RPLP0,854
EIF3I,RPLP2,759
EIF3I,RPS12,992
EIF3I,SELENOP,905
EIF3I,TPT1,841
EIF3J,EIF3K,999
EIF3J,EIF4A1,931
EIF3J,EIF4G2,707
EIF3J,EIF5,998
EIF3J,EIF6,732
EIF3J,ETF1,750
EIF3J,RPS12,929
EIF3J,SELENOP,897
EIF3K,EIF4A1,901
EIF3K,EIF5,916
EIF3K,RPS12,933
EIF3K,SELENOP,876
EIF4A1,EIF4E,999
EIF4A1,EIF4G2,999
EIF4A1,EIF5,993
EIF4A1,EIF5A,741
EIF4A1,EIF6,843
EIF4A1,ETF1,776
EIF4A1,HSPA8,802
EIF4A1,HSPA9,707
EIF4A1,PKP1,819
EIF4A1,RPLP0,827
EIF4A1,RPLP1,701
EIF4A1,RPS12,921
EIF4A1,TPT1,818
EIF4E,EIF4G2,999
EIF4E,EIF5,987
EIF4E,EIF6,755
EIF4E,FKBP1A,939
EIF4E,LSM1,715
EIF4E,PCBP2,801
EIF4E,RHEB,892
EIF4G2,EIF5,765
EIF5,EIF6,826
EIF5,ETF1,775
EIF5,RPS12,909
EIF5,SELENOP,908
EIF5A,EIF6,769
EIF5A,RAN,774
EIF5A,RPL22,920
EIF5A,RPLP0,954
EIF5A,RPLP1,776
EIF5A,RPS12,800
EIF5A,TPT1,797
EIF6,RPL22,978
EIF6,RPLP0,979
EIF6,RPS12,752
ELANE,F2,855
ELANE,FN1,705
ELANE,HMGB1,869
ELANE,LCN2,774
ELANE,MMP9,973
ELANE,MPO,999
ELANE,SERPINA1,999
ELANE,SERPINA3,745
ELANE,SERPINB1,973
ELANE,SERPINF2,826
ELANE,SERPING1,716
ELANE,TFPI,760
ELANE,THBS1,895
ELOB,ELOC,999
ELOB,NRBP1,799
ELOB,PSMC3,714
ELOB,PSMD14,819
ELOB,RBX1,999
ELOB,SKP1,931
ELOC,NRBP1,813
ELOC,PSMB3,713
ELOC,RBX1,999
ELOC,SKP1,936
ELOC,VBP1,705
EMD,FHL1,709
EMD,LMNA,999
EMD,LMNB1,994
EMD,SPTAN1,729
EMD,VAPB,785
EMD,VMA21,776
ENG,ICAM1,767
ENG,ITGA5,801
ENG,ITGB1,920
ENG,LGALS3,709
ENG,LRG1,931
ENG,MCAM,834
ENG,PECAM1,923
ENG,PTPRC,910
ENG,TFRC,762
ENG,TGFB1,998
ENG,VCAM1,737
ENG,VWF,718
ENO1,ENO2,954
ENO1,FN1,791
ENO1,G6PD,903
ENO1,GAPDH,998
ENO1,GOT2,707
ENO1,GPI,994
ENO1,HLA-DRA,906
ENO1,HSP90AA1,771
ENO1,HSP90AB1,804
ENO1,HSPA4,760
ENO1,HSPA5,726
ENO1,HSPA8,876
ENO1,HSPA9,712
ENO1,HSPE1,710
ENO1,IDH1,765
ENO1,LDHA,924
ENO1,MDH2,759
ENO1,MINPP1,900
ENO1,PFN1,738
ENO1,PGAM1,996
ENO1,PGD,903
ENO1,PGK1,996
ENO1,PGM1,927
ENO1,PKM,997
ENO1,PLG,997
ENO1,PRDX2,760
ENO1,PRDX6,737
ENO1,SELENBP1,751
ENO1,SRC,815
ENO1,TALDO1,968
ENO1,TKT,967
ENO1,TPI1,998
ENO1,TUBA1A,769
ENO1,TUBA4A,702
ENO1,TUBB4B,701
ENO1,VDAC1,747
ENO1,YWHAE,702
ENO1,YWHAZ,794
ENO2,G6PD,863
ENO2,GAPDH,871
ENO2,GPI,976
ENO2,IDH1,707
ENO2,KRT19,791
ENO2,MDH2,700
ENO2,MINPP1,907
ENO2,NCAM1,794
ENO2,PGAM1,989
ENO2,PGK1,962
ENO2,PKM,989
ENO2,TALDO1,907
ENO2,TKT,911
ENO2,TPI1,959
EPS15,GRB2,870
EPS15,RNF11,877
EPS15,SH3GL1,782
EPS15,STON2,999
EPS15,TFRC,709
EPS15,WAS,784
ERAP1,HLA-B,876
ERAP1,HLA-C,887
ERAP1,NUCB2,924
ERBIN,GRB2,749
ERBIN,HSP90AA1,809
ERBIN,LMNB1,820
ERP29,HSP90B1,894
ERP29,HSPA4,750
ERP29,HSPA5,783
ERP29,P4HB,700
ERP29,PDIA3,720
ERP29,PDIA4,765
ERP44,JCHAIN,871
ERP44,LMAN1,903
ERP44,PRDX4,982
ESAM,PECAM1,728
ESAM,SELP,776
ESAM,VCAM1,735
ESAM,VWF,770
ESD,GLO1,904
ESD,HAGH,801
ESD,PGD,728
ESD,PGM1,801
ESYT1,ESYT2,970
ESYT1,STIM1,802
ETF1,GSPT1,999
ETF1,RPL22,909
ETF1,RPLP0,953
ETF1,RPLP2,706
ETF1,RPS12,945
ETFA,ETFB,999
ETFA,GM2A,931
ETFA,MDH2,847
ETFA,NDUFS3,743
ETFA,PDHB,728
ETFA,UQCRC2,757
ETFB,HSD17B10,860
ETFB,MDH2,754
ETFB,NDUFS8,866
F10,F11,756
F10,F12,741
F10,F13B,704
F10,F2,999
F10,F5,995
F10,F7,988
F10,F8,997
F10,F9,953
F10,FGA,752
F10,HRG,775
F10,KLKB1,725
F10,KNG1,717
F10,PLG,720
F10,PROC,707
F10,PROCR,958
F10,SERPINA10,816
F10,SERPINA5,713
F10,SERPIND1,823
F10,TFPI,999
F10,VWF,978
F11,F12,954
F11,F2,767
F11,F5,725
F11,F7,736
F11,F8,966
F11,F9,967
F11,GP1BA,873
F11,KLKB1,792
F11,KNG1,998
F11,PROC,717
F11,SERPIND1,728
F11,SERPING1,759
F11,TFPI,748
F11,VWF,705
F11R,ICAM1,833
F11R,ICAM2,899
F11R,ITGB2,998
F11R,JAM3,970
F11R,PECAM1,932
F11R,RHOA,877
F11R,TJP2,996
F11R,VCAM1,779
F12,F13A1,707
F12,F2,880
F12,F5,735
F12,F7,735
F12,F8,757
F12,F9,737
F12,GP1BA,841
F12,HRG,714
F12,KLKB1,972
F12,KNG1,998
F12,MASP2,716
F12,MBL2,716
F12,PLG,965
F12,PROC,773
F12,SERPINF2,736
F12,SERPING1,987
F13A1,F13B,997
F13A1,F2,954
F13A1,FGA,910
F13A1,FGB,812
F13A1,FGG,812
F13A1,FN1,783
F13A1,VWF,713
F13B,F2,950
F13B,FGA,960
F13B,FGB,905
F13B,FGG,935
F13B,HRG,819
F13B,PROC,872
F13B,SERPIND1,816
F13B,SERPINF2,780
F2,F5,999
F2,F7,926
F2,F8,985
F2,F9,932
F2,FGA,999
F2,FGB,999
F2,FGG,999
F2,FN1,792
F2,GC,792
F2,GP1BA,992
F2,HPX,716
F2,HRG,837
F2,ITGA2B,736
F2,ITIH2,852
F2,KLKB1,710
F2,KNG1,891
F2,LPA,781
F2,MBL2,816
F2,MGP,752
F2,PLG,826
F2,PROC,987
F2,PROCR,819
F2,SERPINA1,790
F2,SERPINA5,996
F2,SERPINA7,753
F2,SERPIND1,999
F2,SERPINE1,839
F2,SERPINF1,804
F2,SERPINF2,928
F2,TFPI,940
F2,TTR,724
F2,VWF,966
F5,F7,797
F5,F8,846
F5,F9,769
F5,KNG1,757
F5,LMAN1,789
F5,MMRN1,822
F5,PROC,940
F5,PROS1,972
F5,SERPINA1,773
F7,F8,969
F7,F9,984
F7,GXYLT1,789
F7,PROC,715
F7,PROCR,915
F7,SERPIND1,757
F7,SERPINE1,774
F7,TFPI,995
F7,VWF,911
F8,F9,997
F8,FN1,975
F8,GP1BA,886
F8,GP1BB,743
F8,GP5,748
F8,GP9,786
F8,LMAN1,939
F8,MBL2,734
F8,PROC,960
F8,PROS1,901
F8,TFPI,702
F8,VWF,999
F9,KLKB1,706
F9,KNG1,783
F9,MBL2,749
F9,PROC,720
F9,TFPI,744
F9,VWF,915
FABP5,GOT2,896
FABP5,NOTCH3,709
FABP5,S100A7,883
FAM3C,HLA-C,755
FAM3C,LAMP1,812
FAP,FN1,705
FAT1,LAMC1,799
FAT1,VASP,951
FBLN1,FBLN2,948
FBLN1,FN1,992
FBLN1,HSPG2,904
FBLN1,MFAP2,839
FBLN1,MFAP4,834
FBLN1,MFAP5,797
FBLN1,NID1,835
FBLN1,VCAN,833
FBLN2,FBLN5,786
FBLN2,FBN1,971
FBLN2,FN1,989
FBLN2,HSPG2,993
FBLN2,MFAP2,816
FBLN2,MFAP4,730
FBLN2,MFAP5,777
FBLN2,NID1,904
FBLN2,NID2,807
FBLN2,POSTN,802
FBLN2,VTN,847
FBLN5,FBN1,922
FBLN5,FN1,865
FBLN5,LTBP2,881
FBLN5,MFAP2,857
FBLN5,MFAP4,842
FBLN5,MFAP5,796
FBN1,FN1,982
FBN1,HSPG2,849
FBN1,ITGA5,775
FBN1,ITGB1,716
FBN1,LAMC1,720
FBN1,LTBP1,989
FBN1,LTBP2,887
FBN1,LUM,972
FBN1,MFAP2,997
FBN1,MFAP4,909
FBN1,MFAP5,976
FBN1,MMP2,817
FBN1,MMP9,746
FBN1,POSTN,785
FBN1,TGFB1,882
FBN1,THBS1,801
FBN1,VCAN,910
FBN1,VTN,806
FCER1G,FCGR2A,907
FCER1G,FCGR3A,999
FCER1G,GP6,999
FCER1G,ITGA2,855
FCER1G,ITGB2,841
FCER1G,LCP2,857
FCER1G,LYN,988
FCER1G,PTPN6,788
FCER1G,PTPRC,724
FCER1G,SRC,717
FCER1G,SYK,999
FCGR2A,FCGR3A,917
FCGR2A,GP6,770
FCGR2A,ITGA2B,706
FCGR2A,ITGB2,813
FCGR2A,LYN,962
FCGR2A,PF4,895
FCGR2A,PF4V1,704
FCGR2A,PTPRC,886
FCGR2A,SELL,730
FCGR2A,SRC,963
FCGR2A,SYK,995
FCGR2A,VWF,743
FCGR3A,GYPA,803
FCGR3A,ICAM1,767
FCGR3A,ITGB2,777
FCGR3A,ITIH4,826
FCGR3A,LAMP1,750
FCGR3A,LYN,958
FCGR3A,MPO,743
FCGR3A,NCAM1,991
FCGR3A,PECAM1,781
FCGR3A,PTPRC,913
FCGR3A,SELL,852
FCGR3A,SHMT2,743
FCGR3A,SRC,766
FCGR3A,SYK,989
FCN1,FCN2,945
FCN1,FCN3,904
FCN1,MASP1,999
FCN1,MASP2,992
FCN1,MBL2,937
FCN1,PTX3,982
FCN2,FCN3,970
FCN2,MASP1,999
FCN2,MASP2,999
FCN2,MBL2,998
FCN2,PTX3,954
FCN3,MASP1,999
FCN3,MASP2,993
FCN3,MBL2,988
FERMT3,FLNA,727
FERMT3,FYB1,750
FERMT3,ILK,799
FERMT3,ITGA2B,963
FERMT3,ITGB1,763
FERMT3,ITGB2,960
FERMT3,ITGB3,992
FERMT3,PLEK,833
FERMT3,RASGRP2,907
FERMT3,TLN1,940
FERMT3,VCL,702
FGA,FGB,999
FGA,FGG,999
FGA,FGL2,781
FGA,FN1,932
FGA,GC,779
FGA,HABP2,848
FGA,HPX,791
FGA,HRG,936
FGA,IGFBP1,706
FGA,ITGA2B,928
FGA,ITGB3,978
FGA,ITIH2,811
FGA,KNG1,908
FGA,LPA,860
FGA,ORM1,747
FGA,ORM2,751
FGA,PF4,745
FGA,PLG,965
FGA,PPBP,727
FGA,PROC,851
FGA,PROS1,764
FGA,SERPINA1,831
FGA,SERPINA10,777
FGA,SERPINA5,738
FGA,SERPINA7,827
FGA,SERPIND1,960
FGA,SERPINF2,967
FGA,THBS1,903
FGA,TTR,773
FGA,VTN,720
FGA,VWF,866
FGB,FGG,999
FGB,FGL2,788
FGB,FN1,922
FGB,GC,931
FGB,HABP2,877
FGB,HLA-DRA,803
FGB,HP,751
FGB,HPX,712
FGB,HRG,851
FGB,ITGA2B,925
FGB,ITGB3,952
FGB,ITIH2,704
FGB,KNG1,864
FGB,LPA,898
FGB,ORM1,818
FGB,PLG,948
FGB,PROC,730
FGB,SERPINA1,810
FGB,SERPINA5,716
FGB,SERPIND1,951
FGB,SERPINE1,751
FGB,SERPINF2,914
FGB,THBS1,801
FGB,VWF,878
FGFR1,FGFR1OP2,886
FGFR1,GRB2,961
FGFR1,HSP90AA1,740
FGFR1,L1CAM,898
FGFR1,LDHA,815
FGFR1,NCAM1,996
FGFR1,NRAS,966
FGFR1,NRP1,826
FGFR1,PDGFC,756
FGFR1,PKM,932
FGFR1,SDC4,887
FGFR1OP2,PDCD10,996
FGFR1OP2,STK24,995
FGFR1OP2,STRN,892
FGG,FGL2,787
FGG,FN1,963
FGG,GC,868
FGG,HABP2,858
FGG,HP,858
FGG,HPX,710
FGG,HRG,874
FGG,ITGA2B,917
FGG,ITGB3,980
FGG,ITIH4,738
FGG,KNG1,917
FGG,ORM1,791
FGG,ORM2,721
FGG,PLG,878
FGG,PROC,754
FGG,SERPINA1,886
FGG,SERPINA5,710
FGG,SERPIND1,960
FGG,SERPINF2,916
FGG,THBS1,795
FGG,VTN,721
FGG,VWF,863
FGL2,FN1,756
FGL2,SERPINF2,756
FGL2,THBS1,778
FIS1,VAPB,792
FIS1,VDAC1,959
FKBP15,VPS29,799
FKBP1A,RHEB,865
FKBP1A,RHOA,704
FKBP1A,TGFB1,873
FKBP2,FTH1,784
FKBP2,PPIB,821
FKBP2,PPIF,750
FLG,FLG2,832
FLG,KRT14,718
FLG,KRT5,738
FLG,PKP1,728
FLG,TGM1,907
FLG,TGM3,757
FLG2,KRT5,725
FLG2,TGM1,819
FLG2,TGM3,777
FLNA,FN1,809
FLNA,GP1BA,999
FLNA,GP1BB,831
FLNA,GP9,710
FLNA,HSP90AB1,842
FLNA,ILK,832
FLNA,ITGA2,733
FLNA,ITGA2B,985
FLNA,ITGA5,789
FLNA,ITGA6,739
FLNA,ITGAV,729
FLNA,ITGB1,993
FLNA,ITGB2,938
FLNA,ITGB3,994
FLNA,MSN,834
FLNA,MYH9,861
FLNA,PFN1,776
FLNA,PLEC,812
FLNA,RALA,930
FLNA,RHOA,933
FLNA,SRC,809
FLNA,TLN1,998
FLNA,VASP,772
FLNA,VCL,998
FLNA,VWF,802
FLNA,WDR1,874
FLNA,ZYX,779
FLOT1,FLOT2,993
FLOT1,SDCBP,730
FLOT1,STOM,915
FLOT1,TSG101,879
FLOT2,STOM,868
FN1,GAPDH,945
FN1,GAS6,730
FN1,GP1BA,841
FN1,GP6,932
FN1,GRB2,744
FN1,HSPA4,718
FN1,HSPG2,996
FN1,ICAM1,904
FN1,IGFBP1,756
FN1,IGFBP3,967
FN1,IGFBP5,812
FN1,ILK,840
FN1,ITGA2,986
FN1,ITGA2B,999
FN1,ITGA5,999
FN1,ITGA6,928
FN1,ITGAV,999
FN1,ITGB1,999
FN1,ITGB2,976
FN1,ITGB3,999
FN1,ITIH4,868
FN1,KNG1,819
FN1,LAMA4,814
FN1,LAMC1,700
FN1,LCN2,964
FN1,LGALS1,878
FN1,LGALS3,985
FN1,LGALS3BP,953
FN1,LPA,764
FN1,LTBP1,949
FN1,LUM,962
FN1,MAPK1,716
FN1,MMP2,756
FN1,MMP9,850
FN1,MSN,739
FN1,NCAM1,748
FN1,NID1,997
FN1,NID2,715
FN1,PDGFRB,765
FN1,PECAM1,748
FN1,PF4,770
FN1,PF4V1,770
FN1,PLG,997
FN1,POSTN,996
FN1,PTPRC,842
FN1,RHOA,734
FN1,SDC1,999
FN1,SDC4,999
FN1,SELP,778
FN1,SERPINA1,825
FN1,SERPINE1,790
FN1,SERPINF1,846
FN1,SERPINF2,953
FN1,SPARC,969
FN1,SPP1,996
FN1,SRC,945
FN1,SYK,709
FN1,TGFB1,969
FN1,TGFBI,995
FN1,THBS1,999
FN1,THBS2,854
FN1,TIMP1,954
FN1,TLN1,992
FN1,TNC,814
FN1,VCAM1,983
FN1,VCAN,866
FN1,VCL,992
FN1,VIM,809
FN1,VTN,999
FN1,VWF,998
FN1,ZYX,730
FST,INHBC,949
FST,SPARC,709
FST,TGFB1,702
FSTL1,SPARC,779
FSTL1,TGFB1,757
FTH1,FTL,999
FTH1,GPX4,774
FTH1,PCBP1,706
FTH1,TFRC,995
FTL,GPX4,744
FTL,TFRC,921
FUCA1,PGD,768
FUCA1,PGM1,830
FYB1,GRAP2,980
FYB1,GRB2,841
FYB1,LCP2,999
FYB1,SKAP2,981
FYB1,VASP,859
G6PD,GAPDH,970
G6PD,GPI,999
G6PD,GPX3,810
G6PD,GSR,932
G6PD,HSPB1,818
G6PD,IDH1,781
G6PD,LDHA,963
G6PD,MINPP1,800
G6PD,PDHB,878
G6PD,PGAM1,914
G6PD,PGD,999
G6PD,PGK1,759
G6PD,PGLS,993
G6PD,PKM,941
G6PD,RPIA,763
G6PD,TALDO1,922
G6PD,TKT,910
G6PD,TPI1,942
GANAB,GNPTG,891
GANAB,HSP90B1,873
GANAB,HSPA5,846
GANAB,HYOU1,830
GANAB,MLEC,808
GANAB,P4HB,832
GANAB,PDIA3,856
GANAB,PDIA4,717
GANAB,PRKCSH,999
GANAB,SND1,719
GAPDH,GOT2,754
GAPDH,GPI,995
GAPDH,GUSB,766
GAPDH,HMGB1,740
GAPDH,HPRT1,894
GAPDH,HSP90AA1,922
GAPDH,HSP90AB1,872
GAPDH,HSPA4,901
GAPDH,HSPA5,806
GAPDH,HSPA8,986
GAPDH,HSPA9,787
GAPDH,HSPD1,792
GAPDH,HSPE1,702
GAPDH,IDH1,704
GAPDH,ITGB1,770
GAPDH,LDHA,967
GAPDH,LMNA,748
GAPDH,LMNB1,791
GAPDH,MAPK1,701
GAPDH,MDH2,862
GAPDH,MMP2,718
GAPDH,MMP9,814
GAPDH,NME1,700
GAPDH,PDHB,815
GAPDH,PDIA3,848
GAPDH,PECAM1,740
GAPDH,PGAM1,928
GAPDH,PGD,751
GAPDH,PGK1,999
GAPDH,PKM,956
GAPDH,PLG,990
GAPDH,PRDX2,765
GAPDH,PTPRC,728
GAPDH,RAB2A,754
GAPDH,RHEB,947
GAPDH,RHOA,803
GAPDH,RPLP0,874
GAPDH,S100A4,702
GAPDH,S100A6,843
GAPDH,S100A8,723
GAPDH,SERPINE1,745
GAPDH,SHMT2,920
GAPDH,SLC2A1,737
GAPDH,SNCA,769
GAPDH,SOD2,740
GAPDH,SPP1,716
GAPDH,SRC,702
GAPDH,TALDO1,986
GAPDH,TFRC,753
GAPDH,TGFB1,811
GAPDH,TKT,978
GAPDH,TPI1,999
GAPDH,TPT1,795
GAPDH,TSG101,781
GAPDH,TUBB,745
GAPDH,VCL,731
GAPDH,VCP,742
GAPDH,VDAC1,915
GAPDH,VIM,769
GAPDH,YWHAE,733
GAPDH,YWHAZ,773
GAS2L1,MAPRE1,826
GAS6,ITGAV,714
GAS6,LGALS3,773
GAS6,PROS1,829
GBP1,HLA-B,735
GBP1,PSMB9,745
GC,GSR,702
GC,HP,906
GC,HPX,827
GC,HRG,706
GC,ORM1,785
GC,ORM2,726
GC,PLG,719
GC,SERPINA1,876
GC,TTR,899
GCA,LCP1,842
GCLM,GGCT,921
GCLM,GOT2,846
GCLM,GPX4,771
GCLM,GSR,799
GCLM,LAP3,903
GDI1,GDI2,924
GDI1,RAB10,964
GDI1,RAB11B,932
GDI1,RAB14,875
GDI1,RAB18,829
GDI1,RAB1A,996
GDI1,RAB1B,982
GDI1,RAB21,768
GDI1,RAB5B,904
GDI1,RAB5C,929
GDI1,RAB6A,955
GDI1,RAB6B,855
GDI1,RAB7A,919
GDI1,RAB8A,982
GDI2,RAB10,958
GDI2,RAB11B,901
GDI2,RAB14,795
GDI2,RAB1A,997
GDI2,RAB1B,985
GDI2,RAB21,721
GDI2,RAB2A,707
GDI2,RAB5B,761
GDI2,RAB5C,940
GDI2,RAB6A,927
GDI2,RAB6B,874
GDI2,RAB7A,918
GDI2,RAB8A,966
GDI2,YWHAE,716
GET3,SGTA,976
GGCT,GOT2,811
GGCT,LAP3,905
GGH,TSG101,711
GLO1,GSR,779
GLO1,HAGH,999
GLO1,NDUFS8,873
GLO1,PGM1,729
GLRX,GLRX3,888
GLRX,GPX3,868
GLRX,GSR,980
GLRX,GSTO1,856
GLRX,MSRA,896
GM2A,HEXB,954
GMPR,HPRT1,943
GMPR,PDE3A,907
GMPR,PDE5A,910
GNA13,GNAQ,893
GNA13,GNB1,991
GNA13,GNB2,879
GNA13,GNB4,874
GNA13,GNG11,717
GNA13,GNG5,778
GNA13,ITGA2B,957
GNA13,ITGB3,994
GNA13,RGS18,771
GNA13,RGS19,769
GNA13,RHOA,991
GNA13,RHOC,701
GNA13,SRC,958
GNA14,GNAQ,719
GNA14,GNB1,848
GNA14,GNB2,844
GNA14,GNB4,846
GNA14,GNG11,726
GNA14,GNG5,735
GNAI2,GNAI3,992
GNAI2,GNAQ,745
GNAI2,GNB1,999
GNAI2,GNB2,982
GNAI2,GNB4,977
GNAI2,GNG11,822
GNAI2,GNG5,928
GNAI2,LYN,919
GNAI2,MAPK1,934
GNAI2,MAPK14,739
GNAI2,NRAS,927
GNAI2,PRKCB,730
GNAI2,RGS18,784
GNAI2,RGS19,893
GNAI2,SRC,920
GNAI3,GNAQ,745
GNAI3,GNB1,999
GNAI3,GNB2,983
GNAI3,GNB4,989
GNAI3,GNG11,885
GNAI3,GNG5,946
GNAI3,LYN,913
GNAI3,MAPK1,934
GNAI3,MAPK14,751
GNAI3,NRAS,927
GNAI3,PSMA5,770
GNAI3,RGS18,834
GNAI3,RGS19,947
GNAI3,SRC,911
GNAQ,GNB1,997
GNAQ,GNB2,882
GNAQ,GNB4,867
GNAQ,GNG11,705
GNAQ,GNG5,756
GNAQ,KALRN,811
GNAQ,KNG1,862
GNAQ,NRAS,974
GNAQ,RGS18,932
GNAQ,RGS19,937
GNAQ,RHOA,973
GNAQ,SRC,860
GNB1,GNB2,939
GNB1,GNB4,791
GNB1,GNG11,998
GNB1,GNG5,999
GNB1,MAPK1,808
GNB1,MAPK14,760
GNB1,NRAS,754
GNB1,PRKCB,796
GNB1,RAC2,726
GNB1,RHOA,874
GNB2,GNB4,732
GNB2,GNG11,808
GNB2,GNG5,999
GNB2,MAPK1,742
GNB2,MAPK14,745
GNB2,PRKCB,704
GNB2,RAC2,717
GNB2,RRAS,710
GNB4,GNG11,999
GNB4,GNG5,999
GNB4,MAPK1,750
GNB4,MAPK14,738
GNB4,NRAS,710
GNB4,PRKCB,705
GNB4,RAC2,743
GNG11,GNG5,836
GNG5,PRKCB,733
GNG5,RAC2,700
GOLGA7,NRAS,932
GOT2,GPI,764
GOT2,IDH1,952
GOT2,LAP3,888
GOT2,LDHA,972
GOT2,MDH2,999
GOT2,MIF,929
GOT2,MPST,957
GOT2,TPI1,770
GOT2,UQCRC1,718
GP1BA,GP1BB,999
GP1BA,GP5,979
GP1BA,GP6,946
GP1BA,GP9,999
GP1BA,ITGA2B,967
GP1BA,ITGB2,978
GP1BA,ITGB3,886
GP1BA,KNG1,794
GP1BA,LYN,946
GP1BA,PF4,721
GP1BA,SELP,999
GP1BA,SRC,747
GP1BA,VWF,999
GP1BA,YWHAZ,979
GP1BB,GP5,996
GP1BB,GP9,999
GP1BB,ITGA2B,830
GP1BB,ITGB3,714
GP1BB,KNG1,720
GP1BB,LYN,942
GP1BB,VWF,998
GP1BB,YWHAZ,970
GP5,GP6,961
GP5,GP9,999
GP5,LYN,907
GP5,VWF,996
GP6,GP9,860
GP6,ITGA2,976
GP6,ITGA2B,940
GP6,ITGB3,724
GP6,LCP2,780
GP6,LGALS3,974
GP6,LYN,997
GP6,MPIG6B,865
GP6,PIP,706
GP6,SELP,908
GP6,SYK,872
GP6,TREML1,881
GP6,VWF,997
GP9,ITGA2B,980
GP9,ITGB3,888
GP9,LYN,919
GP9,PF4,715
GP9,SELP,770
GP9,TREML1,822
GP9,TUBB1,820
GP9,VWF,998
GPC1,HSPG2,894
GPC1,LRP1,722
GPC1,SDC1,996
GPC1,SDC4,977
GPC1,TGFB1,758
GPC1,VCAN,808
GPI,IDH1,740
GPI,LDHA,976
GPI,MDH2,847
GPI,MINPP1,820
GPI,PDHB,981
GPI,PGAM1,969
GPI,PGD,887
GPI,PGK1,971
GPI,PGLS,792
GPI,PGM1,983
GPI,PKM,986
GPI,PPA2,722
GPI,PRDX6,707
GPI,PYGB,816
GPI,PYGL,814
GPI,RPIA,804
GPI,TALDO1,995
GPI,TKT,997
GPI,TPI1,999
GPI,UGP2,781
GPNMB,SDC4,780
GPX3,GPX4,936
GPX3,GSR,996
GPX3,GSTO1,818
GPX3,PON1,745
GPX3,PRDX2,765
GPX3,PRDX4,737
GPX3,PRDX6,967
GPX3,SELENOP,898
GPX3,SOD2,904
GPX3,SOD3,794
GPX4,GSR,980
GPX4,GSTO1,945
GPX4,HSPA5,952
GPX4,PRDX2,702
GPX4,PRDX5,742
GPX4,PRDX6,973
GPX4,SELENOF,746
GPX4,SELENOP,735
GPX4,SLC3A2,741
GPX4,SOD2,814
GPX4,SOD3,713
GRAP2,GRB2,993
GRAP2,LCP2,999
GRAP2,LYN,746
GRAP2,SRC,909
GRAP2,SYK,904
GRB2,HSP90AA1,835
GRB2,IL6ST,956
GRB2,LCP2,999
GRB2,LYN,866
GRB2,MAPK1,920
GRB2,MSN,809
GRB2,NRAS,815
GRB2,NTRK2,969
GRB2,PDGFRB,999
GRB2,PLEK,733
GRB2,PRKAR1A,756
GRB2,PTPN12,940
GRB2,PTPN6,964
GRB2,S100A8,913
GRB2,SRC,999
GRB2,SYK,986
GRB2,TLN1,712
GRB2,UBASH3B,841
GRB2,VCL,795
GRB2,WAS,995
GRB2,WIPF1,992
GRB2,YWHAB,703
GRN,HSPG2,907
GRN,PSAP,856
GRN,VCP,762
GSPT1,RPL22,915
GSPT1,RPLP0,923
GSPT1,RPS12,923
GSR,GSTO1,961
GSR,IDH1,776
GSR,PDHB,842
GSR,PGD,804
GSR,PRDX5,787
GSR,PRDX6,964
GSR,SOD2,814
GSR,TKT,751
GSTK1,GSTO1,711
GSTO1,PRDX6,957
GUSB,HPRT1,753
GUSB,IDS,762
GUSB,IGF2R,744
GUSB,MPO,728
GYG1,PYGB,954
GYG1,PYGL,847
GYG1,UGP2,956
GYPA,ITGA2B,739
GYPA,NCAM1,729
GYPA,PTPRC,734
GYPA,SLC4A1,999
GYPA,SPTA1,865
GYPA,TFRC,782
H1-4,H4C1,929
H4C1,RUVBL1,862
H4C1,RUVBL2,866
H4C1,WDR77,819
HABP2,HRG,775
HABP2,SERPIND1,809
HABP2,SERPINE1,728
HBD,HP,817
HBD,SLC4A1,832
HEG1,PDCD10,773
HEG1,RAP1B,855
HLA-A,HLA-B,999
HLA-A,HLA-C,998
HLA-A,HLA-DRA,950
HLA-A,PDIA3,993
HLA-A,PSMB8,847
HLA-A,PSMB9,773
HLA-B,HLA-C,998
HLA-B,HLA-DRA,975
HLA-B,HNRNPC,905
HLA-B,PDIA3,955
HLA-B,PSMB8,886
HLA-B,PSMB9,798
HLA-C,HLA-DRA,961
HLA-C,PDIA3,933
HLA-C,PSMB8,781
HLA-DRA,ITGB2,705
HLA-DRA,LCP2,742
HLA-DRA,PTPRC,784
HLA-DRA,TPI1,902
HLA-DRA,VIM,934
HMGB1,HP,760
HMGB1,HSP90AA1,703
HMGB1,HSPA8,724
HMGB1,ITGAV,745
HMGB1,ITGB3,759
HMGB1,LRP1,798
HMGB1,MAPK1,792
HMGB1,MPO,774
HMGB1,PF4,779
HMGB1,PLG,921
HMGB1,PTMA,701
HMGB1,S100A9,759
HMGB1,SAA1,700
HMGB1,SDC1,921
HMGB1,SELP,788
HMGB1,VCAM1,710
HNRNPC,HNRNPK,982
HNRNPC,HSP90AA1,734
HNRNPC,HSP90AB1,729
HNRNPC,PCBP1,961
HNRNPC,PCBP2,914
HNRNPC,PKM,744
HNRNPC,PTGES3,834
HNRNPC,PTMA,798
HNRNPC,YWHAE,702
HNRNPK,HSPA8,791
HNRNPK,HSPA9,758
HNRNPK,PCBP1,989
HNRNPK,PCBP2,941
HNRNPK,PURA,781
HNRNPK,SRC,817
HNRNPK,SUMO2,795
HP,HPR,964
HP,HPX,994
HP,LBP,762
HP,LCN2,711
HP,LRP1,724
HP,MMP9,791
HP,MPO,708
HP,ORM1,973
HP,ORM2,952
HP,PON1,831
HP,SAA1,738
HP,SAA2,751
HP,SERPINA1,961
HP,SERPINA3,873
HP,TTR,871
HPR,LCAT,802
HPR,LPA,809
HPR,PCYOX1,751
HPR,PLTP,827
HPR,PON1,962
HPR,SERPINA1,762
HPRT1,PDE3A,903
HPRT1,PDE5A,903
HPRT1,PGK1,830
HPRT1,PNP,989
HPRT1,PRPS1,718
HPSE,IDS,903
HPSE,SDC1,957
HPX,ITIH4,706
HPX,LRP1,996
HPX,MMP2,874
HPX,MMP9,728
HPX,ORM1,778
HPX,ORM2,817
HPX,PLG,811
HPX,PRG4,858
HPX,SERPINA1,897
HPX,TIMP1,777
HPX,TTR,793
HPX,VTN,739
HRG,ITIH4,770
HRG,KNG1,972
HRG,LPA,778
HRG,PLG,999
HRG,SERPINA1,809
HRG,SERPIND1,867
HRG,SERPINF2,768
HRG,THBS1,786
HRG,VTN,748
HRNR,S100A4,705
HSP90AA1,HSP90AB1,997
HSP90AA1,HSP90B1,950
HSP90AA1,HSPA4,999
HSP90AA1,HSPA5,968
HSP90AA1,HSPA8,999
HSP90AA1,HSPA9,958
HSP90AA1,HSPB1,957
HSP90AA1,HSPD1,963
HSP90AA1,HSPE1,942
HSP90AA1,HYOU1,842
HSP90AA1,ITGB3,722
HSP90AA1,LAMP2,829
HSP90AA1,LRP1,994
HSP90AA1,LYN,809
HSP90AA1,MAPK1,941
HSP90AA1,MAVS,773
HSP90AA1,MMP2,831
HSP90AA1,NRAS,817
HSP90AA1,P4HB,711
HSP90AA1,PARK7,743
HSP90AA1,PDIA3,762
HSP90AA1,PGK1,713
HSP90AA1,PPIF,982
HSP90AA1,PPP2R1A,709
HSP90AA1,PRNP,760
HSP90AA1,PTGES3,999
HSP90AA1,RAB8A,760
HSP90AA1,RHOA,767
HSP90AA1,RUVBL1,938
HSP90AA1,RUVBL2,886
HSP90AA1,SGTA,943
HSP90AA1,SKP1,818
HSP90AA1,SNCA,743
HSP90AA1,SRC,999
HSP90AA1,ST13,997
HSP90AA1,STIP1,999
HSP90AA1,SUGT1,999
HSP90AA1,TCP1,906
HSP90AA1,TPI1,700
HSP90AA1,TSG101,908
HSP90AA1,TUBA1A,744
HSP90AA1,UBE2N,773
HSP90AA1,VCP,933
HSP90AA1,VDAC1,790
HSP90AA1,VIM,701
HSP90AA1,YWHAE,788
HSP90AA1,YWHAQ,763
HSP90AA1,YWHAZ,801
HSP90AB1,HSP90B1,953
HSP90AB1,HSPA4,999
HSP90AB1,HSPA5,977
HSP90AB1,HSPA8,999
HSP90AB1,HSPA9,955
HSP90AB1,HSPB1,952
HSP90AB1,HSPD1,970
HSP90AB1,HSPE1,928
HSP90AB1,HYOU1,848
HSP90AB1,LAMP2,829
HSP90AB1,LRP1,990
HSP90AB1,LYN,714
HSP90AB1,MAPK1,813
HSP90AB1,MAVS,774
HSP90AB1,MMP2,758
HSP90AB1,MYH9,780
HSP90AB1,P4HB,720
HSP90AB1,PARK7,717
HSP90AB1,PCBP1,735
HSP90AB1,PDIA3,851
HSP90AB1,PFDN2,766
HSP90AB1,PFDN6,751
HSP90AB1,PPIF,982
HSP90AB1,PSMA2,761
HSP90AB1,PSMA7,747
HSP90AB1,PTGES3,999
HSP90AB1,RPLP0,762
HSP90AB1,RUVBL1,970
HSP90AB1,RUVBL2,937
HSP90AB1,SGTA,867
HSP90AB1,SKP1,813
HSP90AB1,SRC,995
HSP90AB1,ST13,995
HSP90AB1,STIP1,999
HSP90AB1,SUGT1,998
HSP90AB1,SUMO2,712
HSP90AB1,TCP1,956
HSP90AB1,TSG101,911
HSP90AB1,VCP,906
HSP90AB1,VDAC1,817
HSP90AB1,YWHAE,817
HSP90AB1,YWHAG,700
HSP90AB1,YWHAQ,735
HSP90AB1,YWHAZ,835
HSP90B1,HSPA4,990
HSP90B1,HSPA5,999
HSP90B1,HSPA8,884
HSP90B1,HSPA9,969
HSP90B1,HSPD1,801
HSP90B1,HSPE1,839
HSP90B1,HYOU1,999
HSP90B1,LRP1,996
HSP90B1,MANF,831
HSP90B1,P4HB,983
HSP90B1,PDIA3,985
HSP90B1,PDIA4,998
HSP90B1,PDIA6,990
HSP90B1,PPIB,994
HSP90B1,PRKCSH,816
HSP90B1,PTGES3,780
HSP90B1,SUGT1,793
HSP90B1,VCP,734
HSPA4,HSPA5,915
HSPA4,HSPA8,999
HSPA4,HSPA9,955
HSPA4,HSPB1,992
HSPA4,HSPD1,924
HSPA4,HSPE1,930
HSPA4,LAMP2,790
HSPA4,LRP1,991
HSPA4,OLA1,774
HSPA4,P4HB,848
HSPA4,PARK7,953
HSPA4,PRNP,833
HSPA4,PSMC2,700
HSPA4,PSMD4,703
HSPA4,PTGES3,906
HSPA4,SGTA,988
HSPA4,SKP1,725
HSPA4,SNCA,994
HSPA4,SRC,858
HSPA4,ST13,997
HSPA4,STIP1,999
HSPA4,TCP1,888
HSPA4,TSG101,944
HSPA4,UBA1,722
HSPA4,VCP,867
HSPA5,HSPA8,983
HSPA5,HSPA9,883
HSPA5,HSPB1,801
HSPA5,HSPD1,908
HSPA5,HSPE1,725
HSPA5,HYOU1,999
HSPA5,KNG1,710
HSPA5,KRT8,741
HSPA5,MANF,996
HSPA5,P4HB,996
HSPA5,PDIA3,999
HSPA5,PDIA4,990
HSPA5,PDIA6,995
HSPA5,PPIB,955
HSPA5,PRNP,954
HSPA5,SNCA,947
HSPA5,TCP1,894
HSPA5,TUBA1A,717
HSPA5,TUBB4B,751
HSPA5,TXNDC5,798
HSPA5,VCP,944
HSPA5,VDAC1,813
HSPA5,VDAC2,730
HSPA8,HSPA9,947
HSPA8,HSPB1,988
HSPA8,HSPD1,933
HSPA8,HSPE1,807
HSPA8,HYOU1,746
HSPA8,LAMP2,949
HSPA8,PARK7,794
HSPA8,PDIA3,888
HSPA8,PGK1,755
HSPA8,PLIN3,967
HSPA8,PRDX6,746
HSPA8,PSMA2,717
HSPA8,PTGES3,928
HSPA8,RAB5C,755
HSPA8,RPLP0,728
HSPA8,RUVBL1,781
HSPA8,RUVBL2,768
HSPA8,SGTA,998
HSPA8,SNCA,987
HSPA8,ST13,999
HSPA8,STIP1,999
HSPA8,TCP1,931
HSPA8,TFRC,969
HSPA8,TSG101,922
HSPA8,TUBA1A,900
HSPA8,TUBB,891
HSPA8,TUBB4B,863
HSPA8,VAMP7,707
HSPA8,VCP,920
HSPA8,YWHAE,735
HSPA8,YWHAZ,823
HSPA9,HSPB1,845
HSPA9,HSPD1,999
HSPA9,HSPE1,970
HSPA9,KPNB1,798
HSPA9,PARK7,992
HSPA9,PDIA3,729
HSPA9,PPIF,932
HSPA9,SNCA,720
HSPA9,TCP1,812
HSPA9,UQCRFS1,727
HSPA9,VDAC1,998
HSPB1,MAPK14,910
HSPB1,PLEC,964
HSPB1,SNCA,853
HSPB1,YWHAZ,766
HSPD1,HSPE1,999
HSPD1,PGK1,722
HSPD1,PLEC,731
HSPD1,PLG,792
HSPD1,PRNP,814
HSPD1,STIP1,787
HSPD1,TCP1,958
HSPD1,VDAC1,898
HSPE1,MDH2,761
HSPE1,TCP1,917
HSPE1,TPI1,761
HSPG2,ITGA2,937
HSPG2,ITGB1,947
HSPG2,LAMB1,782
HSPG2,LAMC1,820
HSPG2,LRP1,809
HSPG2,LUM,780
HSPG2,NID1,999
HSPG2,NID2,999
HSPG2,SDC1,966
HSPG2,SDC4,785
HSPG2,SPARC,733
HSPG2,TGFB1,750
HSPG2,THBS1,841
HSPG2,VCAN,805
HSPG2,VTN,797
HYOU1,MANF,726
HYOU1,P4HB,889
HYOU1,PDIA3,877
HYOU1,PDIA4,997
HYOU1,PDIA6,943
HYOU1,PPIB,930
HYOU1,VCP,759
ICAM1,ICAM2,992
ICAM1,ICAM3,964
ICAM1,ITGA2B,938
ICAM1,ITGA5,723
ICAM1,ITGB1,967
ICAM1,ITGB2,999
ICAM1,ITGB3,808
ICAM1,MMP2,751
ICAM1,MMP9,791
ICAM1,MPO,769
ICAM1,MSN,991
ICAM1,NRAS,916
ICAM1,PECAM1,873
ICAM1,PROCR,721
ICAM1,PTPRC,828
ICAM1,SELL,927
ICAM1,SELP,932
ICAM1,SERPINE1,742
ICAM1,SPN,977
ICAM1,TGFB1,730
ICAM1,TIMP1,825
ICAM1,TLN1,742
ICAM1,VCAM1,999
ICAM1,VTN,738
ICAM1,VWF,769
ICAM2,ICAM3,965
ICAM2,ITGB2,999
ICAM2,MSN,901
ICAM2,PECAM1,856
ICAM2,SELP,705
ICAM2,VCAM1,880
ICAM3,ITGB2,999
ICAM3,ITIH4,805
ICAM3,MSN,829
ICAM3,VCAM1,797
IDH1,LDHA,826
IDH1,MDH2,970
IDH1,NDUFS8,779
IDH1,NRAS,777
IDH1,PGD,877
IDH1,PGK1,726
IDH1,TALDO1,727
IDH1,TPI1,704
IGF2R,IGFBP1,755
IGF2R,IGFBP2,702
IGF2R,IGFBP3,743
IGF2R,M6PR,991
IGF2R,PLIN3,986
IGF2R,SNX2,860
IGF2R,TGOLN2,891
IGFALS,IGFBP2,806
IGFALS,IGFBP3,999
IGFALS,IGFBP5,995
IGFALS,IGFBP6,897
IGFBP1,IGFBP3,736
IGFBP1,IGFBP4,972
IGFBP1,IGFBP6,956
IGFBP1,SHBG,700
IGFBP2,IGFBP3,836
IGFBP2,PTPRB,806
IGFBP3,IGFBP5,978
IGFBP3,IGFBP6,777
IGFBP3,MMP2,801
IGFBP3,PLG,874
IGFBP3,VTN,864
IGFBP4,PRG2,819
IGFBP5,IGFBP6,725
IGFBP5,SERPINE1,737
IGFBP5,THBS1,805
IGFBP5,VTN,875
IGHV3-72,PROC,900
IGLL1,JCHAIN,893
IL1RAP,TOLLIP,850
IL6ST,MAPK1,702
ILK,ITGA5,973
ILK,ITGB1,999
ILK,ITGB3,909
ILK,LIMS1,999
ILK,MAPK1,747
ILK,NCK2,896
ILK,PARVB,999
ILK,RHOA,727
ILK,RSU1,991
ILK,RUVBL1,733
ILK,TLN1,996
ILK,TMSB4X,964
ILK,VCL,995
ILK,ZYX,800
INF2,MYH9,711
INHBC,TGFB1,905
IQGAP2,RAC2,935
IQGAP2,RHOG,785
IST1,VPS4A,988
IST1,VPS4B,994
IST1,VTA1,996
ITGA2,ITGA2B,802
ITGA2,ITGA5,962
ITGA2,ITGA6,880
ITGA2,ITGAV,967
ITGA2,ITGB1,999
ITGA2,ITGB2,974
ITGA2,ITGB3,984
ITGA2,LAMA2,768
ITGA2,LAMA4,838
ITGA2,LAMB1,784
ITGA2,LAMB2,719
ITGA2,LAMC1,792
ITGA2,LYN,771
ITGA2,PARVB,700
ITGA2,PTPN6,908
ITGA2,PTPRC,717
ITGA2,SPP1,762
ITGA2,SRC,812
ITGA2,THBS1,870
ITGA2,THBS2,811
ITGA2,THBS3,740
ITGA2,THBS4,747
ITGA2,TLN1,796
ITGA2,TNC,730
ITGA2,TNXB,703
ITGA2,VASP,724
ITGA2,VTN,826
ITGA2,VWF,853
ITGA2B,ITGA5,729
ITGA2B,ITGA6,740
ITGA2B,ITGAV,948
ITGA2B,ITGB1,961
ITGA2B,ITGB2,986
ITGA2B,ITGB3,999
ITGA2B,LAMA2,711
ITGA2B,LAMA4,717
ITGA2B,LAMB2,710
ITGA2B,LAMC1,708
ITGA2B,PARVB,723
ITGA2B,PECAM1,882
ITGA2B,PF4,789
ITGA2B,PF4V1,763
ITGA2B,PTPRC,734
ITGA2B,RAP1B,715
ITGA2B,SELP,965
ITGA2B,SPP1,733
ITGA2B,SRC,959
ITGA2B,SYK,705
ITGA2B,THBS1,940
ITGA2B,THBS2,916
ITGA2B,THBS3,904
ITGA2B,THBS4,905
ITGA2B,TLN1,966
ITGA2B,TREML1,832
ITGA2B,TUBB1,704
ITGA2B,VASP,809
ITGA2B,VTN,999
ITGA2B,VWF,999
ITGA5,ITGA6,808
ITGA5,ITGAV,946
ITGA5,ITGB1,999
ITGA5,ITGB2,993
ITGA5,ITGB3,999
ITGA5,L1CAM,833
ITGA5,LAMA2,783
ITGA5,LAMA4,888
ITGA5,LAMB1,788
ITGA5,LAMB2,793
ITGA5,LAMC1,865
ITGA5,PARVB,707
ITGA5,SKAP2,900
ITGA5,SPP1,868
ITGA5,SRC,949
ITGA5,THBS1,812
ITGA5,THBS2,781
ITGA5,THBS3,827
ITGA5,THBS4,702
ITGA5,TLN1,978
ITGA5,TNC,717
ITGA5,VASP,722
ITGA5,VCAM1,828
ITGA5,VCL,780
ITGA5,VTN,976
ITGA5,VWF,755
ITGA6,ITGAV,885
ITGA6,ITGB1,999
ITGA6,ITGB2,916
ITGA6,ITGB3,915
ITGA6,KRT14,703
ITGA6,LAMA2,861
ITGA6,LAMA4,926
ITGA6,LAMB1,977
ITGA6,LAMB2,707
ITGA6,LAMC1,979
ITGA6,PARVB,704
ITGA6,PLEC,907
ITGA6,SPP1,756
ITGA6,SRC,784
ITGA6,THBS1,848
ITGA6,THBS2,717
ITGA6,THBS3,820
ITGA6,THBS4,701
ITGA6,TLN1,786
ITGA6,VTN,804
ITGA6,VWF,740
ITGAV,ITGB1,999
ITGAV,ITGB2,990
ITGAV,ITGB3,999
ITGAV,LAMA2,773
ITGAV,LAMA4,805
ITGAV,LAMB1,787
ITGAV,LAMB2,750
ITGAV,LAMC1,888
ITGAV,MMP2,835
ITGAV,PARVB,702
ITGAV,PECAM1,886
ITGAV,POSTN,772
ITGAV,RHOA,713
ITGAV,SDC1,924
ITGAV,SPP1,999
ITGAV,SRC,946
ITGAV,TGFB1,994
ITGAV,THBS1,981
ITGAV,THBS2,936
ITGAV,THBS3,934
ITGAV,THBS4,913
ITGAV,TLN1,871
ITGAV,TNC,946
ITGAV,TNXB,910
ITGAV,VASP,707
ITGAV,VCAM1,716
ITGAV,VTN,999
ITGAV,VWF,986
ITGB1,ITGB2,985
ITGB1,ITGB3,987
ITGB1,JAM3,786
ITGB1,L1CAM,909
ITGB1,LAMA2,771
ITGB1,LAMA4,935
ITGB1,LAMB1,974
ITGB1,LAMB2,720
ITGB1,LAMC1,982
ITGB1,LGALS3,931
ITGB1,LYN,754
ITGB1,MCAM,820
ITGB1,MMP2,755
ITGB1,NRP1,716
ITGB1,PARVB,782
ITGB1,PDGFRB,735
ITGB1,PECAM1,828
ITGB1,PRKCB,720
ITGB1,PTPN6,924
ITGB1,PTPRC,913
ITGB1,RAB21,815
ITGB1,RAP1A,952
ITGB1,RAP1B,926
ITGB1,RHOA,839
ITGB1,SKAP2,914
ITGB1,SPP1,996
ITGB1,SRC,986
ITGB1,TFRC,838
ITGB1,TGFB1,885
ITGB1,THBS1,989
ITGB1,THBS2,928
ITGB1,THBS3,915
ITGB1,THBS4,918
ITGB1,TIMP1,753
ITGB1,TLN1,999
ITGB1,TNC,917
ITGB1,TNXB,911
ITGB1,VASP,720
ITGB1,VCAM1,999
ITGB1,VCL,966
ITGB1,VTN,986
ITGB1,VWF,834
ITGB2,ITGB3,973
ITGB2,JAM3,998
ITGB2,LCP1,741
ITGB2,LYN,748
ITGB2,MMP9,705
ITGB2,MPO,841
ITGB2,PECAM1,814
ITGB2,PLEK,761
ITGB2,PTPRC,870
ITGB2,RAC2,755
ITGB2,RAP1A,929
ITGB2,RAP1B,927
ITGB2,RASGRP2,701
ITGB2,SELL,976
ITGB2,SELP,978
ITGB2,SPN,722
ITGB2,SRC,904
ITGB2,SYK,918
ITGB2,TLN1,977
ITGB2,VCAM1,998
ITGB2,VCL,704
ITGB2,VTN,862
ITGB2,YWHAZ,782
ITGB3,LAMA2,826
ITGB3,LAMA4,765
ITGB3,LAMB1,838
ITGB3,LAMC1,755
ITGB3,MAPK1,728
ITGB3,PARVB,865
ITGB3,PDGFRB,727
ITGB3,PECAM1,887
ITGB3,PRKCB,768
ITGB3,RHOA,811
ITGB3,SDC1,932
ITGB3,SELP,928
ITGB3,SPP1,994
ITGB3,SRC,998
ITGB3,SYK,868
ITGB3,TGFB1,764
ITGB3,TGFBI,771
ITGB3,THBS1,984
ITGB3,THBS2,933
ITGB3,THBS3,921
ITGB3,THBS4,923
ITGB3,TLN1,999
ITGB3,TNC,914
ITGB3,TNXB,913
ITGB3,VASP,781
ITGB3,VCL,874
ITGB3,VTN,999
ITGB3,VWF,998
ITIH1,ITIH2,835
ITIH1,ITIH3,724
ITIH2,ITIH3,787
ITIH2,SERPIND1,712
ITIH2,VTN,758
ITIH4,KNG1,723
ITIH4,MBL2,749
ITIH4,PLG,715
ITIH4,VTN,846
ITLN1,RARRES2,790
ITLN1,RETN,777
JCHAIN,LAP3,775
JCHAIN,PIGR,999
JUP,PKP1,946
KALRN,MYLK,819
KALRN,PAM,973
KALRN,RHOA,738
KALRN,RHOG,921
KIF5B,KLC1,999
KIF5B,PRKAR1A,734
KIF5B,SEC31A,760
KIF5B,SNCA,916
KIF5B,STRN,805
KIF5B,TPM3,834
KIF5B,TPM4,773
KIF5B,TUBA1A,950
KLC1,SNAPIN,704
KLC1,SNCA,921
KLC1,SPAG9,852
KLC1,STRN,780
KLKB1,KNG1,999
KLKB1,PLG,936
KLKB1,PROC,707
KLKB1,SERPINA5,893
KLKB1,SERPIND1,701
KLKB1,SERPINF2,823
KLKB1,SERPING1,996
KNG1,PF4,728
KNG1,PLG,898
KNG1,SERPINA1,943
KNG1,SERPIND1,779
KNG1,SERPING1,964
KNG1,SRC,719
KNG1,VTN,803
KNG1,VWF,738
KNG1,XPNPEP1,818
KPNB1,NUTF2,766
KPNB1,RAN,999
KPNB1,RANBP1,960
KPNB1,RUVBL1,764
KPNB1,TNPO1,937
KPRP,KRT78,791
KRT13,KRT6A,900
KRT14,KRT16,868
KRT14,KRT17,814
KRT14,KRT3,709
KRT14,KRT5,999
KRT14,KRT6A,732
KRT14,KRT6B,835
KRT14,PKP1,777
KRT14,PLEC,848
KRT16,KRT17,880
KRT16,KRT5,861
KRT16,KRT6A,928
KRT16,KRT6B,938
KRT16,S100A7,818
KRT17,KRT5,866
KRT17,KRT6A,811
KRT17,KRT6B,874
KRT19,KRT8,796
KRT19,LGALS3,747
KRT19,PECAM1,781
KRT3,KRT5,775
KRT5,KRT6A,915
KRT5,KRT6B,861
KRT5,PKP1,835
KRT5,PLEC,750
KRT6A,KRT6B,886
KRT8,PLEC,783
L1CAM,LAMC1,725
L1CAM,MAPK1,819
L1CAM,MSN,761
L1CAM,NCAM1,982
L1CAM,NRP1,999
L1CAM,SRC,832
LAMA2,LAMA4,768
LAMA2,LAMB1,965
LAMA2,LAMB2,977
LAMA2,LAMC1,981
LAMA2,NID1,908
LAMA2,NID2,843
LAMA2,UTRN,865
LAMA4,LAMB1,992
LAMA4,LAMB2,930
LAMA4,LAMC1,980
LAMA4,MCAM,961
LAMA4,NID1,797
LAMA4,NID2,896
LAMB1,LAMB2,783
LAMB1,LAMC1,999
LAMB1,NID1,892
LAMB1,NID2,928
LAMB2,LAMC1,962
LAMB2,NID1,734
LAMB2,NID2,750
LAMC1,NID1,997
LAMC1,NID2,984
LAMC1,PRNP,907
LAMC1,TGFB1,745
LAMP1,LAMP2,999
LAMP1,LAMTOR1,711
LAMP1,LAMTOR2,738
LAMP1,LGALS3,862
LAMP1,NCAM1,772
LAMP1,NCSTN,747
LAMP1,PCYOX1,781
LAMP1,PSAP,808
LAMP1,RAB7A,780
LAMP1,SEC13,995
LAMP1,TFRC,855
LAMP1,TGOLN2,737
LAMP1,TSG101,821
LAMP1,VAMP3,717
LAMP1,VAMP7,804
LAMP2,LGALS3,753
LAMP2,SNCA,712
LAMTOR1,LAMTOR2,999
LAMTOR1,LAMTOR4,999
LAMTOR1,LAMTOR5,999
LAMTOR1,RHEB,814
LAMTOR2,LAMTOR4,999
LAMTOR2,LAMTOR5,999
LAMTOR2,RHEB,753
LAMTOR4,LAMTOR5,999
LAMTOR4,RHEB,791
LAMTOR4,SEC13,702
LAMTOR5,RHEB,743
LAMTOR5,SEC13,705
LAP3,XPNPEP1,959
LASP1,VASP,857
LASP1,ZYX,929
LBP,SAA1,700
LCAT,LPA,896
LCAT,LPL,893
LCAT,LYPLA1,923
LCAT,PCYOX1,771
LCAT,PLTP,950
LCAT,PON1,965
LCAT,PSMB10,782
LCAT,SAA1,718
LCN2,MMP2,907
LCN2,MMP9,998
LCN2,ORM1,707
LCN2,RETN,711
LCN2,SLC3A2,910
LCN2,SPP1,743
LCN2,TIMP1,850
LCP2,LYN,967
LCP2,NCK2,977
LCP2,PLEK,724
LCP2,PTPN6,978
LCP2,PTPRC,935
LCP2,RAP1A,925
LCP2,RAP1B,926
LCP2,SKAP2,851
LCP2,SRC,969
LCP2,SYK,999
LCP2,UBASH3B,827
LCP2,VASP,776
LCP2,WAS,979
LCP2,WIPF1,805
LDHA,MPST,919
LDHA,PDHB,961
LDHA,PGAM1,831
LDHA,PGK1,923
LDHA,PGM1,719
LDHA,PKM,997
LDHA,SLC2A1,863
LDHA,TALDO1,923
LDHA,TKT,925
LDHA,TPI1,913
LDHA,TSG101,913
LDLR,PCSK9,999
LGALS1,LGALS3,735
LGALS1,LGALS3BP,826
LGALS1,LUM,713
LGALS1,PTPRC,905
LGALS1,S100A4,737
LGALS1,VIM,879
LGALS3,LGALS3BP,999
LGALS3,MMP9,824
LGALS3,PTPRC,983
LGALS3,SLC3A2,829
LGALS3,SPN,890
LGALS3,TIMP1,743
LGALS3,VCAM1,805
LGALS3,VIM,778
LGALS3,VTN,868
LGALS3,VWF,840
LGALS3BP,LGALS7,905
LIMS1,NCK2,999
LIMS1,PARVB,999
LIMS1,RSU1,999
LIMS1,TLN1,965
LIMS1,TMSB4X,980
LIMS1,VCL,961
LMAN1,LMAN2,718
LMAN1,MBL2,770
LMAN1,RAB1B,853
LMAN1,SAR1A,761
LMAN1,SEC13,844
LMAN1,SEC22B,877
LMAN1,SEC31A,952
LMAN1,SERPINA1,770
LMAN1,TGOLN2,714
LMAN1,TMED10,825
LMAN1,TMED2,850
LMAN2,TMED10,839
LMAN2,TMED2,865
LMNA,LMNB1,996
LMNA,MAPRE1,906
LMNA,PCBP1,706
LMNB1,PRKCB,775
LNPEP,RAB10,794
LNPEP,RAB14,837
LNPEP,RAB8A,708
LPA,LPL,794
LPA,PCSK9,710
LPA,PCYOX1,720
LPA,PLTP,856
LPA,PON1,875
LPA,SERPIND1,839
LPA,TFPI,745
LPL,LRP1,987
LPL,MGLL,967
LPL,PLTP,886
LPL,PON1,734
LRG1,SERPINA3,711
LRP1,MBL2,791
LRP1,MMP9,889
LRP1,PRNP,806
LRP1,SERPINE1,988
LRP1,THBS1,958
LSM1,LSM2,999
LSM1,LSM3,999
LSM1,LSM5,999
LSM2,LSM3,999
LSM2,LSM5,999
LSM3,LSM5,999
LTBP1,LTBP2,786
LTBP1,TGFB1,999
LTBP1,THBS1,967
LTBP2,TGFB1,959
LTBP4,TGFB1,997
LUM,MFAP4,732
LUM,MMP2,780
LUM,OGN,859
LUM,OMD,742
LUM,POSTN,913
LUM,SPARC,954
LUM,TGFB1,752
LUM,THBS2,826
LUM,VCAN,710
LYN,MAPK1,829
LYN,NRAS,794
LYN,PECAM1,802
LYN,PRKCB,947
LYN,PTPN6,953
LYN,PTPRC,981
LYN,RHOA,759
LYN,SKAP2,781
LYN,SRC,989
LYN,SYK,999
LYVE1,PECAM1,822
LYVE1,VCAN,819
LYVE1,VWF,724
M6PR,PLIN3,872
M6PR,TGOLN2,748
MACF1,MAPRE1,902
MACF1,VCL,710
MAN1A1,MAN2A1,970
MAN1A1,MAN2A2,848
MAN1A1,MGAT1,959
MAN2A1,MAN2A2,906
MAN2A1,MGAT1,972
MAN2A2,MGAT1,970
MANF,PDIA4,821
MANF,UBE2N,794
MAPK1,MAPK14,995
MAPK1,NRAS,959
MAPK1,PPP2R1A,929
MAPK1,PRKCB,928
MAPK1,PTPN6,933
MAPK1,RAC2,942
MAPK1,ROCK2,919
MAPK1,SRC,932
MAPK1,VCL,786
MAPK1,YWHAB,795
MAPK14,RALB,702
MAPK14,RHOA,702
MAPK14,SPAG9,733
MAPK14,SRC,818
MAPRE1,MAPRE2,851
MAPRE1,PRKAR2A,761
MAPRE1,STIM1,836
MAPRE1,TPM1,905
MAPRE1,TUBB,797
MARCKS,PRKCSH,834
MASP1,MASP2,986
MASP1,MBL2,998
MASP1,SERPING1,990
MASP2,MBL2,999
MASP2,SERPING1,999
MAT2B,SNX2,745
MAVS,PCBP2,894
MBL2,PTX3,972
MBL2,SERPING1,979
MBL2,SFTPB,728
MCAM,PECAM1,852
MCAM,PTPRC,777
MCAM,RHOC,733
MDH2,NDUFS8,826
MDH2,PDHB,850
MDH2,PGK1,738
MDH2,PGM1,708
MDH2,PKM,829
MDH2,PURA,769
MDH2,TPI1,856
MDH2,UQCRC1,921
MDH2,UQCRC2,705
MDH2,VDAC1,751
MDH2,VDAC2,704
MFAP2,MFAP4,810
MFAP2,MFAP5,943
MFAP4,MFAP5,713
MGLL,NDUFA2,917
MGLL,NDUFA5,981
MGLL,NDUFS3,959
MGLL,NDUFS8,956
MGLL,UQCRB,828
MGLL,UQCRC2,912
MGP,PROS1,880
MGP,SPP1,924
MGP,SPP2,730
MIA3,SEC13,723
MIF,NME1,732
MIF,PARK7,718
MINPP1,PGAM1,911
MINPP1,TALDO1,805
MINPP1,TKT,801
MLEC,PRKCSH,771
MMP19,NID1,822
MMP2,MMP9,918
MMP2,PECAM1,750
MMP2,PLG,772
MMP2,POSTN,787
MMP2,RECK,783
MMP2,SERPINE1,755
MMP2,SPARC,701
MMP2,SPP1,843
MMP2,SRC,972
MMP2,TGFB1,962
MMP2,THBS1,985
MMP2,THBS2,890
MMP2,TIMP1,997
MMP9,MPO,969
MMP9,PECAM1,743
MMP9,PLG,829
MMP9,PTPRC,711
MMP9,RECK,758
MMP9,RHOA,763
MMP9,SAA1,702
MMP9,SDC1,968
MMP9,SERPINE1,801
MMP9,SPP1,947
MMP9,SRC,970
MMP9,TGFB1,968
MMP9,TGFBI,738
MMP9,THBS1,997
MMP9,THBS2,968
MMP9,TIMP1,999
MMP9,VCAM1,748
MMP9,VCAN,783
MMP9,VIM,709
MMP9,VTN,741
MMP9,VWF,805
MMRN1,VTN,738
MMRN1,VWF,720
MPIG6B,PTPN6,807
MPO,PON1,774
MPO,PTX3,701
MPO,RETN,757
MPO,SERPINA1,753
MPP1,TWF2,808
MPST,SELENBP1,854
MSN,MYH9,941
MSN,PLEK,749
MSN,RHOA,899
MSN,SELL,863
MSN,SPN,970
MSN,SRC,748
MSN,SYK,745
MSN,TLN1,718
MSN,VASP,802
MSN,VCAM1,982
MSN,VCL,951
MT-CO2,NDUFA2,813
MT-CO2,NDUFA4,996
MT-CO2,NDUFA5,818
MT-CO2,NDUFB11,816
MT-CO2,NDUFS3,987
MT-CO2,NDUFS8,972
MT-CO2,UQCRB,992
MT-CO2,UQCRC1,979
MT-CO2,UQCRC2,999
MT-CO2,UQCRFS1,999
MT-CO2,UQCRH,956
MT-CO2,VDAC1,811
MTDH,SND1,999
MYH9,MYL6,998
MYH9,MYL9,990
MYH9,MYLK,770
MYH9,PPP1R12A,707
MYH9,RHOA,745
MYH9,S100A4,997
MYH9,SPTAN1,848
MYH9,TLN1,848
MYH9,TPM1,765
MYH9,TPM2,775
MYH9,TPM4,882
MYH9,WDR1,770
MYL6,MYL9,986
MYL6,MYLK,939
MYL6,PPP1CA,921
MYL6,PPP1CB,946
MYL6,PPP1R12A,932
MYL6,RHOA,739
MYL6,TLN1,751
MYL6,TPM1,765
MYL6,TPM2,819
MYL6,TPM3,829
MYL6,TPM4,782
MYL9,MYLK,989
MYL9,PPP1CA,921
MYL9,PPP1CB,974
MYL9,PPP1R12A,982
MYL9,RHOA,828
MYL9,RHOC,720
MYL9,ROCK2,951
MYL9,TPM1,840
MYL9,TPM2,866
MYL9,TPM4,763
MYL9,VCL,749
MYLK,PPP1R12A,739
MYLK,TPM1,857
MYLK,TPM2,820
MYLK,TPM3,750
MYLK,TPM4,707
MYLK,VCL,814
NACA,RPL22,900
NACA,RPLP0,984
NACA,RPLP1,747
NACA,RPS12,914
NACA,TPT1,782
NACA,TUBB,820
NAP1L1,NAP1L4,927
NAP1L1,UBE2O,973
NAPA,NAPG,998
NAPA,SEC22B,985
NAPA,SNAP23,990
NAPA,SNAP29,983
NAPA,STX11,887
NAPA,STX12,985
NAPA,STX4,982
NAPA,STX7,991
NAPA,TRAPPC3,751
NAPA,TXNDC5,818
NAPA,VAMP3,974
NAPA,VAMP7,966
NAPA,VAMP8,980
NAPG,SEC22B,851
NAPG,SNAP29,820
NAPG,STX12,951
NAPG,STX4,871
NAPG,STX7,947
NAPG,VAMP3,786
NAPG,VAMP7,812
NAPG,VAMP8,839
NCAM1,PRNP,995
NCAM1,PTPRC,875
NCAM1,SDC1,842
NCAM1,SELL,794
NCAM1,TFRC,720
NCAM1,VCAM1,802
NCK2,PDGFRB,842
NCK2,RAC2,915
NCK2,SRC,735
NCK2,WAS,882
NCK2,WIPF1,977
NCSTN,NOTCH2,840
NCSTN,NOTCH3,817
NCSTN,TMED10,997
NDUFA2,NDUFA4,999
NDUFA2,NDUFA5,999
NDUFA2,NDUFA7,999
NDUFA2,NDUFB11,999
NDUFA2,NDUFS3,999
NDUFA2,NDUFS8,999
NDUFA2,UQCRB,997
NDUFA2,UQCRC1,992
NDUFA2,UQCRC2,974
NDUFA2,UQCRFS1,998
NDUFA2,UQCRH,996
NDUFA4,NDUFA5,995
NDUFA4,NDUFA7,993
NDUFA4,NDUFB11,987
NDUFA4,NDUFS3,989
NDUFA4,NDUFS8,989
NDUFA4,PARK7,777
NDUFA4,UQCRB,941
NDUFA4,UQCRC1,890
NDUFA4,UQCRC2,980
NDUFA4,UQCRFS1,976
NDUFA4,UQCRH,926
NDUFA5,NDUFA7,999
NDUFA5,NDUFB11,999
NDUFA5,NDUFS3,999
NDUFA5,NDUFS8,999
NDUFA5,UQCRB,999
NDUFA5,UQCRC1,992
NDUFA5,UQCRC2,990
NDUFA5,UQCRFS1,999
NDUFA5,UQCRH,999
NDUFA7,NDUFB11,999
NDUFA7,NDUFS3,999
NDUFA7,NDUFS8,999
NDUFA7,UQCRB,957
NDUFA7,UQCRC1,950
NDUFA7,UQCRC2,944
NDUFA7,UQCRFS1,929
NDUFA7,UQCRH,971
NDUFB11,NDUFS3,999
NDUFB11,NDUFS8,999
NDUFB11,UQCRB,953
NDUFB11,UQCRC1,940
NDUFB11,UQCRC2,922
NDUFB11,UQCRFS1,932
NDUFB11,UQCRH,960
NDUFS3,NDUFS8,999
NDUFS3,NME1,707
NDUFS3,PDHB,823
NDUFS3,SNCA,725
NDUFS3,SOD2,705
NDUFS3,UQCRB,997
NDUFS3,UQCRC1,995
NDUFS3,UQCRC2,995
NDUFS3,UQCRFS1,999
NDUFS3,UQCRH,988
NDUFS3,VDAC1,763
NDUFS8,PPA2,704
NDUFS8,UQCRB,998
NDUFS8,UQCRC1,998
NDUFS8,UQCRC2,988
NDUFS8,UQCRFS1,999
NDUFS8,UQCRH,994
NEXN,VCL,773
NID1,NID2,916
NID1,SPARC,815
NID1,VTN,996
NME1,NME2,995
NME1,PKM,923
NME1,PRUNE1,942
NME1,STRAP,897
NME2,PKM,925
NME2,PSMA6,700
NOTCH2,NOTCH3,777
NOTCH3,PDGFRB,764
NRAS,PDGFRB,959
NRAS,PRKCB,918
NRAS,RAP1A,706
NRAS,RASGRP2,954
NRAS,SRC,970
NRAS,SYK,933
NRAS,YWHAB,754
NRP1,NRP2,967
NRP1,PDGFC,803
NRP1,PLXNA4,999
NRP1,PLXNB1,943
NRP1,PLXNB2,735
NRP1,SLC2A1,819
NRP1,TGFB1,944
NRP2,PLXNA4,993
NRP2,PLXNB1,856
NSFL1C,PSMC1,769
NSFL1C,SVIP,928
NSFL1C,VCP,999
NSFL1C,YOD1,900
NTRK2,PDGFC,802
NTRK2,PTPRF,700
NTRK2,SRC,786
NUTF2,RAN,999
NUTF2,RANBP1,928
NUTF2,TNPO1,757
OGN,OMD,946
OGN,VCAN,729
ORM1,ORM2,999
ORM1,PTGDS,723
ORM1,SAA1,717
ORM1,SERPINA1,979
ORM1,SERPINA3,918
ORM1,SERPINE1,795
ORM1,TTR,850
ORM2,SERPINA1,972
ORM2,SERPINA3,903
ORM2,TTR,856
OTUB1,RHOA,701
OTUB1,UBA1,733
OTUB1,UBE2N,999
OTUB1,UCHL3,731
OTUB1,USP15,722
OTUB1,USP5,713
P3H1,P4HB,875
P3H1,PPIB,999
P3H1,SERPINF1,700
P4HB,PDIA3,817
P4HB,PDIA4,799
P4HB,PDIA6,914
P4HB,PPIB,966
P4HB,PRDX4,716
P4HB,PRKCSH,792
P4HB,VCP,892
PARK7,PRDX2,867
PARK7,PRDX3,746
PARK7,PRDX5,772
PARK7,PRDX6,709
PARK7,SNCA,994
PARK7,SOD2,923
PARK7,SOD3,901
PARK7,VCP,772
PARK7,VDAC1,934
PARVB,RSU1,981
PARVB,TLN1,913
PARVB,VCL,864
PCBP1,PCBP2,998
PCBP1,PKM,796
PCOLCE,THBS1,774
PCSK9,RHOC,832
PCYOX1,PLTP,831
PCYOX1,PON1,873
PDCD10,PPP2R1A,998
PDCD10,RAP1A,739
PDCD10,RHOA,729
PDCD10,ROCK2,709
PDCD10,STK24,999
PDCD10,STRN,999
PDCD6,PDCD6IP,999
PDCD6,RBX1,737
PDCD6,SAR1A,924
PDCD6,SEC13,963
PDCD6,SEC31A,999
PDCD6,TSG101,991
PDCD6,VPS4B,857
PDCD6IP,SDC1,881
PDCD6IP,SDCBP,998
PDCD6IP,SH3GL1,922
PDCD6IP,SRC,762
PDCD6IP,TSG101,999
PDCD6IP,VPS4A,963
PDCD6IP,VPS4B,987
PDCD6IP,VTA1,902
PDGFC,PDGFRB,999
PDGFRB,PECAM1,785
PDGFRB,PTPN12,798
PDGFRB,SRC,999
PDGFRB,TGFB1,825
PDHB,PKM,983
PDHB,RPIA,875
PDHB,TALDO1,979
PDHB,TKT,913
PDHB,UQCRC1,826
PDHB,UQCRC2,905
PDIA3,PDIA4,784
PDIA3,PDIA6,916
PDIA3,PPIB,834
PDIA3,PRDX4,718
PDIA3,STIM1,892
PDIA3,TSN,713
PDIA4,PDIA6,893
PDIA4,PPIB,994
PDIA6,PPIB,849
PDIA6,PRDX4,976
PDLIM1,PDLIM5,781
PDLIM1,VCL,706
PDLIM5,PDLIM7,810
PDLIM7,PSMB9,840
PDLIM7,TPM2,857
PEBP1,PRDX2,715
PEBP1,YWHAB,756
PECAM1,PTPN6,979
PECAM1,PTPRC,912
PECAM1,SDC1,718
PECAM1,SELL,797
PECAM1,SELP,908
PECAM1,SPN,716
PECAM1,SRC,948
PECAM1,TGFB1,702
PECAM1,VCAM1,820
PECAM1,VWF,918
PF4,PF4V1,965
PF4,PPBP,936
PF4,SELP,921
PF4,THBS1,729
PF4,VWF,932
PF4V1,PLG,730
PF4V1,PPBP,725
PF4V1,SELP,901
PF4V1,VWF,851
PFDN1,PFDN2,999
PFDN1,PFDN4,999
PFDN1,PFDN5,999
PFDN1,PFDN6,999
PFDN1,TCP1,988
PFDN1,TUBA1A,734
PFDN1,VBP1,999
PFDN2,PFDN4,999
PFDN2,PFDN5,999
PFDN2,PFDN6,999
PFDN2,PTGES3,701
PFDN2,RUVBL1,977
PFDN2,RUVBL2,978
PFDN2,STIP1,739
PFDN2,TCP1,961
PFDN2,TUBA4A,758
PFDN2,TUBB4B,797
PFDN2,VBP1,999
PFDN4,PFDN5,999
PFDN4,PFDN6,999
PFDN4,RUVBL1,786
PFDN4,RUVBL2,756
PFDN4,TCP1,947
PFDN4,VBP1,999
PFDN5,PFDN6,999
PFDN5,RPLP2,714
PFDN5,TCP1,979
PFDN5,VBP1,999
PFDN6,PPP1CA,770
PFDN6,PTGES3,715
PFDN6,RUVBL1,983
PFDN6,RUVBL2,977
PFDN6,STIP1,751
PFDN6,TCP1,975
PFDN6,VBP1,999
PFN1,RHOA,939
PFN1,RHOC,891
PFN1,SH3BGRL3,710
PFN1,TAGLN2,711
PFN1,TMSB4X,959
PFN1,TUBA4A,747
PFN1,VASP,999
PFN1,VCL,978
PFN1,VCP,814
PFN1,WAS,991
PFN1,WASF2,755
PFN1,WIPF1,900
PFN1,YWHAE,745
PFN1,ZYX,748
PGAM1,PGK1,998
PGAM1,PKM,975
PGAM1,PRDX3,749
PGAM1,TALDO1,924
PGAM1,TKT,929
PGAM1,TPI1,989
PGAM1,UBASH3B,854
PGD,PGK1,787
PGD,PGLS,992
PGD,PGM1,951
PGD,RPIA,995
PGD,TALDO1,986
PGD,TKT,975
PGD,TPI1,787
PGK1,PKM,936
PGK1,PLG,770
PGK1,SLC2A1,720
PGK1,TALDO1,829
PGK1,TKT,831
PGK1,TPI1,999
PGK1,VASP,794
PGK1,VCP,735
PGK1,YWHAZ,787
PGLS,RPIA,773
PGLS,TALDO1,845
PGLS,TKT,766
PGM1,PYGB,897
PGM1,PYGL,914
PGM1,TALDO1,815
PGM1,TPI1,816
PGM1,UGP2,987
PIP4K2A,ROCK2,903
PIP4K2A,TLN1,720
PIP4K2A,VCL,911
PKM,RPLP0,751
PKM,SLC2A1,814
PKM,TALDO1,925
PKM,TKT,951
PKM,TPI1,963
PKP1,PLEC,722
PKP1,TGM1,734
PLEC,SPTAN1,795
PLEC,TLN1,706
PLEC,VCL,719
PLEC,VIM,923
PLEK,RAC2,732
PLEK,RGS18,789
PLEK,RGS19,718
PLEK,RHOA,837
PLEK,SRC,877
PLEK,TLN1,780
PLG,SERPINA1,819
PLG,SERPINA10,734
PLG,SERPIND1,952
PLG,SERPINE1,989
PLG,SERPINF1,995
PLG,SERPINF2,999
PLG,TFPI,815
PLG,THBS1,879
PLG,THBS2,754
PLG,TIMP1,743
PLG,TPI1,723
PLG,VTN,995
PLG,VWF,798
PLIN3,RAB18,748
PLIN3,VAMP3,846
PLTP,PON1,897
PLTP,SAA1,828
PLTP,SAA2,813
PLXNA4,RAC2,924
PLXNA4,RRAS,735
PLXNB1,PLXNB2,944
PLXNB1,RAC2,966
PLXNB1,RHOA,835
PLXNB1,RRAS,993
PLXNB1,SEMA4B,937
PLXNB2,RAC2,924
PLXNB2,RRAS,969
PLXNB2,SEMA4B,965
PNP,SMS,764
PNP,TYMP,965
PODXL,SELL,920
PON1,PON3,957
PON1,SAA1,763
PON1,SAA2,735
PON1,SAA4,715
PON1,SOD2,721
POSTN,SPARC,797
POSTN,SPP1,704
POSTN,TGFB1,791
POSTN,THBS2,828
POSTN,THBS4,774
PPBP,SELP,887
PPBP,VWF,773
PPIF,SOD2,791
PPIF,VDAC1,999
PPIF,VDAC2,958
PPIF,VDAC3,962
PPP1CA,PPP1CB,997
PPP1CA,PPP1R12A,970
PPP1CA,PPP1R7,992
PPP1CA,ROCK2,917
PPP1CA,RUVBL1,737
PPP1CA,RUVBL2,722
PPP1CA,YWHAB,738
PPP1CB,PPP1R12A,999
PPP1CB,PPP1R7,993
PPP1CB,RHOA,720
PPP1CB,ROCK2,924
PPP1R12A,RHOA,994
PPP1R12A,RHOC,730
PPP1R12A,ROCK2,975
PPP2R1A,PRKCB,906
PPP2R1A,PTPA,998
PPP2R1A,STK24,997
PPP2R1A,STRN,999
PPP2R1A,VCP,705
PPP2R1A,YWHAB,813
PRDX2,PRDX5,960
PRDX2,PRDX6,798
PRDX2,SOD2,707
PRDX3,PRDX5,972
PRDX3,SOD2,804
PRDX3,VDAC1,841
PRDX3,VDAC2,709
PRDX4,PRDX5,820
PRDX4,TXNDC5,994
PRDX5,PRDX6,832
PRDX5,SOD2,818
PRDX6,SOD2,703
PRDX6,TPI1,743
PRKAR1A,PRKAR2A,922
PRKAR1A,PRKAR2B,954
PRKAR1A,TPM3,746
PRKAR2A,PRKAR2B,989
PRKAR2A,RAB32,713
PRKCB,RRAS,919
PRNP,PSMA3,715
PRNP,PSMB5,758
PRNP,PSMD14,709
PRNP,SNCA,984
PRNP,STIP1,997
PRNP,TTR,821
PROC,PROCR,996
PROC,PROS1,859
PROC,SERPINA1,934
PROC,SERPINA5,969
PROC,SERPIND1,760
PROC,SERPINE1,943
PROC,SERPINF2,972
PROC,TFPI,717
PROCR,PROS1,854
PROCR,TFPI,860
PROS1,SERPIND1,801
PROZ,SERPINA10,996
PRPS1,RPIA,961
PRPS1,TKT,957
PRSS3,TFPI,781
PSMA1,PSMA2,999
PSMA1,PSMA3,999
PSMA1,PSMA4,999
PSMA1,PSMA5,999
PSMA1,PSMA6,999
PSMA1,PSMA7,999
PSMA1,PSMB1,999
PSMA1,PSMB10,999
PSMA1,PSMB2,999
PSMA1,PSMB3,999
PSMA1,PSMB4,999
PSMA1,PSMB5,999
PSMA1,PSMB6,999
PSMA1,PSMB7,999
PSMA1,PSMB8,999
PSMA1,PSMB9,999
PSMA1,PSMC1,999
PSMA1,PSMC2,999
PSMA1,PSMC3,999
PSMA1,PSMC4,999
PSMA1,PSMC5,998
PSMA1,PSMC6,999
PSMA1,PSMD13,999
PSMA1,PSMD14,999
PSMA1,PSMD4,999
PSMA1,PSMD5,766
PSMA1,PSMD7,999
PSMA1,PSMD8,999
PSMA1,PSME1,996
PSMA1,PSMF1,985
PSMA1,SKP1,709
PSMA1,VBP1,784
PSMA1,VCP,800
PSMA2,PSMA3,999
PSMA2,PSMA4,999
PSMA2,PSMA5,999
PSMA2,PSMA6,999
PSMA2,PSMA7,999
PSMA2,PSMB1,999
PSMA2,PSMB10,999
PSMA2,PSMB2,999
PSMA2,PSMB3,999
PSMA2,PSMB4,999
PSMA2,PSMB5,999
PSMA2,PSMB6,999
PSMA2,PSMB7,999
PSMA2,PSMB8,999
PSMA2,PSMB9,999
PSMA2,PSMC1,999
PSMA2,PSMC2,999
PSMA2,PSMC3,999
PSMA2,PSMC4,999
PSMA2,PSMC5,999
PSMA2,PSMC6,999
PSMA2,PSMD13,999
PSMA2,PSMD14,999
PSMA2,PSMD4,999
PSMA2,PSMD5,758
PSMA2,PSMD7,999
PSMA2,PSMD8,999
PSMA2,PSME1,992
PSMA2,PSMF1,978
PSMA2,RBX1,806
PSMA2,SKP1,823
PSMA2,UCHL3,700
PSMA2,VBP1,773
PSMA2,VCP,859
PSMA3,PSMA4,999
PSMA3,PSMA5,999
PSMA3,PSMA6,999
PSMA3,PSMA7,999
PSMA3,PSMB1,999
PSMA3,PSMB10,999
PSMA3,PSMB2,999
PSMA3,PSMB3,999
PSMA3,PSMB4,999
PSMA3,PSMB5,999
PSMA3,PSMB6,999
PSMA3,PSMB7,999
PSMA3,PSMB8,999
PSMA3,PSMB9,999
PSMA3,PSMC1,999
PSMA3,PSMC2,999
PSMA3,PSMC3,999
PSMA3,PSMC4,998
PSMA3,PSMC5,998
PSMA3,PSMC6,999
PSMA3,PSMD13,998
PSMA3,PSMD14,999
PSMA3,PSMD4,999
PSMA3,PSMD7,999
PSMA3,PSMD8,999
PSMA3,PSMD9,822
PSMA3,PSME1,986
PSMA3,PSMF1,942
PSMA3,SNCA,802
PSMA3,VCP,748
PSMA4,PSMA5,999
PSMA4,PSMA6,999
PSMA4,PSMA7,999
PSMA4,PSMB1,999
PSMA4,PSMB10,995
PSMA4,PSMB2,999
PSMA4,PSMB3,999
PSMA4,PSMB4,999
PSMA4,PSMB5,999
PSMA4,PSMB6,999
PSMA4,PSMB7,999
PSMA4,PSMB8,999
PSMA4,PSMB9,999
PSMA4,PSMC1,999
PSMA4,PSMC2,999
PSMA4,PSMC3,999
PSMA4,PSMC4,999
PSMA4,PSMC5,999
PSMA4,PSMC6,999
PSMA4,PSMD13,998
PSMA4,PSMD14,999
PSMA4,PSMD4,999
PSMA4,PSMD5,740
PSMA4,PSMD7,999
PSMA4,PSMD8,999
PSMA4,PSME1,992
PSMA4,PSMF1,982
PSMA4,RBX1,716
PSMA4,SKP1,718
PSMA4,VCP,821
PSMA5,PSMA6,999
PSMA5,PSMA7,999
PSMA5,PSMB1,999
PSMA5,PSMB10,999
PSMA5,PSMB2,999
PSMA5,PSMB3,999
PSMA5,PSMB4,999
PSMA5,PSMB5,999
PSMA5,PSMB6,999
PSMA5,PSMB7,999
PSMA5,PSMB8,999
PSMA5,PSMB9,999
PSMA5,PSMC1,999
PSMA5,PSMC2,999
PSMA5,PSMC3,999
PSMA5,PSMC4,999
PSMA5,PSMC5,999
PSMA5,PSMC6,999
PSMA5,PSMD13,999
PSMA5,PSMD14,999
PSMA5,PSMD4,999
PSMA5,PSMD7,999
PSMA5,PSMD8,998
PSMA5,PSME1,986
PSMA5,PSMF1,978
PSMA5,VCP,705
PSMA6,PSMA7,999
PSMA6,PSMB1,999
PSMA6,PSMB10,999
PSMA6,PSMB2,999
PSMA6,PSMB3,999
PSMA6,PSMB4,999
PSMA6,PSMB5,999
PSMA6,PSMB6,999
PSMA6,PSMB7,999
PSMA6,PSMB8,999
PSMA6,PSMB9,999
PSMA6,PSMC1,999
PSMA6,PSMC2,999
PSMA6,PSMC3,999
PSMA6,PSMC4,999
PSMA6,PSMC5,999
PSMA6,PSMC6,999
PSMA6,PSMD13,998
PSMA6,PSMD14,999
PSMA6,PSMD4,999
PSMA6,PSMD7,998
PSMA6,PSMD8,998
PSMA6,PSME1,993
PSMA6,PSMF1,958
PSMA6,RBX1,765
PSMA6,SKP1,710
PSMA6,VCP,774
PSMA7,PSMB1,999
PSMA7,PSMB10,993
PSMA7,PSMB2,999
PSMA7,PSMB3,999
PSMA7,PSMB4,999
PSMA7,PSMB5,999
PSMA7,PSMB6,999
PSMA7,PSMB7,999
PSMA7,PSMB8,999
PSMA7,PSMB9,999
PSMA7,PSMC1,999
PSMA7,PSMC2,999
PSMA7,PSMC3,997
PSMA7,PSMC4,998
PSMA7,PSMC5,996
PSMA7,PSMC6,999
PSMA7,PSMD13,997
PSMA7,PSMD14,998
PSMA7,PSMD4,999
PSMA7,PSMD5,763
PSMA7,PSMD7,997
PSMA7,PSMD8,997
PSMA7,PSME1,992
PSMA7,PSMF1,981
PSMA7,VCP,729
PSMB1,PSMB10,999
PSMB1,PSMB2,999
PSMB1,PSMB3,999
PSMB1,PSMB4,999
PSMB1,PSMB5,999
PSMB1,PSMB6,999
PSMB1,PSMB7,999
PSMB1,PSMB8,999
PSMB1,PSMB9,999
PSMB1,PSMC1,999
PSMB1,PSMC2,999
PSMB1,PSMC3,999
PSMB1,PSMC4,999
PSMB1,PSMC5,998
PSMB1,PSMC6,999
PSMB1,PSMD13,999
PSMB1,PSMD14,999
PSMB1,PSMD4,999
PSMB1,PSMD5,770
PSMB1,PSMD7,999
PSMB1,PSMD8,998
PSMB1,PSME1,986
PSMB1,PSMF1,986
PSMB1,RBX1,772
PSMB1,SKP1,702
PSMB10,PSMB2,999
PSMB10,PSMB3,999
PSMB10,PSMB4,999
PSMB10,PSMB5,992
PSMB10,PSMB6,993
PSMB10,PSMB7,822
PSMB10,PSMB8,999
PSMB10,PSMB9,999
PSMB10,PSMC1,894
PSMB10,PSMC2,935
PSMB10,PSMC3,844
PSMB10,PSMC4,929
PSMB10,PSMC5,871
PSMB10,PSMC6,918
PSMB10,PSMD13,867
PSMB10,PSMD14,963
PSMB10,PSMD4,989
PSMB10,PSMD7,916
PSMB10,PSMD8,922
PSMB10,PSME1,983
PSMB10,PSMF1,878
PSMB2,PSMB3,999
PSMB2,PSMB4,999
PSMB2,PSMB5,999
PSMB2,PSMB6,999
PSMB2,PSMB7,999
PSMB2,PSMB8,999
PSMB2,PSMB9,999
PSMB2,PSMC1,999
PSMB2,PSMC2,999
PSMB2,PSMC3,999
PSMB2,PSMC4,999
PSMB2,PSMC5,999
PSMB2,PSMC6,999
PSMB2,PSMD13,999
PSMB2,PSMD14,999
PSMB2,PSMD4,999
PSMB2,PSMD5,756
PSMB2,PSMD7,999
PSMB2,PSMD8,999
PSMB2,PSME1,984
PSMB2,PSMF1,983
PSMB2,VCP,899
PSMB3,PSMB4,999
PSMB3,PSMB5,999
PSMB3,PSMB6,999
PSMB3,PSMB7,999
PSMB3,PSMB8,999
PSMB3,PSMB9,999
PSMB3,PSMC1,999
PSMB3,PSMC2,999
PSMB3,PSMC3,999
PSMB3,PSMC4,999
PSMB3,PSMC5,998
PSMB3,PSMC6,999
PSMB3,PSMD13,999
PSMB3,PSMD14,999
PSMB3,PSMD4,999
PSMB3,PSMD5,706
PSMB3,PSMD7,999
PSMB3,PSMD8,999
PSMB3,PSME1,980
PSMB3,PSMF1,976
PSMB3,RBX1,847
PSMB4,PSMB5,999
PSMB4,PSMB6,999
PSMB4,PSMB7,999
PSMB4,PSMB8,999
PSMB4,PSMB9,999
PSMB4,PSMC1,999
PSMB4,PSMC2,999
PSMB4,PSMC3,998
PSMB4,PSMC4,999
PSMB4,PSMC5,998
PSMB4,PSMC6,999
PSMB4,PSMD13,999
PSMB4,PSMD14,999
PSMB4,PSMD4,999
PSMB4,PSMD5,851
PSMB4,PSMD7,999
PSMB4,PSMD8,999
PSMB4,PSME1,994
PSMB4,PSMF1,987
PSMB4,VCP,738
PSMB5,PSMB6,999
PSMB5,PSMB7,999
PSMB5,PSMB8,962
PSMB5,PSMB9,997
PSMB5,PSMC1,999
PSMB5,PSMC2,999
PSMB5,PSMC3,999
PSMB5,PSMC4,999
PSMB5,PSMC5,999
PSMB5,PSMC6,999
PSMB5,PSMD13,995
PSMB5,PSMD14,998
PSMB5,PSMD4,998
PSMB5,PSMD5,824
PSMB5,PSMD7,995
PSMB5,PSMD8,991
PSMB5,PSME1,988
PSMB5,PSMF1,928
PSMB6,PSMB7,999
PSMB6,PSMB8,999
PSMB6,PSMB9,917
PSMB6,PSMC1,999
PSMB6,PSMC2,998
PSMB6,PSMC3,998
PSMB6,PSMC4,998
PSMB6,PSMC5,996
PSMB6,PSMC6,999
PSMB6,PSMD13,998
PSMB6,PSMD14,999
PSMB6,PSMD4,999
PSMB6,PSMD7,993
PSMB6,PSMD8,999
PSMB6,PSME1,979
PSMB6,PSMF1,924
PSMB6,RBX1,823
PSMB6,VCP,756
PSMB7,PSMB8,999
PSMB7,PSMB9,999
PSMB7,PSMC1,997
PSMB7,PSMC2,999
PSMB7,PSMC3,999
PSMB7,PSMC4,998
PSMB7,PSMC5,997
PSMB7,PSMC6,999
PSMB7,PSMD13,999
PSMB7,PSMD14,999
PSMB7,PSMD4,999
PSMB7,PSMD7,999
PSMB7,PSMD8,993
PSMB7,PSME1,988
PSMB7,PSMF1,990
PSMB8,PSMB9,999
PSMB8,PSMC1,975
PSMB8,PSMC2,972
PSMB8,PSMC3,966
PSMB8,PSMC4,987
PSMB8,PSMC5,981
PSMB8,PSMC6,954
PSMB8,PSMD13,938
PSMB8,PSMD14,970
PSMB8,PSMD4,973
PSMB8,PSMD7,932
PSMB8,PSMD8,957
PSMB8,PSME1,985
PSMB8,PSMF1,840
PSMB9,PSMC1,986
PSMB9,PSMC2,963
PSMB9,PSMC3,956
PSMB9,PSMC4,988
PSMB9,PSMC5,924
PSMB9,PSMC6,975
PSMB9,PSMD13,983
PSMB9,PSMD14,985
PSMB9,PSMD4,992
PSMB9,PSMD7,975
PSMB9,PSMD8,983
PSMB9,PSME1,993
PSMB9,PSMF1,958
PSMC1,PSMC2,999
PSMC1,PSMC3,999
PSMC1,PSMC4,999
PSMC1,PSMC5,999
PSMC1,PSMC6,999
PSMC1,PSMD13,999
PSMC1,PSMD14,999
PSMC1,PSMD4,999
PSMC1,PSMD5,999
PSMC1,PSMD7,999
PSMC1,PSMD8,999
PSMC1,PSMD9,907
PSMC1,PSME1,800
PSMC1,RPS12,714
PSMC1,SNCA,718
PSMC1,TXNL1,747
PSMC1,VCP,783
PSMC2,PSMC3,999
PSMC2,PSMC4,999
PSMC2,PSMC5,999
PSMC2,PSMC6,999
PSMC2,PSMD13,999
PSMC2,PSMD14,999
PSMC2,PSMD4,999
PSMC2,PSMD5,999
PSMC2,PSMD7,999
PSMC2,PSMD8,999
PSMC2,PSMD9,970
PSMC2,PSME1,702
PSMC2,VCP,817
PSMC3,PSMC4,999
PSMC3,PSMC5,999
PSMC3,PSMC6,999
PSMC3,PSMD13,999
PSMC3,PSMD14,999
PSMC3,PSMD4,999
PSMC3,PSMD5,999
PSMC3,PSMD7,999
PSMC3,PSMD8,999
PSMC3,PSMD9,999
PSMC3,PSME1,808
PSMC3,SNCA,904
PSMC3,TXNL1,748
PSMC3,VCP,790
PSMC4,PSMC5,999
PSMC4,PSMC6,999
PSMC4,PSMD13,999
PSMC4,PSMD14,999
PSMC4,PSMD4,999
PSMC4,PSMD5,999
PSMC4,PSMD7,999
PSMC4,PSMD8,999
PSMC4,PSMD9,986
PSMC4,PSME1,856
PSMC4,RPLP0,752
PSMC4,RPS12,707
PSMC4,SNCA,735
PSMC4,VCP,855
PSMC5,PSMC6,999
PSMC5,PSMD13,999
PSMC5,PSMD14,999
PSMC5,PSMD4,999
PSMC5,PSMD5,999
PSMC5,PSMD7,999
PSMC5,PSMD8,999
PSMC5,PSMD9,981
PSMC5,PSME1,842
PSMC5,RUVBL1,931
PSMC5,VCP,808
PSMC6,PSMD13,999
PSMC6,PSMD14,999
PSMC6,PSMD4,999
PSMC6,PSMD5,999
PSMC6,PSMD7,999
PSMC6,PSMD8,999
PSMC6,PSMD9,999
PSMC6,PSME1,721
PSMD13,PSMD14,999
PSMD13,PSMD4,999
PSMD13,PSMD5,999
PSMD13,PSMD7,999
PSMD13,PSMD8,999
PSMD13,PSMD9,980
PSMD13,PSME1,737
PSMD13,VCP,794
PSMD14,PSMD4,999
PSMD14,PSMD5,999
PSMD14,PSMD7,999
PSMD14,PSMD8,999
PSMD14,PSMD9,980
PSMD14,PSME1,940
PSMD14,RAN,746
PSMD14,RBX1,832
PSMD14,SKP1,727
PSMD14,SNCA,712
PSMD14,TCP1,757
PSMD14,TXNL1,986
PSMD14,UBA1,777
PSMD14,UCHL3,890
PSMD14,USP15,792
PSMD14,USP5,745
PSMD14,VCP,906
PSMD4,PSMD5,999
PSMD4,PSMD7,999
PSMD4,PSMD8,999
PSMD4,PSMD9,984
PSMD4,PSME1,830
PSMD4,PSMF1,713
PSMD4,SKP1,713
PSMD4,SNCA,726
PSMD4,TXNL1,917
PSMD4,UQCRC1,753
PSMD4,VCP,931
PSMD5,PSMD7,999
PSMD5,PSMD8,999
PSMD5,PSMD9,946
PSMD7,PSMD8,999
PSMD7,PSMD9,961
PSMD7,UCHL3,743
PSMD7,VCP,775
PSMD8,PSMD9,980
PSMD8,VCP,797
PSMD9,SNCA,701
PSMF1,VCP,728
PSTPIP2,PTPN12,891
PTGDS,PTGES3,946
PTGDS,TTR,704
PTGES3,RUVBL1,828
PTGES3,RUVBL2,815
PTGES3,STIP1,996
PTGES3,TCP1,964
PTGES3,VCP,912
PTMA,PTMS,991
PTMA,RPLP1,787
PTPN12,PTPN6,742
PTPN12,SRC,834
PTPN12,WAS,772
PTPN6,SRC,917
PTPN6,SYK,995
PTPRC,SDC1,800
PTPRC,SELL,928
PTPRC,SPN,993
PTPRC,SYK,772
PTPRC,TFRC,888
PTPRC,TGFB1,701
PTPRC,VCAM1,832
PTPRJ,THBS1,816
PTX3,SELP,933
PURA,PURB,780
PYGB,PYGL,984
PYGB,UGP2,987
PYGL,UGP2,988
RAB10,RAB14,805
RAB10,RAB8A,831
RAB10,RILPL2,968
RAB10,SNAP23,723
RAB10,SPAG9,721
RAB10,STX4,812
RAB11B,RAB1A,785
RAB11B,RAB1B,916
RAB11B,RAB7A,819
RAB14,RAB8A,708
RAB18,RAB3GAP1,936
RAB18,RAB6A,753
RAB1A,RAB1B,991
RAB1A,RAB2A,859
RAB1A,RAB6A,805
RAB1A,RAB7A,879
RAB1A,RAB8A,914
RAB1A,SEC22B,835
RAB1A,SNCA,788
RAB1A,TMED10,823
RAB1A,TMED2,839
RAB1A,TRAPPC3,954
RAB1B,RAB2A,831
RAB1B,RAB6A,801
RAB1B,RAB8A,801
RAB1B,SEC22B,810
RAB1B,TMED10,709
RAB1B,TMED2,708
RAB1B,TRAPPC3,894
RAB27A,RAB27B,926
RAB27A,STX11,931
RAB27A,STXBP2,779
RAB27A,SYTL4,999
RAB27A,TSG101,730
RAB27A,UNC13D,999
RAB27A,VAMP7,754
RAB27B,SYTL4,937
RAB27B,UNC13D,895
RAB2A,RAB6A,800
RAB3GAP1,VAPA,730
RAB3GAP1,VAPB,839
RAB5B,RAB5C,966
RAB5B,RAB7A,729
RAB6A,RAB6B,869
RAB6A,RAB8A,878
RAB6A,TGOLN2,808
RAB7A,RHOG,785
RAB7A,TUBA1A,710
RAB7A,TUBA1C,724
RAB7A,TUBB,725
RAB7A,TUBB4B,716
RAB7A,VCP,703
RAB7A,VPS29,801
RAB8A,RALA,749
RAB8A,RILPL2,997
RAB8A,SNAP23,766
RAB8A,SNCA,703
RAB8A,STX4,755
RAB8A,SYTL4,938
RAB8A,TFRC,891
RAB8A,VAMP3,806
RAC2,RALA,932
RAC2,RALB,924
RAC2,RHOA,940
RAC2,S100A8,740
RAC2,SRC,955
RAC2,SYK,762
RAC2,WAS,929
RAC2,WASF2,950
RALA,RALB,938
RALA,RHOA,930
RALA,SRC,874
RALB,RHOA,920
RALB,SRC,831
RAN,RANBP1,999
RAN,TCP1,741
RAN,TNPO1,995
RAP1A,RAP1B,912
RAP1A,RASGRP2,993
RAP1A,RHOA,928
RAP1A,SRC,940
RAP1A,TLN1,785
RAP1A,YWHAZ,783
RAP1B,RASGRP2,989
RAP1B,RHOA,959
RAP1B,SRC,938
RAP1B,TLN1,981
RARRES2,RETN,773
RASGRP2,RRAS,793
RBX1,SKP1,999
RBX1,SUMO2,751
RBX1,UBA1,713
RBX1,UBE2N,791
RECK,SPARC,761
RETN,SERPINE1,774
RHEB,TPT1,930
RHEB,YWHAB,741
RHOA,RHOC,951
RHOA,ROCK2,998
RHOA,RRAS,927
RHOA,RTN4,811
RHOA,S100A4,732
RHOA,SRC,992
RHOA,SYK,741
RHOA,TGFB1,834
RHOA,TLN1,788
RHOA,VCL,852
RHOA,WAS,831
RHOC,ROCK2,883
RHOG,WAS,715
RNF11,UBE2N,946
RPIA,TALDO1,998
RPIA,TKT,995
RPIA,TPI1,763
RPL22,RPLP0,997
RPL22,RPLP1,994
RPL22,RPLP2,996
RPL22,RPS12,998
RPL22,TPT1,718
RPL22,TUBB,817
RPLP0,RPLP1,999
RPLP0,RPLP2,999
RPLP0,RPS12,999
RPLP0,SSBP1,728
RPLP0,TPT1,975
RPLP0,TUBB,873
RPLP1,RPLP2,999
RPLP1,RPS12,999
RPLP1,TPT1,969
RPLP2,RPS12,999
RPLP2,TPT1,970
RPS12,TPT1,961
RUVBL1,RUVBL2,999
RUVBL1,STIP1,781
RUVBL1,TCP1,814
RUVBL2,STIP1,766
RUVBL2,TCP1,736
S100A4,S100A6,755
S100A4,SDF4,722
S100A4,VIM,764
S100A6,S100A8,701
S100A6,SDF4,725
S100A7,S100A8,775
S100A7,S100A9,863
S100A7,SERPINB3,757
S100A8,S100A9,999
S100A8,TAOK1,888
SAA1,SAA2,975
SAA1,SAA4,762
SAA1,TTR,834
SAA2,SAA4,935
SAA4,TTR,824
SAR1A,SEC13,997
SAR1A,SEC22B,781
SAR1A,SEC31A,997
SBSN,TGM3,833
SDC1,SDC4,947
SDC1,SDCBP,997
SDC1,SPN,807
SDC1,THBS1,989
SDC1,THBS2,921
SDC1,THBS3,908
SDC1,THBS4,946
SDC1,TLN1,730
SDC1,TNC,912
SDC1,TNXB,904
SDC1,VCAN,793
SDC1,VTN,853
SDC4,SDCBP,981
SDC4,TGFB1,868
SDC4,THBS1,977
SDC4,THBS2,952
SDC4,THBS3,916
SDC4,THBS4,918
SDC4,TNC,953
SDC4,TNXB,914
SDC4,VCAN,711
SDC4,VTN,829
SDCBP,SRC,738
SDCBP,TSG101,859
SEC13,SEC22B,803
SEC13,SEC31A,999
SEC13,SVIP,702
SEC13,TMED10,802
SEC13,TMED2,818
SEC13,TRAPPC3,756
SEC13,VCP,715
SEC22B,SEC31A,791
SEC22B,SNAP23,979
SEC22B,SNAP29,919
SEC22B,STX11,762
SEC22B,STX12,927
SEC22B,STX4,999
SEC22B,STX7,962
SEC22B,TMED10,851
SEC22B,TMED2,746
SEC22B,TMED9,790
SEC22B,VAMP3,804
SEC22B,VAMP7,941
SEC22B,VAMP8,848
SEC31A,TMED10,747
SEC31A,TPM3,744
SEC31A,TPM4,771
SELENOF,SELENOP,783
SELL,SELP,986
SELL,SPN,791
SELL,VCAM1,970
SELL,VCAN,922
SELL,VWF,774
SELP,SPN,759
SELP,TREML1,844
SELP,VCAM1,963
SELP,VWF,999
SEPTIN11,SEPTIN2,999
SEPTIN11,SEPTIN7,999
SEPTIN2,SEPTIN7,999
SERPINA1,SERPINF1,744
SERPINA1,SERPINF2,837
SERPINA1,TTR,961
SERPINA1,VTN,718
SERPINA11,SERPINA7,800
SERPINA3,TTR,820
SERPINA5,SERPINB6,816
SERPINA5,VTN,719
SERPINA6,SHBG,953
SERPINA7,SHBG,770
SERPINA7,TTR,980
SERPIND1,TFPI,884
SERPIND1,VTN,762
SERPINE1,TFPI,718
SERPINE1,TGFB1,798
SERPINE1,THBS1,819
SERPINE1,TIMP1,840
SERPINE1,VCAM1,719
SERPINE1,VTN,999
SERPINE1,VWF,817
SERPINF1,VTN,828
SERPINF2,THBS1,858
SERPINF2,VTN,885
SERPING1,VTN,719
SHMT2,TKT,772
SHMT2,TPI1,920
SKP1,SUGT1,993
SKP1,SUMO2,705
SKP1,YWHAG,725
SLC25A3,TCP1,713
SLC25A3,UQCRC2,891
SLC25A3,UQCRFS1,957
SLC25A3,VDAC1,725
SLC25A3,VDAC2,790
SLC2A1,SLC4A1,744
SLC2A1,STOM,880
SLC4A1,SNCA,708
SLC4A1,SPTA1,865
SLC4A1,TRIM58,788
SNAP23,SNAP29,993
SNAP23,SNAPIN,940
SNAP23,STX11,999
SNAP23,STX12,996
SNAP23,STX4,999
SNAP23,STX7,992
SNAP23,STXBP2,737
SNAP23,VAMP3,999
SNAP23,VAMP7,999
SNAP23,VAMP8,999
SNAP29,STX11,841
SNAP29,STX12,992
SNAP29,STX4,994
SNAP29,STX7,999
SNAP29,VAMP3,985
SNAP29,VAMP7,999
SNAP29,VAMP8,999
SNCA,TTR,753
SNCA,VDAC1,979
SNCA,YWHAH,821
SNCA,YWHAQ,809
SNX2,TGOLN2,790
SNX2,VAPA,827
SNX2,VAPB,850
SNX2,VPS29,999
SOD2,SOD3,839
SOD2,VDAC1,777
SPARC,SPP1,984
SPARC,TGFB1,722
SPARC,THBS1,847
SPARC,THBS2,735
SPARC,VCAM1,965
SPARC,VTN,922
SPARC,VWF,765
SPP1,TGFB1,716
SPP1,THBS1,731
SPP1,THBS2,726
SPP1,TIMP1,781
SPP1,VCAM1,746
SPP1,VTN,964
SPP1,VWF,807
SPTA1,SPTAN1,906
SPTA1,SPTB,999
SPTA1,SPTBN1,981
SPTAN1,SPTB,989
SPTAN1,SPTBN1,999
SPTAN1,VASP,744
SPTB,SPTBN1,733
SPTB,TPM3,753
SRC,STRN,913
SRC,SYK,999
SRC,TGFB1,787
SRC,TLN1,999
SRC,VASP,727
SRC,VCL,997
SRC,VTN,733
SRC,WAS,987
SRC,WASF2,704
SRC,YWHAB,819
SRC,ZYX,856
STIP1,TCP1,968
STK24,STRN,999
STK24,TCP1,994
STRAP,TSN,765
STRN,TCP1,723
STRN,TPM3,736
STX11,STX12,845
STX11,STX7,815
STX11,STXBP2,999
STX11,UNC13D,990
STX11,VAMP3,920
STX11,VAMP7,855
STX11,VAMP8,990
STX12,STX4,985
STX12,STX7,958
STX12,VAMP3,992
STX12,VAMP7,996
STX12,VAMP8,998
STX4,STX7,943
STX4,STXBP2,792
STX4,VAMP3,999
STX4,VAMP7,999
STX4,VAMP8,999
STX7,VAMP3,981
STX7,VAMP7,999
STX7,VAMP8,999
STXBP2,UNC13D,970
STXBP2,VAMP8,855
SUMO2,UBA1,731
SUMO2,UBE2N,923
SVEP1,VWF,857
SVIP,VCP,997
SYK,TLN1,700
SYK,UBASH3B,713
SYK,VWF,712
TALDO1,TKT,999
TALDO1,TPI1,994
TBCB,TUBA1A,819
TBCB,TUBA1C,718
TBCB,TUBA4A,808
TBCB,TUBA8,711
TBCB,TUBB4B,763
TCP1,TUBA1A,806
TCP1,TUBA1C,766
TCP1,TUBA4A,761
TCP1,TUBB,968
TCP1,TUBB1,712
TCP1,TUBB4B,784
TCP1,VBP1,971
TCP1,VCP,713
TFPI,THBS1,809
TFPI,VWF,746
TFRC,TGOLN2,857
TFRC,VAMP3,829
TGFB1,TGFBR3,997
TGFB1,THBS1,985
TGFB1,TIMP1,882
TGFB1,VASN,758
TGFB1,VTN,787
TGOLN2,VAMP3,841
TGOLN2,VAMP7,716
TGOLN2,VPS29,704
THBS1,TIMP1,762
THBS1,VCAN,778
THBS1,VTN,826
THBS1,VWF,771
THBS3,THBS4,821
TKFC,TPI1,992
TKT,TPI1,980
TLN1,VASP,981
TLN1,VCL,999
TLN1,VTN,740
TLN1,WAS,822
TLN1,WDR1,744
TLN1,ZYX,999
TMED10,TMED2,999
TMED10,TMED9,999
TMED2,TMED9,996
TMOD3,TPM1,745
TMOD3,TPM2,754
TMOD3,TPM3,829
TMOD3,TPM4,784
TMOD3,TWF2,793
TNXB,VCAN,757
TPM1,TPM2,993
TPM1,TPM3,998
TPM1,TPM4,982
TPM1,VCL,957
TPM2,TPM3,949
TPM2,TPM4,986
TPM2,VCL,708
TPM3,TPM4,946
TPM3,YWHAZ,786
TPM4,VCL,711
TSG101,VPS37B,999
TSG101,VPS4A,965
TSG101,VPS4B,959
TSG101,VTA1,938
TSN,VTA1,775
TUBA1A,TUBA4A,947
TUBA1A,TUBB,996
TUBA1A,TUBB1,963
TUBA1A,TUBB4B,999
TUBA1A,VBP1,716
TUBA1A,YWHAZ,726
TUBA1C,TUBA4A,778
TUBA1C,TUBB,994
TUBA1C,TUBB1,963
TUBA1C,TUBB4B,990
TUBA4A,TUBB,994
TUBA4A,TUBB1,964
TUBA4A,TUBB4B,991
TUBA8,TUBB,978
TUBA8,TUBB1,963
TUBA8,TUBB4B,962
TUBB,TUBB4B,986
TUBB4B,YWHAE,737
UBA1,UBA7,909
UBA1,UBE2H,978
UBA1,UBE2N,998
UBA1,UBE2O,791
UBA1,UBE2V1,870
UBA1,USP5,857
UBA1,VCP,801
UBA5,UFM1,999
UBA7,UBE2H,743
UBA7,UBE2N,961
UBA7,UBE2O,709
UBE2N,UBE2V1,999
UBE2N,VCP,785
UCHL3,USP15,751
UCHL3,USP5,819
UQCRB,UQCRC1,999
UQCRB,UQCRC2,999
UQCRB,UQCRFS1,999
UQCRB,UQCRH,999
UQCRC1,UQCRC2,999
UQCRC1,UQCRFS1,999
UQCRC1,UQCRH,999
UQCRC2,UQCRFS1,999
UQCRC2,UQCRH,999
UQCRC2,VDAC1,810
UQCRC2,VDAC2,763
UQCRFS1,UQCRH,999
UQCRFS1,VDAC1,768
VAMP3,VAMP7,998
VAMP3,VAMP8,988
VAMP7,VAMP8,999
VAMP8,VAPA,773
VAPA,VAPB,964
VAPA,WDR44,734
VAPB,VCP,789
VAPB,WDR44,734
VASP,VCL,999
VASP,WAS,949
VASP,WASF2,792
VASP,WIPF1,855
VASP,ZYX,999
VCAM1,VWF,857
VCL,VTN,829
VCL,WAS,761
VCL,ZYX,999
VCP,VIM,779
VCP,YOD1,998
VCP,YWHAE,726
VDAC1,VDAC2,998
VDAC1,VDAC3,995
VDAC1,YWHAE,765
VDAC2,VDAC3,997
VIM,YWHAZ,746
VPS37B,VPS4A,957
VPS37B,VPS4B,752
VPS4A,VPS4B,988
VPS4A,VTA1,999
VPS4B,VTA1,999
VTN,VWF,966
WAS,WASF2,952
WAS,WIPF1,999
WASF2,WIPF1,718
YWHAB,YWHAE,979
YWHAB,YWHAG,953
YWHAB,YWHAH,970
YWHAB,YWHAQ,978
YWHAB,YWHAZ,992
YWHAE,YWHAG,988
YWHAE,YWHAH,948
YWHAE,YWHAQ,984
YWHAE,YWHAZ,998
YWHAG,YWHAH,970
YWHAG,YWHAQ,910
YWHAG,YWHAZ,985
YWHAH,YWHAQ,911
YWHAH,YWHAZ,972
YWHAQ,YWHAZ,988
