gene1,gene2,combined_score
A1BG,A2M,692
A1BG,AFM,544
A1BG,AHSG,849
A1BG,ALDOA,448
A1BG,AMBP,716
A1BG,APCS,460
A1BG,APOA1,509
A1BG,APOA2,434
A1BG,APOA4,465
A1BG,APOH,525
A1BG,AZGP1,535
A1BG,C1R,457
A1BG,C1S,503
A1BG,C3,430
A1BG,C9,442
A1BG,CFB,529
A1BG,CFD,521
A1BG,CLU,435
A1BG,COL6A1,405
A1BG,CP,516
A1BG,CRKL,553
A1BG,FGA,578
A1BG,FGB,599
A1BG,FGG,456
A1BG,FN1,513
A1BG,GC,622
A1BG,GRB2,992
A1BG,HP,628
A1BG,HPX,632
A1BG,HRG,496
A1BG,ITIH1,493
A1BG,ITIH2,491
A1BG,ITIH3,484
A1BG,ITIH4,588
A1BG,KNG1,417
A1BG,LRG1,524
A1BG,ORM1,592
A1BG,ORM2,549
A1BG,SERPINA1,735
A1BG,SERPINA3,663
A1BG,TTR,531
A2M,ACAN,582
A2M,ACTG1,434
A2M,ACTN4,448
A2M,ADAM10,497
A2M,ADAMTS1,428
A2M,AFM,478
A2M,AGT,471
A2M,AHSG,803
A2M,ALDOA,464
A2M,AMBP,871
A2M,APCS,534
A2M,APLP2,429
A2M,APOA1,998
A2M,APOA2,772
A2M,APOA4,644
A2M,APOB,585
A2M,APOC1,622
A2M,APOC2,623
A2M,APOC3,660
A2M,APOD,574
A2M,APOE,975
A2M,APOH,752
A2M,APOL1,491
A2M,APP,905
A2M,AZGP1,443
A2M,BLMH,448
A2M,C1QBP,669
A2M,C1R,694
A2M,C1S,578
A2M,C3,407
A2M,C4A,530
A2M,C4BPA,448
A2M,C7,571
A2M,C9,463
A2M,CD5L,512
A2M,CFB,726
A2M,CFH,559
A2M,CFI,502
A2M,CFP,580
A2M,CLEC3B,542
A2M,CLU,896
A2M,CP,889
A2M,CPB2,805
A2M,CSPG4,437
A2M,CST3,414
A2M,CTSB,768
A2M,ELANE,735
A2M,F10,475
A2M,F11,620
A2M,F12,534
A2M,F13A1,572
A2M,F13B,534
A2M,F2,700
A2M,F5,610
A2M,F7,526
A2M,F8,610
A2M,F9,428
A2M,FBN1,517
A2M,FCGBP,543
A2M,FGA,832
A2M,FGB,841
A2M,FGG,761
A2M,FN1,851
A2M,GAPDH,542
A2M,GC,654
A2M,HP,997
A2M,HPR,634
A2M,HPX,824
A2M,HRG,762
A2M,HSP90B1,593
A2M,HSPA4,574
A2M,HSPA5,972
A2M,IGF2R,433
A2M,IGFBP1,585
A2M,IGFBP3,563
A2M,ITIH2,632
A2M,ITIH3,468
A2M,ITIH4,447
A2M,KLKB1,957
A2M,KNG1,927
A2M,LCAT,608
A2M,LGALS3BP,563
A2M,LPA,450
A2M,LRP1,998
A2M,LUM,435
A2M,MASP1,438
A2M,MASP2,411
A2M,MBL2,640
A2M,MMP19,585
A2M,MMP2,953
A2M,MMP9,845
A2M,NME2,444
A2M,ORM1,809
A2M,ORM2,808
A2M,PDGFRB,578
A2M,PF4,467
A2M,PIGR,575
A2M,PLG,779
A2M,PON1,516
A2M,PROC,931
A2M,PRSS3,429
A2M,PTGDS,560
A2M,PZP,617
A2M,SAA1,448
A2M,SAA2,430
A2M,SELENBP1,456
A2M,SELENOP,648
A2M,SERPINA1,980
A2M,SERPINA10,435
A2M,SERPINA3,929
A2M,SERPINA4,408
A2M,SERPINA5,485
A2M,SERPINA7,459
A2M,SERPINB1,568
A2M,SERPIND1,771
A2M,SERPINE1,804
A2M,SERPINF1,880
A2M,SERPINF2,968
A2M,SERPING1,905
A2M,SHBG,414
A2M,SORL1,585
A2M,SPARCL1,418
A2M,TGFB1,910
A2M,THBS1,592
A2M,TIMP1,736
A2M,TTR,905
A2M,VTN,524
A2M,VWF,603
ABI1,ABI3BP,688
ABI1,ACTB,665
ABI1,ACTG1,610
ABI1,ACTN4,586
ABI1,ACTR2,847
ABI1,ACTR3,839
ABI1,ARPC1B,716
ABI1,ARPC2,815
ABI1,ARPC3,781
ABI1,ARPC4,671
ABI1,ARPC5,747
ABI1,ARPC5L,704
ABI1,BRK1,999
ABI1,CDC42,816
ABI1,CFL1,597
ABI1,CLTC,482
ABI1,CRKL,653
ABI1,CTTN,677
ABI1,CYFIP1,999
ABI1,ERBIN,470
ABI1,FCGR3A,507
ABI1,GRB2,730
ABI1,HNRNPK,892
ABI1,HSP90AA1,528
ABI1,ITGB1,428
ABI1,LAMTOR1,424
ABI1,MAPK1,450
ABI1,MCAM,408
ABI1,NAP1L1,438
ABI1,NCK2,901
ABI1,PFN1,568
ABI1,RAB18,400
ABI1,RAB7A,443
ABI1,RAC2,700
ABI1,SRC,878
ABI1,SYK,601
ABI1,TFRC,424
ABI1,UBASH3B,424
ABI1,VAMP3,436
ABI1,VASP,848
ABI1,WAS,894
ABI1,WASF2,999
ABI1,WIPF1,595
ACAA1,ATP5F1A,437
ACAA1,DECR1,637
ACAA1,DLD,466
ACAA1,DLST,852
ACAA1,ECH1,637
ACAA1,ECHS1,977
ACAA1,ECI1,825
ACAA1,ETFA,729
ACAA1,ETFB,517
ACAA1,GPI,402
ACAA1,HSD17B10,969
ACAA1,IDH1,484
ACAA1,MDH2,455
ACAA1,NDUFS8,549
ACAA1,SCP2,982
ACAA1,VDAC3,545
ACAN,ACTB,578
ACAN,ADAMTS1,860
ACAN,ADIPOQ,406
ACAN,AGRN,570
ACAN,ALCAM,434
ACAN,ANXA2,442
ACAN,ASPN,566
ACAN,B4GAT1,400
ACAN,BGN,928
ACAN,BMP1,553
ACAN,CASP3,496
ACAN,CD34,548
ACAN,CD44,761
ACAN,CDH2,415
ACAN,CFP,426
ACAN,CILP,555
ACAN,COL1A1,835
ACAN,COMP,980
ACAN,CSPG4,407
ACAN,CTSS,405
ACAN,ENG,608
ACAN,FBLN1,954
ACAN,FBLN2,931
ACAN,FBN1,470
ACAN,FN1,994
ACAN,GAPDH,715
ACAN,HABP2,687
ACAN,HLA-DRA,798
ACAN,HSPG2,891
ACAN,HTRA1,843
ACAN,ITGB1,532
ACAN,LPL,406
ACAN,LUM,920
ACAN,LYVE1,424
ACAN,MMP2,804
ACAN,MMP9,802
ACAN,NCAM1,505
ACAN,NID1,584
ACAN,OGN,714
ACAN,OMD,716
ACAN,PECAM1,461
ACAN,POSTN,637
ACAN,PRG4,900
ACAN,PTPRC,529
ACAN,PTPRF,445
ACAN,SDC4,707
ACAN,SERPINE1,524
ACAN,SPARC,698
ACAN,SPP1,736
ACAN,TGFB1,725
ACAN,THBS1,576
ACAN,THBS4,483
ACAN,TIMP1,646
ACAN,TNC,894
ACAN,TNXB,636
ACAN,VCAN,988
ACAN,VTN,533
ACO1,ALAD,711
ACO1,ALDOA,445
ACO1,APP,511
ACO1,ATP5F1A,556
ACO1,ATP5MG,537
ACO1,CIAO1,498
ACO1,CIAO2A,459
ACO1,CP,429
ACO1,CYC1,517
ACO1,DLD,625
ACO1,DLST,682
ACO1,ECHS1,653
ACO1,ECI1,494
ACO1,ENO1,605
ACO1,ENO2,437
ACO1,ETFA,410
ACO1,FTH1,678
ACO1,FTL,799
ACO1,G6PD,569
ACO1,GAPDH,620
ACO1,GLRX,559
ACO1,GLRX3,883
ACO1,GOT2,688
ACO1,GPI,695
ACO1,GPX3,690
ACO1,GPX4,453
ACO1,GSR,497
ACO1,HP,450
ACO1,HSP90AA1,477
ACO1,HSPA4,453
ACO1,HSPA9,808
ACO1,HSPD1,771
ACO1,HSPE1,439
ACO1,IDH1,998
ACO1,LDHA,576
ACO1,MDH2,893
ACO1,MT-CO2,406
ACO1,NDUFS3,482
ACO1,NDUFS8,544
ACO1,PARK7,451
ACO1,PCBP1,430
ACO1,PDHB,547
ACO1,PEBP1,617
ACO1,PGAM1,420
ACO1,PGD,598
ACO1,PGK1,567
ACO1,PGLS,449
ACO1,PGM1,546
ACO1,PKM,519
ACO1,PRDX3,447
ACO1,PRDX6,410
ACO1,PYGL,411
ACO1,RPIA,562
ACO1,SHMT2,487
ACO1,SOD2,937
ACO1,TALDO1,658
ACO1,TFRC,888
ACO1,TKT,626
ACO1,TPI1,724
ACO1,UQCRC1,610
ACO1,UQCRC2,520
ACO1,UQCRFS1,605
ACO1,VDAC1,520
ACP1,ACTB,421
ACP1,APOB,421
ACP1,BABAM1,418
ACP1,CDH1,513
ACP1,CORO1A,432
ACP1,DLD,404
ACP1,DUSP3,554
ACP1,ESD,635
ACP1,G6PD,783
ACP1,GAPDH,421
ACP1,GET3,897
ACP1,GLO1,626
ACP1,GLRX,851
ACP1,GRB2,475
ACP1,GSR,671
ACP1,HAGH,442
ACP1,HSPE1,477
ACP1,LDHA,610
ACP1,PGD,560
ACP1,PGM1,438
ACP1,PTPN12,517
ACP1,PTPRB,408
ACP1,PTPRJ,410
ACP1,SAA1,491
ACP1,SAA4,711
ACP1,SRC,435
ACP1,TALDO1,476
ACP1,TKT,760
ACP1,TPI1,433
ACTB,ACTBL2,873
ACTB,ACTG1,999
ACTB,ACTN1,985
ACTB,ACTN4,971
ACTB,ACTR1A,977
ACTB,ACTR1B,542
ACTB,ACTR2,968
ACTB,ACTR3,957
ACTB,ADAM10,464
ACTB,ADD1,409
ACTB,ADIPOQ,592
ACTB,AGT,582
ACTB,AHSG,421
ACTB,AKAP12,500
ACTB,ALDOA,784
ACTB,ANK1,454
ACTB,ANPEP,601
ACTB,ANXA1,700
ACTB,ANXA2,767
ACTB,APOA1,438
ACTB,APOB,437
ACTB,APOE,643
ACTB,APP,801
ACTB,ARF6,636
ACTB,ARG1,595
ACTB,ARHGAP1,586
ACTB,ARHGDIA,488
ACTB,ARPC1B,958
ACTB,ARPC2,962
ACTB,ARPC3,968
ACTB,ARPC4,961
ACTB,ARPC5,952
ACTB,ARPC5L,945
ACTB,ATG3,484
ACTB,ATP5F1A,642
ACTB,ATP5F1B,638
ACTB,AXL,487
ACTB,BANF1,546
ACTB,BASP1,502
ACTB,BAX,611
ACTB,BCL2L1,784
ACTB,BRK1,578
ACTB,BSG,435
ACTB,C3,588
ACTB,CALD1,433
ACTB,CALR,585
ACTB,CANX,688
ACTB,CAP1,860
ACTB,CAPN1,421
ACTB,CAPNS1,407
ACTB,CAPZA1,964
ACTB,CAPZA2,474
ACTB,CAPZB,976
ACTB,CASP3,989
ACTB,CCL5,576
ACTB,CCT2,905
ACTB,CCT4,702
ACTB,CCT5,865
ACTB,CCT6A,669
ACTB,CCT7,722
ACTB,CD34,670
ACTB,CD36,612
ACTB,CD44,728
ACTB,CD63,662
ACTB,CD9,617
ACTB,CDC37,625
ACTB,CDC42,975
ACTB,CDH1,833
ACTB,CDH2,784
ACTB,CDH5,746
ACTB,CFL1,999
ACTB,CLNS1A,545
ACTB,CLTC,693
ACTB,CLU,592
ACTB,CNN2,481
ACTB,CNP,419
ACTB,COL1A1,664
ACTB,COMT,568
ACTB,COPB2,452
ACTB,COPS4,627
ACTB,COPS5,610
ACTB,COPS6,504
ACTB,COPS7A,423
ACTB,COPS7B,418
ACTB,COPS8,436
ACTB,CORO1A,597
ACTB,CORO1B,411
ACTB,CORO1C,698
ACTB,COTL1,645
ACTB,COX4I1,763
ACTB,CSF1,596
ACTB,CSF1R,508
ACTB,CTSB,547
ACTB,CTSL,420
ACTB,CTSS,463
ACTB,CTTN,590
ACTB,CXCL12,585
ACTB,CYFIP1,656
ACTB,DBN1,678
ACTB,DBNL,489
ACTB,DCD,420
ACTB,DCTN1,971
ACTB,DCTN2,950
ACTB,DCTN3,896
ACTB,DDB1,582
ACTB,DIABLO,486
ACTB,DIAPH1,934
ACTB,DNM1L,579
ACTB,DPP4,404
ACTB,DSTN,910
ACTB,DYNLL1,693
ACTB,DYNLRB1,853
ACTB,EEF1B2,478
ACTB,EEF1G,439
ACTB,EEF2,650
ACTB,EIF2S1,598
ACTB,EIF3I,403
ACTB,EIF3K,402
ACTB,EIF4A1,588
ACTB,EIF4E,615
ACTB,EIF4G2,482
ACTB,EIF5A,560
ACTB,ELANE,441
ACTB,EMD,516
ACTB,ENG,726
ACTB,ENO1,869
ACTB,ENO2,552
ACTB,EPS15,401
ACTB,ESYT1,448
ACTB,FCGR2A,459
ACTB,FCGR3A,580
ACTB,FGFR1,528
ACTB,FIS1,538
ACTB,FLNA,750
ACTB,FLOT1,459
ACTB,FLOT2,431
ACTB,FN1,886
ACTB,FTH1,547
ACTB,FTL,570
ACTB,G6PD,532
ACTB,GAPDH,975
ACTB,GC,522
ACTB,GCLM,525
ACTB,GNAI2,516
ACTB,GOT2,450
ACTB,GPX3,593
ACTB,GPX4,570
ACTB,GRB2,814
ACTB,GSR,525
ACTB,GUSB,697
ACTB,H1-4,509
ACTB,H4C1,899
ACTB,HLA-A,424
ACTB,HMGB1,643
ACTB,HNRNPC,524
ACTB,HNRNPK,543
ACTB,HP,585
ACTB,HPRT1,795
ACTB,HSP90AA1,967
ACTB,HSP90AB1,911
ACTB,HSP90B1,572
ACTB,HSPA4,720
ACTB,HSPA5,808
ACTB,HSPA8,955
ACTB,HSPA9,828
ACTB,HSPB1,591
ACTB,HSPD1,622
ACTB,ICAM1,697
ACTB,IDH1,453
ACTB,IGFBP3,587
ACTB,ILK,951
ACTB,ITGA2,860
ACTB,ITGA2B,937
ACTB,ITGA5,801
ACTB,ITGA6,803
ACTB,ITGAV,799
ACTB,ITGB1,984
ACTB,ITGB2,679
ACTB,ITGB3,949
ACTB,ITIH4,410
ACTB,KPNB1,624
ACTB,KRT14,498
ACTB,KRT19,527
ACTB,KRT5,675
ACTB,KRT8,670
ACTB,LAMP1,679
ACTB,LAMP2,553
ACTB,LASP1,446
ACTB,LCN2,500
ACTB,LCP1,770
ACTB,LDHA,696
ACTB,LGALS3,506
ACTB,LIMS1,580
ACTB,LMNA,784
ACTB,LMNB1,884
ACTB,LPL,455
ACTB,LRP1,506
ACTB,LYN,453
ACTB,LYVE1,416
ACTB,MAPK1,767
ACTB,MAPK14,573
ACTB,MAVS,495
ACTB,MCAM,579
ACTB,MMP2,673
ACTB,MMP9,778
ACTB,MPO,532
ACTB,MSN,975
ACTB,MT-CO2,560
ACTB,MYH9,991
ACTB,MYL6,973
ACTB,MYL9,945
ACTB,NCAM1,453
ACTB,NDUFS3,420
ACTB,NEXN,444
ACTB,NME2,469
ACTB,NOTCH2,502
ACTB,NOTCH3,489
ACTB,NRAS,501
ACTB,NTRK2,558
ACTB,ORM1,509
ACTB,OSTF1,405
ACTB,OTUB1,421
ACTB,P4HB,714
ACTB,PARK7,450
ACTB,PARVB,915
ACTB,PCBP1,403
ACTB,PCSK9,574
ACTB,PDCD6,432
ACTB,PDGFRB,538
ACTB,PDIA3,493
ACTB,PECAM1,733
ACTB,PFDN1,735
ACTB,PFDN2,744
ACTB,PFDN4,577
ACTB,PFDN5,739
ACTB,PFDN6,634
ACTB,PFN1,999
ACTB,PGAM1,494
ACTB,PGK1,829
ACTB,PKM,670
ACTB,PLG,584
ACTB,PLIN1,509
ACTB,PODXL,504
ACTB,POSTN,404
ACTB,PPIB,665
ACTB,PPIF,427
ACTB,PPP1CA,785
ACTB,PPP1CB,559
ACTB,PPP1R12A,506
ACTB,PPP2R1A,408
ACTB,PRDX2,499
ACTB,PRDX3,538
ACTB,PRDX4,409
ACTB,PRDX6,415
ACTB,PRNP,436
ACTB,PSMA1,569
ACTB,PSMA2,519
ACTB,PSMA3,415
ACTB,PSMA7,637
ACTB,PSMB10,427
ACTB,PSMB3,543
ACTB,PSMC4,418
ACTB,PTMA,705
ACTB,PTPRC,734
ACTB,RAB2A,414
ACTB,RAB6A,659
ACTB,RAB7A,648
ACTB,RAC2,584
ACTB,RAN,469
ACTB,RAP1B,412
ACTB,RBX1,643
ACTB,RHEB,423
ACTB,RHOA,978
ACTB,RHOC,786
ACTB,ROCK2,445
ACTB,RPL22,415
ACTB,RPLP0,889
ACTB,RPLP1,645
ACTB,RPS12,416
ACTB,RUVBL1,993
ACTB,RUVBL2,995
ACTB,S100A4,495
ACTB,S100A8,425
ACTB,SDC1,436
ACTB,SELL,493
ACTB,SERPINA1,405
ACTB,SERPINA5,447
ACTB,SERPINE1,548
ACTB,SKP1,504
ACTB,SLC2A1,611
ACTB,SLC3A2,530
ACTB,SNAP23,571
ACTB,SNCA,661
ACTB,SOD2,653
ACTB,SPARC,424
ACTB,SPN,410
ACTB,SPP1,604
ACTB,SPTAN1,535
ACTB,SRC,774
ACTB,SSBP1,635
ACTB,STIM1,424
ACTB,SUMO2,583
ACTB,SYK,526
ACTB,TAGLN2,751
ACTB,TCP1,891
ACTB,TFRC,761
ACTB,TGFB1,773
ACTB,TGOLN2,445
ACTB,THBS1,538
ACTB,TIMP1,604
ACTB,TJP2,526
ACTB,TLN1,960
ACTB,TMOD3,701
ACTB,TMSB4X,961
ACTB,TPI1,530
ACTB,TPM1,509
ACTB,TPM2,434
ACTB,TPM3,606
ACTB,TPM4,496
ACTB,TPT1,584
ACTB,TSG101,757
ACTB,TTR,403
ACTB,TUBA1A,838
ACTB,TUBA1C,825
ACTB,TUBA4A,825
ACTB,TUBA8,550
ACTB,TUBB,844
ACTB,TUBB1,591
ACTB,TUBB4B,672
ACTB,TWF2,772
ACTB,UBA1,625
ACTB,UQCRC1,420
ACTB,UQCRC2,525
ACTB,USP47,453
ACTB,UTRN,543
ACTB,VAMP3,595
ACTB,VASP,955
ACTB,VBP1,601
ACTB,VCAM1,605
ACTB,VCL,984
ACTB,VCP,728
ACTB,VDAC1,864
ACTB,VDAC2,558
ACTB,VDAC3,539
ACTB,VIM,723
ACTB,VTN,616
ACTB,VWF,549
ACTB,WAS,954
ACTB,WASF2,941
ACTB,WDR1,709
ACTB,WIPF1,653
ACTB,YWHAB,908
ACTB,YWHAE,538
ACTB,YWHAG,610
ACTB,YWHAH,590
ACTB,YWHAQ,604
ACTB,YWHAZ,899
ACTB,ZYX,942
ACTBL2,ACTR2,493
ACTBL2,ANP32B,407
ACTBL2,ARPC1B,417
ACTBL2,ARPC2,408
ACTBL2,ARPC3,437
ACTBL2,ARPC4,404
ACTBL2,ARPC5L,412
ACTBL2,CAP1,679
ACTBL2,CAPZB,483
ACTBL2,CFL1,562
ACTBL2,DBN1,454
ACTBL2,DCTN2,480
ACTBL2,ENO2,490
ACTBL2,GC,425
ACTBL2,MIF,405
ACTBL2,MYH9,534
ACTBL2,PFDN1,792
ACTBL2,PFDN2,896
ACTBL2,PFN1,667
ACTBL2,PRDX2,524
ACTBL2,RAB3GAP1,425
ACTBL2,RUVBL1,714
ACTBL2,RUVBL2,714
ACTBL2,TPM4,410
ACTBL2,TUBA1A,450
ACTBL2,TUBA1C,458
ACTBL2,TUBA4A,412
ACTBL2,TUBA8,457
ACTBL2,TWF2,721
ACTBL2,WDR1,406
ACTBL2,YWHAB,442
ACTBL2,YWHAG,414
ACTBL2,YWHAH,439
ACTBL2,YWHAZ,447
ACTG1,ACTN1,972
ACTG1,ACTN4,970
ACTG1,ACTR1A,652
ACTG1,ACTR1B,442
ACTG1,ACTR2,949
ACTG1,ACTR3,936
ACTG1,AGRN,414
ACTG1,ALDOA,774
ACTG1,ANXA1,693
ACTG1,ANXA2,646
ACTG1,APOA1,484
ACTG1,APOA2,440
ACTG1,ARPC1B,962
ACTG1,ARPC2,966
ACTG1,ARPC3,964
ACTG1,ARPC4,939
ACTG1,ARPC5,953
ACTG1,ARPC5L,975
ACTG1,ATP5F1A,511
ACTG1,ATP5F1B,484
ACTG1,BRK1,712
ACTG1,CAP1,724
ACTG1,CAPZA1,504
ACTG1,CAPZA2,551
ACTG1,CAPZB,627
ACTG1,CASP3,922
ACTG1,CCT2,876
ACTG1,CCT4,871
ACTG1,CCT5,899
ACTG1,CCT6A,934
ACTG1,CCT7,947
ACTG1,CDC42,957
ACTG1,CDH1,457
ACTG1,CFL1,998
ACTG1,CLTC,623
ACTG1,CNN2,439
ACTG1,CORO1B,681
ACTG1,CORO1C,451
ACTG1,COTL1,567
ACTG1,CTTN,714
ACTG1,CYFIP1,616
ACTG1,DAG1,547
ACTG1,DBN1,498
ACTG1,DBNL,471
ACTG1,DCTN1,442
ACTG1,DCTN2,580
ACTG1,DIAPH1,936
ACTG1,DSTN,911
ACTG1,DYNLL1,495
ACTG1,ECH1,430
ACTG1,EEF2,517
ACTG1,EIF4G2,451
ACTG1,ENO1,615
ACTG1,FLNA,729
ACTG1,FN1,768
ACTG1,FUCA1,494
ACTG1,GAPDH,809
ACTG1,GC,407
ACTG1,GLRX,526
ACTG1,GRB2,684
ACTG1,HNRNPC,451
ACTG1,HNRNPK,530
ACTG1,HSP90AA1,504
ACTG1,HSP90AB1,518
ACTG1,HSPA5,475
ACTG1,HSPA8,592
ACTG1,ILK,928
ACTG1,ITGA2,793
ACTG1,ITGA2B,904
ACTG1,ITGA5,716
ACTG1,ITGA6,683
ACTG1,ITGAV,709
ACTG1,ITGB1,955
ACTG1,ITGB3,913
ACTG1,JAM3,421
ACTG1,LCP1,744
ACTG1,LMNB1,545
ACTG1,MSN,959
ACTG1,MYH9,978
ACTG1,MYL6,956
ACTG1,MYL9,940
ACTG1,P4HB,610
ACTG1,PARVB,912
ACTG1,PDLIM1,530
ACTG1,PDLIM5,431
ACTG1,PDLIM7,547
ACTG1,PFN1,992
ACTG1,PGAM1,572
ACTG1,PGK1,512
ACTG1,PKM,428
ACTG1,PLEC,408
ACTG1,PLG,477
ACTG1,PPP1CA,484
ACTG1,PPP1CB,474
ACTG1,PRDX2,402
ACTG1,RAN,424
ACTG1,RAP1B,475
ACTG1,RHOA,944
ACTG1,RHOC,619
ACTG1,RPLP0,583
ACTG1,RUVBL1,763
ACTG1,RUVBL2,706
ACTG1,SPTA1,620
ACTG1,TAGLN2,441
ACTG1,TCP1,943
ACTG1,TFRC,442
ACTG1,THBS1,404
ACTG1,TLN1,976
ACTG1,TMOD3,600
ACTG1,TMSB4X,977
ACTG1,TPI1,510
ACTG1,TPM1,516
ACTG1,TPM2,492
ACTG1,TPM3,742
ACTG1,TPM4,637
ACTG1,TSG101,489
ACTG1,TUBA1A,788
ACTG1,TUBA1C,754
ACTG1,TUBA4A,547
ACTG1,TUBA8,579
ACTG1,TUBB,773
ACTG1,TUBB4B,522
ACTG1,TWF2,566
ACTG1,VASP,974
ACTG1,VCL,990
ACTG1,VCP,516
ACTG1,VIM,611
ACTG1,WAS,949
ACTG1,WASF2,953
ACTG1,WDR1,748
ACTG1,WIPF1,698
ACTG1,YWHAB,526
ACTG1,YWHAE,632
ACTG1,YWHAG,532
ACTG1,YWHAH,505
ACTG1,YWHAQ,652
ACTG1,YWHAZ,664
ACTG1,ZYX,931
ACTN1,ACTN4,998
ACTN1,ACTR2,498
ACTN1,ACTR3,482
ACTN1,AGRN,417
ACTN1,AHSG,443
ACTN1,AKAP12,429
ACTN1,ANXA2,562
ACTN1,ARHGAP1,489
ACTN1,ARPC2,547
ACTN1,ARPC3,445
ACTN1,BASP1,479
ACTN1,CALD1,551
ACTN1,CALR,499
ACTN1,CAPZB,750
ACTN1,CD151,486
ACTN1,CD44,520
ACTN1,CDH1,464
ACTN1,CFL1,915
ACTN1,CNN2,444
ACTN1,COL1A1,521
ACTN1,COL6A3,581
ACTN1,CORO1C,529
ACTN1,CSRP1,574
ACTN1,CTTN,443
ACTN1,DAG1,439
ACTN1,DBN1,702
ACTN1,DIAPH1,590
ACTN1,DSTN,587
ACTN1,ENO1,618
ACTN1,ESYT1,452
ACTN1,FLNA,716
ACTN1,FN1,624
ACTN1,GAPDH,691
ACTN1,GC,451
ACTN1,HSP90AB1,581
ACTN1,HSPA4,527
ACTN1,ICAM1,511
ACTN1,ILK,523
ACTN1,ITGA2,776
ACTN1,ITGA2B,750
ACTN1,ITGA5,965
ACTN1,ITGA6,827
ACTN1,ITGAV,739
ACTN1,ITGB1,974
ACTN1,ITGB3,860
ACTN1,LCP1,403
ACTN1,LDHA,401
ACTN1,LMNB1,471
ACTN1,MCAM,430
ACTN1,MMRN1,446
ACTN1,MSN,432
ACTN1,MYH9,844
ACTN1,MYL6,561
ACTN1,MYL9,498
ACTN1,MYLK,471
ACTN1,P4HB,497
ACTN1,PARVB,955
ACTN1,PDLIM1,972
ACTN1,PDLIM5,532
ACTN1,PDLIM7,740
ACTN1,PFN1,756
ACTN1,PIP4K2A,906
ACTN1,PLEC,574
ACTN1,PLEK,412
ACTN1,PLXNB1,408
ACTN1,PPP1R12A,512
ACTN1,PYGB,662
ACTN1,RAB7A,539
ACTN1,RGS19,437
ACTN1,RHOA,433
ACTN1,SDC4,728
ACTN1,SDCBP,509
ACTN1,SEPTIN7,449
ACTN1,SERPINE1,529
ACTN1,SNAP23,427
ACTN1,SPTAN1,676
ACTN1,SPTBN1,472
ACTN1,SRC,851
ACTN1,TAGLN2,412
ACTN1,TGFB1,513
ACTN1,THBS1,461
ACTN1,TLN1,832
ACTN1,TMSB4X,492
ACTN1,TPM1,887
ACTN1,TPM2,641
ACTN1,TPM3,715
ACTN1,TPM4,677
ACTN1,TSG101,405
ACTN1,TUBA1A,516
ACTN1,TUBB,453
ACTN1,TUBB1,436
ACTN1,VAMP3,410
ACTN1,VASP,572
ACTN1,VCL,999
ACTN1,WDR1,697
ACTN1,YWHAG,494
ACTN1,YWHAZ,503
ACTN1,ZYX,989
ACTN4,ACTR2,564
ACTN4,ACTR3,437
ACTN4,AGRN,488
ACTN4,ALDOA,591
ACTN4,ANXA2,627
ACTN4,APOL1,690
ACTN4,ARHGDIA,605
ACTN4,ARPC1B,539
ACTN4,ARPC2,614
ACTN4,ARPC5,497
ACTN4,ARPC5L,502
ACTN4,CAPZA1,492
ACTN4,CAPZA2,537
ACTN4,CAPZB,513
ACTN4,CDC42,443
ACTN4,CDH1,584
ACTN4,CFL1,591
ACTN4,CORO1C,563
ACTN4,CTTN,535
ACTN4,DBN1,486
ACTN4,DSP,436
ACTN4,FAT1,600
ACTN4,FLNA,595
ACTN4,FN1,619
ACTN4,GAPDH,631
ACTN4,GRB2,597
ACTN4,HSP90AA1,598
ACTN4,HSP90AB1,596
ACTN4,HSP90B1,588
ACTN4,HSPA8,630
ACTN4,HSPB1,513
ACTN4,ICAM1,537
ACTN4,ILK,538
ACTN4,INF2,932
ACTN4,ITGA2,815
ACTN4,ITGA2B,685
ACTN4,ITGA5,922
ACTN4,ITGA6,725
ACTN4,ITGAV,697
ACTN4,ITGB1,960
ACTN4,ITGB3,712
ACTN4,KRT8,475
ACTN4,MSN,574
ACTN4,MYH9,926
ACTN4,PDIA3,543
ACTN4,PDIA6,501
ACTN4,PDLIM1,970
ACTN4,PDLIM5,735
ACTN4,PDLIM7,650
ACTN4,PFN1,489
ACTN4,PIP4K2A,904
ACTN4,PLEC,567
ACTN4,PODXL,748
ACTN4,PPP1R12A,458
ACTN4,PRDX2,439
ACTN4,PSMA6,402
ACTN4,RHOA,517
ACTN4,SEPTIN7,492
ACTN4,SPTAN1,760
ACTN4,SPTBN1,489
ACTN4,SRC,403
ACTN4,TAGLN2,411
ACTN4,TFRC,480
ACTN4,THBS1,424
ACTN4,TLN1,896
ACTN4,TPM1,684
ACTN4,TPM2,760
ACTN4,TPM3,581
ACTN4,TPM4,798
ACTN4,TSG101,654
ACTN4,VASP,442
ACTN4,VCL,999
ACTN4,VCP,582
ACTN4,ZYX,978
ACTR1A,ACTR1B,992
ACTR1A,ACTR2,624
ACTR1A,ACTR3,544
ACTR1A,ARF4,583
ACTR1A,ARPC1B,463
ACTR1A,ARPC2,492
ACTR1A,ARPC3,568
ACTR1A,ARPC4,514
ACTR1A,ARPC5,510
ACTR1A,CAPZA1,992
ACTR1A,CAPZA2,969
ACTR1A,CAPZB,990
ACTR1A,CCT2,411
ACTR1A,CCT5,434
ACTR1A,CFL1,508
ACTR1A,CLIP1,477
ACTR1A,CPVL,519
ACTR1A,DCTN1,999
ACTR1A,DCTN2,999
ACTR1A,DCTN3,998
ACTR1A,DSTN,459
ACTR1A,DYNLL1,881
ACTR1A,DYNLRB1,873
ACTR1A,HOOK3,410
ACTR1A,HSP90AA1,845
ACTR1A,HSP90AB1,511
ACTR1A,KIF2A,538
ACTR1A,KIF5B,624
ACTR1A,KLC1,674
ACTR1A,LAMC1,437
ACTR1A,MAPRE1,569
ACTR1A,MYH9,422
ACTR1A,PFN1,477
ACTR1A,PKM,444
ACTR1A,PTGES3,472
ACTR1A,RAB18,532
ACTR1A,RAB3GAP1,540
ACTR1A,RAB6A,587
ACTR1A,RAB6B,523
ACTR1A,RAB8A,552
ACTR1A,RHOC,417
ACTR1A,RUVBL1,478
ACTR1A,RUVBL2,404
ACTR1A,SEPTIN2,536
ACTR1A,TCP1,525
ACTR1A,TUBB4B,459
ACTR1A,TWF2,479
ACTR1A,VCP,506
ACTR1A,VIM,420
ACTR1A,WDR1,518
ACTR1B,ACTR2,489
ACTR1B,ARHGDIA,501
ACTR1B,ARPC2,444
ACTR1B,ARPC5,418
ACTR1B,ARPC5L,458
ACTR1B,CAPZA1,811
ACTR1B,CAPZA2,880
ACTR1B,CAPZB,903
ACTR1B,CCT2,631
ACTR1B,CFL1,462
ACTR1B,CLIP1,503
ACTR1B,CPVL,509
ACTR1B,DCTN1,997
ACTR1B,DCTN2,998
ACTR1B,DCTN3,992
ACTR1B,DSTN,498
ACTR1B,RUVBL1,553
ACTR1B,TCP1,477
ACTR1B,TUBA1C,416
ACTR1B,TWF2,472
ACTR1B,UQCRH,509
ACTR2,ACTR3,999
ACTR2,APP,450
ACTR2,ARF6,500
ACTR2,ARHGDIA,411
ACTR2,ARPC1B,999
ACTR2,ARPC2,999
ACTR2,ARPC3,999
ACTR2,ARPC4,999
ACTR2,ARPC5,999
ACTR2,ARPC5L,999
ACTR2,BASP1,466
ACTR2,BRK1,813
ACTR2,CAP1,649
ACTR2,CAPZA1,627
ACTR2,CAPZA2,743
ACTR2,CAPZB,669
ACTR2,CCT5,664
ACTR2,CD44,406
ACTR2,CDC42,950
ACTR2,CFL1,963
ACTR2,CLTA,543
ACTR2,CORO1A,707
ACTR2,CORO1B,780
ACTR2,CORO1C,899
ACTR2,COTL1,522
ACTR2,CTTN,973
ACTR2,CYFIP1,807
ACTR2,DBN1,684
ACTR2,DBNL,689
ACTR2,DCTN2,455
ACTR2,DIAPH1,440
ACTR2,DSTN,619
ACTR2,EPS15,486
ACTR2,FCGR2A,435
ACTR2,FCGR3A,504
ACTR2,FLNA,465
ACTR2,GAPDH,635
ACTR2,GMFG,975
ACTR2,GRB2,823
ACTR2,HSPA8,647
ACTR2,INF2,563
ACTR2,ITGB1,559
ACTR2,LCP1,616
ACTR2,MAPK1,693
ACTR2,MAPRE1,459
ACTR2,MSN,412
ACTR2,MYH9,805
ACTR2,MYL6,456
ACTR2,PFN1,920
ACTR2,PPP1R12A,559
ACTR2,RAC2,530
ACTR2,RHOA,647
ACTR2,RHOC,768
ACTR2,SEPTIN2,411
ACTR2,SRC,448
ACTR2,TAGLN2,510
ACTR2,TLN1,488
ACTR2,TMOD3,474
ACTR2,TPM1,446
ACTR2,TPM2,403
ACTR2,TPM3,648
ACTR2,TPM4,506
ACTR2,TWF2,489
ACTR2,UGP2,460
ACTR2,VASP,711
ACTR2,VCL,725
ACTR2,WAS,999
ACTR2,WASF2,988
ACTR2,WDR1,711
ACTR2,WIPF1,920
ACTR2,YWHAB,486
ACTR2,YWHAH,605
ACTR2,YWHAZ,530
ACTR3,ARPC1B,999
ACTR3,ARPC2,999
ACTR3,ARPC3,999
ACTR3,ARPC4,999
ACTR3,ARPC5,999
ACTR3,ARPC5L,998
ACTR3,BRK1,715
ACTR3,CAP1,861
ACTR3,CAPZA1,711
ACTR3,CAPZA2,662
ACTR3,CAPZB,774
ACTR3,CCT2,604
ACTR3,CCT6A,408
ACTR3,CCT7,433
ACTR3,CD44,407
ACTR3,CDC42,841
ACTR3,CFL1,750
ACTR3,CLTC,421
ACTR3,CORO1A,621
ACTR3,CORO1B,472
ACTR3,CORO1C,673
ACTR3,CTTN,925
ACTR3,CYFIP1,730
ACTR3,DBN1,570
ACTR3,DBNL,673
ACTR3,DCTN2,432
ACTR3,DSTN,563
ACTR3,ECH1,402
ACTR3,FCGR2A,413
ACTR3,FCGR3A,500
ACTR3,FLNA,467
ACTR3,GAPDH,461
ACTR3,GDI2,511
ACTR3,GMFG,884
ACTR3,GRB2,611
ACTR3,HSPA4,501
ACTR3,LASP1,441
ACTR3,LCP1,581
ACTR3,MAPRE1,681
ACTR3,MYH9,812
ACTR3,MYL6,470
ACTR3,PFN1,748
ACTR3,PGK1,440
ACTR3,PPP1R12A,473
ACTR3,PTGES3,636
ACTR3,PTMA,489
ACTR3,RAP1B,438
ACTR3,RHOA,558
ACTR3,RHOC,534
ACTR3,SEPTIN7,654
ACTR3,TCP1,546
ACTR3,TMOD3,406
ACTR3,TPM1,413
ACTR3,TPM3,666
ACTR3,TUBA1C,440
ACTR3,TUBA4A,411
ACTR3,TUBB,421
ACTR3,TUBB4B,436
ACTR3,VASP,488
ACTR3,VCL,629
ACTR3,WAS,996
ACTR3,WASF2,953
ACTR3,WDR1,826
ACTR3,WIPF1,822
ACTR3,YWHAB,534
ACTR3,YWHAG,446
ACTR3,YWHAH,582
ACTR3,YWHAZ,468
ADAM10,ADAMTS1,411
ADAM10,APLP2,665
ADAM10,APOE,733
ADAM10,APP,950
ADAM10,BAX,736
ADAM10,C6,720
ADAM10,C7,720
ADAM10,C8A,720
ADAM10,C8B,720
ADAM10,C8G,540
ADAM10,C9,720
ADAM10,CANX,400
ADAM10,CASP3,418
ADAM10,CD151,691
ADAM10,CD34,756
ADAM10,CD44,495
ADAM10,CD46,509
ADAM10,CD59,481
ADAM10,CD63,495
ADAM10,CD82,466
ADAM10,CD9,881
ADAM10,CDH1,881
ADAM10,CDH2,534
ADAM10,CDH5,536
ADAM10,CTSB,612
ADAM10,CTSS,451
ADAM10,DCD,540
ADAM10,DSP,416
ADAM10,EFNB1,665
ADAM10,FN1,483
ADAM10,GAPDH,473
ADAM10,GP6,400
ADAM10,GPC1,413
ADAM10,GRB2,610
ADAM10,ITGB1,575
ADAM10,L1CAM,622
ADAM10,MMP2,487
ADAM10,MMP9,604
ADAM10,NCSTN,865
ADAM10,NOTCH2,825
ADAM10,NOTCH3,685
ADAM10,PPIF,733
ADAM10,PRNP,480
ADAM10,RECK,421
ADAM10,SDCBP,411
ADAM10,SORL1,493
ADAM10,SRC,694
ADAM10,TIMP1,518
ADAM10,VDAC1,748
ADAM10,VDAC2,566
ADAM10,VDAC3,561
ADAMDEC1,MMP9,424
ADAMTS1,CD36,432
ADAMTS1,COL12A1,461
ADAMTS1,COL18A1,670
ADAMTS1,COL6A2,411
ADAMTS1,COMP,403
ADAMTS1,CTSL,536
ADAMTS1,FBLN1,674
ADAMTS1,FBLN2,538
ADAMTS1,FBN1,410
ADAMTS1,FN1,498
ADAMTS1,KLKB1,413
ADAMTS1,MMP2,449
ADAMTS1,MMP9,498
ADAMTS1,PTTG1IP,595
ADAMTS1,THBS1,628
ADAMTS1,TIMP1,549
ADAMTS1,VCAN,673
ADAMTS13,APOH,517
ADAMTS13,BMP1,592
ADAMTS13,C1R,632
ADAMTS13,C1S,635
ADAMTS13,C3,735
ADAMTS13,CD44,487
ADAMTS13,CD46,712
ADAMTS13,CFB,661
ADAMTS13,CFH,853
ADAMTS13,CFHR1,833
ADAMTS13,CFHR2,507
ADAMTS13,CFHR3,824
ADAMTS13,CFHR4,521
ADAMTS13,CFHR5,661
ADAMTS13,CFI,721
ADAMTS13,CPB2,537
ADAMTS13,F10,482
ADAMTS13,F11,498
ADAMTS13,F2,697
ADAMTS13,F7,518
ADAMTS13,F8,950
ADAMTS13,F9,429
ADAMTS13,GP1BA,931
ADAMTS13,GP6,416
ADAMTS13,GP9,485
ADAMTS13,HP,773
ADAMTS13,ITGA2,481
ADAMTS13,ITGA2B,482
ADAMTS13,ITGA5,412
ADAMTS13,ITGA6,422
ADAMTS13,ITGAV,442
ADAMTS13,ITGB1,416
ADAMTS13,ITGB2,437
ADAMTS13,ITGB3,470
ADAMTS13,MASP2,404
ADAMTS13,MPO,446
ADAMTS13,PF4,571
ADAMTS13,PF4V1,447
ADAMTS13,PLG,578
ADAMTS13,SELP,610
ADAMTS13,SERPINE1,517
ADAMTS13,SERPINF2,481
ADAMTS13,TFPI,561
ADAMTS13,VWF,997
ADAMTSL2,COL6A1,526
ADAMTSL2,EFEMP2,426
ADAMTSL2,FBN1,788
ADAMTSL2,LTBP1,956
ADAMTSL2,LTBP2,496
ADAMTSL2,LTBP4,439
ADAMTSL2,MFAP4,576
ADAMTSL4,ECM1,428
ADAMTSL4,FBN1,940
ADAMTSL4,LTBP1,569
ADAMTSL4,LTBP2,559
ADAMTSL4,MFAP2,411
ADAMTSL4,MFAP4,441
ADAMTSL4,TGFB1,436
ADD1,AGT,450
ADD1,ANK1,986
ADD1,CAPZA1,682
ADD1,CAPZA2,730
ADD1,CAPZB,660
ADD1,CASP3,784
ADD1,CFB,408
ADD1,CFL1,452
ADD1,DMTN,993
ADD1,ECE1,418
ADD1,ENO1,423
ADD1,ERAP1,508
ADD1,GAPDH,711
ADD1,GPI,442
ADD1,GRB2,407
ADD1,GYPA,637
ADD1,LPL,466
ADD1,MARCKS,760
ADD1,MSN,680
ADD1,MTPN,756
ADD1,PGD,485
ADD1,PNP,573
ADD1,PPP1R12A,491
ADD1,RHOA,440
ADD1,SLC2A1,766
ADD1,SLC4A1,438
ADD1,SPTAN1,690
ADD1,SPTB,664
ADD1,SPTBN1,716
ADD1,TKT,496
ADD1,TMOD3,955
ADD1,TPI1,743
ADD1,TPM3,473
ADGRF5,CDH5,641
ADGRF5,ESAM,411
ADGRF5,MMRN2,581
ADGRF5,PTPRB,681
ADGRF5,SFTPB,803
ADGRF5,SPARCL1,406
ADGRF5,VWF,548
ADH1B,C7,441
ADH1B,COMT,936
ADH1B,DERA,499
ADH1B,ESD,864
ADH1B,GSTO1,701
ADH1B,PKM,486
ADH1B,TUBB4B,426
ADH5,CBR1,505
ADH5,CES1,525
ADH5,COMT,912
ADH5,DLD,415
ADH5,ESD,998
ADH5,GAPDH,436
ADH5,GLO1,476
ADH5,GLRX,449
ADH5,GSR,438
ADH5,GSTO1,759
ADH5,HAGH,640
ADH5,LDHA,415
ADH5,MDH2,483
ADH5,PDHB,596
ADH5,STIP1,416
ADH5,TALDO1,466
ADH5,TPI1,468
ADIPOQ,AFM,485
ADIPOQ,AGT,671
ADIPOQ,AHSG,640
ADIPOQ,APOA1,646
ADIPOQ,APOB,781
ADIPOQ,APOC1,480
ADIPOQ,APOC3,513
ADIPOQ,APOE,795
ADIPOQ,AZGP1,456
ADIPOQ,C3,441
ADIPOQ,C4A,510
ADIPOQ,C4B,489
ADIPOQ,CALR,838
ADIPOQ,CASP3,465
ADIPOQ,CCL5,490
ADIPOQ,CD34,475
ADIPOQ,CD36,806
ADIPOQ,CD93,409
ADIPOQ,CDH13,996
ADIPOQ,CETP,471
ADIPOQ,CFD,988
ADIPOQ,CP,562
ADIPOQ,CSF1,541
ADIPOQ,CST3,652
ADIPOQ,CXCL12,597
ADIPOQ,DPP4,608
ADIPOQ,ERP44,636
ADIPOQ,F2,533
ADIPOQ,FABP5,520
ADIPOQ,FN1,627
ADIPOQ,G6PD,474
ADIPOQ,GAPDH,594
ADIPOQ,GOT2,557
ADIPOQ,GPX3,545
ADIPOQ,HP,513
ADIPOQ,ICAM1,597
ADIPOQ,IGFBP1,548
ADIPOQ,IGFBP2,418
ADIPOQ,IGFBP3,545
ADIPOQ,ITLN1,771
ADIPOQ,LCN2,578
ADIPOQ,LGALS3BP,531
ADIPOQ,LNPEP,416
ADIPOQ,LPL,794
ADIPOQ,LRP1,529
ADIPOQ,MIF,413
ADIPOQ,MMP9,545
ADIPOQ,MPO,589
ADIPOQ,PECAM1,459
ADIPOQ,PLG,580
ADIPOQ,PLIN1,947
ADIPOQ,PON1,479
ADIPOQ,PTPRC,443
ADIPOQ,RARRES2,773
ADIPOQ,RETN,967
ADIPOQ,SELENOP,540
ADIPOQ,SELP,433
ADIPOQ,SERPINE1,789
ADIPOQ,SGTA,598
ADIPOQ,SHBG,823
ADIPOQ,SLC2A1,418
ADIPOQ,SPP1,529
ADIPOQ,TGFB1,531
ADIPOQ,TIMP1,631
ADIPOQ,VCAM1,632
ADIPOQ,VWF,481
ADRM1,BRCC3,767
ADRM1,CCT7,514
ADRM1,COPS5,811
ADRM1,COPS6,584
ADRM1,EEF1D,400
ADRM1,EIF2S1,468
ADRM1,EIF6,497
ADRM1,NSFL1C,444
ADRM1,PLEK,648
ADRM1,PRNP,651
ADRM1,PSMA1,983
ADRM1,PSMA2,972
ADRM1,PSMA3,960
ADRM1,PSMA4,978
ADRM1,PSMA5,975
ADRM1,PSMA6,967
ADRM1,PSMA7,937
ADRM1,PSMB1,980
ADRM1,PSMB10,884
ADRM1,PSMB2,987
ADRM1,PSMB3,965
ADRM1,PSMB4,967
ADRM1,PSMB5,961
ADRM1,PSMB6,945
ADRM1,PSMB7,921
ADRM1,PSMB8,932
ADRM1,PSMB9,911
ADRM1,PSMC1,999
ADRM1,PSMC2,999
ADRM1,PSMC3,998
ADRM1,PSMC4,999
ADRM1,PSMC5,998
ADRM1,PSMC6,999
ADRM1,PSMD13,999
ADRM1,PSMD14,999
ADRM1,PSMD4,999
ADRM1,PSMD5,999
ADRM1,PSMD7,999
ADRM1,PSMD8,999
ADRM1,PSMD9,885
ADRM1,PSME1,814
ADRM1,PSMF1,698
ADRM1,RPLP0,431
ADRM1,RPLP1,438
ADRM1,RPS12,504
ADRM1,SGTA,862
ADRM1,SNCA,714
ADRM1,TXNL1,707
ADRM1,UBA1,546
ADRM1,UBE2N,407
ADRM1,UCHL3,477
ADRM1,USP5,551
ADRM1,VCP,562
ADSL,AHCY,454
ADSL,AK2,964
ADSL,APRT,990
ADSL,ARG1,524
ADSL,ATP5F1A,449
ADSL,CMPK1,686
ADSL,DCK,936
ADSL,EEF1G,446
ADSL,EEF2,431
ADSL,GMPR,782
ADSL,GOT2,475
ADSL,GPI,553
ADSL,HPRT1,935
ADSL,IDH1,860
ADSL,LDHA,564
ADSL,LGALS1,564
ADSL,MDH2,908
ADSL,PCMT1,410
ADSL,PDE3A,900
ADSL,PGD,433
ADSL,PKM,413
ADSL,PNP,725
ADSL,PRPS1,728
ADSL,RPIA,462
ADSL,SHMT2,909
ADSL,TALDO1,517
ADSL,TYMP,496
ADSL,WARS1,520
AEBP1,ANTXR1,403
AEBP1,BGN,566
AEBP1,COL12A1,496
AEBP1,COL14A1,543
AEBP1,COL1A1,562
AEBP1,COL6A1,440
AEBP1,COL6A2,572
AEBP1,COL6A3,473
AEBP1,EFEMP2,419
AEBP1,FBLN2,409
AEBP1,LUM,446
AEBP1,PCOLCE,500
AEBP1,PDGFRB,403
AEBP1,POSTN,468
AEBP1,THBS2,595
AFM,AHSG,562
AFM,AMBP,549
AFM,APCS,701
AFM,APOA1,536
AFM,APOA2,613
AFM,APOB,427
AFM,APOC3,603
AFM,APOH,720
AFM,AZGP1,597
AFM,C3,437
AFM,C4A,547
AFM,C4B,545
AFM,C8A,544
AFM,C8B,478
AFM,C9,535
AFM,CFHR5,445
AFM,CFI,559
AFM,CLU,433
AFM,CP,687
AFM,CPN2,485
AFM,F13B,496
AFM,F2,648
AFM,F9,524
AFM,FN1,428
AFM,GC,625
AFM,HP,528
AFM,HPX,553
AFM,HRG,774
AFM,ICAM1,633
AFM,ITIH1,485
AFM,ITIH2,472
AFM,ITIH3,487
AFM,ITIH4,579
AFM,KNG1,588
AFM,LRG1,486
AFM,MASP2,473
AFM,ORM1,453
AFM,ORM2,429
AFM,PGLYRP2,547
AFM,PLG,637
AFM,PON1,490
AFM,PROC,415
AFM,SERPINA1,587
AFM,SERPINA3,433
AFM,SERPINA4,496
AFM,SERPINA6,589
AFM,SERPINA7,472
AFM,SERPIND1,646
AFM,SERPINF2,430
AFM,SHBG,424
AFM,SPP2,445
AFM,TTR,517
AFM,VTN,416
AGRN,APOA1,526
AGRN,APOA2,509
AGRN,APOA4,519
AGRN,APOB,666
AGRN,APOC2,520
AGRN,APOC3,526
AGRN,APOE,732
AGRN,APP,483
AGRN,B4GAT1,615
AGRN,BCHE,597
AGRN,BGN,922
AGRN,BMP1,426
AGRN,C1R,558
AGRN,C1S,529
AGRN,C3,408
AGRN,CANX,406
AGRN,CD44,720
AGRN,CD82,597
AGRN,COL18A1,588
AGRN,COL6A1,538
AGRN,COL6A2,494
AGRN,CSPG4,663
AGRN,CTTN,737
AGRN,DAG1,999
AGRN,FBLN1,542
AGRN,FBN1,597
AGRN,FN1,983
AGRN,FSTL1,494
AGRN,GPC1,802
AGRN,HDGF,409
AGRN,HPSE,545
AGRN,HSPG2,993
AGRN,ICAM1,473
AGRN,ITGA2,623
AGRN,ITGA5,611
AGRN,ITGA6,616
AGRN,ITGAV,622
AGRN,ITGB1,788
AGRN,ITGB2,489
AGRN,LAMA2,789
AGRN,LAMA4,603
AGRN,LAMB1,622
AGRN,LAMB2,622
AGRN,LAMC1,615
AGRN,LDLR,455
AGRN,LGALS3,720
AGRN,LRP1,750
AGRN,LUM,413
AGRN,MMRN2,441
AGRN,NCAM1,927
AGRN,NID1,985
AGRN,NID2,877
AGRN,PLEC,494
AGRN,PLXNB2,512
AGRN,POSTN,579
AGRN,SDC1,763
AGRN,SDC4,668
AGRN,SPARC,605
AGRN,SPP1,460
AGRN,SPTAN1,408
AGRN,SRC,440
AGRN,SRGN,532
AGRN,TGFB1,547
AGRN,THBS4,474
AGRN,TPM2,410
AGRN,UTRN,862
AGRN,VCAN,806
AGRN,VTN,645
AGT,AHSG,612
AGT,AMBP,612
AGT,ANPEP,910
AGT,ANXA1,546
AGT,APCS,478
AGT,APOA1,553
AGT,APOA2,406
AGT,APOB,604
AGT,APOC3,415
AGT,APOE,853
AGT,APOH,561
AGT,APP,627
AGT,ATP6AP2,984
AGT,BSG,455
AGT,C3,718
AGT,C4A,492
AGT,CAMK1,435
AGT,CASP3,606
AGT,CCL5,716
AGT,CD14,435
AGT,CD36,465
AGT,CD44,593
AGT,CDH5,452
AGT,COL1A1,461
AGT,COMP,469
AGT,CPB2,591
AGT,CST3,530
AGT,CTSB,433
AGT,CTSL,468
AGT,CTSS,493
AGT,CXCL12,704
AGT,DPP4,599
AGT,ECE1,643
AGT,ERAP1,554
AGT,F2,846
AGT,FBN1,488
AGT,FGA,459
AGT,FGB,739
AGT,FGG,432
AGT,FN1,790
AGT,FST,404
AGT,GAPDH,643
AGT,GC,542
AGT,GNA14,548
AGT,GNAI2,538
AGT,GNAI3,531
AGT,GNAQ,962
AGT,GNB1,526
AGT,GNB2,510
AGT,GNB4,510
AGT,GNG11,500
AGT,GNG5,499
AGT,GPX3,571
AGT,HP,420
AGT,HSPA5,486
AGT,ICAM1,659
AGT,ILK,420
AGT,ITIH3,401
AGT,KALRN,520
AGT,KLKB1,428
AGT,KNG1,992
AGT,LBP,547
AGT,LCN2,509
AGT,LGALS3,434
AGT,LNPEP,802
AGT,MAPK1,566
AGT,MAPK14,475
AGT,MMP2,642
AGT,MMP9,704
AGT,MPO,455
AGT,NTRK2,511
AGT,PDE5A,526
AGT,PDGFRB,404
AGT,PECAM1,504
AGT,PF4,627
AGT,PLG,663
AGT,POSTN,477
AGT,PPBP,586
AGT,PPP1R12A,453
AGT,PRG2,642
AGT,PSAP,525
AGT,PTPRC,403
AGT,RETN,581
AGT,RGS18,633
AGT,RGS19,627
AGT,RHOA,625
AGT,ROCK2,410
AGT,SAA1,513
AGT,SELP,514
AGT,SERPINE1,498
AGT,SOD2,460
AGT,SOD3,476
AGT,SPP1,612
AGT,SRC,799
AGT,TGFB1,812
AGT,THBS1,425
AGT,TIMP1,578
AGT,TTR,681
AGT,VCAM1,685
AGT,VTN,428
AGT,VWF,597
AHCY,APMAP,438
AHCY,APRT,475
AHCY,ATP5F1A,455
AHCY,CCT2,473
AHCY,CCT4,415
AHCY,CCT5,454
AHCY,CCT6A,418
AHCY,CCT7,494
AHCY,COMT,577
AHCY,EEF1B2,465
AHCY,EEF1G,531
AHCY,EEF2,680
AHCY,EIF3I,447
AHCY,EIF4A1,523
AHCY,EIF5A,465
AHCY,ENO1,456
AHCY,ENO2,489
AHCY,GAPDH,520
AHCY,GLRX,440
AHCY,GPI,403
AHCY,HP,407
AHCY,HSP90AA1,418
AHCY,HSP90AB1,448
AHCY,HSPA4,508
AHCY,HSPA8,472
AHCY,HSPD1,424
AHCY,IDH1,412
AHCY,MAT2B,571
AHCY,NME2,532
AHCY,PGK1,480
AHCY,PNP,561
AHCY,PRDX6,460
AHCY,PSMA2,455
AHCY,PSMA3,468
AHCY,PSMA7,468
AHCY,RPLP0,508
AHCY,RPLP1,464
AHCY,RPLP2,532
AHCY,SELENBP1,823
AHCY,SHMT2,857
AHCY,SMS,480
AHCY,TCP1,417
AHCY,TKT,573
AHCY,TPI1,553
AHSG,ALDOA,540
AHSG,AMBP,932
AHSG,ANGPTL6,462
AHSG,ANXA2,854
AHSG,APCS,491
AHSG,APOA1,944
AHSG,APOA2,943
AHSG,APOA4,691
AHSG,APOA5,699
AHSG,APOB,900
AHSG,APOC1,684
AHSG,APOC2,431
AHSG,APOC3,882
AHSG,APOC4,457
AHSG,APOE,476
AHSG,APOF,464
AHSG,APOH,957
AHSG,APOM,844
AHSG,APP,515
AHSG,AZGP1,794
AHSG,BCHE,665
AHSG,BGN,527
AHSG,C1S,406
AHSG,C3,700
AHSG,C4A,463
AHSG,C4BPA,404
AHSG,C8A,545
AHSG,C8B,419
AHSG,C9,697
AHSG,CD63,521
AHSG,CDC42,513
AHSG,CFB,652
AHSG,CFD,570
AHSG,CFI,484
AHSG,CLU,517
AHSG,CP,776
AHSG,CPB2,547
AHSG,CPN1,426
AHSG,CST3,440
AHSG,CXCL12,438
AHSG,DNAJB11,432
AHSG,ETFA,402
AHSG,F10,666
AHSG,F12,529
AHSG,F13B,606
AHSG,F2,980
AHSG,F5,701
AHSG,FETUB,659
AHSG,FGA,984
AHSG,FGB,909
AHSG,FGG,970
AHSG,FN1,712
AHSG,GAS6,541
AHSG,GC,959
AHSG,HABP2,532
AHSG,HGFAC,525
AHSG,HP,882
AHSG,HPR,475
AHSG,HPX,879
AHSG,HRG,924
AHSG,IGFALS,416
AHSG,IGFBP1,893
AHSG,ITGAV,469
AHSG,ITGB3,432
AHSG,ITIH1,707
AHSG,ITIH2,922
AHSG,ITIH3,730
AHSG,ITIH4,708
AHSG,ITLN1,401
AHSG,KNG1,936
AHSG,LCAT,410
AHSG,LCN2,427
AHSG,LPA,796
AHSG,LRG1,572
AHSG,LUM,480
AHSG,MASP2,450
AHSG,MBL2,492
AHSG,MGP,977
AHSG,MMP9,549
AHSG,MMRN1,468
AHSG,NCSTN,404
AHSG,OMD,530
AHSG,ORM1,926
AHSG,ORM2,908
AHSG,P4HB,470
AHSG,PCOLCE,468
AHSG,PDIA6,445
AHSG,PLG,902
AHSG,PON1,436
AHSG,PROC,563
AHSG,PROS1,527
AHSG,QSOX1,497
AHSG,RARRES2,485
AHSG,RETN,431
AHSG,SAA1,587
AHSG,SAA2,572
AHSG,SAA4,477
AHSG,SELENOP,593
AHSG,SERPINA1,971
AHSG,SERPINA10,529
AHSG,SERPINA11,582
AHSG,SERPINA3,848
AHSG,SERPINA4,405
AHSG,SERPINA6,471
AHSG,SERPINA7,916
AHSG,SERPIND1,704
AHSG,SERPINE1,614
AHSG,SERPINF1,610
AHSG,SERPINF2,768
AHSG,SERPING1,653
AHSG,SHBG,526
AHSG,SPARC,403
AHSG,SPP1,841
AHSG,SPP2,941
AHSG,TGFB1,543
AHSG,TIMP1,518
AHSG,TTR,858
AHSG,TUBA4A,487
AHSG,VTN,782
AK2,APRT,968
AK2,ATP1A1,546
AK2,ATP5F1A,700
AK2,ATP5F1B,543
AK2,ATP5F1D,580
AK2,ATP5PD,419
AK2,CASP3,420
AK2,CMPK1,435
AK2,COPS5,400
AK2,DCK,923
AK2,EEF2,500
AK2,ENO1,884
AK2,FUCA1,726
AK2,GLRX,438
AK2,GP1BA,537
AK2,HSD17B10,482
AK2,HSPA9,460
AK2,HSPD1,509
AK2,IDH1,412
AK2,NME1,807
AK2,NME2,849
AK2,PDE3A,666
AK2,PGD,683
AK2,PGK1,407
AK2,PGM1,852
AK2,PKM,944
AK2,PNP,610
AK2,PPA2,423
AK2,RPLP0,519
AK2,SHMT2,434
AK2,TKT,477
AK2,TPI1,436
AK2,VWF,437
AKAP12,ARHGAP1,400
AKAP12,BASP1,497
AKAP12,CAPZB,479
AKAP12,DBN1,426
AKAP12,DIAPH1,400
AKAP12,ESYT1,400
AKAP12,FHL1,548
AKAP12,HSPA8,405
AKAP12,LMNB1,436
AKAP12,MCAM,517
AKAP12,PLXNB1,411
AKAP12,PRKAR2A,722
AKAP12,RAB7A,413
AKAP12,SNAP23,446
AKAP12,SRC,703
AKAP12,VAMP3,405
ALAD,ATP5F1B,618
ALAD,BLVRB,550
ALAD,GPX3,529
ALAD,GSR,494
ALAD,HP,550
ALAD,NDUFS8,412
ALAD,PGM1,565
ALAD,TFRC,574
ALCAM,ANPEP,678
ALCAM,BSG,435
ALCAM,CD151,478
ALCAM,CD34,798
ALCAM,CD36,539
ALCAM,CD44,859
ALCAM,CD58,402
ALCAM,CD59,456
ALCAM,CD5L,520
ALCAM,CD63,402
ALCAM,CD9,767
ALCAM,CDH1,449
ALCAM,CDH2,448
ALCAM,CDH5,655
ALCAM,CXCL12,445
ALCAM,DPP4,454
ALCAM,ENG,880
ALCAM,F11R,411
ALCAM,FN1,461
ALCAM,GAPDH,432
ALCAM,ICAM1,755
ALCAM,ITGA2,557
ALCAM,ITGA5,543
ALCAM,ITGA6,571
ALCAM,ITGAV,539
ALCAM,ITGB1,824
ALCAM,JAM3,433
ALCAM,L1CAM,979
ALCAM,LDHA,433
ALCAM,LGALS1,561
ALCAM,LGALS3,761
ALCAM,MCAM,560
ALCAM,NRP1,458
ALCAM,PDGFRB,465
ALCAM,PECAM1,729
ALCAM,PTPRC,776
ALCAM,S100A4,525
ALCAM,SDCBP,576
ALCAM,SELL,518
ALCAM,SNX2,410
ALCAM,SPP1,441
ALCAM,TFRC,481
ALCAM,TGFB1,408
ALCAM,TGFBI,422
ALCAM,YWHAZ,431
ALDOA,AMBP,716
ALDOA,ANXA2,584
ALDOA,APLP2,422
ALDOA,ARF6,429
ALDOA,ATP5F1A,595
ALDOA,ATP5F1B,557
ALDOA,ATP5F1D,515
ALDOA,ATP5PD,407
ALDOA,CAPZB,404
ALDOA,CFD,430
ALDOA,CFL1,545
ALDOA,CLIC1,495
ALDOA,COX4I1,451
ALDOA,COX5B,443
ALDOA,DERA,924
ALDOA,ECHS1,486
ALDOA,EEF2,454
ALDOA,ENO1,988
ALDOA,ENO2,942
ALDOA,F13A1,404
ALDOA,FN1,488
ALDOA,G6PD,894
ALDOA,GAPDH,999
ALDOA,GOT2,458
ALDOA,GPI,987
ALDOA,GPX4,510
ALDOA,HSP90AA1,409
ALDOA,HSP90AB1,445
ALDOA,HSP90B1,574
ALDOA,HSPA8,650
ALDOA,IDH1,503
ALDOA,KNG1,429
ALDOA,LDHA,973
ALDOA,MDH2,695
ALDOA,MINPP1,804
ALDOA,NME2,408
ALDOA,ORM1,493
ALDOA,PDHB,930
ALDOA,PDIA3,555
ALDOA,PFN1,532
ALDOA,PGAM1,982
ALDOA,PGD,498
ALDOA,PGK1,962
ALDOA,PGM1,695
ALDOA,PKM,983
ALDOA,PPBP,443
ALDOA,PRDX2,433
ALDOA,PRDX6,572
ALDOA,PYGB,525
ALDOA,PYGL,561
ALDOA,QSOX1,454
ALDOA,RPIA,507
ALDOA,RPLP0,518
ALDOA,SERPINA1,528
ALDOA,SERPINA3,472
ALDOA,SLC2A1,672
ALDOA,SLC4A1,457
ALDOA,SOD2,416
ALDOA,SUMO2,440
ALDOA,TALDO1,972
ALDOA,TKFC,920
ALDOA,TKT,973
ALDOA,TPI1,997
ALDOA,TTR,484
ALDOA,TUBB,575
ALDOA,TUBB4B,405
ALDOA,TWF2,463
ALDOA,UQCRC1,609
ALDOA,VDAC1,423
ALDOA,YWHAB,422
ALDOA,YWHAE,433
ALDOA,YWHAZ,498
AMBP,APCS,543
AMBP,APOA1,891
AMBP,APOA2,899
AMBP,APOA4,464
AMBP,APOB,661
AMBP,APOC1,456
AMBP,APOC2,403
AMBP,APOC3,856
AMBP,APOC4,438
AMBP,APOD,415
AMBP,APOE,532
AMBP,APOF,487
AMBP,APOH,942
AMBP,APOM,689
AMBP,APP,489
AMBP,AZGP1,586
AMBP,C3,434
AMBP,C8A,488
AMBP,C8G,481
AMBP,C9,650
AMBP,CD34,611
AMBP,CD44,445
AMBP,CFB,472
AMBP,CFD,560
AMBP,CFI,548
AMBP,CLU,431
AMBP,CP,666
AMBP,CPB2,615
AMBP,CST3,739
AMBP,CTSB,552
AMBP,ELANE,441
AMBP,ENG,447
AMBP,F11,534
AMBP,F2,979
AMBP,F9,458
AMBP,FCGR3A,604
AMBP,FGA,945
AMBP,FGB,931
AMBP,FGG,876
AMBP,FN1,659
AMBP,FTH1,415
AMBP,FTL,414
AMBP,GC,917
AMBP,GPX3,442
AMBP,GYPA,550
AMBP,HABP2,523
AMBP,HGFAC,422
AMBP,HNRNPC,830
AMBP,HP,728
AMBP,HPR,571
AMBP,HPX,916
AMBP,HRG,506
AMBP,IGFBP1,529
AMBP,ITIH1,951
AMBP,ITIH2,970
AMBP,ITIH3,931
AMBP,ITIH4,653
AMBP,JCHAIN,604
AMBP,KLKB1,572
AMBP,KNG1,622
AMBP,LPA,757
AMBP,LSM1,595
AMBP,MASP2,470
AMBP,MBL2,429
AMBP,NCAM1,654
AMBP,ORM1,922
AMBP,ORM2,893
AMBP,PECAM1,523
AMBP,PLG,811
AMBP,PROC,682
AMBP,PRSS3,635
AMBP,PTPRC,790
AMBP,PTX3,525
AMBP,SELL,403
AMBP,SERPINA1,716
AMBP,SERPINA10,506
AMBP,SERPINA11,441
AMBP,SERPINA3,458
AMBP,SERPINA4,619
AMBP,SERPINA5,540
AMBP,SERPINA6,503
AMBP,SERPINA7,670
AMBP,SERPIND1,686
AMBP,SERPINF2,679
AMBP,SFTPB,475
AMBP,SPP1,573
AMBP,SPP2,475
AMBP,TTR,660
AMBP,VDAC1,463
AMBP,VTN,737
ANGPTL6,CDH1,839
ANGPTL6,ITGA2B,669
ANGPTL6,SELENOP,476
ANK1,APP,411
ANK1,ARF6,616
ANK1,ASAP1,762
ANK1,ASAP2,518
ANK1,CADM1,486
ANK1,CD44,971
ANK1,CD47,657
ANK1,CDC42,410
ANK1,CHL1,958
ANK1,CLTC,544
ANK1,CTTN,548
ANK1,DMTN,884
ANK1,EHD1,483
ANK1,ELOB,586
ANK1,ELOC,406
ANK1,FLNA,436
ANK1,FN1,472
ANK1,GAPDH,695
ANK1,GYPA,971
ANK1,HSP90AA1,402
ANK1,HSP90AB1,401
ANK1,ILK,738
ANK1,KIF5B,474
ANK1,KNG1,462
ANK1,L1CAM,978
ANK1,LIMS1,798
ANK1,MAPK1,437
ANK1,MARCKS,565
ANK1,MSN,668
ANK1,MYL9,477
ANK1,NAPA,512
ANK1,NAPG,504
ANK1,NCAM1,423
ANK1,NUTF2,412
ANK1,PARVB,464
ANK1,PLEC,592
ANK1,PLEK,812
ANK1,PPP1CB,770
ANK1,PPP1R12A,445
ANK1,PSMD13,499
ANK1,PTPRC,404
ANK1,RAB32,596
ANK1,RHOA,446
ANK1,SEPTIN7,718
ANK1,SKP1,419
ANK1,SLC2A1,473
ANK1,SLC4A1,999
ANK1,SNCA,533
ANK1,SPTA1,954
ANK1,SPTAN1,910
ANK1,SPTB,999
ANK1,SPTBN1,968
ANK1,SRC,719
ANK1,STIM1,424
ANK1,SYK,565
ANK1,TLN1,636
ANK1,TMOD3,805
ANK1,TPM3,418
ANK1,TUBA1A,502
ANK1,VAMP7,459
ANK1,VCL,615
ANO6,ANTXR2,402
ANO6,PLSCR1,491
ANP32B,CALR,413
ANP32B,GLO1,458
ANP32B,PFN1,407
ANP32B,PTMA,548
ANPEP,BSG,414
ANPEP,CALR,445
ANPEP,CD34,878
ANPEP,CD36,735
ANPEP,CD44,772
ANPEP,CD47,411
ANPEP,CD55,414
ANPEP,CD58,611
ANPEP,CD59,483
ANPEP,CD63,486
ANPEP,CD9,702
ANPEP,CD99,619
ANPEP,CDH5,477
ANPEP,CEACAM1,461
ANPEP,CSF1R,532
ANPEP,CTSB,455
ANPEP,CTSH,438
ANPEP,CTSL,459
ANPEP,CTSS,402
ANPEP,DPP4,931
ANPEP,ENG,863
ANPEP,FCGR3A,951
ANPEP,FN1,448
ANPEP,GAPDH,639
ANPEP,GCLM,924
ANPEP,GGCT,902
ANPEP,GOT2,844
ANPEP,GYPA,609
ANPEP,HSPA5,423
ANPEP,HSPA8,440
ANPEP,ICAM1,559
ANPEP,ITGA2,414
ANPEP,ITGA2B,583
ANPEP,ITGA5,498
ANPEP,ITGA6,786
ANPEP,ITGB1,804
ANPEP,ITGB2,460
ANPEP,ITGB3,601
ANPEP,KNG1,678
ANPEP,LAP3,965
ANPEP,LGALS1,498
ANPEP,LGALS3,608
ANPEP,MAPK1,469
ANPEP,MCAM,585
ANPEP,MMP2,637
ANPEP,MMP9,642
ANPEP,MPO,740
ANPEP,MYH9,436
ANPEP,NCAM1,818
ANPEP,NRP1,406
ANPEP,PDGFRB,621
ANPEP,PECAM1,697
ANPEP,PEPD,480
ANPEP,PFN1,417
ANPEP,PLEC,412
ANPEP,PTPRC,788
ANPEP,SERPINA1,498
ANPEP,SPN,454
ANPEP,TFRC,832
ANPEP,TGFB1,431
ANPEP,TGFBI,441
ANPEP,TIMP1,502
ANPEP,VCAM1,536
ANPEP,VIM,532
ANPEP,XPNPEP1,431
ANTXR1,ANTXR2,943
ANTXR1,BGN,533
ANTXR1,CD248,531
ANTXR1,COL12A1,570
ANTXR1,COL1A1,438
ANTXR1,COL6A1,512
ANTXR1,COL6A2,406
ANTXR1,COL6A3,509
ANTXR1,CSPG4,467
ANTXR1,EEF2,459
ANTXR1,EPS15,484
ANTXR1,FAT4,465
ANTXR1,FBN1,439
ANTXR1,ITGB1,481
ANTXR1,VWF,822
ANTXR2,CTTN,448
ANTXR2,EPS15,475
ANTXR2,ERAP1,776
ANTXR2,FN1,472
ANTXR2,HLA-B,437
ANTXR2,TJP2,507
ANTXR2,VWF,802
ANXA1,ANXA11,456
ANXA1,ANXA2,989
ANXA1,APOH,573
ANXA1,APP,586
ANXA1,ARF6,504
ANXA1,CALR,740
ANXA1,CANX,563
ANXA1,CASP3,567
ANXA1,CCL5,575
ANXA1,CD44,556
ANXA1,CD63,701
ANXA1,CD9,737
ANXA1,CD93,465
ANXA1,CDH1,776
ANXA1,CDH5,495
ANXA1,CFL1,423
ANXA1,CLIC1,415
ANXA1,CLU,415
ANXA1,COL1A1,672
ANXA1,CORO1A,477
ANXA1,CSF1,523
ANXA1,CSRP1,427
ANXA1,ENO1,701
ANXA1,F13A1,555
ANXA1,FERMT3,405
ANXA1,FLG2,558
ANXA1,FLOT2,424
ANXA1,FN1,793
ANXA1,GAPDH,671
ANXA1,GNB1,598
ANXA1,GNB2,651
ANXA1,GNB4,594
ANXA1,GNG11,584
ANXA1,GNG5,516
ANXA1,GRB2,425
ANXA1,HMGB1,421
ANXA1,HRNR,538
ANXA1,HSP90AA1,447
ANXA1,HSP90AB1,433
ANXA1,HSPA4,429
ANXA1,HSPA8,475
ANXA1,HSPA9,469
ANXA1,HSPB1,448
ANXA1,ICAM1,449
ANXA1,ITGAV,594
ANXA1,ITGB1,439
ANXA1,ITGB2,415
ANXA1,KALRN,509
ANXA1,KNG1,541
ANXA1,KRT77,431
ANXA1,KRT8,723
ANXA1,LAMC1,420
ANXA1,LCP1,431
ANXA1,LGALS1,657
ANXA1,LGALS3,736
ANXA1,LGALS3BP,476
ANXA1,LUM,568
ANXA1,MMP9,417
ANXA1,MSN,417
ANXA1,MYL6,565
ANXA1,P4HB,480
ANXA1,PARVB,508
ANXA1,PDCD6IP,402
ANXA1,PDIA3,642
ANXA1,PFN1,648
ANXA1,PLG,533
ANXA1,PLP2,404
ANXA1,PRDX2,634
ANXA1,PRDX6,442
ANXA1,PRNP,454
ANXA1,PTPN6,402
ANXA1,RAB6A,424
ANXA1,RALB,400
ANXA1,RGS18,547
ANXA1,RGS19,524
ANXA1,RSU1,448
ANXA1,S100A4,844
ANXA1,S100A6,877
ANXA1,S100A7,425
ANXA1,S100A9,453
ANXA1,SAA1,580
ANXA1,SERPINB1,449
ANXA1,SPP1,528
ANXA1,SRC,774
ANXA1,TAGLN2,427
ANXA1,TGFBI,448
ANXA1,THBS1,637
ANXA1,TIMP1,451
ANXA1,TPM3,461
ANXA1,TSG101,596
ANXA1,VIM,582
ANXA1,VTN,495
ANXA1,YWHAE,620
ANXA1,YWHAQ,601
ANXA1,YWHAZ,795
ANXA11,ANXA2,522
ANXA11,ANXA3,634
ANXA11,ANXA7,920
ANXA11,CD63,484
ANXA11,CD9,485
ANXA11,HSPA4,495
ANXA11,PDCD6,889
ANXA11,S100A6,985
ANXA11,SEC31A,603
ANXA11,SRI,413
ANXA11,STXBP2,623
ANXA11,TSG101,522
ANXA11,TUBA4A,493
ANXA11,VCP,429
ANXA2,APOA1,552
ANXA2,APOH,943
ANXA2,ARF6,572
ANXA2,ARG1,428
ANXA2,ARPC1B,434
ANXA2,AXL,403
ANXA2,BSG,608
ANXA2,CALR,923
ANXA2,CANX,402
ANXA2,CAPN2,451
ANXA2,CAPNS1,515
ANXA2,CASP14,413
ANXA2,CASP3,408
ANXA2,CCT6A,485
ANXA2,CD151,813
ANXA2,CD44,706
ANXA2,CD55,412
ANXA2,CD63,985
ANXA2,CD9,619
ANXA2,CDC42,921
ANXA2,CDH1,417
ANXA2,CEACAM1,673
ANXA2,CFL1,665
ANXA2,CHMP4B,543
ANXA2,CLIC1,713
ANXA2,COMT,439
ANXA2,CSRP1,471
ANXA2,CTSB,978
ANXA2,CTSS,451
ANXA2,CXCL12,581
ANXA2,DNAJB11,457
ANXA2,DSC1,405
ANXA2,DSG1,407
ANXA2,DSP,511
ANXA2,EEF2,655
ANXA2,EFEMP1,430
ANXA2,ENO1,765
ANXA2,FABP5,447
ANXA2,FLG,426
ANXA2,FLG2,671
ANXA2,FLNA,729
ANXA2,FLOT1,456
ANXA2,FLOT2,555
ANXA2,FN1,723
ANXA2,GAPDH,712
ANXA2,GAS6,416
ANXA2,GC,563
ANXA2,GGCT,530
ANXA2,GRB2,707
ANXA2,GRN,471
ANXA2,HNRNPK,514
ANXA2,HRNR,551
ANXA2,HSP90AA1,648
ANXA2,HSP90AB1,664
ANXA2,HSP90B1,436
ANXA2,HSPA4,645
ANXA2,HSPA5,773
ANXA2,HSPA8,689
ANXA2,HSPA9,531
ANXA2,HSPB1,648
ANXA2,ICAM1,415
ANXA2,IGFBP1,425
ANXA2,ILK,497
ANXA2,ITGA5,518
ANXA2,ITGB1,598
ANXA2,ITIH4,492
ANXA2,JUP,608
ANXA2,KNG1,690
ANXA2,KRT8,407
ANXA2,LAMP1,589
ANXA2,LAMP2,490
ANXA2,LDHA,591
ANXA2,LGALS1,766
ANXA2,LGALS3,832
ANXA2,LMNA,559
ANXA2,LRP1,545
ANXA2,MAPK14,504
ANXA2,MARCKS,479
ANXA2,MFAP2,459
ANXA2,MMP2,826
ANXA2,MMP9,646
ANXA2,MSN,619
ANXA2,MYH9,532
ANXA2,MYL6,664
ANXA2,ORM1,481
ANXA2,ORM2,468
ANXA2,P4HB,624
ANXA2,PARVB,412
ANXA2,PCSK9,858
ANXA2,PDCD6,410
ANXA2,PDCD6IP,456
ANXA2,PDIA3,507
ANXA2,PDIA6,563
ANXA2,PEBP1,538
ANXA2,PFN1,438
ANXA2,PGK1,569
ANXA2,PKM,652
ANXA2,PLEC,465
ANXA2,PLG,997
ANXA2,POSTN,622
ANXA2,PPIB,597
ANXA2,PRDX2,529
ANXA2,PTPRC,506
ANXA2,RAB10,537
ANXA2,RAB5B,502
ANXA2,RAB6A,461
ANXA2,RAB7A,436
ANXA2,RAB8A,508
ANXA2,RAC2,435
ANXA2,RALB,425
ANXA2,RAP1B,484
ANXA2,RHOA,472
ANXA2,RHOC,419
ANXA2,S100A4,999
ANXA2,S100A6,952
ANXA2,S100A7,495
ANXA2,SAA1,453
ANXA2,SBSN,432
ANXA2,SDCBP,671
ANXA2,SERPINE1,790
ANXA2,SERPINF2,483
ANXA2,SNAP23,733
ANXA2,SPARC,484
ANXA2,SRC,469
ANXA2,TAGLN2,538
ANXA2,TCP1,549
ANXA2,TFRC,560
ANXA2,TGFBI,497
ANXA2,TGM3,413
ANXA2,THBS1,435
ANXA2,TIMP1,504
ANXA2,TLN1,526
ANXA2,TSG101,790
ANXA2,TUBA1C,426
ANXA2,TUBA4A,501
ANXA2,UNC13D,548
ANXA2,VAMP8,580
ANXA2,VCAM1,510
ANXA2,VCP,532
ANXA2,VIM,606
ANXA2,VTN,594
ANXA2,YWHAE,494
ANXA2,YWHAZ,630
ANXA3,CANX,406
ANXA3,CASP3,415
ANXA3,GCA,401
ANXA3,HRNR,417
ANXA3,LCN2,448
ANXA3,LCP1,422
ANXA3,S100A6,593
ANXA3,SERPINB1,455
ANXA3,SNAP23,493
ANXA3,STX4,617
ANXA3,STXBP2,637
ANXA7,GCA,417
ANXA7,GYG1,488
ANXA7,LGALS3,931
ANXA7,PARK7,512
ANXA7,PDCD6,637
ANXA7,PRDX6,550
ANXA7,RAP1B,479
ANXA7,S100A6,408
ANXA7,SEPTIN7,554
ANXA7,SNX2,520
ANXA7,SRI,936
ANXA7,STOM,409
ANXA7,TSG101,604
ANXA7,VPS29,787
AP1S2,AP2S1,751
AP1S2,AP3S1,751
AP1S2,AP4S1,746
AP1S2,BLOC1S1,502
AP1S2,CLTA,650
AP1S2,CLTC,654
AP1S2,COMT,447
AP1S2,EPS15,588
AP1S2,FTH1,593
AP1S2,FTL,536
AP1S2,HLA-A,650
AP1S2,HLA-B,650
AP1S2,HLA-C,650
AP1S2,HLA-DRA,517
AP1S2,HSPA8,540
AP1S2,IGF2R,555
AP1S2,M6PR,542
AP1S2,NAPA,503
AP1S2,RAB5C,508
AP1S2,RAP2B,466
AP1S2,SNAPIN,503
AP1S2,SNX2,586
AP1S2,TFRC,558
AP1S2,TGOLN2,582
AP1S2,TXNDC5,501
AP1S2,VAMP7,569
AP1S2,VAMP8,506
AP2S1,AP3S1,910
AP2S1,AP4S1,910
AP2S1,APOB,507
AP2S1,ARF6,436
AP2S1,ARPC3,501
AP2S1,ARPC4,412
AP2S1,ATP5F1D,533
AP2S1,BABAM1,428
AP2S1,CLTA,961
AP2S1,CLTC,958
AP2S1,EFNB1,499
AP2S1,EPS15,952
AP2S1,GRB2,654
AP2S1,HLA-DRA,507
AP2S1,IGF2R,503
AP2S1,L1CAM,509
AP2S1,LDLR,522
AP2S1,M6PR,520
AP2S1,MAPK1,546
AP2S1,MSN,511
AP2S1,NDUFS8,434
AP2S1,PCSK9,536
AP2S1,PRKCB,401
AP2S1,SH3GL1,536
AP2S1,STON2,744
AP2S1,TBCB,474
AP2S1,TFRC,668
AP2S1,TGOLN2,752
AP2S1,VAMP3,558
AP2S1,VAMP7,560
AP2S1,VAMP8,560
AP3S1,AP4S1,903
AP3S1,BLOC1S1,580
AP3S1,CAPZA1,411
AP3S1,CLIC1,410
AP3S1,CLTA,742
AP3S1,CLTC,602
AP3S1,FTH1,519
AP3S1,FTL,520
AP3S1,HSPA8,536
AP3S1,IGF2R,561
AP3S1,NAPA,500
AP3S1,RAB5C,568
AP3S1,RTN4,420
AP3S1,SNAPIN,619
AP3S1,SNX2,573
AP3S1,TFRC,544
AP3S1,TGOLN2,554
AP3S1,TPM3,414
AP3S1,TXNDC5,534
AP3S1,VAMP7,591
AP3S1,VAMP8,592
AP4S1,APP,571
AP4S1,RAB30,430
AP4S1,RAP2B,691
APCS,APOA1,851
APCS,APOA2,640
APCS,APOA4,836
APCS,APOB,414
APCS,APOC3,662
APCS,APOE,933
APCS,APOF,508
APCS,APOH,766
APCS,APOL1,547
APCS,APOM,482
APCS,APP,856
APCS,AZGP1,606
APCS,C1R,444
APCS,C1S,599
APCS,C3,542
APCS,C4A,650
APCS,C4B,640
APCS,C4BPA,711
APCS,C4BPB,569
APCS,C7,542
APCS,C8A,487
APCS,C9,668
APCS,CALU,636
APCS,CAMP,438
APCS,CD44,465
APCS,CD5L,569
APCS,CFB,422
APCS,CFHR2,461
APCS,CFHR5,458
APCS,CLU,507
APCS,CP,446
APCS,CPB2,612
APCS,CST3,593
APCS,CTSB,475
APCS,F10,468
APCS,F2,427
APCS,F9,424
APCS,FCGR2A,970
APCS,FCN2,429
APCS,FCN3,669
APCS,FGA,791
APCS,FGB,624
APCS,FGG,515
APCS,FN1,884
APCS,GC,561
APCS,GOT2,400
APCS,HP,604
APCS,HPX,561
APCS,HRG,808
APCS,HSPG2,739
APCS,ITIH1,408
APCS,ITIH2,473
APCS,ITIH3,471
APCS,ITIH4,671
APCS,ITM2B,528
APCS,KNG1,492
APCS,LBP,418
APCS,LGALS3BP,549
APCS,LPA,445
APCS,LUM,576
APCS,MASP2,536
APCS,MBL2,752
APCS,MMP9,506
APCS,NID1,405
APCS,ORM1,581
APCS,ORM2,528
APCS,PLG,529
APCS,PON1,524
APCS,PZP,402
APCS,SAA1,917
APCS,SAA2,841
APCS,SAA4,586
APCS,SERPINA1,571
APCS,SERPINA3,681
APCS,SERPINA4,433
APCS,SERPINA6,407
APCS,SERPIND1,525
APCS,SNCA,565
APCS,SPTA1,535
APCS,TAGLN2,491
APCS,TGFBI,576
APCS,TTR,949
APCS,VTN,691
APEH,CD248,607
APEH,DPP4,733
APEH,HSPD1,429
APEH,IST1,791
APEH,MDH2,502
APEH,MSRA,698
APEH,MST1,837
APEH,NCSTN,911
APEH,NUCB1,416
APEH,SHMT2,471
APEH,UBA5,453
APEH,UQCRC1,445
APLP2,APOB,495
APLP2,APOE,407
APLP2,APP,816
APLP2,AZGP1,420
APLP2,CD109,480
APLP2,CD36,430
APLP2,CD9,440
APLP2,CHL1,410
APLP2,CTSB,642
APLP2,F11,516
APLP2,ITGA2B,418
APLP2,ITGB3,416
APLP2,ITIH2,425
APLP2,ITM2B,456
APLP2,KLC1,486
APLP2,LCN2,608
APLP2,LRP1,526
APLP2,LY6G6F,400
APLP2,NCSTN,655
APLP2,NEO1,425
APLP2,PCSK9,570
APLP2,PECAM1,481
APLP2,PRNP,642
APLP2,PRSS3,560
APLP2,PSAP,523
APLP2,SELP,407
APLP2,SPON1,721
APLP2,SYTL4,416
APLP2,TTR,468
APMAP,APP,469
APMAP,ATP5F1A,594
APMAP,CANX,470
APMAP,EEF2,671
APMAP,EIF4A1,490
APMAP,ENO1,541
APMAP,ENO2,546
APMAP,RPLP0,669
APMAP,TPI1,425
APOA1,APOA2,999
APOA1,APOA4,989
APOA1,APOA5,951
APOA1,APOB,999
APOA1,APOBR,575
APOA1,APOC1,998
APOA1,APOC2,997
APOA1,APOC3,999
APOA1,APOC4,901
APOA1,APOD,960
APOA1,APOE,999
APOA1,APOF,912
APOA1,APOH,985
APOA1,APOL1,998
APOA1,APOM,972
APOA1,APP,982
APOA1,ATP5F1B,769
APOA1,AZGP1,676
APOA1,BGN,541
APOA1,BMP1,797
APOA1,C1R,547
APOA1,C1S,527
APOA1,C3,957
APOA1,C4A,724
APOA1,C4B,668
APOA1,C4BPB,484
APOA1,C7,456
APOA1,C8A,583
APOA1,C9,410
APOA1,CALR,547
APOA1,CAMP,563
APOA1,CD34,435
APOA1,CD36,917
APOA1,CD63,643
APOA1,CDC42,503
APOA1,CDH13,430
APOA1,CETP,989
APOA1,CFB,648
APOA1,CFH,472
APOA1,CFHR2,543
APOA1,CLSTN1,429
APOA1,CLU,998
APOA1,CP,630
APOA1,CST3,826
APOA1,CTSH,406
APOA1,DNAJB11,438
APOA1,DSC1,507
APOA1,ENO1,637
APOA1,F13A1,495
APOA1,F2,927
APOA1,F7,492
APOA1,FGA,902
APOA1,FGB,691
APOA1,FGG,732
APOA1,FN1,845
APOA1,GAPDH,460
APOA1,GC,656
APOA1,GGCT,426
APOA1,GOT2,414
APOA1,GPC1,520
APOA1,GPLD1,526
APOA1,GPX3,656
APOA1,GRN,679
APOA1,HP,998
APOA1,HPR,997
APOA1,HPX,826
APOA1,HRG,780
APOA1,HSP90B1,537
APOA1,HSPG2,589
APOA1,ICAM1,508
APOA1,IGFBP1,515
APOA1,ITIH1,420
APOA1,ITIH2,793
APOA1,ITIH3,818
APOA1,ITIH4,439
APOA1,ITM2B,438
APOA1,JCHAIN,534
APOA1,KNG1,518
APOA1,LBP,949
APOA1,LCAT,999
APOA1,LDLR,561
APOA1,LGALS3,526
APOA1,LPA,976
APOA1,LPL,890
APOA1,LRG1,434
APOA1,LRP1,618
APOA1,MMP2,546
APOA1,MPO,924
APOA1,NCAM1,612
APOA1,NRP1,452
APOA1,ORM1,869
APOA1,ORM2,828
APOA1,P4HB,533
APOA1,PCSK9,781
APOA1,PCYOX1,799
APOA1,PDIA6,511
APOA1,PF4V1,526
APOA1,PLG,585
APOA1,PLTP,973
APOA1,PON1,998
APOA1,PON3,483
APOA1,PPBP,557
APOA1,PRDX2,428
APOA1,PTGDS,429
APOA1,RETN,416
APOA1,SAA1,900
APOA1,SAA2,894
APOA1,SAA4,931
APOA1,SBSN,465
APOA1,SDC1,582
APOA1,SDC4,532
APOA1,SELENOP,580
APOA1,SERPINA1,927
APOA1,SERPINA3,503
APOA1,SERPINA7,620
APOA1,SERPINB1,503
APOA1,SERPIND1,614
APOA1,SERPINE1,687
APOA1,SERPINF2,497
APOA1,SHBG,550
APOA1,SLC2A1,474
APOA1,SNCA,883
APOA1,SOD2,451
APOA1,SPP1,407
APOA1,TFRC,574
APOA1,TGFB1,542
APOA1,TGFBI,485
APOA1,TIMP1,569
APOA1,TPI1,494
APOA1,TTR,994
APOA1,VCAM1,623
APOA1,VDAC2,443
APOA1,VTN,755
APOA1,VWF,422
APOA1,YWHAZ,521
APOA2,APOA4,994
APOA2,APOA5,972
APOA2,APOB,999
APOA2,APOBR,540
APOA2,APOC1,991
APOA2,APOC2,995
APOA2,APOC3,999
APOA2,APOC4,947
APOA2,APOD,993
APOA2,APOE,999
APOA2,APOF,921
APOA2,APOH,989
APOA2,APOL1,926
APOA2,APOM,980
APOA2,APP,902
APOA2,AZGP1,597
APOA2,C3,634
APOA2,C4A,469
APOA2,C4B,409
APOA2,C4BPA,622
APOA2,C4BPB,427
APOA2,C8A,433
APOA2,C9,441
APOA2,CAMP,451
APOA2,CETP,970
APOA2,CFB,652
APOA2,CLU,967
APOA2,COL1A1,439
APOA2,CP,495
APOA2,CPB2,467
APOA2,F2,798
APOA2,FCGR2A,624
APOA2,FGA,893
APOA2,FGB,849
APOA2,FGG,841
APOA2,GC,765
APOA2,GOT2,420
APOA2,GPC1,519
APOA2,GPLD1,581
APOA2,HP,738
APOA2,HPR,932
APOA2,HPX,667
APOA2,HRG,644
APOA2,HSPG2,563
APOA2,IGFBP1,475
APOA2,ITIH1,485
APOA2,ITIH2,677
APOA2,ITIH3,636
APOA2,ITIH4,632
APOA2,JCHAIN,505
APOA2,KNG1,653
APOA2,LCAT,982
APOA2,LDHA,459
APOA2,LDLR,546
APOA2,LPA,977
APOA2,LPL,818
APOA2,LRP1,487
APOA2,ORM1,772
APOA2,ORM2,834
APOA2,P4HB,444
APOA2,PCSK9,669
APOA2,PCYOX1,822
APOA2,PIGR,470
APOA2,PLG,687
APOA2,PLTP,962
APOA2,PON1,967
APOA2,PPBP,461
APOA2,SAA1,799
APOA2,SAA2,783
APOA2,SAA4,816
APOA2,SDC1,522
APOA2,SDC4,499
APOA2,SERPINA1,822
APOA2,SERPINA3,620
APOA2,SERPINA4,446
APOA2,SERPINA6,438
APOA2,SERPINA7,575
APOA2,SERPIND1,661
APOA2,SERPINF2,564
APOA2,SNCA,491
APOA2,TFRC,497
APOA2,TTR,843
APOA2,VTN,750
APOA4,APOA5,918
APOA4,APOB,992
APOA4,APOBR,540
APOA4,APOC1,969
APOA4,APOC2,987
APOA4,APOC3,999
APOA4,APOC4,887
APOA4,APOD,864
APOA4,APOE,995
APOA4,APOF,909
APOA4,APOH,938
APOA4,APOL1,928
APOA4,APOM,949
APOA4,APP,827
APOA4,AZGP1,408
APOA4,C3,630
APOA4,C4A,440
APOA4,C9,405
APOA4,CETP,937
APOA4,CFB,630
APOA4,CLU,976
APOA4,COMP,422
APOA4,CP,608
APOA4,CST3,553
APOA4,FGA,697
APOA4,FGB,417
APOA4,FGG,792
APOA4,FN1,528
APOA4,GC,576
APOA4,GPC1,506
APOA4,GPLD1,461
APOA4,HP,594
APOA4,HPR,831
APOA4,HPX,478
APOA4,HRG,403
APOA4,HSPG2,534
APOA4,ITIH2,609
APOA4,ITIH4,633
APOA4,ITM2B,400
APOA4,LCAT,890
APOA4,LDHA,442
APOA4,LDLR,540
APOA4,LPA,887
APOA4,LPL,781
APOA4,LRG1,624
APOA4,LRP1,483
APOA4,MPO,437
APOA4,ORM1,448
APOA4,P4HB,417
APOA4,PCYOX1,791
APOA4,PLG,582
APOA4,PLTP,861
APOA4,PON1,927
APOA4,PON3,539
APOA4,SAA1,773
APOA4,SAA2,751
APOA4,SAA4,757
APOA4,SDC1,529
APOA4,SDC4,499
APOA4,SERPINA1,793
APOA4,SERPINA3,583
APOA4,SERPIND1,410
APOA4,SNCA,423
APOA4,TFRC,457
APOA4,TGFBI,509
APOA4,TTR,857
APOA4,VTN,461
APOA5,APOB,986
APOA5,APOBR,740
APOA5,APOC1,947
APOA5,APOC2,994
APOA5,APOC3,995
APOA5,APOC4,929
APOA5,APOD,574
APOA5,APOE,992
APOA5,APOF,855
APOA5,APOH,918
APOA5,APOL1,877
APOA5,APOM,942
APOA5,APP,826
APOA5,C8A,525
APOA5,C8B,434
APOA5,CETP,935
APOA5,CLU,872
APOA5,F12,407
APOA5,F2,569
APOA5,FGA,711
APOA5,FGB,534
APOA5,FGG,499
APOA5,HGFAC,411
APOA5,HPR,820
APOA5,HRG,861
APOA5,ITIH1,437
APOA5,ITIH2,401
APOA5,ITIH3,508
APOA5,ITIH4,570
APOA5,LCAT,897
APOA5,LDLR,542
APOA5,LPA,947
APOA5,LPL,964
APOA5,LRP1,536
APOA5,MBL2,502
APOA5,PCSK9,664
APOA5,PCYOX1,729
APOA5,PLG,686
APOA5,PLIN1,410
APOA5,PLTP,856
APOA5,PON1,854
APOA5,SAA1,642
APOA5,SAA2,646
APOA5,SAA4,682
APOA5,SDC1,511
APOA5,SERPINA1,423
APOA5,SERPINA11,512
APOA5,SERPINA7,800
APOA5,SERPIND1,434
APOA5,SORL1,511
APOB,APOBR,969
APOB,APOC1,996
APOB,APOC2,991
APOB,APOC3,999
APOB,APOC4,871
APOB,APOD,864
APOB,APOE,999
APOB,APOF,898
APOB,APOH,985
APOB,APOL1,892
APOB,APOM,933
APOB,APP,839
APOB,BCHE,593
APOB,BGN,552
APOB,C3,819
APOB,C4A,743
APOB,C4B,613
APOB,C4BPA,550
APOB,C8A,491
APOB,C9,402
APOB,CALR,892
APOB,CANX,794
APOB,CD36,980
APOB,CD44,548
APOB,CEACAM1,425
APOB,CES1,455
APOB,CETP,989
APOB,CLTA,499
APOB,CLTC,541
APOB,CLU,865
APOB,CP,501
APOB,CPB2,558
APOB,CST3,495
APOB,DNAJB11,522
APOB,DPP4,468
APOB,ENO1,516
APOB,EPS15,507
APOB,F13B,423
APOB,F2,832
APOB,F7,583
APOB,F9,409
APOB,FERMT3,414
APOB,FGA,832
APOB,FGB,816
APOB,FGG,799
APOB,FLNA,514
APOB,FN1,825
APOB,GAPDH,510
APOB,GC,526
APOB,GOT2,773
APOB,GPC1,537
APOB,GPX3,431
APOB,GRB2,529
APOB,HBD,411
APOB,HP,626
APOB,HPR,822
APOB,HPX,694
APOB,HRG,805
APOB,HSP90B1,882
APOB,HSPA5,586
APOB,HSPG2,792
APOB,ICAM1,516
APOB,IGF2R,533
APOB,IGFBP1,537
APOB,IGFBP2,410
APOB,IL6ST,426
APOB,ITGB2,452
APOB,ITIH1,445
APOB,ITIH2,788
APOB,ITIH3,487
APOB,JCHAIN,484
APOB,KNG1,662
APOB,LBP,557
APOB,LCAT,983
APOB,LDLR,955
APOB,LPA,999
APOB,LPL,940
APOB,LRP1,684
APOB,M6PR,519
APOB,MAPK14,583
APOB,MBL2,569
APOB,MIA3,565
APOB,MPO,711
APOB,ORM1,610
APOB,ORM2,611
APOB,P4HB,861
APOB,PCSK9,987
APOB,PCYOX1,787
APOB,PDIA4,765
APOB,PECAM1,806
APOB,PF4,555
APOB,PLG,774
APOB,PLIN1,450
APOB,PLTP,964
APOB,PON1,952
APOB,PPIB,631
APOB,PPP2R1A,511
APOB,PTPN6,559
APOB,RETN,448
APOB,SAA1,888
APOB,SAA2,736
APOB,SAA4,755
APOB,SDC1,675
APOB,SDC4,627
APOB,SELP,416
APOB,SERPINA1,822
APOB,SERPINA10,422
APOB,SERPINA3,435
APOB,SERPINA6,594
APOB,SERPINA7,649
APOB,SERPIND1,587
APOB,SERPINE1,606
APOB,SERPINF1,577
APOB,SERPINF2,691
APOB,SH3GL1,526
APOB,SHBG,595
APOB,SPARC,818
APOB,SPP1,524
APOB,STON2,499
APOB,TFPI,578
APOB,TFRC,813
APOB,TGOLN2,520
APOB,TIMP1,418
APOB,TTR,878
APOB,VAMP3,499
APOB,VAMP7,752
APOB,VAMP8,522
APOB,VCAM1,581
APOB,VCP,746
APOB,VTN,529
APOB,VWF,631
APOBR,APOC1,559
APOBR,APOC2,550
APOBR,APOC3,572
APOBR,APOC4,540
APOBR,APOE,626
APOBR,APOF,582
APOBR,APOH,540
APOBR,APOL1,570
APOBR,APOM,561
APOBR,APP,546
APOBR,CETP,561
APOBR,CLU,540
APOBR,HPR,540
APOBR,LCAT,542
APOBR,LDLR,540
APOBR,LPA,573
APOBR,LPL,564
APOBR,PCYOX1,540
APOBR,PLBD1,511
APOBR,PLTP,540
APOBR,PON1,540
APOBR,SAA1,542
APOBR,SAA2,549
APOBR,SAA4,542
APOC1,APOC2,999
APOC1,APOC3,999
APOC1,APOC4,990
APOC1,APOD,854
APOC1,APOE,999
APOC1,APOF,817
APOC1,APOH,931
APOC1,APOL1,918
APOC1,APOM,939
APOC1,APP,802
APOC1,C1QB,416
APOC1,C3,431
APOC1,CD5L,518
APOC1,CETP,985
APOC1,CLU,969
APOC1,F2,479
APOC1,FGA,454
APOC1,FGB,441
APOC1,FGG,447
APOC1,FN1,485
APOC1,GC,558
APOC1,HP,726
APOC1,HPR,853
APOC1,HPX,422
APOC1,HRG,526
APOC1,HSPG2,484
APOC1,ITIH1,588
APOC1,ITIH3,460
APOC1,ITIH4,501
APOC1,LCAT,973
APOC1,LDLR,540
APOC1,LPA,873
APOC1,LPL,866
APOC1,ORM1,429
APOC1,PCSK9,619
APOC1,PCYOX1,772
APOC1,PEPD,780
APOC1,PLG,489
APOC1,PLTP,881
APOC1,PON1,930
APOC1,SAA1,734
APOC1,SAA2,717
APOC1,SAA4,711
APOC1,SERPINA1,758
APOC1,SERPINA3,411
APOC1,TTR,602
APOC2,APOC3,999
APOC2,APOC4,987
APOC2,APOD,754
APOC2,APOE,999
APOC2,APOF,811
APOC2,APOH,946
APOC2,APOL1,907
APOC2,APOM,943
APOC2,APP,772
APOC2,CETP,929
APOC2,CLU,955
APOC2,CP,501
APOC2,FGA,462
APOC2,GPC1,499
APOC2,GPI,423
APOC2,HP,405
APOC2,HPR,820
APOC2,HRC,655
APOC2,HSPB1,416
APOC2,HSPG2,499
APOC2,ITIH1,584
APOC2,LCAT,934
APOC2,LDLR,553
APOC2,LPA,890
APOC2,LPL,998
APOC2,LRP1,561
APOC2,ORM1,633
APOC2,ORM2,580
APOC2,PCSK9,522
APOC2,PCYOX1,774
APOC2,PEPD,795
APOC2,PLG,474
APOC2,PLTP,883
APOC2,PON1,884
APOC2,SAA1,836
APOC2,SAA2,733
APOC2,SAA4,756
APOC2,SBSN,444
APOC2,SDC1,594
APOC2,SDC4,499
APOC2,SERPINA1,708
APOC2,SERPIND1,434
APOC2,SFTPB,442
APOC2,TTR,526
APOC2,VTN,410
APOC3,APOC4,929
APOC3,APOD,777
APOC3,APOE,999
APOC3,APOF,892
APOC3,APOH,987
APOC3,APOL1,924
APOC3,APOM,955
APOC3,APP,766
APOC3,AZGP1,400
APOC3,C3,440
APOC3,C4B,587
APOC3,C4BPA,562
APOC3,C8A,463
APOC3,C8B,404
APOC3,C9,409
APOC3,CD36,424
APOC3,CETP,977
APOC3,CFB,528
APOC3,CLU,921
APOC3,CPB2,424
APOC3,F10,495
APOC3,F2,889
APOC3,FGA,822
APOC3,FGB,756
APOC3,FGG,779
APOC3,FN1,492
APOC3,GC,510
APOC3,GPC1,505
APOC3,GPX3,481
APOC3,HP,563
APOC3,HPR,851
APOC3,HPX,521
APOC3,HRG,649
APOC3,HSPG2,521
APOC3,IGFBP1,480
APOC3,ITIH1,446
APOC3,ITIH2,518
APOC3,ITIH3,525
APOC3,KNG1,511
APOC3,LCAT,958
APOC3,LDLR,544
APOC3,LPA,957
APOC3,LPL,981
APOC3,LRP1,572
APOC3,MBL2,454
APOC3,ORM1,676
APOC3,ORM2,686
APOC3,PCSK9,734
APOC3,PCYOX1,823
APOC3,PLG,629
APOC3,PLTP,884
APOC3,PON1,933
APOC3,SAA1,889
APOC3,SAA2,821
APOC3,SAA4,799
APOC3,SDC1,609
APOC3,SDC4,514
APOC3,SERPINA1,767
APOC3,SERPINA3,402
APOC3,SERPINA4,429
APOC3,SERPINA7,710
APOC3,SERPIND1,573
APOC3,SERPINF1,451
APOC3,SERPINF2,508
APOC3,SNCA,456
APOC3,SOD2,410
APOC3,TFRC,465
APOC3,TTR,771
APOC3,VTN,582
APOC4,APOD,520
APOC4,APOE,957
APOC4,APOF,865
APOC4,APOH,877
APOC4,APOL1,847
APOC4,APOM,890
APOC4,APP,750
APOC4,C3,538
APOC4,CETP,841
APOC4,CLU,816
APOC4,HPR,802
APOC4,HPX,416
APOC4,ITIH1,417
APOC4,LCAT,828
APOC4,LDLR,540
APOC4,LPA,855
APOC4,LPL,672
APOC4,PCYOX1,825
APOC4,PLTP,840
APOC4,PON1,908
APOC4,SAA1,693
APOC4,SAA2,684
APOC4,SAA4,731
APOC4,SERPIND1,424
APOC4,SPP2,402
APOD,APOE,936
APOD,APOF,805
APOD,APOH,804
APOD,APOL1,722
APOD,APOM,790
APOD,AZGP1,707
APOD,C1QB,795
APOD,C4A,405
APOD,C4BPA,527
APOD,CD44,506
APOD,CETP,628
APOD,CLSTN1,409
APOD,CLU,939
APOD,CP,438
APOD,CSF1R,452
APOD,CSTB,781
APOD,CTSS,648
APOD,FERMT3,413
APOD,FGFR1,413
APOD,FN1,674
APOD,GLO1,508
APOD,GUSB,438
APOD,HPR,445
APOD,LCAT,859
APOD,LPA,479
APOD,ORM1,419
APOD,ORM2,401
APOD,PF4,483
APOD,PIP,730
APOD,PLTP,677
APOD,PON1,516
APOD,PON3,439
APOD,PTGDS,592
APOD,SERPINA1,424
APOD,SERPINA3,459
APOD,SHBG,555
APOD,SOD3,427
APOD,SPARCL1,448
APOD,SPP1,554
APOD,TPP1,407
APOD,TTR,608
APOD,VAPA,465
APOE,APOF,865
APOE,APOH,921
APOE,APOL1,965
APOE,APOM,941
APOE,APP,999
APOE,ARG1,477
APOE,ASAH1,472
APOE,AXL,456
APOE,BCHE,835
APOE,BGN,723
APOE,BPIFB1,438
APOE,C1QA,546
APOE,C1QB,705
APOE,C1QC,685
APOE,C2,402
APOE,C3,732
APOE,C4A,520
APOE,C4B,472
APOE,C4BPA,508
APOE,C9,817
APOE,CALR,593
APOE,CANX,500
APOE,CASP3,614
APOE,CASS4,507
APOE,CCL5,693
APOE,CD14,485
APOE,CD34,447
APOE,CD36,795
APOE,CD44,937
APOE,CD46,445
APOE,CD47,546
APOE,CD59,596
APOE,CD63,421
APOE,CD9,429
APOE,CDH5,483
APOE,CETP,974
APOE,CFB,700
APOE,CFH,958
APOE,CFI,557
APOE,CLU,999
APOE,COL1A1,549
APOE,COMT,634
APOE,CP,648
APOE,CSF1,495
APOE,CSF1R,584
APOE,CST3,850
APOE,CTSB,699
APOE,CTSC,494
APOE,CTSS,531
APOE,CXCL12,500
APOE,DPP4,454
APOE,ENG,459
APOE,F10,526
APOE,F12,508
APOE,F2,463
APOE,FBLN2,404
APOE,FBN1,418
APOE,FCGR3A,436
APOE,FERMT3,422
APOE,FGA,705
APOE,FGB,439
APOE,FGG,683
APOE,FN1,712
APOE,GAPDH,636
APOE,GC,448
APOE,GOT2,482
APOE,GP1BA,543
APOE,GPC1,721
APOE,GPNMB,643
APOE,GPX3,715
APOE,GPX4,421
APOE,GRN,575
APOE,HLA-B,499
APOE,HP,811
APOE,HPR,796
APOE,HPX,438
APOE,HSP90B1,724
APOE,HSPA5,493
APOE,HSPG2,954
APOE,ICAM1,789
APOE,ITGB1,586
APOE,ITIH3,705
APOE,ITIH4,418
APOE,ITM2B,667
APOE,JCHAIN,492
APOE,KNG1,471
APOE,LAMP1,453
APOE,LCAT,956
APOE,LDLR,839
APOE,LGALS3,581
APOE,LMNA,575
APOE,LPA,971
APOE,LPL,982
APOE,LRP1,999
APOE,MAPK14,541
APOE,MGP,454
APOE,MMP2,661
APOE,MMP9,769
APOE,MMRN1,443
APOE,MPO,630
APOE,MT-CO2,408
APOE,NCSTN,641
APOE,NOTCH3,403
APOE,PARK7,431
APOE,PCSK9,729
APOE,PCYOX1,784
APOE,PDGFRB,620
APOE,PECAM1,595
APOE,PEPD,556
APOE,PF4,623
APOE,PLG,652
APOE,PLIN1,403
APOE,PLIN3,496
APOE,PLTP,968
APOE,PON1,977
APOE,PON3,511
APOE,PRDX2,518
APOE,PRNP,717
APOE,PTGDS,412
APOE,PTPRC,580
APOE,RETN,446
APOE,RHOA,408
APOE,S100A6,501
APOE,SAA1,763
APOE,SAA2,750
APOE,SAA4,703
APOE,SDC1,932
APOE,SDC4,769
APOE,SELENOP,478
APOE,SELP,593
APOE,SERPINA1,781
APOE,SERPINA3,916
APOE,SERPINE1,601
APOE,SERPINF1,451
APOE,SNCA,996
APOE,SOD2,448
APOE,SORL1,997
APOE,SPARC,400
APOE,SPARCL1,431
APOE,SPON1,575
APOE,SPP1,572
APOE,SRC,592
APOE,TFRC,480
APOE,TGFB1,694
APOE,TGFBI,631
APOE,THBS1,649
APOE,THBS2,564
APOE,TIMP1,476
APOE,TTR,952
APOE,VCAM1,799
APOE,VCP,622
APOE,VDAC1,761
APOE,VIM,408
APOE,VTN,989
APOE,VWF,562
APOE,YWHAQ,662
APOE,YWHAZ,620
APOF,APOH,914
APOF,APOL1,929
APOF,APOM,901
APOF,APP,549
APOF,CETP,981
APOF,CFHR1,549
APOF,CFHR2,579
APOF,CLU,891
APOF,GPLD1,543
APOF,HPR,743
APOF,KNG1,423
APOF,LCAT,754
APOF,LDLR,543
APOF,LPA,800
APOF,LPL,613
APOF,PCYOX1,705
APOF,PLTP,868
APOF,PON1,888
APOF,PON3,580
APOF,SAA1,788
APOF,SAA2,785
APOF,SAA4,758
APOF,SERPINA1,579
APOF,TTR,576
APOH,APOL1,904
APOH,APOM,981
APOH,APP,763
APOH,AZGP1,810
APOH,C1R,408
APOH,C2,444
APOH,C3,621
APOH,C4A,561
APOH,C4B,554
APOH,C4BPA,527
APOH,C8A,476
APOH,C9,512
APOH,CD55,424
APOH,CDC42,503
APOH,CETP,817
APOH,CFI,463
APOH,CLEC3B,507
APOH,CLU,911
APOH,CP,523
APOH,CPB2,747
APOH,DEFA1,426
APOH,DNAJB11,414
APOH,ECM1,499
APOH,F10,438
APOH,F11,488
APOH,F12,509
APOH,F2,984
APOH,F5,417
APOH,F7,483
APOH,F9,450
APOH,FAM3C,441
APOH,FCN2,436
APOH,FGA,871
APOH,FGB,804
APOH,FGG,910
APOH,FN1,537
APOH,GC,766
APOH,GP1BA,516
APOH,HABP2,502
APOH,HP,736
APOH,HPR,874
APOH,HPX,792
APOH,HRG,862
APOH,IGFBP1,688
APOH,ITIH1,535
APOH,ITIH2,867
APOH,ITIH3,777
APOH,ITIH4,851
APOH,KNG1,627
APOH,LCAT,828
APOH,LDLR,707
APOH,LGALS3BP,497
APOH,LPA,941
APOH,LPL,923
APOH,LRG1,402
APOH,MASP2,460
APOH,MBL2,600
APOH,MPO,431
APOH,ORM1,760
APOH,ORM2,636
APOH,P4HB,411
APOH,PCSK9,540
APOH,PCYOX1,781
APOH,PDIA6,435
APOH,PF4,763
APOH,PF4V1,654
APOH,PLG,940
APOH,PLTP,817
APOH,PON1,870
APOH,PROC,616
APOH,RARRES2,403
APOH,SAA1,678
APOH,SAA2,678
APOH,SAA4,718
APOH,SELENOP,497
APOH,SERPINA1,845
APOH,SERPINA10,494
APOH,SERPINA11,448
APOH,SERPINA3,468
APOH,SERPINA4,680
APOH,SERPINA5,417
APOH,SERPINA6,516
APOH,SERPINA7,611
APOH,SERPIND1,806
APOH,SERPINF1,594
APOH,SERPINF2,822
APOH,SPP2,643
APOH,TPM1,470
APOH,TTR,691
APOH,VTN,787
APOH,VWF,660
APOL1,APOM,924
APOL1,APP,756
APOL1,AZGP1,436
APOL1,CD36,445
APOL1,CETP,896
APOL1,CFH,408
APOL1,CLU,923
APOL1,COMT,673
APOL1,CP,467
APOL1,CST3,449
APOL1,FGA,495
APOL1,FGG,485
APOL1,FN1,470
APOL1,GPLD1,524
APOL1,HP,672
APOL1,HPR,999
APOL1,IGFBP5,454
APOL1,INF2,830
APOL1,ITGB3,420
APOL1,ITIH3,630
APOL1,LCAT,876
APOL1,LDLR,540
APOL1,LPA,814
APOL1,LPL,581
APOL1,MYH9,898
APOL1,ORM1,502
APOL1,ORM2,432
APOL1,PCYOX1,812
APOL1,PLTP,894
APOL1,PON1,912
APOL1,PON3,574
APOL1,SAA1,778
APOL1,SAA2,763
APOL1,SAA4,727
APOL1,SERPINA1,631
APOL1,SHROOM3,444
APOL1,TTR,480
APOL1,VAMP8,496
APOM,APP,754
APOM,CETP,888
APOM,CLU,927
APOM,F13B,401
APOM,F2,778
APOM,FGA,536
APOM,FGB,437
APOM,FGG,409
APOM,HP,524
APOM,HPR,832
APOM,IGFBP1,419
APOM,ITIH2,428
APOM,ITIH3,420
APOM,KNG1,414
APOM,LCAT,885
APOM,LDLR,548
APOM,LPA,871
APOM,LPL,641
APOM,ORM2,412
APOM,PCYOX1,815
APOM,PLTP,885
APOM,PON1,906
APOM,PON3,513
APOM,SAA1,734
APOM,SAA2,778
APOM,SAA4,740
APOM,SERPINA1,466
APOM,SERPIND1,481
APOM,SERPINF2,582
APOM,SPP2,620
APOM,TTR,441
APP,BCHE,727
APP,BGN,738
APP,BLMH,615
APP,BSG,528
APP,C3,887
APP,C4A,603
APP,C4B,677
APP,CALR,878
APP,CANX,693
APP,CAPN1,660
APP,CAPN2,612
APP,CAPNS1,578
APP,CAPZA1,643
APP,CAPZA2,551
APP,CASP3,908
APP,CASS4,434
APP,CD36,635
APP,CD44,823
APP,CD46,464
APP,CD47,637
APP,CD63,538
APP,CD82,608
APP,CDC42,415
APP,CDH13,417
APP,CDH2,411
APP,CETP,761
APP,CFL1,625
APP,CHL1,518
APP,CLSTN1,847
APP,CLU,998
APP,COL18A1,599
APP,COL1A1,414
APP,COPS5,411
APP,CP,449
APP,CSF1R,413
APP,CST3,927
APP,CTSB,902
APP,CTSS,448
APP,DBN1,652
APP,DNAJB11,437
APP,DNM1L,478
APP,DPYSL2,465
APP,ECE1,707
APP,ENO1,698
APP,ENO2,495
APP,F11,954
APP,F13A1,431
APP,F5,456
APP,FBLN1,623
APP,FGA,785
APP,FGB,581
APP,FGG,625
APP,FIS1,419
APP,FKBP1A,498
APP,FLOT1,569
APP,FN1,782
APP,GAPDH,980
APP,GAS6,521
APP,GC,475
APP,GET3,500
APP,GNAI2,813
APP,GNB1,932
APP,GNB2,525
APP,GNB4,518
APP,GNG11,525
APP,GNG5,540
APP,GPC1,615
APP,GPX3,449
APP,GRB2,945
APP,GRN,601
APP,HAGH,433
APP,HMGB1,583
APP,HNRNPC,487
APP,HP,593
APP,HPR,784
APP,HSD17B10,881
APP,HSP90AA1,630
APP,HSP90AB1,465
APP,HSP90B1,573
APP,HSPA4,849
APP,HSPA5,563
APP,HSPA8,826
APP,HSPB1,602
APP,HSPD1,916
APP,HSPG2,841
APP,HTRA1,513
APP,ICAM1,595
APP,IDH1,508
APP,ITGA2,604
APP,ITGA2B,611
APP,ITGB1,761
APP,ITGB3,426
APP,ITM2B,939
APP,KALRN,615
APP,KLC1,943
APP,KNG1,732
APP,L1CAM,599
APP,LAMP1,558
APP,LCAT,754
APP,LCN2,974
APP,LDLR,580
APP,LGALS3BP,452
APP,LPA,808
APP,LPL,645
APP,LRP1,983
APP,MAPK1,827
APP,MAPRE1,527
APP,MIF,499
APP,MMP2,592
APP,MMP9,644
APP,MT-CO2,467
APP,NCAM1,446
APP,NCSTN,998
APP,NOTCH2,587
APP,NOTCH3,427
APP,NTRK2,602
APP,NUCB1,579
APP,OLFM1,543
APP,ORM1,446
APP,ORM2,448
APP,PARK7,731
APP,PCOLCE,457
APP,PCYOX1,726
APP,PDIA3,737
APP,PECAM1,402
APP,PF4,508
APP,PLG,685
APP,PLSCR1,426
APP,PLTP,761
APP,PON1,782
APP,PPBP,499
APP,PPIF,644
APP,PRNP,998
APP,PRSS3,843
APP,PSMA2,417
APP,PSMD14,437
APP,PTGDS,583
APP,PTPRC,406
APP,QSOX1,445
APP,RAB5B,480
APP,RGS18,525
APP,RGS19,560
APP,RHOA,458
APP,RTN4,739
APP,SAA1,687
APP,SAA2,669
APP,SAA4,613
APP,SERPINA1,764
APP,SERPINA3,800
APP,SERPINF1,522
APP,SERPINF2,525
APP,SERPINI1,554
APP,SGTA,519
APP,SNCA,993
APP,SORL1,999
APP,SPON1,986
APP,SRC,864
APP,TFRC,651
APP,TGFB1,895
APP,TGFBI,486
APP,THBS1,479
APP,TIMP1,577
APP,TMED10,461
APP,TPM3,500
APP,TTR,982
APP,TUBA1A,494
APP,TUBA1C,449
APP,TUBA4A,486
APP,TUBA8,414
APP,VAPB,497
APP,VCAM1,563
APP,VCP,652
APP,VDAC1,659
APP,VPS29,406
APP,VTN,637
APP,XPNPEP1,498
APP,YWHAE,547
APP,YWHAG,481
APP,YWHAQ,854
APPL2,RAB5C,680
APRT,ATP5F1D,501
APRT,C1RL,546
APRT,C1S,411
APRT,CMPK1,679
APRT,DCK,950
APRT,GAPDH,527
APRT,GLRX,428
APRT,GMPR,957
APRT,GOT2,566
APRT,GSR,544
APRT,HP,519
APRT,HPRT1,994
APRT,LCAT,452
APRT,MAT2B,430
APRT,MPP1,526
APRT,MSRA,455
APRT,NME1,468
APRT,NME2,454
APRT,PDE3A,904
APRT,PDE5A,916
APRT,PGK1,447
APRT,PNP,996
APRT,PPA2,835
APRT,PRPS1,704
APRT,PRUNE1,819
APRT,RPIA,604
APRT,RPLP0,411
APRT,SHMT2,493
APRT,TPI1,587
APRT,TYMP,915
ARCN1,ARF4,750
ARCN1,ATP6AP1,560
ARCN1,CLTC,592
ARCN1,COPB2,999
ARCN1,COPE,999
ARCN1,COPG1,999
ARCN1,COPZ1,999
ARCN1,ECH1,404
ARCN1,LMAN1,468
ARCN1,NAPA,523
ARCN1,NAPG,539
ARCN1,PGM1,450
ARCN1,PSMB5,520
ARCN1,RAB1A,706
ARCN1,RAB1B,681
ARCN1,RPLP1,439
ARCN1,RPS12,420
ARCN1,SEC13,725
ARCN1,SEC22B,731
ARCN1,SEC31A,723
ARCN1,TMED10,923
ARCN1,TMED2,724
ARCN1,TMED9,676
ARCN1,VCP,425
ARF4,ASAP1,974
ARF4,CAPZA1,565
ARF4,CAPZA2,555
ARF4,CAPZB,559
ARF4,COPB2,807
ARF4,COPE,707
ARF4,COPG1,771
ARF4,COPZ1,775
ARF4,DCTN1,506
ARF4,DCTN2,573
ARF4,DCTN3,546
ARF4,DYNLL1,604
ARF4,ERP44,521
ARF4,HSP90B1,430
ARF4,HSPA5,408
ARF4,KIF2A,506
ARF4,KIF5B,601
ARF4,KLC1,552
ARF4,NCK2,557
ARF4,PSMC1,496
ARF4,RAB1A,760
ARF4,RAB1B,631
ARF4,RAB6A,672
ARF4,RAB8A,857
ARF4,SEC13,593
ARF4,SEC22B,637
ARF4,TGOLN2,446
ARF4,TMED10,662
ARF4,TMED2,727
ARF4,TMED9,585
ARF6,ARHGAP1,584
ARF6,ARHGDIA,426
ARF6,ARPC1B,497
ARF6,ASAP1,991
ARF6,ASAP2,966
ARF6,BRK1,403
ARF6,CD63,588
ARF6,CD9,532
ARF6,CDC42,740
ARF6,CDH1,424
ARF6,CFL1,488
ARF6,CLTA,500
ARF6,CLTC,868
ARF6,CRKL,610
ARF6,CTTN,668
ARF6,DCTN1,573
ARF6,EHD1,782
ARF6,EHD3,486
ARF6,EPS15,740
ARF6,FLNA,551
ARF6,FLOT1,455
ARF6,GNAQ,504
ARF6,GRB2,653
ARF6,IGF2R,463
ARF6,ILK,513
ARF6,KALRN,401
ARF6,LAMP1,679
ARF6,MSN,411
ARF6,NME1,633
ARF6,PACSIN2,426
ARF6,PDCD6IP,463
ARF6,PFN1,414
ARF6,PLEK,756
ARF6,RAB11B,436
ARF6,RAB14,533
ARF6,RAB18,516
ARF6,RAB1A,619
ARF6,RAB21,567
ARF6,RAB27A,615
ARF6,RAB2A,431
ARF6,RAB6A,489
ARF6,RAB7A,429
ARF6,RAB8A,450
ARF6,RAC2,527
ARF6,RALA,722
ARF6,RALB,430
ARF6,RAP1B,401
ARF6,RAP2B,607
ARF6,RHOA,719
ARF6,RHOC,437
ARF6,RHOG,528
ARF6,RRAS,432
ARF6,SDC1,706
ARF6,SDCBP,764
ARF6,SNAP23,411
ARF6,SPAG9,996
ARF6,SRC,735
ARF6,STOM,496
ARF6,SYK,482
ARF6,TFRC,698
ARF6,TGOLN2,736
ARF6,TSG101,657
ARF6,VAMP3,619
ARF6,VAMP7,661
ARF6,WAS,536
ARF6,WASF2,412
ARG1,CAMP,411
ARG1,CASP3,492
ARG1,CCL5,588
ARG1,CD34,429
ARG1,CD36,533
ARG1,CD44,407
ARG1,CD47,445
ARG1,CSF1,674
ARG1,CSF1R,609
ARG1,CXCL12,533
ARG1,ELANE,522
ARG1,FCGR2A,520
ARG1,FCGR3A,650
ARG1,FCN1,493
ARG1,FN1,477
ARG1,GAPDH,652
ARG1,HMGB1,431
ARG1,HP,520
ARG1,HPRT1,489
ARG1,ICAM1,506
ARG1,ISOC1,517
ARG1,ITGB2,575
ARG1,LCN2,416
ARG1,LDHA,430
ARG1,LGALS3,447
ARG1,MIF,407
ARG1,MMP2,455
ARG1,MMP9,627
ARG1,MPO,557
ARG1,NCAM1,453
ARG1,PDE5A,501
ARG1,PECAM1,521
ARG1,PTPRC,631
ARG1,RETN,617
ARG1,SELL,503
ARG1,SLC2A1,456
ARG1,SMS,832
ARG1,TGFB1,631
ARG1,TGM3,426
ARG1,VCAM1,511
ARHGAP1,ARHGDIA,711
ARHGAP1,BASP1,404
ARHGAP1,CAPZB,444
ARHGAP1,CDC42,999
ARHGAP1,CDC42BPB,442
ARHGAP1,CFL1,434
ARHGAP1,DBN1,444
ARHGAP1,DIAPH1,528
ARHGAP1,ERBIN,400
ARHGAP1,ESYT1,458
ARHGAP1,FLOT1,430
ARHGAP1,FLOT2,438
ARHGAP1,JUP,401
ARHGAP1,LAMTOR1,430
ARHGAP1,LMNB1,431
ARHGAP1,MCAM,400
ARHGAP1,PLEK,733
ARHGAP1,PLXNB1,447
ARHGAP1,PRUNE1,404
ARHGAP1,PTPN12,452
ARHGAP1,RAB7A,447
ARHGAP1,RAC2,680
ARHGAP1,RALA,571
ARHGAP1,RHOA,999
ARHGAP1,RHOC,891
ARHGAP1,RHOG,744
ARHGAP1,ROCK2,524
ARHGAP1,SLK,400
ARHGAP1,SNAP23,409
ARHGAP1,SRC,545
ARHGAP1,STOM,405
ARHGAP1,TFRC,623
ARHGAP1,TJP2,439
ARHGAP1,VAMP3,440
ARHGAP1,WAS,759
ARHGAP6,CDC42,544
ARHGAP6,EFEMP1,411
ARHGAP6,GMPR,438
ARHGAP6,PGK1,533
ARHGAP6,RHOA,797
ARHGAP6,SPARCL1,417
ARHGDIA,ARHGDIB,907
ARHGDIA,CASP3,571
ARHGDIA,CCT5,428
ARHGDIA,CD44,566
ARHGDIA,CDC42,999
ARHGDIA,CDH1,560
ARHGDIA,CFL1,672
ARHGDIA,COTL1,436
ARHGDIA,CYFIP1,443
ARHGDIA,EFNB1,698
ARHGDIA,FLNA,544
ARHGDIA,GAPDH,416
ARHGDIA,GDI1,621
ARHGDIA,GDI2,635
ARHGDIA,GLO1,469
ARHGDIA,ILK,425
ARHGDIA,INF2,508
ARHGDIA,MSN,800
ARHGDIA,MTPN,427
ARHGDIA,MYH9,411
ARHGDIA,NRAS,402
ARHGDIA,NTRK2,526
ARHGDIA,OTUB1,444
ARHGDIA,P4HB,465
ARHGDIA,PDIA3,432
ARHGDIA,PEBP1,406
ARHGDIA,PFN1,579
ARHGDIA,RAC2,993
ARHGDIA,RALA,644
ARHGDIA,RALB,403
ARHGDIA,RAP1A,558
ARHGDIA,RAP2B,546
ARHGDIA,RHOA,999
ARHGDIA,RHOC,987
ARHGDIA,RHOG,986
ARHGDIA,RTN4,639
ARHGDIA,SDC4,562
ARHGDIA,SERPINE1,409
ARHGDIA,SRC,662
ARHGDIA,TLN1,437
ARHGDIA,TWF2,461
ARHGDIA,WAS,446
ARHGDIA,WASF2,492
ARHGDIA,YWHAB,626
ARHGDIA,YWHAE,420
ARHGDIA,YWHAG,417
ARHGDIB,ASAH1,414
ARHGDIB,CASP3,459
ARHGDIB,CDC42,951
ARHGDIB,CFL1,624
ARHGDIB,CORO1A,519
ARHGDIB,GDI2,622
ARHGDIB,GMFG,575
ARHGDIB,ITGB2,473
ARHGDIB,LCP1,630
ARHGDIB,LCP2,621
ARHGDIB,MSN,400
ARHGDIB,NME1,433
ARHGDIB,NTRK2,464
ARHGDIB,PFN1,415
ARHGDIB,PLEK,415
ARHGDIB,PSMB8,460
ARHGDIB,PTPRC,426
ARHGDIB,RAC2,992
ARHGDIB,RALA,551
ARHGDIB,RHOA,995
ARHGDIB,RHOC,828
ARHGDIB,RHOG,806
ARHGDIB,SRGN,627
ARL1,CIAO1,475
ARL1,NAPA,589
ARL1,NAPG,556
ARL1,RAB6A,801
ARL1,RAB6B,767
ARL1,TGOLN2,648
ARL1,UFM1,444
ARL1,VPS29,449
ARPC1B,ARPC2,999
ARPC1B,ARPC3,999
ARPC1B,ARPC4,999
ARPC1B,ARPC5,999
ARPC1B,ARPC5L,999
ARPC1B,BRK1,928
ARPC1B,CAP1,419
ARPC1B,CAPZA2,509
ARPC1B,CAPZB,614
ARPC1B,CDC42,792
ARPC1B,CFL1,539
ARPC1B,CORO1A,613
ARPC1B,CTTN,556
ARPC1B,CYFIP1,730
ARPC1B,DIAPH1,618
ARPC1B,FCGR2A,437
ARPC1B,FCGR3A,515
ARPC1B,FLNA,489
ARPC1B,GDI1,420
ARPC1B,GDI2,404
ARPC1B,GMFG,927
ARPC1B,GRB2,574
ARPC1B,MAPK1,546
ARPC1B,MYH9,755
ARPC1B,PFDN6,543
ARPC1B,PFN1,534
ARPC1B,RAC2,505
ARPC1B,TCP1,596
ARPC1B,TUBA1C,469
ARPC1B,TUBB,435
ARPC1B,TUBB4B,410
ARPC1B,WAS,995
ARPC1B,WASF2,937
ARPC1B,WDR1,678
ARPC1B,WIPF1,744
ARPC2,ARPC3,999
ARPC2,ARPC4,999
ARPC2,ARPC5,999
ARPC2,ARPC5L,999
ARPC2,BRK1,959
ARPC2,CAP1,665
ARPC2,CAPZA1,711
ARPC2,CAPZA2,813
ARPC2,CAPZB,880
ARPC2,CD151,439
ARPC2,CD44,456
ARPC2,CDC42,820
ARPC2,CFL1,749
ARPC2,CORO1A,410
ARPC2,CORO1B,602
ARPC2,CORO1C,450
ARPC2,CTTN,787
ARPC2,CYFIP1,842
ARPC2,DBN1,472
ARPC2,DBNL,695
ARPC2,EIF3J,423
ARPC2,FCGR2A,427
ARPC2,FCGR3A,513
ARPC2,GMFG,878
ARPC2,GNB1,558
ARPC2,GNB2,459
ARPC2,GNB4,492
ARPC2,GRB2,640
ARPC2,HSP90B1,460
ARPC2,MAPK1,527
ARPC2,MYH9,665
ARPC2,MYL6,823
ARPC2,PFN1,632
ARPC2,PPP1CB,498
ARPC2,RAP1B,416
ARPC2,RHOA,420
ARPC2,SEPTIN7,422
ARPC2,TLN1,411
ARPC2,TMSB4X,456
ARPC2,TPM3,705
ARPC2,VASP,474
ARPC2,VCL,741
ARPC2,WAS,997
ARPC2,WASF2,957
ARPC2,WDR1,540
ARPC2,WIPF1,715
ARPC2,YWHAB,441
ARPC2,YWHAH,495
ARPC3,ARPC4,999
ARPC3,ARPC5,999
ARPC3,ARPC5L,999
ARPC3,ATP5PD,436
ARPC3,BRK1,965
ARPC3,CAPZA1,579
ARPC3,CAPZA2,803
ARPC3,CAPZB,863
ARPC3,CDC42,841
ARPC3,CFL1,522
ARPC3,CORO1A,428
ARPC3,CORO1B,479
ARPC3,CORO1C,527
ARPC3,CTTN,806
ARPC3,CYFIP1,838
ARPC3,DBN1,425
ARPC3,DBNL,523
ARPC3,FCGR2A,512
ARPC3,FCGR3A,507
ARPC3,GLO1,490
ARPC3,GMFG,831
ARPC3,GRB2,614
ARPC3,MAPK1,533
ARPC3,MYH9,645
ARPC3,PFN1,571
ARPC3,RHOA,430
ARPC3,RHOC,463
ARPC3,VASP,544
ARPC3,VCL,530
ARPC3,VPS29,402
ARPC3,WAS,998
ARPC3,WASF2,946
ARPC3,WDR1,533
ARPC3,WIPF1,727
ARPC3,YWHAG,421
ARPC3,YWHAH,474
ARPC4,ARPC5,999
ARPC4,ARPC5L,999
ARPC4,BRK1,955
ARPC4,CAP1,403
ARPC4,CAPZA2,576
ARPC4,CAPZB,571
ARPC4,CDC42,745
ARPC4,CTTN,416
ARPC4,CYFIP1,715
ARPC4,DBNL,449
ARPC4,FCGR2A,420
ARPC4,FCGR3A,499
ARPC4,GMFG,819
ARPC4,GRB2,581
ARPC4,LCP1,459
ARPC4,MYH9,644
ARPC4,PFN1,468
ARPC4,PPP1CA,438
ARPC4,PSMD13,422
ARPC4,RHOC,467
ARPC4,UCHL3,511
ARPC4,WAS,981
ARPC4,WASF2,921
ARPC4,WDR1,582
ARPC4,WIPF1,593
ARPC4,YWHAH,481
ARPC5,ARPC5L,947
ARPC5,BRK1,944
ARPC5,CAP1,548
ARPC5,CAPZA1,545
ARPC5,CAPZA2,629
ARPC5,CAPZB,659
ARPC5,CDC42,805
ARPC5,CFL1,579
ARPC5,CTTN,616
ARPC5,CYFIP1,771
ARPC5,DBNL,668
ARPC5,FCGR2A,452
ARPC5,FCGR3A,534
ARPC5,GMFG,863
ARPC5,GRB2,618
ARPC5,HSPA8,567
ARPC5,LCP1,497
ARPC5,MAPK1,536
ARPC5,MYH9,622
ARPC5,PFN1,540
ARPC5,RHOA,530
ARPC5,TUBB,539
ARPC5,TUBB1,482
ARPC5,WAS,993
ARPC5,WASF2,943
ARPC5,WDR1,615
ARPC5,WIPF1,713
ARPC5L,BRK1,933
ARPC5L,CAPZA2,464
ARPC5L,CAPZB,570
ARPC5L,CYFIP1,708
ARPC5L,DBNL,587
ARPC5L,PSMB3,421
ARPC5L,WAS,955
ARPC5L,WASF2,915
ASAH1,CD47,424
ASAH1,CTSB,460
ASAH1,CTSS,427
ASAH1,GANAB,403
ASAH1,GM2A,505
ASAH1,GUSB,480
ASAH1,MGLL,407
ASAH1,PSAP,928
ASAH1,TPP1,501
ASAP1,ASAP2,907
ASAP1,CRKL,826
ASAP1,CTTN,964
ASAP1,GRB2,843
ASAP1,NCK2,494
ASAP1,PACSIN2,675
ASAP1,PLEK,719
ASAP1,RAB8A,732
ASAP1,SRC,976
ASAP1,TLN1,455
ASAP1,VCL,551
ASAP1,YWHAE,405
ASAP2,GAS6,407
ASAP2,GRB2,669
ASAP2,NCK2,535
ASAP2,PLEK,410
ASAP2,SRC,466
ASPN,C4A,460
ASPN,C4B,412
ASPN,CD34,486
ASPN,CD44,544
ASPN,CILP,880
ASPN,COL12A1,468
ASPN,COL14A1,674
ASPN,COL15A1,535
ASPN,COL1A1,719
ASPN,COL6A1,571
ASPN,COL6A2,643
ASPN,COL6A3,457
ASPN,COMP,573
ASPN,DPT,586
ASPN,ECM2,676
ASPN,FBLN1,604
ASPN,FBLN5,400
ASPN,FBN1,680
ASPN,FN1,420
ASPN,HSPG2,400
ASPN,ITGBL1,471
ASPN,ITIH2,475
ASPN,LAMB1,416
ASPN,LAMC1,420
ASPN,LUM,664
ASPN,MFAP4,417
ASPN,MFAP5,547
ASPN,MMP2,506
ASPN,OGN,916
ASPN,OMD,835
ASPN,PDGFRB,498
ASPN,POSTN,830
ASPN,TGFB1,917
ASPN,THBS2,742
ASPN,THBS4,460
ASPN,VCAN,648
ATG3,BCL2L1,678
ATG3,CASP3,523
ATG3,CTSB,428
ATG3,CTSS,423
ATG3,EIF2S1,536
ATG3,ELOB,572
ATG3,F5,471
ATG3,GAPDH,525
ATG3,HSPA8,513
ATG3,LAMP1,578
ATG3,LAMP2,590
ATG3,PDCD6IP,722
ATG3,PSMD4,501
ATG3,RHEB,498
ATG3,SEC22B,405
ATG3,SH3GL1,641
ATG3,SNAP29,620
ATG3,UBA1,646
ATG3,UBA5,633
ATG3,UBA7,600
ATG3,VAMP7,419
ATG3,VAMP8,574
ATP1A1,CD58,547
ATP1A1,ENO1,571
ATP1A1,GAPDH,429
ATP1A1,MAPK1,943
ATP1A1,NRAS,681
ATP1A1,S100A6,454
ATP1A1,SLC3A2,655
ATP1A1,SLC4A1,434
ATP1A1,SRC,547
ATP1A1,TPT1,729
ATP1A1,VDAC1,487
ATP1A1,VDAC2,431
ATP1A1,VDAC3,416
ATP2A3,ATP5F1A,486
ATP2A3,CALR,435
ATP2A3,GAS2L1,411
ATP2A3,HRC,916
ATP2A3,HSPA5,408
ATP2A3,NOTCH2,438
ATP2A3,NOTCH3,449
ATP2A3,STIM1,757
ATP5F1A,ATP5F1B,999
ATP5F1A,ATP5F1D,999
ATP5F1A,ATP5ME,999
ATP5F1A,ATP5MG,999
ATP5F1A,ATP5PD,999
ATP5F1A,ATP6V0D1,574
ATP5F1A,ATP6V1G1,659
ATP5F1A,BASP1,624
ATP5F1A,BLVRB,452
ATP5F1A,C1QBP,424
ATP5F1A,C1orf198,595
ATP5F1A,CCT2,439
ATP5F1A,CCT5,453
ATP5F1A,CCT7,480
ATP5F1A,CHCHD3,652
ATP5F1A,CMPK1,696
ATP5F1A,CNST,847
ATP5F1A,COPS5,467
ATP5F1A,COX4I1,922
ATP5F1A,COX5A,979
ATP5F1A,COX5B,922
ATP5F1A,COX6B1,577
ATP5F1A,COX7A2,680
ATP5F1A,CYC1,991
ATP5F1A,DLD,917
ATP5F1A,DLST,894
ATP5F1A,ECH1,454
ATP5F1A,EEF1B2,465
ATP5F1A,EEF1G,537
ATP5F1A,EEF2,850
ATP5F1A,EIF4A1,579
ATP5F1A,EIF5A,444
ATP5F1A,ENO1,828
ATP5F1A,ENO2,731
ATP5F1A,ETFA,786
ATP5F1A,ETFB,634
ATP5F1A,GAPDH,785
ATP5F1A,GOT2,535
ATP5F1A,GPI,669
ATP5F1A,GSR,569
ATP5F1A,HPRT1,845
ATP5F1A,HSD17B10,408
ATP5F1A,HSP90AA1,645
ATP5F1A,HSP90AB1,706
ATP5F1A,HSP90B1,502
ATP5F1A,HSPA5,630
ATP5F1A,HSPA8,630
ATP5F1A,HSPA9,871
ATP5F1A,HSPD1,823
ATP5F1A,HSPE1,663
ATP5F1A,IDH1,629
ATP5F1A,LDHA,674
ATP5F1A,MDH2,954
ATP5F1A,MPST,401
ATP5F1A,MT-CO2,719
ATP5F1A,NDUFA2,574
ATP5F1A,NDUFA4,725
ATP5F1A,NDUFA5,724
ATP5F1A,NDUFB11,480
ATP5F1A,NDUFS3,932
ATP5F1A,NDUFS8,801
ATP5F1A,NME1,544
ATP5F1A,NME2,473
ATP5F1A,OLA1,475
ATP5F1A,P4HB,636
ATP5F1A,PARK7,457
ATP5F1A,PDHB,810
ATP5F1A,PGAM1,526
ATP5F1A,PGD,490
ATP5F1A,PGK1,698
ATP5F1A,PKM,581
ATP5F1A,PPA2,857
ATP5F1A,PPIF,413
ATP5F1A,PRDX2,473
ATP5F1A,PRDX3,630
ATP5F1A,PRDX5,466
ATP5F1A,PRDX6,574
ATP5F1A,PRPS1,444
ATP5F1A,PSMA5,444
ATP5F1A,PSMD14,475
ATP5F1A,PSMD7,465
ATP5F1A,PSTPIP2,425
ATP5F1A,PYGB,420
ATP5F1A,PYGL,428
ATP5F1A,RPLP0,913
ATP5F1A,SHMT2,618
ATP5F1A,SLC25A3,977
ATP5F1A,SOD2,603
ATP5F1A,SSBP1,503
ATP5F1A,STOML2,698
ATP5F1A,TALDO1,545
ATP5F1A,TCP1,454
ATP5F1A,TKT,557
ATP5F1A,TPI1,681
ATP5F1A,TPT1,587
ATP5F1A,TUBA1C,446
ATP5F1A,UQCRB,777
ATP5F1A,UQCRC1,970
ATP5F1A,UQCRC2,986
ATP5F1A,UQCRFS1,950
ATP5F1A,UQCRH,591
ATP5F1A,VCP,457
ATP5F1A,VDAC1,889
ATP5F1A,VDAC2,715
ATP5F1A,VDAC3,738
ATP5F1A,YWHAE,442
ATP5F1A,YWHAQ,467
ATP5F1A,YWHAZ,410
ATP5F1B,ATP5F1D,999
ATP5F1B,ATP5ME,999
ATP5F1B,ATP5MG,999
ATP5F1B,ATP5PD,999
ATP5F1B,ATP6V0D1,468
ATP5F1B,ATP6V1G1,916
ATP5F1B,C1orf198,502
ATP5F1B,CANX,496
ATP5F1B,CCT7,508
ATP5F1B,CHCHD3,659
ATP5F1B,COPS4,412
ATP5F1B,COX4I1,952
ATP5F1B,COX5A,952
ATP5F1B,COX5B,886
ATP5F1B,COX6B1,663
ATP5F1B,COX7A2,651
ATP5F1B,CYC1,976
ATP5F1B,DLD,427
ATP5F1B,DLST,629
ATP5F1B,ECHS1,482
ATP5F1B,EEF1B2,478
ATP5F1B,EEF1D,461
ATP5F1B,EEF1G,566
ATP5F1B,EEF2,691
ATP5F1B,EIF3I,428
ATP5F1B,EIF4A1,527
ATP5F1B,EIF5A,484
ATP5F1B,ENO1,666
ATP5F1B,ENO2,452
ATP5F1B,ETFA,525
ATP5F1B,FIS1,420
ATP5F1B,GAPDH,759
ATP5F1B,GOT2,528
ATP5F1B,GPI,583
ATP5F1B,HPRT1,488
ATP5F1B,HSP90AA1,677
ATP5F1B,HSP90AB1,756
ATP5F1B,HSP90B1,447
ATP5F1B,HSPA5,550
ATP5F1B,HSPA8,681
ATP5F1B,HSPA9,863
ATP5F1B,HSPD1,821
ATP5F1B,HSPE1,448
ATP5F1B,IDH1,492
ATP5F1B,LDHA,479
ATP5F1B,LYPLA1,505
ATP5F1B,MDH2,921
ATP5F1B,MT-CO2,648
ATP5F1B,NDUFA2,571
ATP5F1B,NDUFA4,581
ATP5F1B,NDUFA5,583
ATP5F1B,NDUFA7,446
ATP5F1B,NDUFS3,864
ATP5F1B,NDUFS8,737
ATP5F1B,NME1,411
ATP5F1B,P4HB,731
ATP5F1B,PARK7,425
ATP5F1B,PDHB,755
ATP5F1B,PDIA3,452
ATP5F1B,PGAM1,442
ATP5F1B,PGK1,597
ATP5F1B,PKM,570
ATP5F1B,PPA2,798
ATP5F1B,PPIF,589
ATP5F1B,PRDX2,453
ATP5F1B,PRDX3,673
ATP5F1B,PRDX4,630
ATP5F1B,PRDX5,560
ATP5F1B,PRDX6,448
ATP5F1B,PSMA1,411
ATP5F1B,PSMA3,441
ATP5F1B,PSMB10,414
ATP5F1B,PSMB6,415
ATP5F1B,PSMB8,467
ATP5F1B,PSME1,434
ATP5F1B,PTGES3,773
ATP5F1B,RPLP0,642
ATP5F1B,RPLP2,438
ATP5F1B,SLC25A3,964
ATP5F1B,SOD2,433
ATP5F1B,STOML2,548
ATP5F1B,TALDO1,443
ATP5F1B,TCP1,413
ATP5F1B,TKT,446
ATP5F1B,TPI1,679
ATP5F1B,TPT1,558
ATP5F1B,TUBA1A,439
ATP5F1B,TUBA1C,482
ATP5F1B,TUBB,528
ATP5F1B,TUBB4B,441
ATP5F1B,UQCRB,677
ATP5F1B,UQCRC1,969
ATP5F1B,UQCRC2,942
ATP5F1B,UQCRFS1,914
ATP5F1B,UQCRH,581
ATP5F1B,VCP,601
ATP5F1B,VDAC1,888
ATP5F1B,VDAC2,758
ATP5F1B,VDAC3,741
ATP5F1B,YWHAB,470
ATP5F1B,YWHAE,632
ATP5F1B,YWHAG,401
ATP5F1B,YWHAQ,518
ATP5F1B,YWHAZ,602
ATP5F1D,ATP5ME,999
ATP5F1D,ATP5MG,999
ATP5F1D,ATP5PD,999
ATP5F1D,ATP6V0D1,445
ATP5F1D,ATP6V1G1,617
ATP5F1D,C1orf198,880
ATP5F1D,CCT7,464
ATP5F1D,CHCHD3,443
ATP5F1D,CMPK1,473
ATP5F1D,CNST,849
ATP5F1D,COX4I1,933
ATP5F1D,COX5A,980
ATP5F1D,COX5B,975
ATP5F1D,COX6B1,814
ATP5F1D,COX7A2,524
ATP5F1D,CYC1,991
ATP5F1D,DLD,447
ATP5F1D,DLST,756
ATP5F1D,ECH1,416
ATP5F1D,ECHS1,422
ATP5F1D,EEF1B2,413
ATP5F1D,EEF2,553
ATP5F1D,ENO1,475
ATP5F1D,GAPDH,436
ATP5F1D,GLRX,411
ATP5F1D,GPI,486
ATP5F1D,HPRT1,793
ATP5F1D,HSPD1,417
ATP5F1D,HSPE1,501
ATP5F1D,LDHA,459
ATP5F1D,MDH2,853
ATP5F1D,MT-CO2,483
ATP5F1D,NDUFA2,619
ATP5F1D,NDUFA4,513
ATP5F1D,NDUFA5,720
ATP5F1D,NDUFA7,903
ATP5F1D,NDUFB11,936
ATP5F1D,NDUFS3,957
ATP5F1D,NDUFS8,980
ATP5F1D,NME1,429
ATP5F1D,NME2,440
ATP5F1D,PDHB,649
ATP5F1D,PGK1,481
ATP5F1D,PPA2,738
ATP5F1D,RPLP0,437
ATP5F1D,SLC25A3,520
ATP5F1D,TALDO1,408
ATP5F1D,TPI1,617
ATP5F1D,UQCRB,927
ATP5F1D,UQCRC1,968
ATP5F1D,UQCRC2,824
ATP5F1D,UQCRFS1,968
ATP5F1D,UQCRH,676
ATP5F1D,VAPA,417
ATP5F1D,VDAC1,561
ATP5F1D,VDAC2,536
ATP5F1D,VDAC3,603
ATP5ME,ATP5MG,999
ATP5ME,ATP5PD,999
ATP5ME,ATP6AP2,579
ATP5ME,ATP6V0D1,435
ATP5ME,C1orf198,664
ATP5ME,CHCHD3,456
ATP5ME,COX4I1,857
ATP5ME,COX5A,935
ATP5ME,COX5B,916
ATP5ME,COX6B1,759
ATP5ME,COX7A2,876
ATP5ME,CYC1,529
ATP5ME,EEF1B2,484
ATP5ME,MYL6,452
ATP5ME,NDUFA2,750
ATP5ME,NDUFA4,721
ATP5ME,NDUFA5,944
ATP5ME,NDUFA7,758
ATP5ME,NDUFB11,898
ATP5ME,NDUFS3,840
ATP5ME,NDUFS8,915
ATP5ME,PPA2,717
ATP5ME,RPLP1,430
ATP5ME,RPLP2,407
ATP5ME,SLC25A3,436
ATP5ME,UQCRB,842
ATP5ME,UQCRC1,655
ATP5ME,UQCRC2,487
ATP5ME,UQCRFS1,610
ATP5ME,UQCRH,871
ATP5MG,ATP5PD,999
ATP5MG,ATP6AP2,566
ATP5MG,ATP6V0D1,583
ATP5MG,C1orf198,634
ATP5MG,CHCHD3,407
ATP5MG,COX4I1,765
ATP5MG,COX5A,912
ATP5MG,COX5B,873
ATP5MG,COX6B1,740
ATP5MG,COX7A2,910
ATP5MG,CYC1,644
ATP5MG,DLST,449
ATP5MG,EEF1B2,482
ATP5MG,GPX3,447
ATP5MG,HSPA9,666
ATP5MG,HSPD1,535
ATP5MG,NDUFA2,844
ATP5MG,NDUFA4,886
ATP5MG,NDUFA5,869
ATP5MG,NDUFA7,853
ATP5MG,NDUFB11,734
ATP5MG,NDUFS3,676
ATP5MG,NDUFS8,635
ATP5MG,PPA2,708
ATP5MG,SOD2,481
ATP5MG,UQCRB,929
ATP5MG,UQCRC1,633
ATP5MG,UQCRC2,649
ATP5MG,UQCRFS1,667
ATP5MG,UQCRH,889
ATP5MG,VDAC1,567
ATP5MG,VDAC3,431
ATP5PD,ATP6AP2,601
ATP5PD,ATP6V0D1,614
ATP5PD,ATP6V1G1,476
ATP5PD,C1orf198,836
ATP5PD,CHCHD3,638
ATP5PD,COX4I1,952
ATP5PD,COX5A,994
ATP5PD,COX5B,979
ATP5PD,COX6B1,879
ATP5PD,COX7A2,929
ATP5PD,CYC1,770
ATP5PD,DLD,403
ATP5PD,DLST,643
ATP5PD,EEF1B2,692
ATP5PD,EEF1D,448
ATP5PD,EEF1G,444
ATP5PD,ETFA,585
ATP5PD,ETFB,417
ATP5PD,GOT2,403
ATP5PD,HSD17B10,446
ATP5PD,HSPA9,411
ATP5PD,HSPD1,456
ATP5PD,HSPE1,413
ATP5PD,MDH2,724
ATP5PD,MT-CO2,414
ATP5PD,MYL6,466
ATP5PD,NDUFA2,978
ATP5PD,NDUFA4,879
ATP5PD,NDUFA5,951
ATP5PD,NDUFA7,913
ATP5PD,NDUFB11,940
ATP5PD,NDUFS3,954
ATP5PD,NDUFS8,820
ATP5PD,NME1,430
ATP5PD,NME2,426
ATP5PD,PARK7,417
ATP5PD,PDHB,621
ATP5PD,PPA2,817
ATP5PD,PRDX2,650
ATP5PD,PRDX3,487
ATP5PD,PSMA3,428
ATP5PD,PSMB1,438
ATP5PD,PSMC5,422
ATP5PD,RPLP0,415
ATP5PD,RPS12,409
ATP5PD,SLC25A3,567
ATP5PD,SSBP1,457
ATP5PD,STOM,407
ATP5PD,STOML2,440
ATP5PD,TPI1,411
ATP5PD,TPT1,410
ATP5PD,UQCRB,976
ATP5PD,UQCRC1,863
ATP5PD,UQCRC2,875
ATP5PD,UQCRFS1,892
ATP5PD,UQCRH,911
ATP5PD,VAPA,487
ATP5PD,VDAC1,735
ATP5PD,VDAC2,490
ATP5PD,VDAC3,734
ATP6AP1,ATP6AP2,999
ATP6AP1,ATP6V0D1,999
ATP6AP1,ATP6V1G1,996
ATP6AP1,CNST,792
ATP6AP1,COPB2,545
ATP6AP1,COPG1,429
ATP6AP1,ETFA,420
ATP6AP1,GDI1,862
ATP6AP1,GDI2,620
ATP6AP1,KPRP,413
ATP6AP1,LAMP1,462
ATP6AP1,LAMP2,465
ATP6AP1,LMAN1,428
ATP6AP1,PGRMC2,424
ATP6AP1,PPA2,672
ATP6AP1,PRKCB,903
ATP6AP1,PSAP,500
ATP6AP1,RAB7A,482
ATP6AP1,RHOA,603
ATP6AP1,TFRC,557
ATP6AP1,VAPB,416
ATP6AP2,ATP6V0D1,999
ATP6AP2,ATP6V1G1,991
ATP6AP2,CANX,426
ATP6AP2,CNST,510
ATP6AP2,LAMP2,575
ATP6AP2,MAPK1,455
ATP6AP2,PDHB,506
ATP6AP2,TFRC,468
ATP6AP2,VMA21,846
ATP6V0D1,ATP6V1G1,999
ATP6V0D1,CAPNS1,466
ATP6V0D1,CNST,974
ATP6V0D1,COPG1,458
ATP6V0D1,CTSB,548
ATP6V0D1,LAMP1,617
ATP6V0D1,LAMTOR1,685
ATP6V0D1,LAMTOR2,872
ATP6V0D1,LAMTOR4,595
ATP6V0D1,LAMTOR5,533
ATP6V0D1,PPA2,692
ATP6V0D1,RAB5C,423
ATP6V0D1,RAB7A,548
ATP6V0D1,SEC13,563
ATP6V0D1,STX12,444
ATP6V0D1,TFRC,543
ATP6V0D1,UQCRC1,539
ATP6V0D1,VCP,491
ATP6V0D1,VMA21,942
ATP6V1G1,CNST,755
ATP6V1G1,COX7A2,403
ATP6V1G1,LAMTOR1,679
ATP6V1G1,LAMTOR2,714
ATP6V1G1,LAMTOR4,657
ATP6V1G1,LAMTOR5,731
ATP6V1G1,NDUFA4,425
ATP6V1G1,PPA2,799
ATP6V1G1,RAB7A,529
ATP6V1G1,SEC13,521
ATP6V1G1,TFRC,547
ATRN,AZGP1,572
ATRN,CTSF,436
ATRN,DAG1,427
ATRN,DPP4,711
ATRN,NCAM1,438
ATRN,SERPINA6,412
ATRN,TTR,424
AXL,BSG,492
AXL,C1QA,586
AXL,CASP3,451
AXL,CD36,408
AXL,CD44,663
AXL,CD47,413
AXL,CDH1,553
AXL,CDH13,517
AXL,CDH2,484
AXL,CHGA,441
AXL,CSF1,614
AXL,CSPG4,507
AXL,CXCL12,430
AXL,DAG1,563
AXL,DKK3,556
AXL,EFNB1,493
AXL,FGFR1,447
AXL,FLNA,523
AXL,FN1,534
AXL,GAPDH,471
AXL,GAS6,999
AXL,GRB2,931
AXL,HSP90AA1,786
AXL,HSP90AB1,693
AXL,IGFBP6,471
AXL,LGALS3,508
AXL,LRP1,776
AXL,LYN,609
AXL,MMP2,416
AXL,MMP9,401
AXL,NRAS,543
AXL,NRP1,487
AXL,PCSK9,444
AXL,PDGFRB,582
AXL,PROS1,997
AXL,PTPRC,443
AXL,RHOA,404
AXL,SERPINE1,609
AXL,SRC,983
AXL,SYK,555
AXL,TGFB1,493
AXL,TGFBI,602
AXL,THBS1,670
AXL,VCAM1,489
AXL,VCL,487
AXL,VIM,439
AXL,VWF,436
AXL,YWHAZ,607
AZGP1,BGN,547
AZGP1,C4BPB,441
AZGP1,C9,503
AZGP1,CD5L,403
AZGP1,CFB,441
AZGP1,CFI,540
AZGP1,CLU,497
AZGP1,CP,507
AZGP1,CPNE3,451
AZGP1,DCD,421
AZGP1,ECM1,566
AZGP1,FGB,575
AZGP1,FGG,632
AZGP1,FN1,522
AZGP1,GC,823
AZGP1,HP,782
AZGP1,HPX,784
AZGP1,HRG,704
AZGP1,ITGAV,417
AZGP1,ITIH4,622
AZGP1,KLKB1,503
AZGP1,KNG1,449
AZGP1,LGALS3BP,433
AZGP1,LRG1,450
AZGP1,MGP,423
AZGP1,ORM1,787
AZGP1,ORM2,715
AZGP1,PFN1,427
AZGP1,PGLYRP2,519
AZGP1,PIGR,687
AZGP1,PIP,999
AZGP1,PLXNB1,407
AZGP1,PON1,480
AZGP1,S100A8,492
AZGP1,SAA4,525
AZGP1,SBSN,426
AZGP1,SERPINA1,674
AZGP1,SERPINA3,606
AZGP1,SERPINA6,516
AZGP1,SERPIND1,596
AZGP1,STC2,476
AZGP1,TGM3,441
AZGP1,TTR,465
AZGP1,ZG16B,401
B4GAT1,DAG1,720
B4GAT1,DPM3,600
B4GAT1,FCGBP,404
B4GAT1,HLA-A,550
B4GAT1,HLA-B,549
B4GAT1,HSPG2,436
B4GAT1,LUM,400
B4GAT1,OGN,400
B4GAT1,OMD,424
B4GAT1,TMED2,422
BABAM1,BABAM2,999
BABAM1,BRCC3,999
BABAM1,FAT4,418
BABAM1,FIS1,516
BABAM1,HAGH,434
BABAM1,PSMD4,776
BABAM1,SHMT2,997
BABAM1,STRN,459
BABAM1,SUMO2,576
BABAM1,UBE2N,410
BABAM2,BRCC3,999
BABAM2,COPS5,477
BABAM2,RUVBL1,430
BABAM2,S100A8,496
BABAM2,SHMT2,998
BABAM2,SUMO2,785
BANF1,EMD,999
BANF1,FLNA,413
BANF1,GAPDH,474
BANF1,HNRNPC,449
BANF1,HSPD1,451
BANF1,LMNA,996
BANF1,LMNB1,922
BANF1,PFN1,453
BANF1,PKM,405
BANF1,PPP2R1A,571
BANF1,RUVBL2,473
BANF1,SYTL4,436
BANF1,VIM,558
BASP1,CAPZB,459
BASP1,DIAPH1,400
BASP1,ESYT1,400
BASP1,LCN2,438
BASP1,LMNB1,421
BASP1,MARCKS,946
BASP1,MCAM,429
BASP1,NCAM1,502
BASP1,RAB7A,401
BASP1,SNAP23,435
BASP1,VAMP3,447
BASP1,VIM,426
BAX,BCL2L1,999
BAX,C6,720
BAX,C7,720
BAX,C8A,720
BAX,C8B,724
BAX,C8G,540
BAX,C9,720
BAX,CAPN1,916
BAX,CAPN2,912
BAX,CASP3,884
BAX,CD34,766
BAX,CLU,886
BAX,DCD,540
BAX,DIABLO,508
BAX,DNM1L,676
BAX,GAPDH,735
BAX,GPX3,514
BAX,HSPA4,547
BAX,HSPA5,479
BAX,HSPD1,411
BAX,MMP9,448
BAX,PARK7,415
BAX,PPIF,931
BAX,SNCA,513
BAX,TGFB1,440
BAX,VDAC1,983
BAX,VDAC2,642
BAX,VDAC3,615
BAX,YWHAQ,792
BCHE,BLMH,444
BCHE,CADM1,427
BCHE,CASP3,413
BCHE,CLU,523
BCHE,COMT,497
BCHE,CP,591
BCHE,CST3,412
BCHE,F10,463
BCHE,F2,706
BCHE,GPX3,481
BCHE,GSTO1,401
BCHE,HP,556
BCHE,HRG,467
BCHE,IGFBP3,447
BCHE,MAPK1,461
BCHE,MPO,545
BCHE,PON1,799
BCHE,PON3,431
BCHE,SERPINA3,489
BCHE,SNCA,594
BCHE,TTR,608
BCHE,UTRN,413
BCL2L1,BCL2L13,441
BCL2L1,BSG,539
BCL2L1,CASP14,412
BCL2L1,CASP3,950
BCL2L1,CD34,513
BCL2L1,CD44,583
BCL2L1,CDC37,408
BCL2L1,CDH1,587
BCL2L1,CDH2,447
BCL2L1,CLU,745
BCL2L1,COX4I1,555
BCL2L1,CTSB,938
BCL2L1,CTSC,910
BCL2L1,CTSF,905
BCL2L1,CTSH,908
BCL2L1,CTSL,919
BCL2L1,CTSS,936
BCL2L1,CXCL12,454
BCL2L1,DIABLO,772
BCL2L1,DMTN,499
BCL2L1,DNM1L,919
BCL2L1,DYNLL1,490
BCL2L1,EIF2S1,419
BCL2L1,EIF4E,476
BCL2L1,ELOB,892
BCL2L1,ELOC,889
BCL2L1,FGL2,403
BCL2L1,FIS1,753
BCL2L1,FKBP1A,524
BCL2L1,FN1,448
BCL2L1,GAPDH,752
BCL2L1,GPX3,475
BCL2L1,GRB2,412
BCL2L1,HSP90AA1,727
BCL2L1,HSP90AB1,603
BCL2L1,HSPA4,730
BCL2L1,HSPA5,571
BCL2L1,HSPB1,540
BCL2L1,ICAM1,482
BCL2L1,ITGB2,498
BCL2L1,MAPK1,672
BCL2L1,MAPK14,762
BCL2L1,MMP2,570
BCL2L1,MMP9,649
BCL2L1,NRAS,453
BCL2L1,OLFM1,442
BCL2L1,PARK7,970
BCL2L1,PDGFRB,427
BCL2L1,PECAM1,646
BCL2L1,PKM,410
BCL2L1,PPIF,510
BCL2L1,PPP1CA,650
BCL2L1,PTPRC,491
BCL2L1,RHEB,595
BCL2L1,RHOA,417
BCL2L1,RTN4,614
BCL2L1,SGTA,419
BCL2L1,SLC2A1,435
BCL2L1,SLC4A1,468
BCL2L1,SNCA,706
BCL2L1,SOD2,679
BCL2L1,SRC,673
BCL2L1,SYK,434
BCL2L1,TGFB1,521
BCL2L1,TJP2,405
BCL2L1,TPT1,698
BCL2L1,VCAM1,586
BCL2L1,VDAC1,998
BCL2L1,VDAC2,713
BCL2L1,VDAC3,755
BCL2L13,DNM1L,840
BCL2L13,FIS1,450
BGN,BMP1,725
BGN,CD151,417
BGN,CD248,551
BGN,CD44,899
BGN,CDH11,677
BGN,CILP,429
BGN,COL12A1,739
BGN,COL14A1,514
BGN,COL15A1,461
BGN,COL18A1,709
BGN,COL1A1,974
BGN,COL6A1,860
BGN,COL6A2,816
BGN,COL6A3,806
BGN,COMP,724
BGN,CSPG4,659
BGN,CXCL12,646
BGN,DAG1,836
BGN,DPT,515
BGN,ECM1,520
BGN,ECM2,407
BGN,EFEMP2,726
BGN,EMILIN1,406
BGN,ENG,431
BGN,FBLN1,553
BGN,FBLN2,704
BGN,FBLN5,556
BGN,FBN1,784
BGN,FGG,427
BGN,FN1,995
BGN,GAPDH,445
BGN,GPC1,766
BGN,HMGB1,420
BGN,HSPG2,997
BGN,IGFBP3,415
BGN,IGFBP5,560
BGN,ISLR,424
BGN,ITGAV,514
BGN,ITGB2,502
BGN,LAMA2,420
BGN,LAMA4,401
BGN,LPL,546
BGN,LRRC57,457
BGN,LTBP1,493
BGN,LTBP2,557
BGN,LUM,918
BGN,MBL2,508
BGN,MFAP2,886
BGN,MFAP4,446
BGN,MFAP5,441
BGN,MGP,606
BGN,MMP2,781
BGN,MMP9,654
BGN,NID1,786
BGN,NID2,490
BGN,NRP1,452
BGN,OGN,636
BGN,OMD,432
BGN,P3H1,530
BGN,PCOLCE,829
BGN,PDGFRB,520
BGN,PF4,433
BGN,PF4V1,412
BGN,POSTN,830
BGN,PPIC,486
BGN,PRG4,595
BGN,RSU1,463
BGN,SDC1,943
BGN,SDC4,732
BGN,SELL,468
BGN,SERPINE1,420
BGN,SERPINF1,468
BGN,SPARC,724
BGN,SPP1,617
BGN,SRGN,441
BGN,TGFB1,978
BGN,TGFBI,821
BGN,TGFBR3,434
BGN,THBS1,779
BGN,THBS2,693
BGN,THBS4,536
BGN,TIMP1,578
BGN,UTRN,609
BGN,VCAM1,402
BGN,VCAN,951
BGN,VTN,751
BGN,VWF,570
BIN2,CLTC,545
BIN2,CORO1A,402
BIN2,COTL1,453
BIN2,DBN1,440
BIN2,DBNL,449
BIN2,FYB1,615
BIN2,ITGB2,427
BIN2,LCP2,543
BIN2,PLEK,490
BIN2,PTPRC,443
BIN2,WAS,694
BIN2,WIPF1,588
BLMH,CAPN1,410
BLMH,CASP14,817
BLMH,CDSN,491
BLMH,CRLF3,470
BLMH,DSC1,469
BLMH,DSG1,438
BLMH,ERAP1,537
BLMH,FLG,613
BLMH,FLG2,508
BLMH,GSTO1,432
BLMH,LNPEP,438
BLMH,NPEPPS,599
BLMH,PDIA3,419
BLMH,SH3BGRL,404
BLMH,TGM3,669
BLMH,XPNPEP1,455
BLOC1S1,CLTA,517
BLOC1S1,CLTC,602
BLOC1S1,DCTN2,578
BLOC1S1,ELOB,557
BLOC1S1,FIS1,469
BLOC1S1,HSPA8,522
BLOC1S1,IGF2R,514
BLOC1S1,KPRP,417
BLOC1S1,LAMTOR1,708
BLOC1S1,LAMTOR2,597
BLOC1S1,LAMTOR4,771
BLOC1S1,LAMTOR5,493
BLOC1S1,M6PR,509
BLOC1S1,NAPA,804
BLOC1S1,RAB5C,566
BLOC1S1,SNAPIN,999
BLOC1S1,SNX2,640
BLOC1S1,TFRC,536
BLOC1S1,TGOLN2,567
BLOC1S1,TXNDC5,802
BLOC1S1,VAMP7,610
BLOC1S1,VAMP8,566
BLVRA,BLVRB,993
BLVRA,FTH1,463
BLVRA,FTL,434
BLVRA,G6PD,592
BLVRA,HP,617
BLVRA,HPX,661
BLVRA,PRNP,402
BLVRA,TALDO1,452
BLVRA,TLN1,427
BLVRB,C1orf198,443
BLVRB,COX5A,663
BLVRB,COX5B,452
BLVRB,CYC1,848
BLVRB,DCK,494
BLVRB,GSTO1,407
BLVRB,ISOC1,604
BLVRB,MDH2,561
BLVRB,MGLL,560
BLVRB,MT-CO2,658
BLVRB,NDUFA2,782
BLVRB,NDUFA5,791
BLVRB,NDUFA7,461
BLVRB,NDUFB11,600
BLVRB,NDUFS3,876
BLVRB,NDUFS8,840
BLVRB,PRDX2,464
BLVRB,SELENBP1,401
BLVRB,SNCA,420
BLVRB,UQCRB,681
BLVRB,UQCRC1,614
BLVRB,UQCRC2,598
BLVRB,UQCRFS1,862
BLVRB,UQCRH,619
BMP1,C1QB,462
BMP1,C1R,920
BMP1,C1S,851
BMP1,COL18A1,432
BMP1,COL1A1,777
BMP1,CTSL,576
BMP1,FN1,894
BMP1,FST,407
BMP1,HSPG2,724
BMP1,LAMA4,473
BMP1,MASP2,469
BMP1,MBL2,445
BMP1,MMP19,519
BMP1,MMP2,680
BMP1,MMP9,424
BMP1,NAP1L1,420
BMP1,P3H1,699
BMP1,PCOLCE,888
BMP1,PLG,841
BMP1,POSTN,983
BMP1,PPIB,547
BMP1,SERPINF1,604
BMP1,SPARC,424
BMP1,SPARCL1,419
BMP1,SPP1,412
BMP1,TGFB1,572
BMP1,THBS1,591
BMP1,TIMP1,403
BMP1,TWSG1,669
BPIFA1,BPIFB1,883
BPIFA1,C3,439
BPIFA1,CETP,764
BPIFA1,ELANE,584
BPIFA1,LBP,586
BPIFA1,MMP9,443
BPIFA1,PLTP,839
BPIFA1,SERPINA3,472
BPIFA1,ZG16B,414
BPIFB1,CORO1A,416
BPIFB1,PIGR,483
BPIFB1,SERPINB3,575
BPIFB1,SERPINB6,408
BRCC3,COPS4,557
BRCC3,COPS5,583
BRCC3,COPS6,430
BRCC3,COPS7A,400
BRCC3,COPS7B,400
BRCC3,EIF3I,434
BRCC3,EIF3K,475
BRCC3,F8,494
BRCC3,MAPRE2,443
BRCC3,OTUB1,563
BRCC3,PSMA1,741
BRCC3,PSMA2,553
BRCC3,PSMA3,781
BRCC3,PSMA4,733
BRCC3,PSMA5,731
BRCC3,PSMA6,725
BRCC3,PSMA7,489
BRCC3,PSMB1,703
BRCC3,PSMB10,636
BRCC3,PSMB2,804
BRCC3,PSMB3,668
BRCC3,PSMB4,741
BRCC3,PSMB5,562
BRCC3,PSMB6,576
BRCC3,PSMB7,634
BRCC3,PSMB8,562
BRCC3,PSMB9,578
BRCC3,PSMC1,806
BRCC3,PSMC2,696
BRCC3,PSMC3,721
BRCC3,PSMC4,662
BRCC3,PSMC5,531
BRCC3,PSMC6,582
BRCC3,PSMD13,719
BRCC3,PSMD14,400
BRCC3,PSMD4,881
BRCC3,PSMD7,670
BRCC3,PSMD8,657
BRCC3,SHMT2,999
BRCC3,SUMO2,813
BRCC3,UBA1,451
BRCC3,UBA7,411
BRCC3,UBE2N,610
BRCC3,UCHL3,441
BRCC3,USP15,437
BRCC3,USP47,430
BRCC3,USP5,542
BRCC3,VCP,517
BRK1,CDC42,824
BRK1,CFL1,528
BRK1,CYFIP1,999
BRK1,DCTN2,445
BRK1,ERBIN,411
BRK1,FCGR3A,499
BRK1,GRB2,608
BRK1,HSP90AA1,508
BRK1,ITGB1,414
BRK1,LAMTOR1,619
BRK1,MAPK1,436
BRK1,MCAM,401
BRK1,NCK2,829
BRK1,PFN1,619
BRK1,RAB7A,484
BRK1,RAC2,699
BRK1,SRC,597
BRK1,SYK,525
BRK1,TFRC,424
BRK1,TPM3,453
BRK1,VAMP3,443
BRK1,WAS,937
BRK1,WASF2,999
BRK1,WIPF1,650
BSG,CANX,480
BSG,CD151,474
BSG,CD44,985
BSG,CD47,432
BSG,CD55,403
BSG,CD59,538
BSG,CD63,503
BSG,CD9,543
BSG,CDH1,455
BSG,CTSB,484
BSG,CTSL,706
BSG,DPP4,919
BSG,ENG,510
BSG,FN1,451
BSG,GAPDH,489
BSG,GP6,853
BSG,GPC1,510
BSG,GRB2,458
BSG,GYPA,688
BSG,HNRNPK,706
BSG,HSP90AA1,636
BSG,HSP90AB1,661
BSG,HSPA5,728
BSG,HSPA8,431
BSG,ICAM1,606
BSG,ITGA6,605
BSG,ITGB1,957
BSG,L1CAM,664
BSG,LGALS3,702
BSG,LYVE1,898
BSG,MMP2,663
BSG,MMP9,771
BSG,NCAM1,638
BSG,NCSTN,615
BSG,NRAS,557
BSG,NRP1,716
BSG,PPIB,996
BSG,PPIC,699
BSG,PPP1CA,436
BSG,S100A4,577
BSG,S100A9,700
BSG,SDC1,620
BSG,SLC2A1,900
BSG,SLC3A2,950
BSG,SPN,953
BSG,SPP1,529
BSG,SRC,486
BSG,TFRC,555
BSG,TIMP1,469
BSG,TMED10,610
BST1,CD109,438
BST1,CD9,463
BST1,FCGR3A,490
BST1,GPLD1,410
BST1,ITGB3,532
BST1,LSAMP,416
BST1,PNP,930
BST1,RECK,421
BTD,C7,451
BTD,SMS,472
BTF3L4,EEF1B2,473
BTF3L4,EEF1G,646
BTF3L4,NACA,970
BTF3L4,RPL22,422
BTF3L4,RPLP0,457
BTF3L4,RPLP1,515
BTF3L4,RPS12,525
BTF3L4,TSN,456
BTF3L4,TXNL1,451
C1QA,C1QB,999
C1QA,C1QBP,800
C1QA,C1QC,999
C1QA,C1R,988
C1QA,C1S,990
C1QA,C2,950
C1QA,C3,605
C1QA,C4A,983
C1QA,C4B,972
C1QA,C4BPA,401
C1QA,C8A,459
C1QA,C8B,451
C1QA,CALR,943
C1QA,CCL5,617
C1QA,CD14,472
C1QA,CD36,604
C1QA,CD55,476
C1QA,CD59,414
C1QA,CD5L,443
C1QA,CD93,857
C1QA,CETP,430
C1QA,CFB,795
C1QA,CFH,502
C1QA,CFP,577
C1QA,CLU,610
C1QA,COLEC10,530
C1QA,COLEC11,775
C1QA,CSF1,400
C1QA,CSF1R,906
C1QA,CSPG4,437
C1QA,CTSS,746
C1QA,F13A1,540
C1QA,FCER1G,792
C1QA,FCGR2A,403
C1QA,FCGR3A,702
C1QA,FCN1,710
C1QA,FCN2,639
C1QA,FCN3,645
C1QA,FGL2,442
C1QA,FN1,459
C1QA,FYB1,510
C1QA,GAS6,634
C1QA,GPNMB,465
C1QA,HLA-DRA,656
C1QA,ITGB2,736
C1QA,LCP2,603
C1QA,LYVE1,562
C1QA,MASP1,615
C1QA,MASP2,626
C1QA,MBL2,852
C1QA,PECAM1,449
C1QA,PGK1,441
C1QA,PRNP,418
C1QA,PROS1,587
C1QA,PTPRC,522
C1QA,PTX3,642
C1QA,SERPING1,973
C1QA,VSIG4,971
C1QA,VWF,487
C1QB,C1QBP,752
C1QB,C1QC,999
C1QB,C1R,995
C1QB,C1S,995
C1QB,C2,966
C1QB,C3,483
C1QB,C4A,973
C1QB,C4B,969
C1QB,C4BPA,482
C1QB,C4BPB,440
C1QB,C8A,453
C1QB,C8B,449
C1QB,C8G,491
C1QB,CALR,960
C1QB,CD14,583
C1QB,CD36,535
C1QB,CD93,479
C1QB,CFB,534
C1QB,CFH,512
C1QB,CFHR1,482
C1QB,CFP,479
C1QB,CLU,602
C1QB,COLEC10,517
C1QB,COLEC11,543
C1QB,CSF1R,779
C1QB,CSTB,771
C1QB,CTSS,732
C1QB,F13A1,529
C1QB,FCER1G,718
C1QB,FCGR3A,639
C1QB,FCN1,532
C1QB,FCN2,531
C1QB,FCN3,571
C1QB,FN1,698
C1QB,HLA-DRA,656
C1QB,ITGB2,708
C1QB,LCP2,495
C1QB,LGALS3,511
C1QB,LYVE1,458
C1QB,MASP1,585
C1QB,MASP2,848
C1QB,MBL2,605
C1QB,PSMB9,447
C1QB,PTPRC,533
C1QB,PTX3,914
C1QB,SERPING1,980
C1QB,THBS1,523
C1QB,TIMP1,507
C1QB,VSIG4,961
C1QB,VWF,467
C1QBP,C1R,479
C1QBP,C1S,448
C1QBP,C3,610
C1QBP,C4A,545
C1QBP,CALR,751
C1QBP,CCT7,478
C1QBP,CD36,521
C1QBP,CD46,519
C1QBP,CD55,577
C1QBP,CD93,745
C1QBP,CDH1,573
C1QBP,CYC1,524
C1QBP,DIAPH1,403
C1QBP,EMD,836
C1QBP,F11,671
C1QBP,F12,966
C1QBP,GP1BA,607
C1QBP,GP1BB,507
C1QBP,GP5,499
C1QBP,GP9,532
C1QBP,HSPA8,487
C1QBP,HSPA9,693
C1QBP,HSPD1,602
C1QBP,HSPE1,565
C1QBP,ICAM1,535
C1QBP,KLKB1,672
C1QBP,KNG1,998
C1QBP,LRP1,548
C1QBP,MAPK1,425
C1QBP,MAVS,524
C1QBP,MPST,434
C1QBP,PCDH1,450
C1QBP,PPIF,489
C1QBP,PRKAR1A,422
C1QBP,PSMA7,405
C1QBP,RAN,475
C1QBP,RHOA,525
C1QBP,RHOC,571
C1QBP,SELP,539
C1QBP,SERPING1,800
C1QBP,SSBP1,541
C1QBP,STOML2,490
C1QBP,UQCRC2,403
C1QBP,VTN,959
C1QC,C1QTNF3,456
C1QC,C1R,993
C1QC,C1S,992
C1QC,C2,944
C1QC,C3,608
C1QC,C4A,972
C1QC,C4B,967
C1QC,C4BPA,427
C1QC,C8A,448
C1QC,C8B,439
C1QC,C8G,480
C1QC,CALR,908
C1QC,CD5L,403
C1QC,CD93,417
C1QC,CFB,494
C1QC,CFH,460
C1QC,CFP,513
C1QC,CLU,534
C1QC,COLEC10,514
C1QC,COLEC11,727
C1QC,CSF1R,809
C1QC,CTSS,551
C1QC,F13A1,466
C1QC,F13B,412
C1QC,FCER1G,645
C1QC,FCGR3A,623
C1QC,FCN1,562
C1QC,FCN2,529
C1QC,FCN3,622
C1QC,GPNMB,435
C1QC,HLA-DRA,497
C1QC,ITGB2,554
C1QC,LYVE1,438
C1QC,MASP1,584
C1QC,MASP2,684
C1QC,MBL2,455
C1QC,PTX3,547
C1QC,SERPINA3,470
C1QC,SERPING1,959
C1QC,VSIG4,943
C1QC,VWF,429
C1QTNF3,LAMP1,442
C1R,C1RL,555
C1R,C1S,999
C1R,C2,953
C1R,C3,935
C1R,C4A,991
C1R,C4B,991
C1R,C4BPA,543
C1R,C4BPB,538
C1R,C6,465
C1R,C7,454
C1R,C8A,625
C1R,C8B,681
C1R,C8G,717
C1R,C9,425
C1R,CD46,614
C1R,CD55,638
C1R,CD59,654
C1R,CD93,472
C1R,CFB,524
C1R,CFH,844
C1R,CFHR1,522
C1R,CFHR2,404
C1R,CFHR3,427
C1R,CFHR5,404
C1R,CFI,504
C1R,CFP,763
C1R,CLU,604
C1R,COL6A1,458
C1R,COL6A2,534
C1R,COLEC10,624
C1R,COLEC11,850
C1R,CP,401
C1R,CPB2,411
C1R,CXCL12,562
C1R,ELANE,426
C1R,FBLN1,456
C1R,FCN1,809
C1R,FCN2,827
C1R,FCN3,788
C1R,FN1,616
C1R,HLA-A,556
C1R,HLA-B,505
C1R,ITIH2,414
C1R,KNG1,516
C1R,LUM,409
C1R,MASP1,769
C1R,MASP2,688
C1R,MBL2,897
C1R,PFDN4,636
C1R,PLG,523
C1R,PTGDS,468
C1R,PTX3,571
C1R,SERPINA1,402
C1R,SERPINF1,409
C1R,SERPINF2,434
C1R,SERPING1,999
C1R,SRGN,459
C1R,TTR,529
C1R,VSIG4,446
C1R,VTN,534
C1R,VWF,475
C1RL,C1S,642
C1RL,C3,465
C1RL,C4A,513
C1RL,C4B,433
C1RL,C8A,543
C1RL,C8B,400
C1RL,ELANE,450
C1RL,HP,416
C1RL,HPX,577
C1RL,ITIH4,419
C1RL,LCAT,610
C1RL,SERPING1,407
C1S,C2,950
C1S,C3,908
C1S,C4A,993
C1S,C4B,993
C1S,C4BPA,705
C1S,C4BPB,509
C1S,C6,439
C1S,C7,504
C1S,C8A,664
C1S,C8B,608
C1S,C8G,589
C1S,C9,447
C1S,CD46,619
C1S,CD55,644
C1S,CD59,657
C1S,CD93,649
C1S,CFB,617
C1S,CFH,744
C1S,CFHR1,615
C1S,CFHR2,402
C1S,CFHR5,437
C1S,CFI,463
C1S,CFP,769
C1S,CLU,740
C1S,COL6A1,571
C1S,COL6A2,542
C1S,COLEC10,617
C1S,COLEC11,851
C1S,CPB2,428
C1S,CXCL12,590
C1S,ELANE,445
C1S,F12,535
C1S,FBLN1,442
C1S,FCN1,820
C1S,FCN2,835
C1S,FCN3,824
C1S,FGA,506
C1S,FN1,468
C1S,HPX,491
C1S,IGFBP5,460
C1S,ITIH2,400
C1S,KNG1,746
C1S,LCAT,512
C1S,LUM,458
C1S,MASP1,851
C1S,MASP2,703
C1S,MBL2,897
C1S,PFDN4,627
C1S,PTGDS,520
C1S,PTX3,811
C1S,SERPINA1,444
C1S,SERPIND1,417
C1S,SERPINF1,485
C1S,SERPINF2,479
C1S,SERPING1,999
C1S,VCAM1,434
C1S,VSIG4,471
C1S,VTN,678
C1S,VWF,547
C1orf198,COX4I1,936
C1orf198,COX5A,995
C1orf198,COX6B1,810
C1orf198,CYC1,980
C1orf198,DCK,404
C1orf198,HSPA9,729
C1orf198,LGALSL,604
C1orf198,MT-CO2,972
C1orf198,NDUFA2,721
C1orf198,NDUFA5,707
C1orf198,NDUFA7,558
C1orf198,NDUFB11,705
C1orf198,NDUFS3,704
C1orf198,NDUFS8,900
C1orf198,UQCRB,981
C1orf198,UQCRC1,924
C1orf198,UQCRC2,966
C1orf198,UQCRFS1,987
C1orf198,UQCRH,881
C2,C3,978
C2,C4A,953
C2,C4B,975
C2,C4BPA,612
C2,C4BPB,572
C2,C6,605
C2,C7,488
C2,C8A,478
C2,C8B,472
C2,C8G,424
C2,C9,641
C2,CD46,751
C2,CD55,916
C2,CD59,440
C2,CFB,710
C2,CFD,408
C2,CFH,876
C2,CFHR1,740
C2,CFHR3,761
C2,CFI,864
C2,CFP,605
C2,COLEC10,491
C2,COLEC11,515
C2,CPB2,514
C2,CST3,523
C2,EFEMP1,449
C2,F2,439
C2,FBLN5,637
C2,FCN1,591
C2,FCN2,641
C2,FCN3,619
C2,HRG,450
C2,HTRA1,512
C2,MASP1,556
C2,MASP2,925
C2,MBL2,946
C2,PLG,532
C2,SERPINF1,504
C2,SERPINF2,538
C2,SERPING1,698
C2,SPP1,422
C2,VTN,450
C2orf88,PRKAR1A,741
C2orf88,PRKAR2B,531
C3,C4A,998
C3,C4B,998
C3,C4BPA,817
C3,C4BPB,631
C3,C6,505
C3,C7,637
C3,C8A,816
C3,C8B,736
C3,C9,642
C3,CCL5,426
C3,CD36,545
C3,CD46,999
C3,CD55,999
C3,CD59,841
C3,CD93,634
C3,CFB,999
C3,CFD,998
C3,CFH,999
C3,CFHR1,999
C3,CFHR2,951
C3,CFHR3,991
C3,CFHR4,998
C3,CFHR5,992
C3,CFI,999
C3,CFP,999
C3,CLU,803
C3,COL1A1,512
C3,COLEC10,696
C3,COLEC11,802
C3,CP,751
C3,CPB2,807
C3,CPN1,678
C3,CPN2,456
C3,CST3,408
C3,CTSL,434
C3,ELANE,499
C3,ENO2,464
C3,F10,755
C3,F11,717
C3,F12,748
C3,F13A1,418
C3,F13B,672
C3,F2,874
C3,F5,689
C3,F7,702
C3,F8,652
C3,F9,696
C3,FCGR2A,459
C3,FCGR3A,653
C3,FCN1,835
C3,FCN2,860
C3,FCN3,844
C3,FERMT3,411
C3,FGA,613
C3,FGB,453
C3,FGG,465
C3,FN1,623
C3,GAPDH,666
C3,GC,768
C3,GYPA,547
C3,HMGB1,467
C3,HP,862
C3,HPR,683
C3,HPX,841
C3,HRG,848
C3,ICAM1,705
C3,ITGB1,436
C3,ITGB2,998
C3,ITIH2,622
C3,ITIH4,745
C3,KLKB1,742
C3,KNG1,804
C3,LCN2,448
C3,LMAN1,454
C3,LPA,589
C3,LUM,540
C3,MASP1,936
C3,MASP2,910
C3,MBL2,934
C3,MMP9,609
C3,MPO,786
C3,ORM1,775
C3,ORM2,772
C3,PF4V1,449
C3,PIGR,625
C3,PLG,978
C3,PON1,606
C3,PROC,694
C3,PROCR,469
C3,PSAP,565
C3,PTPRC,419
C3,PTX3,737
C3,SAA1,415
C3,SAA2,450
C3,SELP,991
C3,SERPINA1,859
C3,SERPINA3,581
C3,SERPINB1,524
C3,SERPINE1,441
C3,SERPINF1,470
C3,SERPINF2,486
C3,SERPING1,954
C3,SPP1,422
C3,SRC,603
C3,THBS2,501
C3,TTR,782
C3,VCAM1,453
C3,VCP,574
C3,VSIG4,999
C3,VTN,790
C3,VWF,574
C4A,C4B,999
C4A,C4BPA,998
C4A,C4BPB,995
C4A,C6,401
C4A,C7,620
C4A,C8A,915
C4A,C8B,805
C4A,C8G,568
C4A,C9,550
C4A,CCL5,504
C4A,CD46,998
C4A,CD55,995
C4A,CD59,712
C4A,CFB,970
C4A,CFD,426
C4A,CFH,965
C4A,CFHR1,769
C4A,CFHR2,613
C4A,CFHR3,603
C4A,CFHR4,699
C4A,CFHR5,684
C4A,CFI,945
C4A,CFP,734
C4A,CLU,631
C4A,CNDP2,426
C4A,COLEC10,588
C4A,COLEC11,701
C4A,CP,678
C4A,CPB2,601
C4A,CST3,467
C4A,F10,429
C4A,F12,404
C4A,F13B,486
C4A,F2,735
C4A,F5,561
C4A,FCGR3A,569
C4A,FCN1,744
C4A,FCN2,791
C4A,FCN3,767
C4A,FGA,664
C4A,FGB,425
C4A,FGG,458
C4A,FN1,461
C4A,GC,458
C4A,GLO1,529
C4A,GYPA,405
C4A,HLA-A,761
C4A,HLA-B,875
C4A,HLA-C,572
C4A,HNRNPC,474
C4A,HP,817
C4A,HPR,410
C4A,HPX,416
C4A,HRG,725
C4A,IGFALS,464
C4A,ITGB2,633
C4A,ITIH2,421
C4A,ITIH3,421
C4A,ITIH4,673
C4A,KLKB1,443
C4A,KNG1,688
C4A,LMAN1,470
C4A,MASP1,942
C4A,MASP2,997
C4A,MBL2,981
C4A,OMD,568
C4A,ORM1,444
C4A,ORM2,415
C4A,PF4,404
C4A,PLG,722
C4A,PROS1,946
C4A,PTX3,608
C4A,SERPINA1,569
C4A,SERPINA3,529
C4A,SERPIND1,456
C4A,SERPINF1,603
C4A,SERPINF2,643
C4A,SERPING1,879
C4A,TNC,409
C4A,TNXB,853
C4A,TTR,432
C4A,VCP,512
C4A,VSIG4,665
C4A,VTN,808
C4A,VWF,451
C4B,C4BPA,998
C4B,C4BPB,995
C4B,C6,412
C4B,C8A,573
C4B,C8B,555
C4B,C8G,429
C4B,C9,524
C4B,CD46,998
C4B,CD55,992
C4B,CD59,669
C4B,CFB,948
C4B,CFD,427
C4B,CFH,951
C4B,CFHR1,774
C4B,CFHR2,599
C4B,CFHR3,596
C4B,CFHR4,723
C4B,CFHR5,699
C4B,CFI,954
C4B,CFP,710
C4B,CLU,693
C4B,CNDP2,461
C4B,COLEC10,583
C4B,COLEC11,664
C4B,CP,653
C4B,F10,428
C4B,F13B,529
C4B,F2,695
C4B,F5,609
C4B,FCGR3A,545
C4B,FCN1,720
C4B,FCN2,772
C4B,FCN3,747
C4B,FGA,430
C4B,FN1,407
C4B,HLA-A,535
C4B,HLA-B,542
C4B,HP,582
C4B,HPR,432
C4B,HPX,401
C4B,HRG,656
C4B,ITGB2,615
C4B,ITIH2,600
C4B,ITIH4,621
C4B,KNG1,428
C4B,LMAN1,483
C4B,MASP1,935
C4B,MASP2,994
C4B,MBL2,970
C4B,MPO,515
C4B,OMD,570
C4B,PLG,552
C4B,PROS1,953
C4B,PTX3,584
C4B,SERPINA1,499
C4B,SERPINA3,443
C4B,SERPIND1,410
C4B,SERPINF2,413
C4B,SERPING1,756
C4B,TNXB,601
C4B,VCP,512
C4B,VDAC1,402
C4B,VSIG4,664
C4B,VTN,733
C4B,VWF,408
C4BPA,C4BPB,978
C4BPA,C8A,618
C4BPA,C8B,587
C4BPA,C8G,582
C4BPA,C9,465
C4BPA,CD55,605
C4BPA,CFB,628
C4BPA,CFD,485
C4BPA,CFH,442
C4BPA,CFHR3,672
C4BPA,CFI,816
C4BPA,CLU,435
C4BPA,CNDP2,453
C4BPA,CPB2,435
C4BPA,CTTN,425
C4BPA,F5,538
C4BPA,FCN3,451
C4BPA,FGA,477
C4BPA,FGB,458
C4BPA,FGG,552
C4BPA,FLG,486
C4BPA,FLG2,508
C4BPA,HP,519
C4BPA,HPR,463
C4BPA,HRG,463
C4BPA,HSPA4,437
C4BPA,ITIH2,501
C4BPA,ITIH4,422
C4BPA,KNG1,671
C4BPA,MASP1,444
C4BPA,MBL2,400
C4BPA,ORM1,655
C4BPA,PFN1,458
C4BPA,PROS1,801
C4BPA,S100A6,437
C4BPA,SERPINA1,401
C4BPA,SERPIND1,468
C4BPA,SERPING1,535
C4BPA,THBS1,501
C4BPA,TTR,459
C4BPA,VTN,482
C4BPA,WAS,650
C4BPA,WIPF1,605
C4BPB,C8A,764
C4BPB,C8B,626
C4BPB,C8G,594
C4BPB,C9,560
C4BPB,CD55,428
C4BPB,CFHR1,706
C4BPB,CFHR2,743
C4BPB,CFHR3,711
C4BPB,CFHR4,774
C4BPB,CFI,812
C4BPB,CNDP2,549
C4BPB,CPB2,469
C4BPB,F5,628
C4BPB,FCN3,416
C4BPB,FGA,402
C4BPB,FGG,444
C4BPB,HRG,515
C4BPB,ITIH2,471
C4BPB,MASP1,508
C4BPB,MASP2,506
C4BPB,MBL2,427
C4BPB,PLBD1,411
C4BPB,PROS1,874
C4BPB,SERPIND1,500
C4BPB,SERPING1,414
C6,C7,995
C6,C8A,985
C6,C8B,984
C6,C8G,994
C6,C9,996
C6,CD34,722
C6,CD59,594
C6,CFB,507
C6,CFH,666
C6,CFI,584
C6,CFP,445
C6,CLU,664
C6,DCD,540
C6,FGA,454
C6,GLO1,462
C6,ITIH4,544
C6,PPIF,900
C6,SERPIND1,494
C6,SERPINF2,405
C6,SERPING1,404
C6,SPP2,425
C6,VDAC1,901
C6,VDAC2,545
C6,VDAC3,545
C6,VTN,668
C7,C8A,984
C7,C8B,991
C7,C8G,994
C7,C9,986
C7,CD34,739
C7,CD59,595
C7,CD5L,525
C7,CFH,539
C7,CFHR1,465
C7,CFI,599
C7,CLU,847
C7,DCD,572
C7,DSG1,442
C7,HP,560
C7,IGFALS,419
C7,LUM,542
C7,PLG,614
C7,PPIF,900
C7,SAA1,439
C7,SERPINF2,410
C7,SERPING1,450
C7,SPARCL1,406
C7,TAGLN2,459
C7,VDAC1,902
C7,VDAC2,558
C7,VDAC3,552
C7,VTN,691
C8A,C8B,999
C8A,C8G,999
C8A,C9,997
C8A,CD34,724
C8A,CD55,419
C8A,CD59,742
C8A,CFB,593
C8A,CFH,533
C8A,CFHR1,582
C8A,CFHR2,402
C8A,CFHR3,453
C8A,CFHR4,554
C8A,CFHR5,613
C8A,CFI,518
C8A,CFP,525
C8A,CLU,663
C8A,CPB2,549
C8A,DCD,540
C8A,F11,450
C8A,F13B,646
C8A,F2,477
C8A,F9,486
C8A,FCN2,536
C8A,FCN3,417
C8A,FETUB,439
C8A,FGA,753
C8A,FGB,647
C8A,FGG,648
C8A,HPX,440
C8A,HRG,517
C8A,ITIH1,675
C8A,ITIH2,518
C8A,ITIH3,529
C8A,MASP1,499
C8A,MASP2,487
C8A,MBL2,580
C8A,ORM1,429
C8A,ORM2,417
C8A,PGM1,652
C8A,PLG,488
C8A,PPIF,900
C8A,SAA1,534
C8A,SAA2,537
C8A,SAA4,472
C8A,SERPINA10,509
C8A,SERPINA4,444
C8A,SERPINA6,428
C8A,SERPINA7,554
C8A,SERPIND1,549
C8A,SERPINF2,679
C8A,SERPING1,492
C8A,SPP2,475
C8A,VDAC1,903
C8A,VDAC2,559
C8A,VDAC3,590
C8A,VTN,832
C8B,C8G,999
C8B,C9,989
C8B,CD34,720
C8B,CD59,800
C8B,CFB,523
C8B,CFH,491
C8B,CFHR1,441
C8B,CFHR2,442
C8B,CFHR3,433
C8B,CFHR4,504
C8B,CFHR5,596
C8B,CFI,429
C8B,CFP,422
C8B,CLU,770
C8B,CPB2,716
C8B,DCD,540
C8B,F13B,453
C8B,F2,441
C8B,F9,422
C8B,FCN3,406
C8B,FGA,595
C8B,FGB,554
C8B,FGG,601
C8B,HRG,493
C8B,ITIH1,481
C8B,ITIH2,492
C8B,ITIH3,461
C8B,MASP1,497
C8B,MASP2,507
C8B,MBL2,541
C8B,PGM1,702
C8B,PPIF,900
C8B,SAA4,433
C8B,SERPINA4,426
C8B,SERPINA7,473
C8B,SERPIND1,473
C8B,SERPING1,501
C8B,VDAC1,900
C8B,VDAC2,540
C8B,VDAC3,540
C8B,VTN,732
C8G,C9,990
C8G,CD34,540
C8G,CD59,609
C8G,CFB,549
C8G,CFH,466
C8G,CFHR3,408
C8G,CFHR4,443
C8G,CFHR5,460
C8G,CFI,431
C8G,CFP,409
C8G,CLU,649
C8G,CPB2,409
C8G,DCD,540
C8G,FCN3,418
C8G,FGA,454
C8G,FGG,411
C8G,LCN2,537
C8G,LPA,704
C8G,MASP1,461
C8G,MASP2,486
C8G,ORM1,631
C8G,PGM1,523
C8G,PLG,713
C8G,PPIF,544
C8G,PTGDS,789
C8G,SERPIND1,420
C8G,SERPINF2,420
C8G,SERPING1,523
C8G,VDAC1,540
C8G,VDAC2,540
C8G,VDAC3,540
C8G,VTN,691
C9,CD34,724
C9,CD59,961
C9,CFB,685
C9,CFH,588
C9,CFHR1,415
C9,CFHR2,400
C9,CFHR5,427
C9,CFI,707
C9,CFP,415
C9,CLU,797
C9,CP,565
C9,CPB2,418
C9,DCD,599
C9,F12,401
C9,F2,524
C9,F9,620
C9,FGA,731
C9,FGB,702
C9,FGG,675
C9,HP,567
C9,HPR,423
C9,HPX,645
C9,HRG,557
C9,HSP90AA1,485
C9,HSP90AB1,483
C9,HSPA9,730
C9,ITIH3,502
C9,ITIH4,500
C9,KLKB1,429
C9,KNG1,511
C9,LBP,416
C9,LPA,618
C9,LRG1,567
C9,MASP1,434
C9,MASP2,432
C9,MBL2,601
C9,ORM1,497
C9,PLG,757
C9,PON1,473
C9,PPIF,900
C9,SERPINA1,480
C9,SERPINA3,466
C9,SERPIND1,537
C9,SERPING1,445
C9,TTR,413
C9,VDAC1,900
C9,VDAC2,540
C9,VDAC3,540
C9,VTN,957
CAB39,CAB39L,977
CAB39,PDCD10,590
CAB39,STK24,995
CAB39,TAOK1,486
CAB39L,ITM2B,449
CAB39L,STK24,968
CADM1,CD34,608
CADM1,CD44,692
CADM1,CD9,441
CADM1,CDH1,406
CADM1,CDH13,459
CADM1,CDH2,630
CADM1,CEACAM1,621
CADM1,EFNB1,529
CADM1,F11R,557
CADM1,FN1,658
CADM1,ICAM1,773
CADM1,ITGB2,816
CADM1,ITIH4,451
CADM1,JAM3,635
CADM1,LGALS3,626
CADM1,MMP9,408
CADM1,NCAM1,663
CADM1,PODXL,480
CADM1,PVR,553
CADM1,SDC1,512
CADM1,SDCBP,900
CADM1,SELL,679
CADM1,SELP,530
CADM1,SPON1,430
CADM1,SPP1,500
CADM1,VCAM1,668
CADM1,VIM,533
CALCOCO1,VAPA,596
CALCOCO1,VAPB,601
CALD1,CD34,728
CALD1,CD99,676
CALD1,CFL1,540
CALD1,CLIP1,409
CALD1,CNN2,503
CALD1,COL1A1,412
CALD1,COL6A3,420
CALD1,CTTN,491
CALD1,ENO2,428
CALD1,FLNA,593
CALD1,FN1,470
CALD1,FSTL1,469
CALD1,GRB2,488
CALD1,HSPA5,435
CALD1,KRT19,577
CALD1,KRT5,416
CALD1,LUM,462
CALD1,MAPK1,950
CALD1,MYH9,711
CALD1,MYL6,659
CALD1,MYL9,844
CALD1,MYLK,832
CALD1,NCAM1,415
CALD1,NEXN,499
CALD1,PECAM1,563
CALD1,PPP1R12A,470
CALD1,SDF4,428
CALD1,SERPINA1,475
CALD1,SPARC,485
CALD1,TAGLN2,655
CALD1,TLN1,679
CALD1,TPM1,869
CALD1,TPM2,747
CALD1,TPM3,600
CALD1,TPM4,688
CALD1,VCL,771
CALD1,VIM,498
CALR,CALU,909
CALR,CANX,999
CALR,CASP3,537
CALR,CBR1,410
CALR,CD34,416
CALR,CD36,614
CALR,CD47,774
CALR,CD59,563
CALR,CD63,498
CALR,CD93,806
CALR,CDH13,525
CALR,CFL1,404
CALR,CSF1,571
CALR,CTSB,486
CALR,CTSS,468
CALR,DNAJB11,709
CALR,EEF2,667
CALR,EIF2S1,589
CALR,ELANE,469
CALR,ENO1,539
CALR,ERAP1,514
CALR,ERP29,814
CALR,ERP44,744
CALR,F2,696
CALR,F8,525
CALR,FCN1,516
CALR,FCN2,912
CALR,FCN3,674
CALR,FGB,427
CALR,FKBP2,605
CALR,FLOT1,561
CALR,FN1,427
CALR,GANAB,943
CALR,GAPDH,757
CALR,GAS6,614
CALR,GOT2,591
CALR,HLA-A,997
CALR,HLA-B,969
CALR,HLA-C,930
CALR,HMGB1,865
CALR,HSP90AA1,968
CALR,HSP90AB1,975
CALR,HSP90B1,999
CALR,HSPA4,955
CALR,HSPA5,995
CALR,HSPA8,718
CALR,HSPA9,770
CALR,HSPB1,607
CALR,HSPD1,459
CALR,HSPE1,436
CALR,HYOU1,947
CALR,ICAM1,588
CALR,ICAM3,527
CALR,IDH1,594
CALR,IGF2R,448
CALR,ITGB1,524
CALR,ITGB3,430
CALR,LAMP1,578
CALR,LAMP2,442
CALR,LGALS3BP,493
CALR,LMAN1,792
CALR,LMAN2,513
CALR,LMNA,526
CALR,LMNB1,420
CALR,LNPEP,410
CALR,LRP1,998
CALR,MAN2A1,597
CALR,MANF,656
CALR,MBL2,986
CALR,MFAP2,408
CALR,MIF,427
CALR,MLEC,596
CALR,MMP9,753
CALR,MPO,471
CALR,MSN,433
CALR,MYDGF,414
CALR,NRAS,481
CALR,P4HB,994
CALR,PARK7,407
CALR,PDIA3,999
CALR,PDIA4,973
CALR,PDIA5,508
CALR,PDIA6,937
CALR,PDLIM1,423
CALR,PEBP1,455
CALR,PFN1,479
CALR,PGAM1,417
CALR,PGK1,483
CALR,PLSCR1,443
CALR,PPIB,987
CALR,PPP1CA,575
CALR,PRDX2,482
CALR,PRDX3,465
CALR,PRDX4,502
CALR,PRDX6,429
CALR,PRKCSH,915
CALR,PRNP,535
CALR,PSMB10,453
CALR,PSMB8,482
CALR,PSMB9,448
CALR,PTGES3,516
CALR,RAB10,500
CALR,RCN1,651
CALR,SDF4,638
CALR,SEC22B,877
CALR,SEC31A,541
CALR,SLC2A1,624
CALR,SSR4,431
CALR,STIM1,529
CALR,STX4,822
CALR,TFRC,616
CALR,TGOLN2,475
CALR,THBS1,988
CALR,TKT,467
CALR,TMX1,422
CALR,TPI1,557
CALR,TPM2,522
CALR,TPM4,555
CALR,TSG101,415
CALR,TSN,577
CALR,TXNDC5,603
CALR,VAPB,418
CALR,VCP,712
CALR,VDAC1,703
CALR,VTN,441
CALR,VWF,710
CALR,YWHAE,547
CALR,YWHAG,540
CALR,YWHAZ,598
CALU,CANX,428
CALU,DNAJB11,605
CALU,GANAB,491
CALU,HSP90B1,773
CALU,HSPA4,526
CALU,HSPA5,864
CALU,HYOU1,564
CALU,LAMC1,422
CALU,NUCB1,574
CALU,NUCB2,594
CALU,P3H1,508
CALU,P4HB,872
CALU,PDIA3,754
CALU,PDIA4,660
CALU,PDIA6,535
CALU,PPIB,424
CALU,PRKCSH,496
CALU,PTGES3,455
CALU,SERPING1,444
CALU,STIM1,495
CALU,TMED10,410
CALU,TMED2,627
CALU,TXNDC5,425
CALU,VCP,541
CAMK1,DNM1L,441
CAMK1,FIS1,431
CAMK1,HSP90AA1,518
CAMK1,HSP90AB1,520
CAMK1,KALRN,540
CAMK1,MPP1,710
CAMK1,PTPN6,582
CAMP,CCL5,485
CAMP,CTSS,407
CAMP,DCD,667
CAMP,DEFA1,653
CAMP,ELANE,991
CAMP,FCN1,521
CAMP,FCN2,488
CAMP,FLG,497
CAMP,FLG2,509
CAMP,FN1,597
CAMP,GAPDH,961
CAMP,GC,446
CAMP,GP6,497
CAMP,HBD,571
CAMP,HLA-C,596
CAMP,HLA-DRA,916
CAMP,HMGB1,882
CAMP,HP,497
CAMP,ICAM1,407
CAMP,LCN2,846
CAMP,LRG1,410
CAMP,MAPK14,419
CAMP,MMP9,789
CAMP,MPO,982
CAMP,PTX3,550
CAMP,RETN,509
CAMP,S100A7,724
CAMP,S100A8,622
CAMP,S100A9,695
CAMP,SERPINA1,629
CANX,CASP3,524
CANX,CD63,843
CANX,CD9,759
CANX,CDC42,411
CANX,CISD2,706
CANX,CLTC,621
CANX,COPB2,459
CANX,COPZ1,441
CANX,COX4I1,568
CANX,CYB5B,679
CANX,DNAJB11,756
CANX,DNM1L,479
CANX,EEF1G,431
CANX,EEF2,625
CANX,EIF2S1,564
CANX,EMD,445
CANX,ERAP1,467
CANX,ERP29,744
CANX,ERP44,790
CANX,F8,441
CANX,FABP5,425
CANX,FKBP2,511
CANX,FLOT1,678
CANX,FLOT2,400
CANX,GANAB,953
CANX,GAPDH,828
CANX,GGH,506
CANX,GNB2,409
CANX,GOT2,508
CANX,HEXB,441
CANX,HLA-A,736
CANX,HLA-B,705
CANX,HLA-C,670
CANX,HLA-DRA,531
CANX,HSP90AA1,848
CANX,HSP90AB1,886
CANX,HSP90B1,990
CANX,HSPA4,882
CANX,HSPA5,998
CANX,HSPA8,665
CANX,HSPA9,871
CANX,HSPD1,401
CANX,HYOU1,869
CANX,ITGB1,671
CANX,ITM2B,548
CANX,L1CAM,585
CANX,LAMP1,831
CANX,LAMP2,686
CANX,LMAN1,897
CANX,LMAN2,625
CANX,LMNA,406
CANX,LMNB1,509
CANX,LNPEP,555
CANX,LPA,696
CANX,LRP1,442
CANX,LRRC59,512
CANX,MAN1A1,508
CANX,MAN2A1,514
CANX,MGAT1,464
CANX,MLEC,650
CANX,MPO,473
CANX,MSN,498
CANX,NCSTN,754
CANX,P4HB,966
CANX,PARK7,553
CANX,PDCD6IP,429
CANX,PDIA3,999
CANX,PDIA4,931
CANX,PDIA6,725
CANX,PGRMC1,521
CANX,PPIB,943
CANX,PRDX2,509
CANX,PRKCSH,911
CANX,PRNP,586
CANX,PSAP,441
CANX,PSMB1,426
CANX,PSMB10,639
CANX,PSMB5,683
CANX,PSMB8,465
CANX,PSMB9,451
CANX,PSME1,577
CANX,PTGES3,677
CANX,RAB1A,498
CANX,RAB1B,564
CANX,RAB2A,538
CANX,RAB5C,420
CANX,RAB7A,510
CANX,RHOA,407
CANX,RPLP0,427
CANX,RTN4,634
CANX,SDCBP,529
CANX,SEC13,757
CANX,SEC22B,703
CANX,SEC31A,761
CANX,SERPINA1,772
CANX,SLC2A1,405
CANX,SNCA,575
CANX,SPTB,454
CANX,SPTBN1,404
CANX,SSR4,423
CANX,STIM1,754
CANX,SYK,411
CANX,TFRC,576
CANX,TGOLN2,674
CANX,TMED10,605
CANX,TMED2,538
CANX,TMED9,556
CANX,TMX1,872
CANX,TSG101,845
CANX,TUBA1C,501
CANX,TUBB,464
CANX,TUBB4B,419
CANX,TXNDC5,480
CANX,VAPA,619
CANX,VAPB,543
CANX,VCL,585
CANX,VCP,967
CANX,VDAC1,863
CANX,VDAC2,670
CANX,VIM,480
CANX,VWF,496
CANX,YWHAB,446
CAP1,CAPZB,730
CAP1,CFL1,978
CAP1,COTL1,634
CAP1,DBN1,801
CAP1,DBNL,818
CAP1,DPYSL2,565
CAP1,DSTN,578
CAP1,LCP1,590
CAP1,MYH9,526
CAP1,MYL6,658
CAP1,PFN1,909
CAP1,RETN,963
CAP1,SH3BGRL3,440
CAP1,TLN1,415
CAP1,TPM3,474
CAP1,TWF2,918
CAP1,WDR1,799
CAP1,YWHAB,411
CAPN1,CAPN2,978
CAPN1,CAPNS1,999
CAPN1,CASP14,619
CAPN1,CASP3,790
CAPN1,CDH1,508
CAPN1,CTSB,469
CAPN1,CTSC,418
CAPN1,CTSL,464
CAPN1,CTSS,672
CAPN1,CTTN,534
CAPN1,FKBP2,766
CAPN1,FLG,530
CAPN1,FLNA,407
CAPN1,FTH1,768
CAPN1,GAPDH,413
CAPN1,HSPA5,415
CAPN1,KNG1,445
CAPN1,LAMP2,481
CAPN1,PYGB,416
CAPN1,SERPING1,430
CAPN1,SPTAN1,786
CAPN1,TGFB1,436
CAPN1,TLN1,770
CAPN1,VIM,605
CAPN2,CAPNS1,999
CAPN2,CASP3,758
CAPN2,CTSB,414
CAPN2,CTSS,416
CAPN2,FLNA,407
CAPN2,HSPA5,412
CAPN2,HTRA1,450
CAPN2,ITGAV,476
CAPN2,ITGB1,400
CAPN2,MAPK1,569
CAPN2,MSN,562
CAPN2,SPTAN1,762
CAPN2,SRC,719
CAPN2,TLN1,971
CAPNS1,CASP14,422
CAPNS1,CASP3,735
CAPNS1,CDH1,482
CAPNS1,EEF2,610
CAPNS1,FLG,420
CAPNS1,GAPDH,467
CAPNS1,PPP1CA,423
CAPNS1,TBCB,471
CAPNS1,TLN1,647
CAPNS1,UQCRC1,749
CAPNS1,YWHAZ,418
CAPRIN1,EIF2S1,421
CAPRIN1,EIF4A1,760
CAPRIN1,EIF4E,795
CAPRIN1,EIF4G2,544
CAPRIN1,HNRNPC,583
CAPRIN1,HNRNPK,517
CAPRIN1,MTDH,456
CAPRIN1,NUTF2,516
CAPRIN1,PCBP2,409
CAPRIN1,PDCD6,417
CAPRIN1,SND1,603
CAPRIN1,VCP,604
CAPRIN1,YWHAG,429
CAPZA1,CAPZA2,997
CAPZA1,CAPZB,999
CAPZA1,CDC42,572
CAPZA1,CFL1,720
CAPZA1,CTTN,522
CAPZA1,DCTN1,994
CAPZA1,DCTN2,995
CAPZA1,DCTN3,952
CAPZA1,DSTN,554
CAPZA1,DYNLL1,600
CAPZA1,DYNLRB1,858
CAPZA1,FKBP15,578
CAPZA1,FLNA,504
CAPZA1,HMGB1,591
CAPZA1,HSP90AA1,532
CAPZA1,HSP90AB1,510
CAPZA1,HSPA8,469
CAPZA1,HSPA9,403
CAPZA1,KIF2A,527
CAPZA1,KIF5B,573
CAPZA1,KLC1,551
CAPZA1,KRT8,425
CAPZA1,MSN,610
CAPZA1,MTPN,962
CAPZA1,MYH9,619
CAPZA1,PDHB,766
CAPZA1,PFN1,724
CAPZA1,PLEKHO2,735
CAPZA1,PPP1CB,441
CAPZA1,PTGES3,483
CAPZA1,RAB18,545
CAPZA1,RAB3GAP1,511
CAPZA1,RAB6A,600
CAPZA1,RAB6B,541
CAPZA1,SAA1,507
CAPZA1,SEPTIN11,599
CAPZA1,SEPTIN2,633
CAPZA1,SEPTIN7,776
CAPZA1,SPTAN1,579
CAPZA1,SPTBN1,525
CAPZA1,TMOD3,822
CAPZA1,TPM3,545
CAPZA1,TSG101,429
CAPZA1,TWF2,803
CAPZA1,VASP,505
CAPZA1,WAS,553
CAPZA1,WDR1,637
CAPZA1,YWHAB,488
CAPZA2,CAPZB,999
CAPZA2,CCS,432
CAPZA2,CDC42,564
CAPZA2,CFL1,755
CAPZA2,CORO1B,443
CAPZA2,CTTN,541
CAPZA2,DBNL,431
CAPZA2,DCTN1,980
CAPZA2,DCTN2,988
CAPZA2,DCTN3,884
CAPZA2,DSTN,546
CAPZA2,DYNLL1,585
CAPZA2,FLNA,484
CAPZA2,HMGB1,559
CAPZA2,HSP90AA1,504
CAPZA2,HSP90AB1,487
CAPZA2,KIF2A,544
CAPZA2,KIF5B,579
CAPZA2,KLC1,535
CAPZA2,MSN,606
CAPZA2,MTPN,899
CAPZA2,MYH9,623
CAPZA2,PDHB,789
CAPZA2,PFN1,676
CAPZA2,PTGES3,463
CAPZA2,RAB18,595
CAPZA2,RAB3GAP1,507
CAPZA2,RAB6A,629
CAPZA2,RAB6B,541
CAPZA2,SAA1,499
CAPZA2,SPTAN1,609
CAPZA2,SPTBN1,613
CAPZA2,TMOD3,844
CAPZA2,TPM3,423
CAPZA2,TWF2,810
CAPZA2,VASP,460
CAPZA2,VPS29,425
CAPZA2,WAS,551
CAPZA2,WDR1,664
CAPZB,CDC42,497
CAPZB,CFL1,764
CAPZB,CLTA,415
CAPZB,CORO1B,473
CAPZB,CORO1C,622
CAPZB,COTL1,541
CAPZB,CPVL,501
CAPZB,DBN1,829
CAPZB,DBNL,675
CAPZB,DCTN1,988
CAPZB,DCTN2,992
CAPZB,DCTN3,950
CAPZB,DIAPH1,550
CAPZB,DSTN,604
CAPZB,DYNLL1,670
CAPZB,DYNLRB1,902
CAPZB,EEF2,586
CAPZB,EIF3J,456
CAPZB,ESYT1,426
CAPZB,FKBP15,543
CAPZB,FLNA,438
CAPZB,G6PD,561
CAPZB,HOOK3,522
CAPZB,HSP90AA1,580
CAPZB,HSP90AB1,562
CAPZB,HSPA8,546
CAPZB,KIF2A,580
CAPZB,KIF5B,506
CAPZB,KLC1,518
CAPZB,LCP1,687
CAPZB,LMAN2,417
CAPZB,LMNB1,411
CAPZB,MAPRE1,416
CAPZB,MCAM,403
CAPZB,MSN,612
CAPZB,MTPN,945
CAPZB,MYH9,791
CAPZB,MYL6,453
CAPZB,NAPA,489
CAPZB,PCBP1,400
CAPZB,PFN1,644
CAPZB,PLEKHO2,778
CAPZB,PLXNB1,400
CAPZB,PPP1CA,474
CAPZB,PPP1R12A,518
CAPZB,PSMC5,403
CAPZB,PSME1,413
CAPZB,PTGES3,416
CAPZB,RAB18,506
CAPZB,RAB3GAP1,513
CAPZB,RAB6A,549
CAPZB,RAB6B,534
CAPZB,RAB7A,778
CAPZB,SEPTIN11,506
CAPZB,SEPTIN2,435
CAPZB,SEPTIN7,532
CAPZB,SNAP23,416
CAPZB,SPTAN1,653
CAPZB,SPTBN1,774
CAPZB,TMOD3,594
CAPZB,TPM1,484
CAPZB,TPM2,463
CAPZB,TPM3,522
CAPZB,TPM4,447
CAPZB,TUBB,463
CAPZB,TWF2,877
CAPZB,UBE2O,422
CAPZB,VAMP3,466
CAPZB,VASP,434
CAPZB,WAS,526
CAPZB,WDR1,941
CAPZB,YWHAB,414
CAPZB,YWHAE,416
CAPZB,YWHAG,478
CAPZB,YWHAZ,403
CASP14,CDSN,799
CASP14,CSTA,666
CASP14,DSC1,617
CASP14,DSG1,592
CASP14,DSP,490
CASP14,FLG,946
CASP14,FLG2,928
CASP14,GSDMA,561
CASP14,HRNR,509
CASP14,KPRP,548
CASP14,PKP1,418
CASP14,PRDX2,461
CASP14,S100A7,541
CASP14,SBSN,490
CASP14,SERPINB12,731
CASP14,SERPINB3,502
CASP14,TGM1,719
CASP14,TGM3,780
CASP3,CCL5,495
CASP3,CD34,624
CASP3,CD36,475
CASP3,CD44,653
CASP3,CD63,521
CASP3,CD9,444
CASP3,CDC42,703
CASP3,CDH1,956
CASP3,CDH2,664
CASP3,CDH5,464
CASP3,CFL1,400
CASP3,CLU,401
CASP3,CNP,487
CASP3,COL1A1,455
CASP3,COX4I1,796
CASP3,CSF1,442
CASP3,CSF1R,426
CASP3,CST3,473
CASP3,CTSB,631
CASP3,CTSL,471
CASP3,CTSS,620
CASP3,CTTN,714
CASP3,CXCL12,543
CASP3,DBNL,822
CASP3,DIABLO,851
CASP3,DNM1L,627
CASP3,DPP4,447
CASP3,DSG1,797
CASP3,DSP,806
CASP3,EEF2,451
CASP3,EIF2S1,647
CASP3,EIF4E,605
CASP3,ELANE,485
CASP3,ENG,418
CASP3,FCGR2A,584
CASP3,FCGR3A,455
CASP3,FGFR1,415
CASP3,FIS1,503
CASP3,FN1,612
CASP3,GAPDH,890
CASP3,GLRX,437
CASP3,GPX3,741
CASP3,GPX4,539
CASP3,GRB2,411
CASP3,GRN,525
CASP3,GSDMA,580
CASP3,GSR,593
CASP3,HMGB1,755
CASP3,HPRT1,453
CASP3,HSP90AA1,878
CASP3,HSP90AB1,858
CASP3,HSP90B1,568
CASP3,HSPA4,906
CASP3,HSPA5,793
CASP3,HSPA8,480
CASP3,HSPB1,867
CASP3,HSPD1,806
CASP3,HSPE1,694
CASP3,ICAM1,635
CASP3,IGFBP3,400
CASP3,IGFBP4,442
CASP3,ITGA6,404
CASP3,ITGB1,508
CASP3,KPNB1,561
CASP3,KRT19,401
CASP3,KRT8,403
CASP3,LAMP1,562
CASP3,LAMP2,471
CASP3,LCN2,497
CASP3,LDHA,478
CASP3,LGALS3,461
CASP3,LMNA,534
CASP3,LMNB1,684
CASP3,LYN,420
CASP3,MAPK1,961
CASP3,MAPK14,817
CASP3,MMP2,713
CASP3,MMP9,806
CASP3,MPO,680
CASP3,NOTCH2,404
CASP3,NRAS,485
CASP3,NTRK2,530
CASP3,NUCB2,422
CASP3,PARK7,440
CASP3,PCSK9,506
CASP3,PDGFRB,492
CASP3,PECAM1,705
CASP3,PKM,478
CASP3,PKP1,758
CASP3,PLP2,426
CASP3,PPIF,525
CASP3,PRKCB,931
CASP3,PRNP,488
CASP3,PTGES3,587
CASP3,PTMA,574
CASP3,PTPRC,649
CASP3,PYGB,454
CASP3,RBX1,476
CASP3,RHOA,633
CASP3,ROCK2,416
CASP3,S100A4,416
CASP3,SDC1,430
CASP3,SELL,429
CASP3,SELP,439
CASP3,SERPINA1,571
CASP3,SERPINE1,527
CASP3,SHMT2,459
CASP3,SLC2A1,456
CASP3,SNCA,687
CASP3,SOD2,653
CASP3,SPP1,598
CASP3,SPTA1,913
CASP3,SPTAN1,972
CASP3,SRC,685
CASP3,STK24,790
CASP3,STK4,950
CASP3,SYK,435
CASP3,TFRC,453
CASP3,TGFB1,706
CASP3,THBS1,418
CASP3,TIMP1,522
CASP3,TJP2,806
CASP3,TPM1,490
CASP3,TPT1,595
CASP3,VCAM1,593
CASP3,VCL,584
CASP3,VDAC1,725
CASP3,VIM,908
CASP3,VWF,472
CASP3,YWHAE,710
CASS4,CLU,595
CASS4,SORL1,742
CAVIN2,EHD3,530
CAVIN2,FLNA,477
CAVIN2,GNG11,457
CAVIN2,PACSIN2,497
CAVIN2,PLEK,628
CAVIN2,TUBB1,686
CBR1,FGFR1,429
CBR1,GLO1,472
CBR1,GSR,420
CBR1,IGF2R,420
CBR1,PDIA3,509
CBR1,PTGES3,939
CCL5,CD226,423
CCL5,CD34,530
CCL5,CD36,482
CCL5,CD44,818
CCL5,CD47,434
CCL5,CDC42,449
CCL5,CDH1,636
CCL5,CLEC11A,460
CCL5,CNDP1,440
CCL5,COL18A1,526
CCL5,CSF1,732
CCL5,CSF1R,844
CCL5,CTSS,630
CCL5,CXCL12,999
CCL5,DEFA1,411
CCL5,DPP4,473
CCL5,ELANE,434
CCL5,ENG,405
CCL5,FCER1G,450
CCL5,FCGR2A,673
CCL5,FCGR3A,703
CCL5,FN1,696
CCL5,GAPDH,632
CCL5,GBP1,459
CCL5,GNB1,800
CCL5,HLA-A,484
CCL5,HLA-B,496
CCL5,HLA-DRA,480
CCL5,HMGB1,493
CCL5,HPRT1,418
CCL5,ICAM1,805
CCL5,ICAM3,497
CCL5,ITGB2,747
CCL5,ITIH4,827
CCL5,LCN2,469
CCL5,LGALS3,753
CCL5,LMNA,466
CCL5,MAVS,570
CCL5,MIF,756
CCL5,MMP2,507
CCL5,MMP9,813
CCL5,MPO,560
CCL5,NCAM1,518
CCL5,NRP1,573
CCL5,PECAM1,594
CCL5,PF4,999
CCL5,PF4V1,929
CCL5,PPBP,998
CCL5,PSMB8,434
CCL5,PSMB9,449
CCL5,PTPRC,721
CCL5,RARRES2,598
CCL5,RETN,445
CCL5,SAA1,673
CCL5,SAA2,669
CCL5,SDC1,708
CCL5,SDC4,814
CCL5,SELL,637
CCL5,SELP,775
CCL5,SERPINA1,551
CCL5,SERPINE1,726
CCL5,SOD2,536
CCL5,SPP1,513
CCL5,SRC,810
CCL5,SYK,412
CCL5,TGFB1,694
CCL5,THBS1,408
CCL5,TIMP1,740
CCL5,TTR,571
CCL5,VCAM1,739
CCL5,VCAN,449
CCL5,VWF,501
CCS,CP,672
CCS,CZIB,667
CCS,DLD,485
CCS,GLRX,472
CCS,GPX3,606
CCS,GSR,560
CCS,HSPA4,441
CCS,ORM1,428
CCS,ORM2,439
CCS,PPA2,463
CCS,PRDX2,616
CCS,PRDX3,588
CCS,RPIA,425
CCS,SOD2,462
CCS,SOD3,917
CCT2,CCT4,999
CCT2,CCT5,999
CCT2,CCT6A,999
CCT2,CCT7,999
CCT2,CDC37,932
CCT2,COPE,478
CCT2,DNAJB11,826
CCT2,EEF1B2,778
CCT2,EEF1D,458
CCT2,EEF1G,827
CCT2,EEF2,802
CCT2,EIF2S1,939
CCT2,EIF3I,848
CCT2,EIF4A1,609
CCT2,EIF4E,414
CCT2,EIF5A,656
CCT2,EIF6,519
CCT2,ENO1,573
CCT2,ETF1,697
CCT2,GANAB,402
CCT2,GAPDH,535
CCT2,GLRX3,449
CCT2,GNB1,666
CCT2,GNB2,595
CCT2,GNB4,525
CCT2,GNG11,499
CCT2,GNG5,530
CCT2,GSPT1,413
CCT2,HNRNPC,449
CCT2,HNRNPK,560
CCT2,HSP90AA1,876
CCT2,HSP90AB1,970
CCT2,HSP90B1,744
CCT2,HSPA4,844
CCT2,HSPA5,728
CCT2,HSPA8,942
CCT2,HSPA9,768
CCT2,HSPD1,668
CCT2,HSPE1,894
CCT2,HYOU1,527
CCT2,KPNB1,741
CCT2,NDUFS3,434
CCT2,NME1,590
CCT2,NME2,723
CCT2,OLA1,420
CCT2,PARK7,414
CCT2,PCBP1,461
CCT2,PCBP2,480
CCT2,PDIA3,474
CCT2,PFDN1,972
CCT2,PFDN2,969
CCT2,PFDN4,965
CCT2,PFDN5,980
CCT2,PFDN6,956
CCT2,PGAM1,424
CCT2,PGK1,450
CCT2,PRDX2,490
CCT2,PRDX3,534
CCT2,PRDX6,500
CCT2,PSMA1,722
CCT2,PSMA2,740
CCT2,PSMA3,850
CCT2,PSMA4,731
CCT2,PSMA5,818
CCT2,PSMA6,720
CCT2,PSMA7,754
CCT2,PSMB1,442
CCT2,PSMB2,511
CCT2,PSMB3,460
CCT2,PSMB7,498
CCT2,PSMC1,576
CCT2,PSMC2,635
CCT2,PSMC3,598
CCT2,PSMC4,520
CCT2,PSMC5,571
CCT2,PSMC6,657
CCT2,PSMD14,792
CCT2,PSMD4,582
CCT2,PSMD7,503
CCT2,PSMD8,429
CCT2,PTGES3,958
CCT2,PTPA,460
CCT2,RAN,838
CCT2,RANBP1,426
CCT2,RPLP0,768
CCT2,RPLP1,425
CCT2,RPLP2,496
CCT2,RPS12,670
CCT2,RUVBL1,839
CCT2,RUVBL2,716
CCT2,SND1,413
CCT2,STIP1,962
CCT2,STK24,994
CCT2,STRAP,573
CCT2,STRN,470
CCT2,TCP1,999
CCT2,TNPO1,491
CCT2,TPI1,517
CCT2,TPM4,454
CCT2,TUBA1A,837
CCT2,TUBA1C,864
CCT2,TUBA4A,685
CCT2,TUBA8,599
CCT2,TUBB,973
CCT2,TUBB1,595
CCT2,TUBB4B,757
CCT2,TXNL1,438
CCT2,UBA1,430
CCT2,UBE2N,449
CCT2,VBP1,974
CCT2,VCP,575
CCT2,WDR1,486
CCT2,YWHAE,456
CCT2,YWHAQ,412
CCT4,CCT5,999
CCT4,CCT6A,999
CCT4,CCT7,999
CCT4,CD36,795
CCT4,CDC37,937
CCT4,CDH1,428
CCT4,CDH2,437
CCT4,DCTN1,753
CCT4,DNAJB11,824
CCT4,EEF1B2,786
CCT4,EEF1G,730
CCT4,EEF2,744
CCT4,EIF2S1,793
CCT4,EIF3I,819
CCT4,EIF4A1,536
CCT4,EIF5,509
CCT4,EIF5A,424
CCT4,EIF6,441
CCT4,ENO1,507
CCT4,ETF1,664
CCT4,GANAB,468
CCT4,GAPDH,660
CCT4,GLRX3,708
CCT4,GNB1,646
CCT4,GNB2,594
CCT4,GNB4,522
CCT4,GNG11,499
CCT4,GNG5,548
CCT4,HNRNPC,422
CCT4,HNRNPK,410
CCT4,HSP90AA1,783
CCT4,HSP90AB1,946
CCT4,HSP90B1,570
CCT4,HSPA4,849
CCT4,HSPA5,685
CCT4,HSPA8,929
CCT4,HSPA9,731
CCT4,HSPD1,623
CCT4,HSPE1,893
CCT4,HYOU1,440
CCT4,ILK,446
CCT4,KPNB1,721
CCT4,MMP9,418
CCT4,NME1,402
CCT4,NME2,676
CCT4,OLA1,524
CCT4,PCBP1,558
CCT4,PCBP2,460
CCT4,PDCD6IP,435
CCT4,PFDN1,975
CCT4,PFDN2,974
CCT4,PFDN4,974
CCT4,PFDN5,995
CCT4,PFDN6,980
CCT4,PRDX2,470
CCT4,PSMA1,771
CCT4,PSMA2,843
CCT4,PSMA3,802
CCT4,PSMA4,688
CCT4,PSMA5,855
CCT4,PSMA6,766
CCT4,PSMA7,827
CCT4,PSMB1,462
CCT4,PSMB2,535
CCT4,PSMB3,426
CCT4,PSMB4,544
CCT4,PSMB7,515
CCT4,PSMC1,604
CCT4,PSMC2,645
CCT4,PSMC3,602
CCT4,PSMC4,565
CCT4,PSMC5,671
CCT4,PSMC6,600
CCT4,PSMD14,793
CCT4,PSMD4,628
CCT4,PSMD7,588
CCT4,PSMD8,554
CCT4,PTGES3,945
CCT4,PTPA,460
CCT4,RAN,808
CCT4,RPLP0,826
CCT4,RPLP2,496
CCT4,RPS12,713
CCT4,RTRAF,440
CCT4,RUVBL1,841
CCT4,RUVBL2,746
CCT4,SLC25A3,825
CCT4,SRC,469
CCT4,STIP1,953
CCT4,STK24,994
CCT4,STRAP,401
CCT4,STRN,533
CCT4,TCP1,999
CCT4,TNPO1,544
CCT4,TPI1,459
CCT4,TUBA1A,733
CCT4,TUBA1C,713
CCT4,TUBA4A,704
CCT4,TUBA8,577
CCT4,TUBB,928
CCT4,TUBB1,580
CCT4,TUBB4B,751
CCT4,TXNL1,525
CCT4,UBE2N,442
CCT4,VBP1,972
CCT4,VCP,407
CCT4,VDAC1,424
CCT4,WDR77,441
CCT4,YWHAH,504
CCT5,CCT6A,999
CCT5,CCT7,999
CCT5,CDC37,928
CCT5,DDB1,841
CCT5,DNAJB11,857
CCT5,DPYSL2,443
CCT5,EEF1B2,637
CCT5,EEF1G,657
CCT5,EEF2,697
CCT5,EIF2S1,866
CCT5,EIF3I,784
CCT5,EIF4A1,548
CCT5,EIF5A,448
CCT5,EIF6,494
CCT5,ELOC,545
CCT5,ENO1,656
CCT5,ETF1,663
CCT5,GAPDH,617
CCT5,GLO1,411
CCT5,GLRX3,406
CCT5,GNB1,997
CCT5,GNB2,618
CCT5,GNB4,589
CCT5,GNG11,501
CCT5,GNG5,556
CCT5,HNRNPK,640
CCT5,HSP90AA1,868
CCT5,HSP90AB1,959
CCT5,HSP90B1,649
CCT5,HSPA4,799
CCT5,HSPA5,727
CCT5,HSPA8,948
CCT5,HSPA9,694
CCT5,HSPD1,588
CCT5,HSPE1,875
CCT5,HYOU1,491
CCT5,ILK,457
CCT5,KPNB1,732
CCT5,MANF,480
CCT5,MDH2,436
CCT5,NME1,453
CCT5,NME2,596
CCT5,OLA1,469
CCT5,PARK7,476
CCT5,PCBP1,470
CCT5,PDIA3,402
CCT5,PDIA6,427
CCT5,PFDN1,945
CCT5,PFDN2,965
CCT5,PFDN4,965
CCT5,PFDN5,965
CCT5,PFDN6,955
CCT5,PGK1,470
CCT5,PRDX2,578
CCT5,PSMA1,670
CCT5,PSMA2,737
CCT5,PSMA3,806
CCT5,PSMA4,688
CCT5,PSMA5,727
CCT5,PSMA6,737
CCT5,PSMA7,774
CCT5,PSMB1,513
CCT5,PSMB2,531
CCT5,PSMB7,459
CCT5,PSMC1,620
CCT5,PSMC2,565
CCT5,PSMC3,688
CCT5,PSMC4,538
CCT5,PSMC5,621
CCT5,PSMC6,446
CCT5,PSMD14,759
CCT5,PSMD4,564
CCT5,PSMD7,489
CCT5,PSMD8,456
CCT5,PTGES3,938
CCT5,PTPA,457
CCT5,RAN,825
CCT5,RANBP1,508
CCT5,RPL22,417
CCT5,RPLP0,716
CCT5,RPLP2,500
CCT5,RPS12,685
CCT5,RUVBL1,864
CCT5,RUVBL2,705
CCT5,SEC13,404
CCT5,STIP1,978
CCT5,STK24,994
CCT5,STRN,484
CCT5,TBCB,407
CCT5,TCP1,999
CCT5,TNPO1,448
CCT5,TPI1,500
CCT5,TUBA1A,731
CCT5,TUBA1C,681
CCT5,TUBA4A,664
CCT5,TUBA8,595
CCT5,TUBB,866
CCT5,TUBB1,610
CCT5,TUBB4B,722
CCT5,VBP1,962
CCT5,VCP,747
CCT5,VDAC1,680
CCT5,WDR77,546
CCT5,YWHAE,441
CCT6A,CCT7,999
CCT6A,CDC37,931
CCT6A,CDH1,425
CCT6A,COPS5,411
CCT6A,DNAJB11,830
CCT6A,EEF1B2,479
CCT6A,EEF1G,503
CCT6A,EEF2,523
CCT6A,EIF2S1,836
CCT6A,EIF3I,629
CCT6A,EIF4A1,563
CCT6A,EIF6,449
CCT6A,ENO1,416
CCT6A,ETF1,518
CCT6A,GAPDH,485
CCT6A,GNB1,639
CCT6A,GNB2,585
CCT6A,GNB4,510
CCT6A,GNG11,499
CCT6A,GNG5,504
CCT6A,HSP90AA1,839
CCT6A,HSP90AB1,924
CCT6A,HSP90B1,630
CCT6A,HSPA4,761
CCT6A,HSPA5,531
CCT6A,HSPA8,872
CCT6A,HSPA9,752
CCT6A,HSPD1,871
CCT6A,HSPE1,880
CCT6A,HYOU1,461
CCT6A,ILK,486
CCT6A,KPNB1,567
CCT6A,NME1,466
CCT6A,NME2,555
CCT6A,OLA1,468
CCT6A,PFDN1,958
CCT6A,PFDN2,977
CCT6A,PFDN4,931
CCT6A,PFDN5,990
CCT6A,PFDN6,970
CCT6A,PGK1,438
CCT6A,PPP1CA,466
CCT6A,PPP2R1A,578
CCT6A,PRDX2,447
CCT6A,PSMA1,459
CCT6A,PSMA2,517
CCT6A,PSMA3,605
CCT6A,PSMA4,506
CCT6A,PSMA5,554
CCT6A,PSMA6,405
CCT6A,PSMA7,511
CCT6A,PSMC1,478
CCT6A,PSMC2,553
CCT6A,PSMC3,484
CCT6A,PSMC4,463
CCT6A,PSMC5,479
CCT6A,PSMC6,433
CCT6A,PSMD14,747
CCT6A,PSMD4,406
CCT6A,PSMD7,494
CCT6A,PSMD8,420
CCT6A,PTGES3,947
CCT6A,PTPA,457
CCT6A,PURA,401
CCT6A,RAN,795
CCT6A,RPLP0,548
CCT6A,RPS12,480
CCT6A,RUVBL1,751
CCT6A,RUVBL2,692
CCT6A,STIP1,931
CCT6A,STK24,994
CCT6A,STRN,716
CCT6A,TCP1,999
CCT6A,TPI1,410
CCT6A,TUBA1A,710
CCT6A,TUBA1C,808
CCT6A,TUBA4A,637
CCT6A,TUBA8,573
CCT6A,TUBB,930
CCT6A,TUBB1,580
CCT6A,TUBB4B,695
CCT6A,UQCRC2,414
CCT6A,VBP1,975
CCT6A,VCP,545
CCT6A,VDAC1,828
CCT6A,VDAC2,456
CCT7,CDC37,931
CCT7,CIAO1,411
CCT7,COPS5,418
CCT7,DNAJB11,814
CCT7,EEF1B2,699
CCT7,EEF1D,400
CCT7,EEF1G,667
CCT7,EEF2,696
CCT7,EIF2S1,763
CCT7,EIF3I,833
CCT7,EIF4A1,539
CCT7,EIF5A,454
CCT7,EIF6,612
CCT7,ELOC,502
CCT7,ENO1,562
CCT7,ETF1,576
CCT7,FTH1,496
CCT7,GAPDH,554
CCT7,GLRX3,460
CCT7,GNB1,622
CCT7,GNB2,580
CCT7,GNB4,526
CCT7,GNG11,507
CCT7,GNG5,569
CCT7,HNRNPK,426
CCT7,HSP90AA1,849
CCT7,HSP90AB1,956
CCT7,HSP90B1,613
CCT7,HSPA4,772
CCT7,HSPA5,783
CCT7,HSPA8,922
CCT7,HSPA9,682
CCT7,HSPD1,613
CCT7,HSPE1,862
CCT7,HYOU1,441
CCT7,ILK,472
CCT7,KPNB1,769
CCT7,MDH2,503
CCT7,NME1,489
CCT7,NME2,674
CCT7,P4HB,599
CCT7,PARK7,486
CCT7,PCBP1,460
CCT7,PDIA3,538
CCT7,PDIA4,458
CCT7,PDIA6,461
CCT7,PFDN1,964
CCT7,PFDN2,969
CCT7,PFDN4,971
CCT7,PFDN5,981
CCT7,PFDN6,956
CCT7,PGAM1,429
CCT7,PPP2R1A,409
CCT7,PRDX2,420
CCT7,PSMA1,646
CCT7,PSMA2,768
CCT7,PSMA3,774
CCT7,PSMA4,614
CCT7,PSMA5,819
CCT7,PSMA6,566
CCT7,PSMA7,753
CCT7,PSMB1,416
CCT7,PSMB2,502
CCT7,PSMB4,436
CCT7,PSMB5,550
CCT7,PSMB6,530
CCT7,PSMB7,469
CCT7,PSMC1,698
CCT7,PSMC2,568
CCT7,PSMC3,798
CCT7,PSMC4,643
CCT7,PSMC5,765
CCT7,PSMC6,431
CCT7,PSMD13,476
CCT7,PSMD14,746
CCT7,PSMD4,608
CCT7,PSMD7,547
CCT7,PSMD8,487
CCT7,PTGES3,946
CCT7,PTMA,426
CCT7,PTPA,463
CCT7,RAN,726
CCT7,RANBP1,583
CCT7,RPLP0,819
CCT7,RPLP1,539
CCT7,RPLP2,487
CCT7,RPS12,756
CCT7,RUVBL1,880
CCT7,RUVBL2,802
CCT7,SEC13,401
CCT7,SHMT2,508
CCT7,STIP1,964
CCT7,STK24,994
CCT7,STRAP,555
CCT7,STRN,479
CCT7,TCP1,999
CCT7,TNPO1,557
CCT7,TPI1,535
CCT7,TUBA1A,854
CCT7,TUBA1C,722
CCT7,TUBA4A,690
CCT7,TUBA8,599
CCT7,TUBB,946
CCT7,TUBB1,615
CCT7,TUBB4B,739
CCT7,UBA1,419
CCT7,UQCRC2,465
CCT7,VBP1,966
CCT7,VCP,641
CCT7,VDAC1,510
CCT7,WDR77,744
CCT7,YWHAB,453
CCT7,YWHAE,404
CCT7,YWHAQ,518
CD109,CD151,593
CD109,CD248,613
CD109,CD34,598
CD109,CD36,518
CD109,CD44,611
CD109,CD63,537
CD109,CD82,405
CD109,CD9,728
CD109,ENO2,439
CD109,GPLD1,462
CD109,ITGA2,419
CD109,ITGA2B,552
CD109,ITGB3,597
CD109,LBP,430
CD109,LY6G6F,400
CD109,PECAM1,513
CD109,PKM,430
CD109,SELP,440
CD109,SYTL4,403
CD109,TGFB1,884
CD14,CD36,669
CD14,CD55,462
CD14,CD93,421
CD14,CSF1R,803
CD14,CTSS,415
CD14,FCER1G,718
CD14,FCGR2A,419
CD14,FCGR3A,620
CD14,FCN1,640
CD14,FGA,582
CD14,FGB,568
CD14,FGG,547
CD14,FSTL1,609
CD14,HMGB1,575
CD14,HSPD1,762
CD14,ITGB2,805
CD14,LBP,991
CD14,MMP9,570
CD14,PTPRC,437
CD14,S100A8,746
CD14,S100A9,767
CD14,TTR,459
CD14,TXNL1,439
CD14,UBE2N,410
CD14,UBE2V1,403
CD14,VSIG4,432
CD151,CD248,503
CD151,CD36,553
CD151,CD44,778
CD151,CD46,648
CD151,CD63,939
CD151,CD82,770
CD151,CD9,923
CD151,CDH1,582
CD151,COL18A1,443
CD151,CTSB,632
CD151,FN1,452
CD151,GP5,994
CD151,GP6,594
CD151,HSP90AA1,834
CD151,HSP90AB1,834
CD151,HSP90B1,427
CD151,HSPA4,705
CD151,ICAM1,593
CD151,ITGA5,780
CD151,ITGA6,962
CD151,ITGAV,415
CD151,ITGB1,949
CD151,ITGB3,545
CD151,L1CAM,630
CD151,LGALS3BP,544
CD151,MMP2,538
CD151,MMP9,574
CD151,MSN,470
CD151,MYH9,409
CD151,PLEC,988
CD151,SDCBP,421
CD151,TSG101,462
CD151,TSPAN2,481
CD151,TSPAN9,527
CD226,CD58,615
CD226,CD99,517
CD226,CEACAM1,496
CD226,FCER1G,621
CD226,FCGR3A,726
CD226,HLA-A,477
CD226,HLA-B,402
CD226,HLA-C,481
CD226,ICAM1,672
CD226,ICOSLG,552
CD226,ITGAV,461
CD226,ITGB2,970
CD226,ITGB3,500
CD226,LAMP1,603
CD226,LAMTOR5,424
CD226,LCP2,400
CD226,NCAM1,701
CD226,PTPRC,517
CD226,PVR,999
CD226,RPLP1,404
CD226,SELL,548
CD248,CD63,453
CD248,CD9,428
CD248,COL1A1,662
CD248,COL6A1,453
CD248,COL6A2,574
CD248,COL6A3,425
CD248,CSPG4,438
CD248,ENG,439
CD248,FBLN2,513
CD248,FN1,968
CD248,LGALS3,531
CD248,LGALS3BP,638
CD248,LUM,450
CD248,MCAM,452
CD248,MFAP4,409
CD248,MFAP5,402
CD248,MMRN2,492
CD248,PCOLCE,452
CD248,PDGFRB,695
CD248,PECAM1,465
CD248,POSTN,419
CD248,PPIC,450
CD248,VIM,644
CD34,CD36,739
CD34,CD44,912
CD34,CD47,528
CD34,CD55,568
CD34,CD58,678
CD34,CD59,624
CD34,CD63,612
CD34,CD9,674
CD34,CD93,643
CD34,CD99,852
CD34,CDH1,560
CD34,CDH2,460
CD34,CDH5,880
CD34,CHGA,507
CD34,COL1A1,690
CD34,COLEC10,431
CD34,CRKL,728
CD34,CSF1,574
CD34,CSF1R,746
CD34,CXCL12,856
CD34,DCD,543
CD34,DPP4,511
CD34,ELANE,401
CD34,ENG,919
CD34,ENO2,643
CD34,ESAM,669
CD34,F8,499
CD34,FAH,506
CD34,FCGR2A,569
CD34,FCGR3A,816
CD34,FLOT2,404
CD34,FN1,960
CD34,GAPDH,692
CD34,GP1BA,581
CD34,GP9,427
CD34,GYPA,793
CD34,HLA-A,618
CD34,HLA-B,420
CD34,HLA-C,419
CD34,ICAM1,844
CD34,ICAM2,436
CD34,IDH1,541
CD34,ITGA2,495
CD34,ITGA2B,859
CD34,ITGA5,731
CD34,ITGA6,659
CD34,ITGAV,528
CD34,ITGB1,887
CD34,ITGB2,543
CD34,ITGB3,663
CD34,KRT14,606
CD34,KRT19,621
CD34,KRT5,583
CD34,KRT8,513
CD34,L1CAM,476
CD34,LYVE1,716
CD34,MAPK1,530
CD34,MCAM,789
CD34,MMP2,682
CD34,MMP9,710
CD34,MPO,735
CD34,NCAM1,821
CD34,NOTCH3,400
CD34,NRAS,476
CD34,NRP1,421
CD34,PDGFRB,729
CD34,PECAM1,940
CD34,PF4,440
CD34,PODXL,805
CD34,PPIF,738
CD34,PRG2,426
CD34,PROCR,468
CD34,PSMA7,799
CD34,PTPRC,919
CD34,RHOC,405
CD34,S100A4,417
CD34,SDC1,584
CD34,SELL,999
CD34,SELP,832
CD34,SHMT2,400
CD34,SLC2A1,440
CD34,SPARC,495
CD34,SPN,811
CD34,SPP1,607
CD34,SRC,517
CD34,TESC,414
CD34,TFRC,728
CD34,TGFB1,787
CD34,THBS1,450
CD34,TIMP1,539
CD34,TSG101,423
CD34,VCAM1,896
CD34,VDAC1,734
CD34,VDAC2,540
CD34,VDAC3,540
CD34,VIM,473
CD34,VTN,410
CD34,VWF,849
CD36,CD44,714
CD36,CD47,994
CD36,CD59,500
CD36,CD5L,599
CD36,CD63,456
CD36,CD9,902
CD36,CD93,604
CD36,CDH5,587
CD36,CEACAM1,459
CD36,CETP,413
CD36,CFD,665
CD36,COL1A1,720
CD36,COMP,953
CD36,COMT,421
CD36,CSF1,483
CD36,CSF1R,583
CD36,CTSS,437
CD36,CXCL12,433
CD36,DPP4,420
CD36,ENG,449
CD36,F13A1,429
CD36,FABP5,770
CD36,FCER1G,734
CD36,FCGR2A,564
CD36,FCGR3A,928
CD36,FGA,564
CD36,FGB,573
CD36,FGG,554
CD36,FGL2,432
CD36,FN1,702
CD36,GAPDH,593
CD36,GAS6,630
CD36,GOT2,860
CD36,GP1BA,702
CD36,GP5,991
CD36,GP6,878
CD36,GP9,859
CD36,GPC1,426
CD36,GYPA,839
CD36,HMGB1,789
CD36,HP,598
CD36,HPX,430
CD36,HRG,549
CD36,HSPA4,563
CD36,ICAM1,806
CD36,IQGAP2,469
CD36,ITGA2,609
CD36,ITGA2B,952
CD36,ITGA5,473
CD36,ITGA6,480
CD36,ITGAV,875
CD36,ITGB1,864
CD36,ITGB2,809
CD36,ITGB3,861
CD36,KALRN,422
CD36,LAMP1,406
CD36,LGALS1,511
CD36,LGALS3,646
CD36,LPL,877
CD36,LRP1,742
CD36,LY6G6F,413
CD36,LYN,987
CD36,LYVE1,461
CD36,MGLL,480
CD36,MMP9,578
CD36,MPO,502
CD36,NCAM1,716
CD36,NRP2,442
CD36,PCSK9,745
CD36,PECAM1,851
CD36,PF4,434
CD36,PLIN1,815
CD36,PLIN3,466
CD36,PRKCSH,555
CD36,PROCR,832
CD36,PTPRB,439
CD36,PTPRC,770
CD36,RETN,625
CD36,S100A8,662
CD36,S100A9,806
CD36,SAA1,529
CD36,SAA2,520
CD36,SELL,401
CD36,SELP,861
CD36,SERPINE1,436
CD36,SLC2A1,517
CD36,SNCA,590
CD36,SRC,720
CD36,SYK,491
CD36,SYTL4,400
CD36,TFRC,696
CD36,TGFB1,540
CD36,THBS1,999
CD36,THBS2,995
CD36,THBS3,928
CD36,THBS4,960
CD36,TIMP1,617
CD36,TSG101,513
CD36,VAMP7,703
CD36,VCAM1,771
CD36,VWF,803
CD44,CD46,629
CD44,CD47,702
CD44,CD55,505
CD44,CD58,583
CD44,CD59,737
CD44,CD63,747
CD44,CD82,511
CD44,CD9,985
CD44,CD93,406
CD44,CD99,646
CD44,CDC42,987
CD44,CDH1,927
CD44,CDH2,840
CD44,CDH5,596
CD44,CFH,687
CD44,COL14A1,618
CD44,COL1A1,987
CD44,COL6A1,926
CD44,COL6A2,921
CD44,COL6A3,921
CD44,COPS5,490
CD44,CSF1,547
CD44,CSF1R,519
CD44,CSPG4,425
CD44,CTSB,412
CD44,CTSS,438
CD44,CXCL12,961
CD44,DDT,504
CD44,DPP4,643
CD44,ENG,896
CD44,ENO1,495
CD44,F10,426
CD44,F11R,563
CD44,FBN1,580
CD44,FCGR2A,686
CD44,FCGR3A,746
CD44,FERMT3,527
CD44,FGFR1,848
CD44,FLG2,400
CD44,FLNA,438
CD44,FLOT2,572
CD44,FN1,999
CD44,GAPDH,745
CD44,GC,541
CD44,GPC1,876
CD44,GPNMB,785
CD44,GYPA,435
CD44,HABP2,612
CD44,HDGF,524
CD44,HLA-A,415
CD44,HPRT1,470
CD44,HPX,551
CD44,HSP90AA1,779
CD44,HSP90AB1,780
CD44,HSPA4,606
CD44,HSPG2,802
CD44,ICAM1,995
CD44,ICAM2,851
CD44,ICAM3,590
CD44,IGFBP2,567
CD44,IGFBP3,739
CD44,ITGA2,727
CD44,ITGA2B,702
CD44,ITGA5,785
CD44,ITGA6,743
CD44,ITGAV,850
CD44,ITGB1,957
CD44,ITGB2,879
CD44,ITGB3,838
CD44,ITIH1,517
CD44,ITIH2,495
CD44,KRT14,580
CD44,KRT19,616
CD44,KRT5,609
CD44,KRT8,559
CD44,L1CAM,656
CD44,LAMA2,945
CD44,LAMA4,925
CD44,LAMB1,923
CD44,LAMB2,909
CD44,LAMC1,922
CD44,LAMP1,588
CD44,LCP2,415
CD44,LGALS1,491
CD44,LGALS3,904
CD44,LGALS3BP,549
CD44,LMNA,425
CD44,LPL,700
CD44,LUM,624
CD44,LYN,615
CD44,LYVE1,839
CD44,MCAM,700
CD44,MIF,863
CD44,MMP2,971
CD44,MMP9,998
CD44,MSN,996
CD44,MYH9,419
CD44,NCAM1,712
CD44,NID1,991
CD44,NID2,480
CD44,NOTCH2,556
CD44,NOTCH3,514
CD44,NRAS,424
CD44,NRP1,464
CD44,OTUB1,654
CD44,P4HB,518
CD44,PCBP1,520
CD44,PCSK9,539
CD44,PDGFRB,825
CD44,PECAM1,949
CD44,PF4,551
CD44,PGK1,538
CD44,PKM,965
CD44,PLG,607
CD44,PLXNB1,459
CD44,PLXNB2,450
CD44,POSTN,455
CD44,PPBP,580
CD44,PRG4,796
CD44,PTPRC,931
CD44,RAC2,442
CD44,RHOA,783
CD44,RHOC,436
CD44,S100A4,569
CD44,S100A6,407
CD44,S100A8,887
CD44,S100A9,543
CD44,SDC1,927
CD44,SDC4,685
CD44,SDCBP,563
CD44,SELL,998
CD44,SELP,993
CD44,SERPINA3,484
CD44,SERPIND1,439
CD44,SERPINE1,684
CD44,SERPING1,469
CD44,SLC2A1,434
CD44,SLC3A2,764
CD44,SOD3,504
CD44,SPARC,668
CD44,SPN,927
CD44,SPP1,999
CD44,SRC,972
CD44,SRGN,966
CD44,SYK,460
CD44,TFRC,672
CD44,TGFB1,747
CD44,TGFBI,641
CD44,THBS1,767
CD44,TIMP1,922
CD44,TLN1,643
CD44,TPM1,469
CD44,TPM2,474
CD44,TSG101,463
CD44,VCAM1,994
CD44,VCAN,996
CD44,VCL,665
CD44,VIM,809
CD44,VTN,863
CD44,VWF,657
CD44,WAS,563
CD46,CD47,537
CD46,CD55,834
CD46,CD58,608
CD46,CD59,967
CD46,CD82,443
CD46,CD9,744
CD46,CFB,724
CD46,CFD,411
CD46,CFH,421
CD46,CFHR2,594
CD46,CFHR3,720
CD46,CFHR4,642
CD46,CFHR5,720
CD46,CFI,980
CD46,CFP,672
CD46,CLU,512
CD46,CTSL,410
CD46,FCN1,481
CD46,FCN2,480
CD46,FCN3,442
CD46,GAPDH,427
CD46,HP,400
CD46,HSP90B1,457
CD46,ICAM1,528
CD46,ITGA2,439
CD46,ITGB1,465
CD46,MASP1,546
CD46,MASP2,583
CD46,MBL2,681
CD46,MSN,985
CD46,PROCR,469
CD46,PVR,411
CD46,SERPING1,755
CD46,SRC,441
CD46,TFPI,415
CD46,VSIG4,506
CD46,VTN,685
CD46,VWF,450
CD46,YWHAZ,465
CD47,CD55,594
CD47,CD58,437
CD47,CD59,528
CD47,CD63,627
CD47,CD9,736
CD47,CD99,513
CD47,COL18A1,431
CD47,COLEC10,514
CD47,COMP,955
CD47,CSF1,507
CD47,CSF1R,537
CD47,CXCL12,418
CD47,DMTN,518
CD47,DNM1L,610
CD47,ENO1,514
CD47,F10,660
CD47,FAH,431
CD47,FCGR2A,473
CD47,FCGR3A,512
CD47,FIS1,508
CD47,FN1,703
CD47,FUCA1,473
CD47,FYB1,541
CD47,GAS6,404
CD47,GNAI2,410
CD47,GRB2,560
CD47,GYPA,940
CD47,HMGB1,406
CD47,ICAM1,543
CD47,IDH1,439
CD47,ITGA2,488
CD47,ITGA5,560
CD47,ITGAV,773
CD47,ITGB1,812
CD47,ITGB2,701
CD47,ITGB3,794
CD47,JAM3,574
CD47,LGALS1,591
CD47,LGALS3,616
CD47,LRP1,506
CD47,MIF,529
CD47,MMP9,453
CD47,NCAM1,414
CD47,PECAM1,700
CD47,PGD,520
CD47,PROCR,466
CD47,PSMB9,434
CD47,PTPN6,600
CD47,PTPRC,977
CD47,PVR,444
CD47,SELL,566
CD47,SELP,412
CD47,SKAP2,576
CD47,SPN,400
CD47,SRC,669
CD47,STIP1,470
CD47,TFRC,404
CD47,TGFB1,447
CD47,THBS1,999
CD47,THBS2,978
CD47,THBS3,933
CD47,THBS4,960
CD47,VCAM1,422
CD47,VTN,603
CD55,CD58,468
CD55,CD59,988
CD55,CD63,424
CD55,CD82,403
CD55,CD9,610
CD55,CD93,404
CD55,CEACAM1,458
CD55,CFB,801
CD55,CFH,620
CD55,CFHR2,608
CD55,CFHR3,621
CD55,CFHR4,659
CD55,CFI,698
CD55,CFP,708
CD55,CLU,513
CD55,CNDP2,454
CD55,COL18A1,425
CD55,DYNLL1,519
CD55,EFEMP1,529
CD55,F5,476
CD55,FCGR2A,515
CD55,FCGR3A,448
CD55,FCN1,476
CD55,FCN2,477
CD55,FCN3,451
CD55,FGG,459
CD55,GYPA,632
CD55,ICAM1,916
CD55,ITGAV,484
CD55,ITGB1,531
CD55,ITGB2,508
CD55,MASP1,554
CD55,MASP2,553
CD55,MBL2,605
CD55,NAPA,499
CD55,NAPG,504
CD55,PECAM1,439
CD55,PROCR,445
CD55,PTPRC,446
CD55,PVR,535
CD55,SELL,539
CD55,SERPINE1,488
CD55,SERPING1,717
CD55,SLC4A1,412
CD55,TFPI,453
CD55,TFRC,424
CD55,TMED10,439
CD55,TMED2,405
CD55,VSIG4,476
CD55,VTN,484
CD55,VWF,610
CD58,CD59,656
CD58,CD84,419
CD58,CD9,436
CD58,CDH1,422
CD58,ENO1,461
CD58,FCGR2A,434
CD58,FCGR3A,614
CD58,GPNMB,401
CD58,HLA-A,463
CD58,HLA-C,543
CD58,ICAM1,996
CD58,ICAM2,553
CD58,ICAM3,543
CD58,ICOSLG,514
CD58,ITGB1,527
CD58,ITGB2,778
CD58,LGALS3,451
CD58,NCAM1,483
CD58,PECAM1,584
CD58,PTPRC,708
CD58,SELL,492
CD58,SPN,410
CD58,SULT1A1,457
CD58,VCAM1,659
CD59,CD63,683
CD59,CD9,718
CD59,CEACAM1,494
CD59,CFB,589
CD59,CFH,830
CD59,CFHR1,548
CD59,CFHR2,577
CD59,CFHR3,419
CD59,CFHR5,452
CD59,CFI,524
CD59,CFP,701
CD59,CLU,733
CD59,CTSC,541
CD59,DYNLL1,517
CD59,ENG,487
CD59,F5,519
CD59,F8,574
CD59,FCGR3A,474
CD59,FCN1,429
CD59,FCN2,447
CD59,FCN3,402
CD59,FLOT1,581
CD59,GYPA,434
CD59,HP,424
CD59,ICAM1,439
CD59,ITGB1,689
CD59,ITGB2,443
CD59,LGALS3BP,582
CD59,LMAN1,567
CD59,LMAN2,529
CD59,LYN,520
CD59,MASP1,551
CD59,MASP2,585
CD59,MBL2,607
CD59,MMP2,480
CD59,NAPA,527
CD59,NAPG,504
CD59,PFN1,524
CD59,PIGR,485
CD59,PTPRC,483
CD59,SEC13,510
CD59,SEC22B,577
CD59,SEC31A,517
CD59,SELP,612
CD59,SERPINA1,615
CD59,SERPING1,776
CD59,SYK,487
CD59,TFRC,509
CD59,TIMP1,477
CD59,TMED10,506
CD59,TMED2,609
CD59,TPT1,521
CD59,VSIG4,508
CD59,VTN,809
CD5L,CLU,470
CD5L,FCN2,533
CD5L,FCN3,418
CD5L,HABP2,579
CD5L,HP,439
CD5L,HRG,611
CD5L,HSPA5,769
CD5L,JCHAIN,591
CD5L,LUM,540
CD5L,PROC,524
CD5L,PRSS3,544
CD5L,SAA4,423
CD5L,SPTA1,633
CD5L,SPTAN1,618
CD5L,TAGLN2,457
CD5L,THBS1,439
CD5L,VSIG4,504
CD63,CD82,987
CD63,CD9,994
CD63,CDH1,451
CD63,CLU,498
CD63,CTSB,643
CD63,DPP4,595
CD63,ECE1,409
CD63,ELANE,614
CD63,ENG,726
CD63,FCGR3A,433
CD63,FLOT1,949
CD63,FLOT2,741
CD63,FN1,710
CD63,GAPDH,756
CD63,GP1BA,543
CD63,GP6,444
CD63,GP9,506
CD63,GPC1,521
CD63,HLA-DRA,694
CD63,HSP90AA1,829
CD63,HSP90AB1,829
CD63,HSP90B1,575
CD63,HSPA4,981
CD63,HSPA5,579
CD63,HSPA8,774
CD63,ICAM1,775
CD63,ITGA2B,736
CD63,ITGA5,442
CD63,ITGB1,997
CD63,ITGB2,481
CD63,ITGB3,550
CD63,L1CAM,405
CD63,LAMP1,986
CD63,LAMP2,992
CD63,LGALS1,455
CD63,LGALS3,764
CD63,MCAM,466
CD63,MMP2,431
CD63,MMP9,699
CD63,MPO,758
CD63,MYL6,489
CD63,NCAM1,401
CD63,PDCD6,488
CD63,PDCD6IP,836
CD63,PECAM1,682
CD63,PF4V1,470
CD63,PSMC5,402
CD63,PTPRC,613
CD63,RAB27A,840
CD63,RAB27B,857
CD63,RAB5B,727
CD63,RAB7A,404
CD63,RETN,437
CD63,SDC1,680
CD63,SDCBP,996
CD63,SELP,907
CD63,SERPINA4,421
CD63,SPARC,443
CD63,SPP1,422
CD63,SRC,573
CD63,TFRC,721
CD63,TGFB1,482
CD63,TGOLN2,640
CD63,TIMP1,998
CD63,TSG101,998
CD63,TSPAN2,732
CD63,TSPAN9,515
CD63,VAMP3,417
CD63,VAMP7,461
CD63,VCAM1,456
CD63,VPS37B,427
CD63,VPS4A,450
CD63,VPS4B,500
CD63,VTA1,507
CD63,VTN,453
CD63,VWF,725
CD82,CD9,983
CD82,CDH1,675
CD82,FCGR2A,466
CD82,FLOT1,509
CD82,GAPDH,422
CD82,HSP90AA1,507
CD82,HSP90AB1,644
CD82,HSPA4,512
CD82,HSPA8,431
CD82,ICAM1,626
CD82,ITGB1,573
CD82,LAMP1,579
CD82,LAMP2,453
CD82,NME1,581
CD82,PDCD6IP,634
CD82,RAB27A,502
CD82,RUVBL2,621
CD82,SDCBP,627
CD82,TFRC,431
CD82,TIMP1,599
CD82,TSG101,834
CD82,VTA1,430
CD84,DOK2,599
CD84,FCER1G,402
CD84,ITGB2,437
CD84,LCP2,423
CD84,PTPRC,562
CD84,SPN,417
CD9,CD99,645
CD9,CDH1,759
CD9,CDH2,552
CD9,CEACAM1,441
CD9,CXCL12,416
CD9,DPP4,882
CD9,ENG,648
CD9,F11R,636
CD9,FCGR3A,471
CD9,FLOT1,871
CD9,FLOT2,538
CD9,FN1,711
CD9,GAPDH,675
CD9,GNAQ,680
CD9,GP9,566
CD9,GPC1,465
CD9,HLA-A,466
CD9,HPSE,411
CD9,HSP90AA1,871
CD9,HSP90AB1,821
CD9,HSP90B1,472
CD9,HSPA4,947
CD9,HSPA8,753
CD9,ICAM1,912
CD9,ICAM2,529
CD9,IGLL1,474
CD9,ITGA2,568
CD9,ITGA2B,814
CD9,ITGA5,826
CD9,ITGA6,871
CD9,ITGAV,718
CD9,ITGB1,989
CD9,ITGB2,439
CD9,ITGB3,806
CD9,L1CAM,474
CD9,LAMP1,526
CD9,LAMP2,560
CD9,LGALS3,464
CD9,LGALS3BP,736
CD9,LY6G6F,400
CD9,MCAM,646
CD9,MMP2,412
CD9,MMP9,480
CD9,MSN,447
CD9,NCAM1,571
CD9,NRAS,422
CD9,P4HB,572
CD9,PDCD6,442
CD9,PDCD6IP,808
CD9,PDGFRB,540
CD9,PECAM1,827
CD9,PLEC,612
CD9,PODXL,401
CD9,PTPN6,460
CD9,PTPRC,666
CD9,RAB27A,629
CD9,RAB27B,539
CD9,RALB,437
CD9,SDC1,606
CD9,SDCBP,899
CD9,SELP,664
CD9,SLC3A2,750
CD9,SPP1,421
CD9,SYTL4,510
CD9,TFRC,825
CD9,TGFB1,488
CD9,TSG101,995
CD9,TSPAN9,761
CD9,VAMP3,797
CD9,VCAM1,759
CD9,VIM,539
CD9,VPS4B,436
CD9,VTA1,483
CD9,VWF,614
CD93,CDH13,425
CD93,CDH5,675
CD93,CEACAM1,425
CD93,CFP,481
CD93,COMP,420
CD93,CSF1R,536
CD93,FCER1G,405
CD93,FCGR2A,470
CD93,FCGR3A,546
CD93,FCN1,439
CD93,FCN3,509
CD93,HLA-DRA,479
CD93,ICAM1,514
CD93,ICAM2,433
CD93,IGFBP3,416
CD93,ITGB1,449
CD93,ITGB2,651
CD93,LUM,452
CD93,LYVE1,444
CD93,MBL2,810
CD93,MMP2,441
CD93,MMRN2,690
CD93,MSN,690
CD93,NCAM1,445
CD93,PECAM1,792
CD93,PTPRB,549
CD93,PTPRC,662
CD93,SDC1,666
CD93,SELL,419
CD93,SELP,524
CD93,SPARCL1,457
CD93,SPN,661
CD93,STOM,406
CD93,THBS1,421
CD93,TIMP1,424
CD93,VCAM1,497
CD93,VSIG4,419
CD93,VWF,462
CD99,CHGA,641
CD99,ENO2,813
CD99,F11R,625
CD99,HPRT1,513
CD99,ICAM1,976
CD99,ICAM2,468
CD99,ICAM3,447
CD99,KRT19,480
CD99,KRT5,541
CD99,KRT8,431
CD99,L1CAM,567
CD99,LGALS1,449
CD99,LGALS3,421
CD99,MPO,552
CD99,NCAM1,729
CD99,PECAM1,778
CD99,PGK1,430
CD99,PTPRC,743
CD99,PVR,516
CD99,SELL,436
CD99,SPN,725
CD99,TFRC,416
CD99,TIMP1,435
CD99,UBA1,444
CD99,VIM,647
CDC37,CSK,526
CDC37,CSNK2B,508
CDC37,CTTN,488
CDC37,DNAJB11,756
CDC37,EEF2,465
CDC37,EIF2S1,691
CDC37,ERBIN,529
CDC37,FKBP1A,445
CDC37,GRB2,583
CDC37,HSP90AA1,999
CDC37,HSP90AB1,999
CDC37,HSP90B1,973
CDC37,HSPA4,995
CDC37,HSPA5,504
CDC37,HSPA8,902
CDC37,HSPB1,478
CDC37,MAPK1,585
CDC37,MMP2,483
CDC37,NRAS,642
CDC37,PARK7,401
CDC37,PCBP1,513
CDC37,PFDN2,656
CDC37,PFDN6,614
CDC37,PPP2R1A,531
CDC37,PSAP,467
CDC37,PSMA2,550
CDC37,PSMA3,534
CDC37,PSMA7,571
CDC37,PSMB3,523
CDC37,PSMC3,553
CDC37,PSMD8,418
CDC37,PTGES3,997
CDC37,RHEB,420
CDC37,RUVBL1,736
CDC37,RUVBL2,732
CDC37,SGTA,672
CDC37,SKP1,405
CDC37,SRC,899
CDC37,STIP1,995
CDC37,SUGT1,478
CDC37,TCP1,929
CDC37,VCP,476
CDC37,VDAC1,405
CDC37,WDR77,457
CDC42,CDC42BPB,923
CDC42,CDH1,861
CDC42,CDH2,855
CDC42,CDH5,683
CDC42,CFL1,930
CDC42,CLIP1,979
CDC42,CLTC,551
CDC42,COL1A1,499
CDC42,CRKL,647
CDC42,CSK,516
CDC42,CSPG4,484
CDC42,CTTN,938
CDC42,CXCL12,684
CDC42,CYFIP1,809
CDC42,DBN1,479
CDC42,DBNL,537
CDC42,DIAPH1,776
CDC42,DPYSL2,414
CDC42,DSG1,501
CDC42,DSTN,402
CDC42,EFNB1,633
CDC42,EHD1,588
CDC42,EPS15,455
CDC42,ERBIN,620
CDC42,F11R,616
CDC42,FGFR1,591
CDC42,FKBP1A,448
CDC42,FLNA,976
CDC42,FN1,743
CDC42,GAPDH,660
CDC42,GDI1,791
CDC42,GDI2,489
CDC42,GNA13,692
CDC42,GNAQ,424
CDC42,GNB1,782
CDC42,GNB2,651
CDC42,GNB4,646
CDC42,GNG11,544
CDC42,GNG5,549
CDC42,GRB2,922
CDC42,GSR,523
CDC42,HMGB1,458
CDC42,HSP90AA1,495
CDC42,HSP90AB1,487
CDC42,HSPA5,568
CDC42,HSPA8,414
CDC42,ICAM1,449
CDC42,ILK,847
CDC42,INF2,853
CDC42,IQGAP2,999
CDC42,ITGA5,493
CDC42,ITGA6,568
CDC42,ITGAV,456
CDC42,ITGB1,769
CDC42,ITGB2,570
CDC42,ITGB3,402
CDC42,JAM3,542
CDC42,JUP,558
CDC42,KALRN,668
CDC42,KIF5B,624
CDC42,KLC1,684
CDC42,KNG1,564
CDC42,LAMP1,428
CDC42,LAMTOR1,536
CDC42,LCP1,407
CDC42,LCP2,524
CDC42,LYN,731
CDC42,MAPK1,576
CDC42,MAPK14,968
CDC42,MAPRE1,417
CDC42,MARCKS,476
CDC42,MCAM,543
CDC42,MMP2,669
CDC42,MMP9,726
CDC42,MSN,769
CDC42,MYH9,697
CDC42,MYL6,907
CDC42,MYL9,726
CDC42,MYLK,658
CDC42,NCK2,694
CDC42,NOTCH2,508
CDC42,NTRK2,425
CDC42,PARK7,483
CDC42,PARVB,739
CDC42,PDCD10,569
CDC42,PDGFRB,467
CDC42,PECAM1,423
CDC42,PFN1,868
CDC42,PLEK,847
CDC42,PLXNB1,593
CDC42,PLXNB2,412
CDC42,PODXL,520
CDC42,PPP1CA,407
CDC42,PPP1CB,645
CDC42,PPP1R12A,780
CDC42,PSMC2,438
CDC42,PTPRC,432
CDC42,PTPRJ,571
CDC42,RAB10,418
CDC42,RAB11B,494
CDC42,RAB1A,415
CDC42,RAB1B,432
CDC42,RAB5B,436
CDC42,RAB7A,641
CDC42,RAC2,943
CDC42,RALA,617
CDC42,RALB,506
CDC42,RAN,451
CDC42,RAP1A,647
CDC42,RAP1B,765
CDC42,RAP2B,519
CDC42,RHOA,955
CDC42,RHOC,886
CDC42,RHOG,607
CDC42,ROCK2,634
CDC42,SDCBP,537
CDC42,SEPTIN2,478
CDC42,SEPTIN7,600
CDC42,SH3GL1,613
CDC42,SKP1,500
CDC42,SLC2A1,403
CDC42,SNAP23,678
CDC42,SPAG9,595
CDC42,SRC,991
CDC42,STIM1,405
CDC42,STK24,948
CDC42,STOM,571
CDC42,STX4,419
CDC42,STX7,478
CDC42,SYK,768
CDC42,TFRC,738
CDC42,TGFB1,469
CDC42,TJP2,612
CDC42,TLN1,789
CDC42,TPM1,438
CDC42,TPM3,620
CDC42,TUBA1A,934
CDC42,TUBA1C,936
CDC42,TUBA4A,931
CDC42,TUBA8,925
CDC42,TUBB,605
CDC42,UTRN,414
CDC42,VAMP3,697
CDC42,VAMP7,436
CDC42,VAPA,538
CDC42,VASP,991
CDC42,VCL,739
CDC42,VCP,501
CDC42,WAS,999
CDC42,WASF2,934
CDC42,WDR1,417
CDC42,WIPF1,989
CDC42,YWHAB,430
CDC42,YWHAE,452
CDC42,YWHAG,622
CDC42,YWHAH,678
CDC42,YWHAZ,754
CDC42,ZYX,434
CDC42BPB,JUP,511
CDC42BPB,KLC1,407
CDC42BPB,LAMTOR1,405
CDC42BPB,MYL9,420
CDC42BPB,PPP1R12A,424
CDC42BPB,RAB7A,426
CDC42BPB,RHOA,561
CDC42BPB,RHOC,467
CDC42BPB,SNAP23,464
CDC42BPB,STOM,423
CDC42BPB,TFRC,409
CDC42BPB,THBS3,431
CDC42BPB,VAMP3,421
CDC42BPB,WAS,496
CDH1,CDH11,774
CDH1,CDH13,583
CDH1,CDH2,995
CDH1,CDH5,985
CDH1,CDH6,599
CDH1,CEACAM1,465
CDH1,CFL1,494
CDH1,CHGA,480
CDH1,CLIP1,553
CDH1,COL14A1,430
CDH1,COL1A1,487
CDH1,CORO1B,479
CDH1,CORO1C,781
CDH1,CTSB,404
CDH1,CTTN,831
CDH1,CXCL12,726
CDH1,DSC3,477
CDH1,DSP,761
CDH1,EFNB1,618
CDH1,ENG,442
CDH1,ETF1,800
CDH1,F11R,921
CDH1,FGFR1,885
CDH1,FLG,405
CDH1,FLNA,404
CDH1,FLOT1,926
CDH1,FLOT2,951
CDH1,FN1,873
CDH1,GAPDH,855
CDH1,GNA13,459
CDH1,GPC1,462
CDH1,GRB2,632
CDH1,HP,503
CDH1,HSP90AA1,679
CDH1,HSP90AB1,507
CDH1,HSP90B1,441
CDH1,HSPA4,410
CDH1,HSPA5,589
CDH1,HSPA8,516
CDH1,HSPD1,492
CDH1,ICAM1,583
CDH1,ILK,638
CDH1,IQGAP2,579
CDH1,ITGA2,667
CDH1,ITGA5,542
CDH1,ITGA6,844
CDH1,ITGAV,680
CDH1,ITGB1,856
CDH1,ITGB2,574
CDH1,ITGB3,462
CDH1,JUP,999
CDH1,KRT14,663
CDH1,KRT17,434
CDH1,KRT19,747
CDH1,KRT5,676
CDH1,KRT8,826
CDH1,L1CAM,644
CDH1,LCN2,430
CDH1,LDHA,416
CDH1,LGALS3,430
CDH1,LMNA,632
CDH1,LMNB1,454
CDH1,MAPK1,465
CDH1,MAPK14,439
CDH1,MCAM,403
CDH1,MMP2,791
CDH1,MMP9,957
CDH1,MSN,507
CDH1,MTDH,445
CDH1,NCAM1,498
CDH1,NCSTN,806
CDH1,NME1,472
CDH1,NOTCH2,515
CDH1,NOTCH3,477
CDH1,NRAS,426
CDH1,PCSK9,481
CDH1,PDGFRB,509
CDH1,PEBP1,422
CDH1,PECAM1,643
CDH1,PIGR,566
CDH1,PIP,455
CDH1,PKM,456
CDH1,PKP1,440
CDH1,PLG,644
CDH1,PLXNA4,426
CDH1,PODXL,473
CDH1,POSTN,444
CDH1,PPP1CA,442
CDH1,PTPRC,601
CDH1,PTPRG,413
CDH1,RHOA,751
CDH1,RHOC,524
CDH1,ROCK2,423
CDH1,RPL22,813
CDH1,RPLP0,848
CDH1,RPS12,801
CDH1,S100A4,666
CDH1,S100A8,944
CDH1,SDC1,499
CDH1,SELP,577
CDH1,SERPINA1,553
CDH1,SERPINA3,482
CDH1,SERPINE1,545
CDH1,SLC2A1,450
CDH1,SOD2,551
CDH1,SPARC,418
CDH1,SPP1,529
CDH1,SRC,988
CDH1,SUMO2,444
CDH1,TFRC,403
CDH1,TGFB1,841
CDH1,THBS1,624
CDH1,TIMP1,555
CDH1,TJP2,772
CDH1,TLN1,692
CDH1,VASP,405
CDH1,VCAM1,480
CDH1,VCL,996
CDH1,VIM,892
CDH1,VTN,535
CDH1,WASF2,501
CDH1,YWHAZ,596
CDH11,CDH13,759
CDH11,CDH2,958
CDH11,CDH5,606
CDH11,CDH6,724
CDH11,COL12A1,478
CDH11,COL1A1,640
CDH11,COL6A3,537
CDH11,CXCL12,464
CDH11,DSP,516
CDH11,FAP,432
CDH11,FBN1,530
CDH11,FGFR1,467
CDH11,FN1,664
CDH11,ITGA5,409
CDH11,ITGBL1,435
CDH11,JUP,803
CDH11,LAMA4,617
CDH11,LTBP2,421
CDH11,LUM,526
CDH11,MACF1,409
CDH11,MMP2,482
CDH11,NCAM1,602
CDH11,NRP1,456
CDH11,PDGFRB,470
CDH11,POSTN,673
CDH11,SPARC,497
CDH11,TGFB1,405
CDH11,THBS2,489
CDH11,VCAM1,617
CDH11,VCL,603
CDH11,VIM,416
CDH13,CDH2,583
CDH13,CDH5,613
CDH13,CDH6,610
CDH13,CPNE3,403
CDH13,CSPG4,471
CDH13,DAG1,474
CDH13,DKK3,478
CDH13,ERP44,471
CDH13,HP,429
CDH13,HSPA5,491
CDH13,ILK,472
CDH13,ITGB3,495
CDH13,JUP,648
CDH13,TFPI,421
CDH2,CDH5,898
CDH2,CDH6,833
CDH2,CFL1,432
CDH2,COL1A1,611
CDH2,CSPG4,583
CDH2,CTTN,798
CDH2,CXCL12,596
CDH2,DBN1,429
CDH2,DSP,823
CDH2,EFNB1,404
CDH2,ENG,407
CDH2,ENO1,456
CDH2,F11R,682
CDH2,FGFR1,946
CDH2,FN1,860
CDH2,GAPDH,808
CDH2,ICAM1,449
CDH2,ILK,466
CDH2,ITGA2,558
CDH2,ITGA5,712
CDH2,ITGA6,444
CDH2,ITGAV,419
CDH2,ITGB1,818
CDH2,JAM3,435
CDH2,JUP,975
CDH2,KRT14,444
CDH2,KRT19,558
CDH2,KRT5,419
CDH2,KRT8,560
CDH2,L1CAM,619
CDH2,LCN2,443
CDH2,LGALS3,593
CDH2,LMNB1,402
CDH2,MAPK14,651
CDH2,MCAM,441
CDH2,MMP2,834
CDH2,MMP9,787
CDH2,NCAM1,967
CDH2,NEO1,594
CDH2,NOTCH2,440
CDH2,NOTCH3,435
CDH2,NRP1,497
CDH2,PCSK9,420
CDH2,PDGFRB,494
CDH2,PECAM1,576
CDH2,PLEC,690
CDH2,POSTN,508
CDH2,PTPRC,560
CDH2,RHOA,779
CDH2,RHOC,475
CDH2,S100A4,580
CDH2,SEPTIN7,499
CDH2,SERPINE1,454
CDH2,SHROOM3,543
CDH2,SKP1,408
CDH2,SOD2,437
CDH2,SPAG9,565
CDH2,SPARC,410
CDH2,SPP1,653
CDH2,SRC,773
CDH2,TGFB1,738
CDH2,THBS1,585
CDH2,TIMP1,461
CDH2,TJP2,594
CDH2,TLN1,421
CDH2,VCAM1,470
CDH2,VCAN,573
CDH2,VCL,939
CDH2,VIM,785
CDH2,VTN,448
CDH5,CDH6,559
CDH5,COL18A1,420
CDH5,COL1A1,464
CDH5,CSF1R,440
CDH5,CSK,557
CDH5,CSPG4,405
CDH5,CTTN,555
CDH5,CXCL12,616
CDH5,DSP,867
CDH5,ENG,879
CDH5,ESAM,850
CDH5,F11R,797
CDH5,FCGR2A,522
CDH5,FCN3,461
CDH5,FGA,538
CDH5,FGB,462
CDH5,FGG,415
CDH5,FN1,704
CDH5,GAPDH,613
CDH5,GNA13,441
CDH5,GP1BA,420
CDH5,GYPA,619
CDH5,HSPG2,412
CDH5,ICAM1,719
CDH5,ICAM2,685
CDH5,ITGA2B,627
CDH5,ITGA5,651
CDH5,ITGAV,452
CDH5,ITGB1,570
CDH5,ITGB2,663
CDH5,ITGB3,464
CDH5,JAM3,481
CDH5,JUP,893
CDH5,KNG1,437
CDH5,LGALS3,584
CDH5,LYVE1,707
CDH5,MCAM,703
CDH5,MMP2,521
CDH5,MMP9,617
CDH5,MMRN2,617
CDH5,NAPA,577
CDH5,NAPG,549
CDH5,NOTCH3,458
CDH5,NRP1,698
CDH5,PCDH1,435
CDH5,PDGFRB,666
CDH5,PECAM1,999
CDH5,PODXL,502
CDH5,PROCR,447
CDH5,PSMA7,414
CDH5,PTPRB,982
CDH5,PTPRC,806
CDH5,PTPRF,501
CDH5,PTPRJ,811
CDH5,RHOA,632
CDH5,S100A4,524
CDH5,SELP,603
CDH5,SERPINE1,449
CDH5,SPN,416
CDH5,SPP1,405
CDH5,SRC,826
CDH5,TGFB1,579
CDH5,THBS1,427
CDH5,TJP2,544
CDH5,TNXB,434
CDH5,VASP,559
CDH5,VCAM1,806
CDH5,VCL,975
CDH5,VIM,526
CDH5,VTN,503
CDH5,VWF,881
CDH5,WARS1,850
CDH5,ZYX,473
CDH6,COL15A1,426
CDH6,JUP,594
CDH6,LUM,415
CDH6,PCDH1,463
CDH6,SKP1,457
CDH6,ZYX,441
CDSN,CSTA,708
CDSN,DSC1,997
CDSN,DSC3,673
CDSN,DSG1,995
CDSN,DSP,514
CDSN,FLG,737
CDSN,FLG2,790
CDSN,HLA-A,489
CDSN,HLA-B,595
CDSN,HLA-C,845
CDSN,KRT16,593
CDSN,KRT17,504
CDSN,KRT6A,508
CDSN,KRT80,566
CDSN,MMRN1,424
CDSN,PKP1,631
CDSN,S100A7,509
CDSN,SBSN,452
CDSN,TGM1,800
CDSN,TGM3,711
CEACAM1,DPP4,446
CEACAM1,FN1,698
CEACAM1,HMGB1,680
CEACAM1,ICAM1,529
CEACAM1,ICAM3,511
CEACAM1,ITGA5,468
CEACAM1,ITGB1,473
CEACAM1,ITGB2,512
CEACAM1,ITGB3,606
CEACAM1,LGALS3,548
CEACAM1,MTDH,578
CEACAM1,PECAM1,520
CEACAM1,PTPN6,515
CEACAM1,PTPRB,415
CEACAM1,PVR,489
CEACAM1,S100A4,422
CEACAM1,SLC3A2,402
CEACAM1,SYK,567
CES1,CTSA,723
CES1,ESD,795
CES1,GUSB,981
CES1,HAGH,555
CES1,MGLL,808
CES1,MPO,939
CES1,PON1,516
CETP,CFB,567
CETP,CFH,588
CETP,CFI,459
CETP,CLU,887
CETP,F2,481
CETP,FETUB,566
CETP,HPR,815
CETP,LCAT,987
CETP,LDLR,552
CETP,LPA,932
CETP,LPL,940
CETP,ORM1,507
CETP,ORM2,504
CETP,PCSK9,782
CETP,PCYOX1,773
CETP,PLG,415
CETP,PLTP,851
CETP,PON1,968
CETP,PON3,466
CETP,SAA1,783
CETP,SAA2,763
CETP,SAA4,661
CETP,SOD2,432
CETP,VCAM1,430
CFB,CFD,997
CFB,CFH,961
CFB,CFHR1,921
CFB,CFHR2,631
CFB,CFHR3,945
CFB,CFHR4,815
CFB,CFHR5,822
CFB,CFI,970
CFB,CFP,992
CFB,CLU,693
CFB,CP,513
CFB,CPB2,423
CFB,CST3,474
CFB,CTSH,485
CFB,F13B,626
CFB,F2,537
CFB,FBLN5,531
CFB,FCN3,417
CFB,FGA,532
CFB,FGB,449
CFB,FGG,478
CFB,FN1,523
CFB,GC,412
CFB,GNAQ,422
CFB,HLA-A,616
CFB,HLA-B,623
CFB,HPX,504
CFB,HTRA1,556
CFB,KNG1,404
CFB,LRG1,452
CFB,MBL2,685
CFB,NME2,460
CFB,ORM1,413
CFB,SAA1,443
CFB,SAA2,418
CFB,SERPINA1,725
CFB,SERPINA3,528
CFB,SERPINA5,425
CFB,SERPIND1,487
CFB,SERPINF2,409
CFB,SERPING1,880
CFB,TNXB,515
CFB,VTN,568
CFB,VWF,421
CFD,CFH,499
CFD,CFP,845
CFD,CST3,448
CFD,ITLN1,501
CFD,LCN2,400
CFD,LPL,583
CFD,MBL2,457
CFD,PLIN1,553
CFD,RARRES2,516
CFD,RETN,905
CFD,SERPINA1,529
CFD,SERPINA3,474
CFD,SERPINE1,556
CFD,SERPING1,407
CFD,SPP1,406
CFH,CFHR1,910
CFH,CFHR3,876
CFH,CFHR4,634
CFH,CFI,999
CFH,CFP,873
CFH,CLU,633
CFH,CNDP2,547
CFH,COL6A2,431
CFH,COLEC10,592
CFH,COLEC11,682
CFH,CP,616
CFH,CPB2,668
CFH,ECM1,517
CFH,EFEMP1,786
CFH,F10,611
CFH,F11,613
CFH,F12,633
CFH,F2,703
CFH,F5,736
CFH,F7,594
CFH,F8,661
CFH,F9,632
CFH,FBLN1,526
CFH,FBLN5,578
CFH,FCN1,725
CFH,FCN2,734
CFH,FCN3,749
CFH,FGA,412
CFH,FGG,596
CFH,FN1,587
CFH,HP,727
CFH,HPX,409
CFH,HTRA1,781
CFH,KLKB1,789
CFH,MASP1,778
CFH,MASP2,776
CFH,MBL2,839
CFH,MMP2,543
CFH,PCOLCE,461
CFH,PIGR,506
CFH,PLG,634
CFH,PROC,593
CFH,PTX3,913
CFH,SELL,587
CFH,SELP,459
CFH,SERPINA1,651
CFH,SERPINF1,427
CFH,SERPING1,722
CFH,SPP1,703
CFH,TGFBI,464
CFH,THBS1,441
CFH,TTR,618
CFH,VSIG4,581
CFH,VTN,934
CFH,VWF,475
CFHR1,CFHR2,890
CFHR1,CFHR3,898
CFHR1,CFHR4,647
CFHR1,CFHR5,746
CFHR1,CFI,861
CFHR1,CFP,717
CFHR1,CLU,447
CFHR1,CNDP2,468
CFHR1,CST3,426
CFHR1,CYFIP1,511
CFHR1,DLD,420
CFHR1,FBLN5,536
CFHR1,FCN2,465
CFHR1,FCN3,420
CFHR1,HP,490
CFHR1,MASP1,448
CFHR1,MASP2,544
CFHR1,MBL2,565
CFHR1,PLG,692
CFHR1,PON1,514
CFHR1,PTX3,638
CFHR1,SERPING1,541
CFHR1,VTN,603
CFHR2,CFHR3,571
CFHR2,CFHR4,647
CFHR2,CFHR5,805
CFHR2,CFI,665
CFHR2,CFP,639
CFHR2,CNDP2,547
CFHR2,F13B,433
CFHR2,F9,449
CFHR2,MASP2,434
CFHR2,MBL2,441
CFHR3,CFHR4,752
CFHR3,CFHR5,769
CFHR3,CFI,889
CFHR3,CFP,592
CFHR3,CNDP2,489
CFHR3,CST3,439
CFHR3,CYFIP1,487
CFHR3,FBLN5,526
CFHR3,FCN2,453
CFHR3,HP,409
CFHR3,MASP2,442
CFHR3,MBL2,413
CFHR4,CFHR5,814
CFHR4,CFI,642
CFHR4,CFP,742
CFHR4,CNDP2,547
CFHR4,F13B,455
CFHR4,FCN2,400
CFHR4,MASP2,448
CFHR4,MBL2,480
CFHR4,SERPINA3,413
CFHR5,CFI,704
CFHR5,CFP,647
CFHR5,CNDP2,544
CFHR5,F13B,556
CFHR5,F9,810
CFHR5,FCN1,463
CFHR5,FCN2,542
CFHR5,FGA,691
CFHR5,FGB,455
CFHR5,FGG,469
CFHR5,HRG,474
CFHR5,LBP,429
CFHR5,MASP1,455
CFHR5,MASP2,577
CFHR5,MBL2,549
CFHR5,PTX3,916
CFHR5,SAA1,435
CFHR5,SERPINF2,457
CFHR5,SERPING1,447
CFHR5,SPP2,402
CFHR5,VTN,530
CFI,CFP,736
CFI,CLU,496
CFI,COLEC10,578
CFI,COLEC11,627
CFI,CP,443
CFI,CPB2,526
CFI,ECM1,474
CFI,F10,690
CFI,F11,666
CFI,F12,683
CFI,F2,773
CFI,F5,630
CFI,F7,659
CFI,F8,574
CFI,F9,673
CFI,FCN1,617
CFI,FCN2,663
CFI,FCN3,700
CFI,FGA,596
CFI,FGB,480
CFI,FGG,515
CFI,GC,407
CFI,HABP2,442
CFI,HPX,489
CFI,HRG,462
CFI,ITIH3,420
CFI,KLKB1,674
CFI,KNG1,455
CFI,MASP1,647
CFI,MASP2,690
CFI,MBL2,811
CFI,ORM2,465
CFI,PGLYRP2,505
CFI,PLG,406
CFI,PROC,684
CFI,SERPINA1,584
CFI,SERPINA10,537
CFI,SERPINA3,609
CFI,SERPIND1,700
CFI,SERPINF2,490
CFI,SERPING1,634
CFI,VDAC1,408
CFI,VTN,505
CFL1,CMIP,472
CFL1,COPE,402
CFL1,CORO1A,860
CFL1,CORO1B,644
CFL1,CORO1C,556
CFL1,COTL1,582
CFL1,CST3,431
CFL1,CTTN,996
CFL1,DBN1,734
CFL1,DBNL,621
CFL1,DIAPH1,610
CFL1,DPYSL2,434
CFL1,DSTN,637
CFL1,DYNLL1,433
CFL1,EIF5A,522
CFL1,ENO1,755
CFL1,FLNA,916
CFL1,FN1,521
CFL1,GAPDH,772
CFL1,GC,510
CFL1,GMFG,534
CFL1,GRB2,687
CFL1,HNRNPK,533
CFL1,HSP90AA1,688
CFL1,HSP90AB1,688
CFL1,HSPA4,442
CFL1,HSPA5,568
CFL1,HSPA8,472
CFL1,HSPA9,634
CFL1,HSPB1,606
CFL1,ICAM1,545
CFL1,ILK,527
CFL1,INF2,462
CFL1,ITIH4,600
CFL1,KALRN,405
CFL1,LAMTOR1,432
CFL1,LCP1,631
CFL1,LMNA,436
CFL1,MAPK1,580
CFL1,MMP2,551
CFL1,MMP9,590
CFL1,MSN,769
CFL1,MYH9,586
CFL1,MYL6,838
CFL1,MYL9,483
CFL1,NEXN,476
CFL1,NME1,427
CFL1,NTRK2,414
CFL1,PARK7,504
CFL1,PFN1,994
CFL1,PGK1,483
CFL1,PLEK,432
CFL1,PPP1CA,482
CFL1,PPP1R12A,550
CFL1,PRDX5,602
CFL1,PRNP,601
CFL1,RAB6A,420
CFL1,RAB7A,452
CFL1,RAC2,560
CFL1,RHOA,962
CFL1,RHOC,797
CFL1,RHOG,545
CFL1,ROCK2,876
CFL1,RTN4,480
CFL1,SEPTIN2,403
CFL1,SEPTIN7,578
CFL1,SH3BGRL3,606
CFL1,SPTA1,404
CFL1,SPTAN1,513
CFL1,SRC,847
CFL1,TAGLN2,716
CFL1,TCP1,447
CFL1,TGFB1,617
CFL1,TLN1,687
CFL1,TMOD3,568
CFL1,TMSB4X,737
CFL1,TPI1,755
CFL1,TPM1,524
CFL1,TPM2,455
CFL1,TPM3,750
CFL1,TPM4,630
CFL1,TUBA1A,408
CFL1,TUBA1C,464
CFL1,TUBB,517
CFL1,TUBB4B,414
CFL1,TWF2,760
CFL1,VASP,881
CFL1,VCL,833
CFL1,VCP,405
CFL1,WAS,888
CFL1,WASF2,611
CFL1,WDR1,994
CFL1,WIPF1,845
CFL1,YWHAB,688
CFL1,YWHAE,723
CFL1,YWHAG,579
CFL1,YWHAQ,422
CFL1,YWHAZ,888
CFL1,ZYX,522
CFP,CLU,717
CFP,COLEC11,548
CFP,COMP,748
CFP,EFEMP2,582
CFP,ELANE,469
CFP,F12,496
CFP,F9,521
CFP,FBLN1,677
CFP,FBLN5,473
CFP,FCER1G,404
CFP,FCN1,809
CFP,FCN2,698
CFP,FCN3,640
CFP,HABP2,418
CFP,HP,427
CFP,ITGB2,415
CFP,MASP1,704
CFP,MASP2,707
CFP,MBL2,780
CFP,MPO,718
CFP,PLG,431
CFP,PTX3,577
CFP,SERPING1,774
CFP,THBS3,482
CFP,TIMP1,490
CFP,VSIG4,532
CFP,VTN,522
CHCHD3,COX4I1,588
CHCHD3,COX5A,698
CHCHD3,CYC1,673
CHCHD3,DLD,418
CHCHD3,DNM1L,736
CHCHD3,HSPA4,437
CHCHD3,HSPA9,841
CHCHD3,HSPD1,604
CHCHD3,NDUFS3,865
CHCHD3,NDUFS8,635
CHCHD3,UQCRB,408
CHCHD3,UQCRC1,492
CHCHD3,UQCRC2,811
CHCHD3,UQCRFS1,435
CHCHD3,VDAC1,568
CHCHD3,VDAC2,485
CHGA,DBH,554
CHGA,ENO2,941
CHGA,FGA,412
CHGA,GAPDH,412
CHGA,KRT19,597
CHGA,KRT5,605
CHGA,KRT8,572
CHGA,NCAM1,830
CHGA,PLG,666
CHGA,PTPRC,434
CHGA,TGFB1,460
CHGA,TKFC,573
CHGA,VTN,408
CHL1,HSPA8,905
CHL1,ITGA2,500
CHL1,ITGB1,527
CHL1,NRP1,949
CHL1,PTPN6,400
CHL1,PTPRG,603
CHL1,SPTBN1,527
CHMP4B,CHMP5,972
CHMP4B,CLTC,418
CHMP4B,EIF6,502
CHMP4B,FLOT1,474
CHMP4B,FLOT2,512
CHMP4B,HSPA8,495
CHMP4B,IST1,917
CHMP4B,PARK7,584
CHMP4B,PDCD6,549
CHMP4B,PDCD6IP,998
CHMP4B,PLIN3,511
CHMP4B,TSG101,968
CHMP4B,TUBA1A,507
CHMP4B,TUBA1C,529
CHMP4B,TUBA4A,504
CHMP4B,TUBA8,499
CHMP4B,TUBB1,499
CHMP4B,TUBB4B,520
CHMP4B,VPS37B,937
CHMP4B,VPS4A,952
CHMP4B,VPS4B,936
CHMP4B,VTA1,851
CHMP5,IST1,998
CHMP5,PDCD10,476
CHMP5,PDCD6IP,806
CHMP5,PSMA4,558
CHMP5,TSG101,927
CHMP5,VAPA,418
CHMP5,VPS37B,800
CHMP5,VPS4A,998
CHMP5,VPS4B,998
CHMP5,VTA1,999
CIAO1,CIAO2A,999
CIAO1,GLRX3,765
CIAO1,UQCRC2,401
CIAO2A,GLRX3,443
CILP,COL1A1,461
CILP,COMP,654
CILP,CRTAC1,466
CILP,DPT,515
CILP,EFEMP1,456
CILP,FBLN1,412
CILP,FN1,504
CILP,HLA-DRA,811
CILP,ITGBL1,517
CILP,LUM,602
CILP,MFAP5,531
CILP,MGP,438
CILP,MMP2,526
CILP,MMP9,490
CILP,OGN,538
CILP,OMD,413
CILP,POSTN,426
CILP,PRG4,532
CILP,TGFB1,451
CILP,THBS2,667
CILP,THBS4,676
CISD2,COX4I1,492
CISD2,CYC1,514
CISD2,FIS1,448
CISD2,NDUFA2,426
CISD2,NDUFA5,458
CISD2,NDUFS3,446
CISD2,NDUFS8,488
CISD2,UQCRB,456
CISD2,UQCRFS1,470
CISD2,VDAC1,444
CISD2,VDAC2,427
CISD2,VDAC3,421
CLEC11A,CSF1,705
CLEC11A,CSF1R,585
CLEC11A,CXCL12,404
CLEC11A,MIF,454
CLEC11A,PDGFRB,606
CLEC3B,COL14A1,450
CLEC3B,DPT,516
CLEC3B,ECM1,624
CLEC3B,ENG,492
CLEC3B,ENO1,762
CLEC3B,FAM3C,423
CLEC3B,FCN3,580
CLEC3B,FN1,522
CLEC3B,HRG,422
CLEC3B,IGFBP6,408
CLEC3B,ITIH3,535
CLEC3B,ITIH4,532
CLEC3B,LGALS3BP,474
CLEC3B,LUM,407
CLEC3B,MFAP4,418
CLEC3B,ORM1,507
CLEC3B,PI16,494
CLEC3B,PLG,996
CLEC3B,PON1,509
CLEC3B,RARRES2,421
CLEC3B,SELENOP,729
CLEC3B,SERPINA4,682
CLEC3B,SERPINF1,487
CLEC3B,SPP2,599
CLEC3B,THBS1,589
CLIC1,ENO1,429
CLIC1,GLRX,422
CLIC1,GSTO1,534
CLIC1,LSM1,645
CLIC1,PRDX6,430
CLIC1,PSME1,411
CLIC1,TPI1,402
CLIC4,CRKL,475
CLIC4,ELANE,434
CLIC4,ILK,454
CLIC4,PPM1A,751
CLIC4,TGFB1,460
CLIC4,YWHAE,411
CLIC4,YWHAG,428
CLIP1,CPN1,655
CLIP1,CSNK2B,588
CLIP1,CTTN,577
CLIP1,DCTN1,999
CLIP1,DCTN2,785
CLIP1,HOOK3,648
CLIP1,IGF2R,434
CLIP1,IQGAP2,797
CLIP1,KIF5B,489
CLIP1,MACF1,776
CLIP1,MAPRE1,989
CLIP1,MAPRE2,747
CLIP1,PDIA3,430
CLIP1,PSMC2,473
CLIP1,RAB5B,437
CLIP1,RHOA,478
CLIP1,SH3GL1,422
CLIP1,TFRC,455
CLIP1,TUBA1A,972
CLIP1,TUBA4A,504
CLIP1,TUBA8,554
CLIP1,TUBB,702
CLIP1,TUBB1,514
CLNS1A,DBN1,426
CLNS1A,ESYT2,447
CLNS1A,HSD17B10,443
CLNS1A,LSM1,494
CLNS1A,LSM2,869
CLNS1A,LSM3,881
CLNS1A,STRAP,548
CLNS1A,WDR77,999
CLSTN1,FBLN5,417
CLSTN1,FN1,474
CLSTN1,ITGAV,441
CLSTN1,KLC1,981
CLSTN1,PRNP,593
CLSTN1,TTR,408
CLTA,CLTC,999
CLTA,CTTN,502
CLTA,EFNB1,499
CLTA,EPS15,835
CLTA,FTH1,507
CLTA,FTL,534
CLTA,GRB2,540
CLTA,HLA-DRA,501
CLTA,HSPA8,732
CLTA,IGF2R,635
CLTA,L1CAM,568
CLTA,LDLR,516
CLTA,M6PR,511
CLTA,MAPK1,542
CLTA,MSN,508
CLTA,NAPA,514
CLTA,PCSK9,534
CLTA,PPP1CA,676
CLTA,RAB10,492
CLTA,RAB5C,658
CLTA,SH3GL1,540
CLTA,SNAPIN,507
CLTA,SNX2,552
CLTA,TFRC,672
CLTA,TGOLN2,509
CLTA,TXNDC5,526
CLTA,VAMP3,661
CLTA,VAMP7,599
CLTA,VAMP8,602
CLTA,VCP,460
CLTA,WAS,488
CLTA,YWHAB,681
CLTC,COPB2,747
CLTC,COPE,455
CLTC,COPG1,475
CLTC,DAG1,427
CLTC,DCTN1,664
CLTC,DNM1L,661
CLTC,EEF1G,607
CLTC,EEF2,408
CLTC,EFNB1,571
CLTC,EHD1,587
CLTC,EPS15,974
CLTC,FLOT1,504
CLTC,FLOT2,415
CLTC,FN1,575
CLTC,FTH1,545
CLTC,FTL,516
CLTC,GAPDH,614
CLTC,GRB2,670
CLTC,GUSB,491
CLTC,HLA-DRA,499
CLTC,HSP90AA1,420
CLTC,HSP90AB1,404
CLTC,HSP90B1,508
CLTC,HSPA4,757
CLTC,HSPA8,883
CLTC,HSPA9,579
CLTC,IGF2R,667
CLTC,KIF5B,737
CLTC,KLC1,656
CLTC,KPNB1,652
CLTC,L1CAM,499
CLTC,LAMP1,567
CLTC,LDLR,578
CLTC,M6PR,626
CLTC,MAPK1,606
CLTC,MSN,674
CLTC,MYH9,622
CLTC,NAPA,593
CLTC,P4HB,502
CLTC,PAFAH1B2,604
CLTC,PCSK9,633
CLTC,PDCD6IP,482
CLTC,PGK1,481
CLTC,PRKAR1A,609
CLTC,PSAP,449
CLTC,RAB10,471
CLTC,RAB1A,404
CLTC,RAB5B,546
CLTC,RAB5C,732
CLTC,RAB6A,512
CLTC,RAB7A,542
CLTC,RAB8A,567
CLTC,RHOA,474
CLTC,SEC13,434
CLTC,SEC31A,808
CLTC,SH3GL1,696
CLTC,SNAPIN,551
CLTC,SNCA,424
CLTC,SNX2,698
CLTC,SORL1,441
CLTC,SRC,524
CLTC,STON2,513
CLTC,STRN,566
CLTC,TFRC,840
CLTC,TGOLN2,735
CLTC,TOLLIP,464
CLTC,TPM3,745
CLTC,TPM4,737
CLTC,TSG101,450
CLTC,TUBA1C,481
CLTC,TUBB,565
CLTC,TXNDC5,549
CLTC,UBA1,529
CLTC,VAMP3,762
CLTC,VAMP7,696
CLTC,VAMP8,644
CLTC,VCL,821
CLTC,VCP,621
CLTC,VPS29,416
CLTC,WAS,544
CLTC,YWHAB,560
CLTC,YWHAE,563
CLTC,YWHAG,409
CLTC,YWHAZ,554
CLU,CP,794
CLU,CST3,766
CLU,ELOB,447
CLU,ELOC,430
CLU,FBN1,607
CLU,FGA,596
CLU,FGB,659
CLU,FN1,802
CLU,GAPDH,579
CLU,GC,745
CLU,GOLM1,530
CLU,GPC1,430
CLU,GPX3,597
CLU,GRN,563
CLU,HP,804
CLU,HPR,851
CLU,HPX,743
CLU,HSP90AA1,557
CLU,HSP90B1,543
CLU,HSPA5,874
CLU,HSPB1,464
CLU,HSPD1,407
CLU,HSPG2,470
CLU,HYOU1,413
CLU,IGFBP3,598
CLU,ITIH1,534
CLU,ITIH2,571
CLU,KNG1,473
CLU,LCAT,891
CLU,LCN2,625
CLU,LDLR,598
CLU,LGALS3,626
CLU,LGALS3BP,616
CLU,LPA,806
CLU,LPL,773
CLU,LRP1,715
CLU,LTBP1,622
CLU,LTBP2,704
CLU,MASP1,426
CLU,MASP2,410
CLU,MBL2,410
CLU,MMP9,718
CLU,NID1,466
CLU,ORM1,854
CLU,ORM2,699
CLU,PCYOX1,817
CLU,PIP,510
CLU,PLG,523
CLU,PLTP,894
CLU,PLXNA4,802
CLU,PON1,996
CLU,PON3,734
CLU,PRNP,613
CLU,PTGDS,496
CLU,RBX1,438
CLU,RETN,454
CLU,SAA1,720
CLU,SAA2,705
CLU,SAA4,706
CLU,SBSN,480
CLU,SERPINA1,896
CLU,SERPINA3,648
CLU,SERPINF1,658
CLU,SERPING1,721
CLU,SHBG,601
CLU,SNCA,861
CLU,SORL1,862
CLU,SPARC,589
CLU,SPARCL1,460
CLU,SPP1,730
CLU,TGFB1,745
CLU,THBS1,600
CLU,TIMP1,444
CLU,TTR,885
CLU,TUBA1A,492
CLU,TUBA4A,453
CLU,VCAM1,551
CLU,VDAC1,507
CLU,VTN,962
CMIP,FLNA,907
CMIP,GNPTG,483
CMIP,ITIH4,432
CMIP,PEPD,416
CMPK1,DCK,745
CMPK1,EEF2,512
CMPK1,ENO1,759
CMPK1,FUCA1,691
CMPK1,NME1,434
CMPK1,NME2,497
CMPK1,PEBP1,502
CMPK1,PGD,718
CMPK1,PGM1,706
CMPK1,PNP,474
CMPK1,PPA2,516
CMPK1,RAB6A,572
CMPK1,RPLP0,479
CMPK1,SPP2,439
CMPK1,TPI1,403
CMTM5,GP9,437
CMTM5,ITGA2B,575
CMTM5,MTURN,438
CMTM5,TREML1,798
CNDP1,CNDP2,964
CNDP1,CPVL,513
CNDP1,DPYSL2,430
CNDP1,PEPD,631
CNDP1,TTR,415
CNDP2,DPYSL2,447
CNDP2,ESD,479
CNDP2,F13B,713
CNDP2,LAP3,495
CNDP2,LTA4H,430
CNDP2,PDIA5,444
CNDP2,PEPD,720
CNDP2,PGM1,513
CNDP2,RAB11B,445
CNDP2,SERPINB1,400
CNN2,FLNA,560
CNN2,ILK,401
CNN2,LCP1,401
CNN2,MYH9,533
CNN2,MYL9,498
CNN2,TPM1,684
CNN2,TPM2,452
CNN2,TPM4,507
CNN2,TUBA1A,420
CNN2,TUBA1C,417
CNN2,TUBA4A,405
CNN2,TUBB,421
CNN2,VASP,524
CNN2,VCL,711
CNN2,WDR1,541
CNN2,ZYX,759
CNP,CSPG4,482
CNP,GAPDH,418
CNP,GSTO1,420
CNP,HSPA4,440
CNP,NDUFA2,524
CNP,NDUFA5,527
CNP,NDUFS3,510
CNP,NDUFS8,489
CNP,PPIF,503
CNPY2,HSP90B1,431
CNPY2,HSPA5,605
CNPY2,PDIA5,407
CNPY2,PDIA6,416
CNPY2,PSAP,752
CNST,PPP1CA,785
CNST,SORL1,485
COL12A1,COL14A1,772
COL12A1,COL15A1,608
COL12A1,COL18A1,528
COL12A1,COL1A1,836
COL12A1,COL6A1,781
COL12A1,COL6A2,793
COL12A1,COL6A3,788
COL12A1,COMP,533
COL12A1,EFEMP1,513
COL12A1,FBLN1,469
COL12A1,FBN1,667
COL12A1,FGB,474
COL12A1,FN1,447
COL12A1,FSTL1,453
COL12A1,HSPG2,408
COL12A1,ITGA2,505
COL12A1,ITGB1,550
COL12A1,ITGBL1,441
COL12A1,LAMA2,767
COL12A1,LAMA4,589
COL12A1,LAMB1,715
COL12A1,LAMC1,721
COL12A1,LTBP2,474
COL12A1,LUM,769
COL12A1,MMP2,763
COL12A1,MMP9,501
COL12A1,NID1,418
COL12A1,NID2,468
COL12A1,OGN,409
COL12A1,ORM1,412
COL12A1,P3H1,543
COL12A1,P4HB,526
COL12A1,PCOLCE,593
COL12A1,POSTN,669
COL12A1,PPIB,547
COL12A1,TGFBI,462
COL12A1,THBS1,529
COL12A1,THBS2,733
COL12A1,VCAN,637
COL14A1,COL15A1,779
COL14A1,COL18A1,520
COL14A1,COL1A1,783
COL14A1,COL6A1,768
COL14A1,COL6A2,799
COL14A1,COL6A3,607
COL14A1,CTSC,406
COL14A1,CXCL12,403
COL14A1,DPT,454
COL14A1,FBLN1,596
COL14A1,FBLN2,438
COL14A1,FBLN5,420
COL14A1,FBN1,522
COL14A1,FN1,740
COL14A1,ICAM1,574
COL14A1,ITGBL1,513
COL14A1,LAMA2,535
COL14A1,LAMA4,543
COL14A1,LAMB1,624
COL14A1,LAMC1,646
COL14A1,LUM,726
COL14A1,MFAP4,710
COL14A1,MMP2,530
COL14A1,MMP9,854
COL14A1,NID1,596
COL14A1,NID2,438
COL14A1,OGN,782
COL14A1,P3H1,555
COL14A1,P4HB,532
COL14A1,PCOLCE,465
COL14A1,PI16,424
COL14A1,POSTN,559
COL14A1,PPIB,546
COL14A1,THBS2,505
COL14A1,THBS4,411
COL14A1,VCAM1,538
COL15A1,COL18A1,904
COL15A1,COL1A1,713
COL15A1,COL6A1,760
COL15A1,COL6A2,777
COL15A1,COL6A3,689
COL15A1,COLEC10,486
COL15A1,CTSB,597
COL15A1,CTSL,411
COL15A1,CTSS,440
COL15A1,ECM1,400
COL15A1,FBLN1,449
COL15A1,FBLN2,525
COL15A1,FBN1,535
COL15A1,FCN2,442
COL15A1,FCN3,463
COL15A1,FN1,567
COL15A1,GPC1,760
COL15A1,HSPG2,517
COL15A1,ISLR,403
COL15A1,ITGB1,479
COL15A1,ITGB3,494
COL15A1,LAMA2,476
COL15A1,LAMA4,582
COL15A1,LAMB1,631
COL15A1,LAMC1,626
COL15A1,LUM,594
COL15A1,MMP2,554
COL15A1,MMP9,525
COL15A1,NID1,633
COL15A1,NID2,545
COL15A1,OGN,408
COL15A1,P3H1,608
COL15A1,P4HB,504
COL15A1,PCOLCE,453
COL15A1,POSTN,473
COL15A1,PPIB,501
COL15A1,THBS2,612
COL15A1,VTN,583
COL18A1,COL1A1,724
COL18A1,COL6A1,848
COL18A1,COL6A2,718
COL18A1,COL6A3,539
COL18A1,CTSB,530
COL18A1,CTSL,614
COL18A1,CTSS,612
COL18A1,CXCL12,444
COL18A1,EFEMP1,530
COL18A1,EFEMP2,490
COL18A1,ENG,471
COL18A1,FBLN1,478
COL18A1,FBLN2,663
COL18A1,FBLN5,616
COL18A1,FN1,838
COL18A1,GPC1,968
COL18A1,GPNMB,657
COL18A1,HSPG2,894
COL18A1,IGFBP2,406
COL18A1,IGFBP3,649
COL18A1,ITGA2,535
COL18A1,ITGA5,825
COL18A1,ITGA6,461
COL18A1,ITGAV,713
COL18A1,ITGB1,863
COL18A1,ITGB3,642
COL18A1,LAMB1,700
COL18A1,LAMC1,793
COL18A1,LUM,402
COL18A1,MMP2,960
COL18A1,MMP9,920
COL18A1,NID1,607
COL18A1,NID2,686
COL18A1,P3H1,613
COL18A1,P4HB,554
COL18A1,PCOLCE,600
COL18A1,PDGFRB,405
COL18A1,PECAM1,555
COL18A1,PF4,671
COL18A1,PF4V1,653
COL18A1,PLEC,445
COL18A1,PLG,889
COL18A1,POSTN,414
COL18A1,PPIB,499
COL18A1,SDC1,473
COL18A1,SERPINE1,438
COL18A1,SERPINF1,672
COL18A1,SERPING1,433
COL18A1,SPARC,757
COL18A1,TGFB1,464
COL18A1,THBS1,864
COL18A1,THBS2,551
COL18A1,TIMP1,541
COL18A1,TPM1,421
COL18A1,VTN,752
COL18A1,VWF,479
COL1A1,COL6A1,969
COL1A1,COL6A2,954
COL1A1,COL6A3,974
COL1A1,COMP,636
COL1A1,CSPG4,447
COL1A1,CTSC,457
COL1A1,CXCL12,599
COL1A1,DPT,429
COL1A1,EFEMP1,638
COL1A1,EFEMP2,519
COL1A1,ENG,500
COL1A1,ESAM,547
COL1A1,FAP,573
COL1A1,FBLN1,694
COL1A1,FBLN2,553
COL1A1,FBLN5,558
COL1A1,FBN1,929
COL1A1,FCER1G,406
COL1A1,FGB,420
COL1A1,FN1,974
COL1A1,FSTL1,658
COL1A1,GAPDH,740
COL1A1,GP6,943
COL1A1,HLA-DRA,438
COL1A1,HPRT1,451
COL1A1,HSP90AB1,469
COL1A1,HSPG2,534
COL1A1,HTRA1,440
COL1A1,IGFBP3,750
COL1A1,IGFBP5,526
COL1A1,ISLR,677
COL1A1,ITGA2,983
COL1A1,ITGA2B,718
COL1A1,ITGA5,944
COL1A1,ITGA6,771
COL1A1,ITGAV,874
COL1A1,ITGB1,984
COL1A1,ITGB3,932
COL1A1,ITGBL1,433
COL1A1,ITIH2,414
COL1A1,KRT14,404
COL1A1,KRT19,525
COL1A1,LAMA2,508
COL1A1,LAMA4,612
COL1A1,LAMB1,734
COL1A1,LAMC1,770
COL1A1,LGALS3,422
COL1A1,LTBP1,499
COL1A1,LTBP2,543
COL1A1,LUM,981
COL1A1,MCAM,602
COL1A1,MFAP2,421
COL1A1,MFAP4,682
COL1A1,MFAP5,676
COL1A1,MGP,552
COL1A1,MIA3,581
COL1A1,MMP2,828
COL1A1,MMP9,840
COL1A1,MPO,472
COL1A1,MYL9,517
COL1A1,MYLK,460
COL1A1,NID1,739
COL1A1,NID2,643
COL1A1,NOTCH3,476
COL1A1,OGN,528
COL1A1,P3H1,945
COL1A1,P4HB,763
COL1A1,PCOLCE,813
COL1A1,PDGFRB,831
COL1A1,PECAM1,624
COL1A1,PI16,420
COL1A1,POSTN,903
COL1A1,PPIB,893
COL1A1,PRG4,408
COL1A1,PTPRC,584
COL1A1,RCN1,403
COL1A1,RHOC,491
COL1A1,S100A4,553
COL1A1,SDC1,815
COL1A1,SDC4,745
COL1A1,SERPINE1,643
COL1A1,SERPINF1,602
COL1A1,SPARC,968
COL1A1,SPP1,747
COL1A1,SPTAN1,427
COL1A1,TGFB1,802
COL1A1,TGFBI,716
COL1A1,THBS1,896
COL1A1,THBS2,828
COL1A1,THBS3,400
COL1A1,THBS4,477
COL1A1,TIMP1,842
COL1A1,TNXB,464
COL1A1,TPM2,633
COL1A1,VCAM1,441
COL1A1,VCAN,585
COL1A1,VIM,778
COL1A1,VTN,422
COL1A1,VWF,877
COL6A1,COL6A2,998
COL6A1,COL6A3,994
COL6A1,COLEC11,522
COL6A1,COMP,426
COL6A1,CSPG4,435
COL6A1,CTSB,412
COL6A1,ECM1,440
COL6A1,EFEMP1,457
COL6A1,EFEMP2,543
COL6A1,FBLN1,738
COL6A1,FBLN2,586
COL6A1,FBLN5,443
COL6A1,FBN1,743
COL6A1,FN1,780
COL6A1,FSTL1,436
COL6A1,GP6,931
COL6A1,HSPG2,493
COL6A1,ITGA2,857
COL6A1,ITGA2B,672
COL6A1,ITGA5,922
COL6A1,ITGA6,771
COL6A1,ITGAV,885
COL6A1,ITGB1,776
COL6A1,ITGB2,533
COL6A1,ITGB3,844
COL6A1,LAMA2,762
COL6A1,LAMA4,743
COL6A1,LAMB1,843
COL6A1,LAMB2,598
COL6A1,LAMC1,690
COL6A1,LTBP1,401
COL6A1,LTBP2,532
COL6A1,LUM,695
COL6A1,MMP2,695
COL6A1,MMP9,672
COL6A1,NCAM1,580
COL6A1,NID1,709
COL6A1,NID2,519
COL6A1,OGN,527
COL6A1,P3H1,744
COL6A1,P4HB,606
COL6A1,PCOLCE,779
COL6A1,PDGFRB,460
COL6A1,POSTN,677
COL6A1,PPIB,579
COL6A1,PPIF,649
COL6A1,SDC1,699
COL6A1,SDC4,714
COL6A1,SPARC,647
COL6A1,SPP1,567
COL6A1,TGFB1,401
COL6A1,TGFBI,575
COL6A1,THBS1,778
COL6A1,THBS2,756
COL6A1,THBS3,661
COL6A1,THBS4,819
COL6A1,TIMP1,430
COL6A1,TNXB,725
COL6A1,TPM2,405
COL6A1,VIM,633
COL6A1,VWF,441
COL6A2,COL6A3,994
COL6A2,CSPG4,409
COL6A2,ECM1,405
COL6A2,EFEMP1,445
COL6A2,EFEMP2,595
COL6A2,FBLN1,663
COL6A2,FBLN2,688
COL6A2,FBLN5,446
COL6A2,FBN1,750
COL6A2,FLNA,446
COL6A2,FN1,802
COL6A2,FSTL1,409
COL6A2,GP6,912
COL6A2,HSPG2,530
COL6A2,ICAM1,640
COL6A2,ISLR,459
COL6A2,ITGA2,818
COL6A2,ITGA2B,711
COL6A2,ITGA5,892
COL6A2,ITGA6,781
COL6A2,ITGAV,758
COL6A2,ITGB1,817
COL6A2,ITGB2,470
COL6A2,ITGB3,831
COL6A2,LAMA2,668
COL6A2,LAMA4,615
COL6A2,LAMB1,842
COL6A2,LAMB2,569
COL6A2,LAMC1,683
COL6A2,LMNA,403
COL6A2,LTBP1,427
COL6A2,LTBP2,551
COL6A2,LTBP4,449
COL6A2,LUM,702
COL6A2,MFAP2,420
COL6A2,MFAP4,417
COL6A2,MFAP5,490
COL6A2,MMP2,642
COL6A2,MMP9,665
COL6A2,NCAM1,577
COL6A2,NID1,716
COL6A2,NID2,503
COL6A2,OGN,421
COL6A2,P3H1,691
COL6A2,P4HB,572
COL6A2,PCOLCE,833
COL6A2,PDGFRB,597
COL6A2,POSTN,625
COL6A2,PPIB,596
COL6A2,PPIF,450
COL6A2,SDC1,701
COL6A2,SDC4,702
COL6A2,SPARC,571
COL6A2,SPP1,507
COL6A2,TGFBI,543
COL6A2,THBS1,784
COL6A2,THBS2,754
COL6A2,THBS3,634
COL6A2,THBS4,583
COL6A2,TNXB,654
COL6A2,VCAM1,501
COL6A2,VIM,590
COL6A3,EFEMP2,401
COL6A3,FBLN1,499
COL6A3,FBLN2,424
COL6A3,FBN1,786
COL6A3,FGB,438
COL6A3,FN1,736
COL6A3,FSTL1,419
COL6A3,GNG11,436
COL6A3,GP6,913
COL6A3,HLA-DRA,407
COL6A3,HSPG2,625
COL6A3,ITGA2,781
COL6A3,ITGA2B,696
COL6A3,ITGA5,870
COL6A3,ITGA6,725
COL6A3,ITGAV,743
COL6A3,ITGB1,859
COL6A3,ITGB3,829
COL6A3,ITGBL1,417
COL6A3,LAMA2,648
COL6A3,LAMA4,587
COL6A3,LAMB1,760
COL6A3,LAMC1,549
COL6A3,LTBP2,408
COL6A3,LUM,853
COL6A3,MMP2,494
COL6A3,MMP9,592
COL6A3,NCAM1,566
COL6A3,NID1,484
COL6A3,NID2,680
COL6A3,OGN,442
COL6A3,P3H1,706
COL6A3,P4HB,544
COL6A3,PCOLCE,654
COL6A3,PDGFRB,633
COL6A3,PODN,432
COL6A3,POSTN,819
COL6A3,PPIB,545
COL6A3,PPIF,411
COL6A3,SDC1,686
COL6A3,SDC4,696
COL6A3,SPARC,556
COL6A3,SPP1,529
COL6A3,TGFBI,489
COL6A3,THBS1,664
COL6A3,THBS2,799
COL6A3,THBS3,554
COL6A3,THBS4,581
COL6A3,TIMP1,447
COL6A3,TMSB4X,441
COL6A3,VCAN,671
COL6A3,VIM,597
COLEC10,COLEC11,993
COLEC10,F10,582
COLEC10,F11,594
COLEC10,F12,599
COLEC10,F2,632
COLEC10,F5,555
COLEC10,F7,581
COLEC10,F8,555
COLEC10,F9,609
COLEC10,FCGR3A,459
COLEC10,FCN1,809
COLEC10,FCN2,950
COLEC10,FCN3,940
COLEC10,KLKB1,594
COLEC10,MASP1,943
COLEC10,MASP2,965
COLEC10,MBL2,855
COLEC10,NUCB2,445
COLEC10,PROC,546
COLEC10,PTX3,448
COLEC11,F10,608
COLEC11,F11,601
COLEC11,F12,599
COLEC11,F2,622
COLEC11,F5,555
COLEC11,F7,556
COLEC11,F8,557
COLEC11,F9,600
COLEC11,FCN1,881
COLEC11,FCN2,874
COLEC11,FCN3,946
COLEC11,KLKB1,617
COLEC11,MASP1,980
COLEC11,MASP2,968
COLEC11,MBL2,942
COLEC11,PROC,585
COLEC11,SERPING1,471
COMP,ECM1,544
COMP,FGG,436
COMP,FN1,958
COMP,HSP90B1,403
COMP,HSPA5,463
COMP,HSPG2,438
COMP,IGFBP3,493
COMP,ITGA2,720
COMP,ITGA2B,902
COMP,ITGA5,710
COMP,ITGA6,683
COMP,ITGAV,911
COMP,ITGB1,923
COMP,ITGB3,945
COMP,ITGBL1,437
COMP,ITIH4,441
COMP,LGALS3,483
COMP,LRG1,449
COMP,LUM,586
COMP,MGP,418
COMP,MMP2,554
COMP,MMP9,445
COMP,OMD,529
COMP,P4HB,402
COMP,PDIA4,403
COMP,POSTN,501
COMP,PPP1CB,463
COMP,PRG4,719
COMP,RETN,422
COMP,SDC1,911
COMP,SDC4,918
COMP,SDF4,447
COMP,SPARC,404
COMP,SPP1,432
COMP,STIM1,483
COMP,TGFB1,650
COMP,THBS1,449
COMP,THBS3,660
COMP,THBS4,856
COMP,TNC,426
COMP,TTR,468
COMP,VWF,494
COMT,CRKL,457
COMT,DBH,979
COMT,G6PD,502
COMT,GP1BB,545
COMT,GPX3,548
COMT,GSTO1,519
COMT,ITGB1,410
COMT,ITGB2,433
COMT,ITGB3,403
COMT,PARK7,402
COMT,PGD,672
COMT,RANBP1,544
COMT,SERPINE1,474
COMT,SNCA,575
COMT,SOD2,405
COMT,SULT1A1,604
COMT,TYMP,590
COPB2,COPE,999
COPB2,COPG1,999
COPB2,COPZ1,999
COPB2,DDB1,494
COPB2,EEF1G,776
COPB2,HSP90B1,453
COPB2,LMAN1,739
COPB2,MAN2A1,859
COPB2,NAPA,562
COPB2,NAPG,544
COPB2,PDIA4,514
COPB2,PDIA6,429
COPB2,PSMA5,402
COPB2,PSMD14,447
COPB2,RAB1A,683
COPB2,RAB1B,641
COPB2,SEC13,749
COPB2,SEC22B,786
COPB2,SEC31A,637
COPB2,TCP1,626
COPB2,TGOLN2,438
COPB2,TMED10,932
COPB2,TMED2,675
COPB2,TMED9,709
COPB2,TUBB4B,590
COPB2,UBA1,482
COPB2,VCP,455
COPB2,YWHAB,474
COPB2,YWHAE,598
COPB2,YWHAQ,450
COPE,COPG1,996
COPE,COPZ1,999
COPE,DLD,408
COPE,HSPA5,402
COPE,LMAN1,498
COPE,MYDGF,644
COPE,NAPA,693
COPE,NAPG,504
COPE,P4HB,436
COPE,PPIB,422
COPE,PPP1CA,495
COPE,PSMA1,473
COPE,PSMA2,414
COPE,PSMA6,531
COPE,PSMA7,532
COPE,RAB1A,596
COPE,RAB1B,636
COPE,SEC13,912
COPE,SEC22B,664
COPE,SEC31A,479
COPE,TCP1,548
COPE,TMED10,763
COPE,TMED2,565
COPE,TMED9,662
COPE,TUBB,444
COPE,TUBB4B,488
COPG1,COPZ1,998
COPG1,EEF2,461
COPG1,HSPA5,444
COPG1,NAPA,566
COPG1,NAPG,504
COPG1,PDIA6,407
COPG1,PPP2R1A,429
COPG1,RAB1A,713
COPG1,RAB1B,670
COPG1,SEC13,669
COPG1,SEC22B,732
COPG1,SEC31A,556
COPG1,SND1,664
COPG1,TMED10,914
COPG1,TMED2,629
COPG1,TMED9,667
COPS4,COPS5,999
COPS4,COPS6,999
COPS4,COPS7A,999
COPS4,COPS7B,999
COPS4,COPS8,999
COPS4,DDB1,940
COPS4,ELOB,880
COPS4,ELOC,865
COPS4,GRB2,903
COPS4,NDUFS8,438
COPS4,P4HB,520
COPS4,PDIA3,515
COPS4,PDIA6,491
COPS4,PSMA1,467
COPS4,PSMA2,555
COPS4,PSMA3,460
COPS4,PSMA4,408
COPS4,PSMA5,581
COPS4,PSMA6,454
COPS4,PSMB1,409
COPS4,PSMC5,493
COPS4,PSMC6,488
COPS4,PSMD14,789
COPS4,PSMD4,466
COPS4,PSMD7,758
COPS4,RBX1,993
COPS4,RUVBL1,506
COPS4,SKP1,569
COPS4,SNAPIN,508
COPS4,STON2,669
COPS4,SUGT1,490
COPS4,VDAC1,582
COPS4,VDAC2,596
COPS4,VDAC3,705
COPS5,COPS6,999
COPS5,COPS7A,999
COPS5,COPS7B,999
COPS5,COPS8,999
COPS5,CPNE3,616
COPS5,CTSA,474
COPS5,DDB1,963
COPS5,DDT,465
COPS5,EIF3I,867
COPS5,EIF3J,845
COPS5,EIF3K,924
COPS5,EIF5,471
COPS5,ELOB,873
COPS5,ELOC,960
COPS5,ETF1,451
COPS5,FABP5,400
COPS5,GAPDH,426
COPS5,GLRX3,673
COPS5,GRB2,917
COPS5,HSP90AA1,451
COPS5,HSP90AB1,545
COPS5,HSPA5,488
COPS5,IGF2R,480
COPS5,ITGB2,520
COPS5,LASP1,487
COPS5,MAPRE1,562
COPS5,MIF,976
COPS5,MINDY1,668
COPS5,NACA,430
COPS5,NDUFA5,537
COPS5,NRBP1,431
COPS5,OLA1,443
COPS5,OTUB1,647
COPS5,PARK7,440
COPS5,PCMT1,554
COPS5,PDHB,415
COPS5,PSMA1,653
COPS5,PSMA2,552
COPS5,PSMA3,505
COPS5,PSMA4,575
COPS5,PSMA5,447
COPS5,PSMA6,645
COPS5,PSMA7,409
COPS5,PSMB10,428
COPS5,PSMB4,632
COPS5,PSMB6,665
COPS5,PSMB7,413
COPS5,PSMB9,522
COPS5,PSMC1,795
COPS5,PSMC2,625
COPS5,PSMC3,498
COPS5,PSMC4,563
COPS5,PSMC5,620
COPS5,PSMC6,860
COPS5,PSMD13,845
COPS5,PSMD14,799
COPS5,PSMD4,883
COPS5,PSMD7,969
COPS5,PSMD8,713
COPS5,RBX1,983
COPS5,RPLP0,435
COPS5,RUVBL1,504
COPS5,S100A7,864
COPS5,SKP1,880
COPS5,STOML2,590
COPS5,STON2,499
COPS5,STRAP,405
COPS5,SUMO2,610
COPS5,TPD52L2,414
COPS5,TXNL1,757
COPS5,UBA1,578
COPS5,UBA5,426
COPS5,UBA7,442
COPS5,UBE2N,646
COPS5,UCHL3,846
COPS5,UQCRFS1,486
COPS5,USP15,782
COPS5,USP47,433
COPS5,USP5,683
COPS5,VBP1,458
COPS5,VCP,725
COPS5,VDAC3,415
COPS6,COPS7A,999
COPS6,COPS7B,999
COPS6,COPS8,999
COPS6,DDB1,935
COPS6,EIF3I,542
COPS6,EIF3J,416
COPS6,EIF3K,574
COPS6,ELOB,893
COPS6,ELOC,895
COPS6,GLRX3,440
COPS6,GRB2,904
COPS6,IGF2R,665
COPS6,NSFL1C,662
COPS6,OTUB1,656
COPS6,PSMA1,412
COPS6,PSMA2,590
COPS6,PSMA3,423
COPS6,PSMA4,405
COPS6,PSMA5,429
COPS6,PSMA6,409
COPS6,PSMA7,477
COPS6,PSMB1,412
COPS6,PSMB2,618
COPS6,PSMB3,447
COPS6,PSMB4,623
COPS6,PSMB5,576
COPS6,PSMB6,611
COPS6,PSMB7,447
COPS6,PSMB9,489
COPS6,PSMC1,545
COPS6,PSMC2,515
COPS6,PSMC3,721
COPS6,PSMC4,479
COPS6,PSMC5,875
COPS6,PSMC6,468
COPS6,PSMD13,782
COPS6,PSMD14,750
COPS6,PSMD4,734
COPS6,PSMD7,508
COPS6,PSMD8,694
COPS6,RBX1,969
COPS6,RUVBL1,524
COPS6,SKP1,609
COPS6,STON2,499
COPS6,TXNL1,424
COPS6,UBA1,436
COPS6,UCHL3,481
COPS6,USP15,412
COPS6,USP5,475
COPS7A,COPS7B,987
COPS7A,COPS8,999
COPS7A,DDB1,874
COPS7A,EIF3K,457
COPS7A,GRB2,900
COPS7A,PSMD14,533
COPS7A,PSMD7,551
COPS7A,RBX1,857
COPS7A,RUVBL1,446
COPS7A,STON2,499
COPS7A,USP15,682
COPS7B,COPS8,999
COPS7B,DDB1,867
COPS7B,ELOB,858
COPS7B,ELOC,838
COPS7B,GRB2,901
COPS7B,PSMC1,446
COPS7B,PSMD14,414
COPS7B,PSMD7,430
COPS7B,RBX1,940
COPS7B,RUVBL1,434
COPS7B,STON2,499
COPS7B,USP15,429
COPS8,DDB1,934
COPS8,EIF3K,559
COPS8,ELOB,866
COPS8,ELOC,839
COPS8,GRB2,900
COPS8,IGF2R,418
COPS8,PSMC2,460
COPS8,PSMD14,613
COPS8,PSMD7,561
COPS8,PSMD8,445
COPS8,RBX1,982
COPS8,RUVBL1,426
COPS8,SKP1,502
COPS8,STON2,534
COPZ1,LMAN1,401
COPZ1,NAPA,564
COPZ1,NAPG,504
COPZ1,PSMF1,507
COPZ1,RAB1A,617
COPZ1,RAB1B,647
COPZ1,SEC13,660
COPZ1,SEC22B,720
COPZ1,SYPL1,464
COPZ1,TMED10,851
COPZ1,TMED2,645
COPZ1,TMED9,566
CORO1A,CORO1B,813
CORO1A,CORO1C,594
CORO1A,COTL1,513
CORO1A,CTTN,435
CORO1A,DSTN,409
CORO1A,FERMT3,659
CORO1A,GLRX3,435
CORO1A,GMFG,539
CORO1A,ITGB2,784
CORO1A,LCP1,663
CORO1A,LCP2,485
CORO1A,MSN,515
CORO1A,PFN1,499
CORO1A,PLEK,452
CORO1A,PLIN1,502
CORO1A,PRKCB,447
CORO1A,PTPN6,532
CORO1A,PTPRC,520
CORO1A,RAC2,679
CORO1A,RHOG,576
CORO1A,S100A4,484
CORO1A,S100A6,453
CORO1A,S100A8,518
CORO1A,SELL,468
CORO1A,STK4,463
CORO1A,STXBP2,507
CORO1A,TUBB,468
CORO1A,UNC13D,431
CORO1A,VASP,450
CORO1A,VCAN,434
CORO1A,WAS,794
CORO1A,WDR1,645
CORO1A,WIPF1,677
CORO1B,CORO1C,917
CORO1B,CTTN,763
CORO1B,DSTN,513
CORO1B,FLNA,405
CORO1B,OSTF1,461
CORO1B,VASP,595
CORO1B,WAS,498
CORO1B,WASF2,477
CORO1B,WDR1,475
CORO1B,WIPF1,472
CORO1C,CTTN,522
CORO1C,DBN1,431
CORO1C,DBNL,511
CORO1C,ETF1,518
CORO1C,FLNA,631
CORO1C,FLOT1,834
CORO1C,FLOT2,745
CORO1C,MYH9,404
CORO1C,PPP1R12A,440
CORO1C,RAB27A,581
CORO1C,TPM4,423
CORO1C,WAS,456
CORO1C,WDR1,407
COTL1,LCP1,542
COTL1,LTA4H,682
COTL1,PFN1,511
COTL1,TAGLN2,562
COTL1,TUBB,401
COX4I1,COX5A,999
COX4I1,COX5B,999
COX4I1,COX6B1,999
COX4I1,COX7A2,993
COX4I1,CYC1,999
COX4I1,DIABLO,560
COX4I1,DLST,767
COX4I1,DNM1L,602
COX4I1,ECHS1,746
COX4I1,ETFA,559
COX4I1,ETFB,598
COX4I1,FIS1,733
COX4I1,GAPDH,776
COX4I1,GPX4,726
COX4I1,HSP90AA1,419
COX4I1,HSP90AB1,425
COX4I1,HSPA5,441
COX4I1,HSPA9,644
COX4I1,HSPD1,808
COX4I1,HSPE1,503
COX4I1,IDH1,416
COX4I1,LAMP1,487
COX4I1,LDHA,511
COX4I1,LMNB1,420
COX4I1,MDH2,685
COX4I1,MT-CO2,999
COX4I1,MYL6,481
COX4I1,NACA,451
COX4I1,NDUFA2,981
COX4I1,NDUFA4,990
COX4I1,NDUFA5,962
COX4I1,NDUFA7,926
COX4I1,NDUFB11,977
COX4I1,NDUFS3,993
COX4I1,NDUFS8,980
COX4I1,PARK7,540
COX4I1,PDHB,402
COX4I1,PPIF,591
COX4I1,PRDX3,495
COX4I1,PRDX5,433
COX4I1,PSMB6,400
COX4I1,RPLP0,424
COX4I1,RPLP2,512
COX4I1,SLC25A3,533
COX4I1,SOD2,625
COX4I1,UQCRB,998
COX4I1,UQCRC1,998
COX4I1,UQCRC2,999
COX4I1,UQCRFS1,999
COX4I1,UQCRH,997
COX4I1,VDAC1,862
COX4I1,VDAC2,667
COX4I1,VDAC3,724
COX5A,COX5B,999
COX5A,COX6B1,999
COX5A,COX7A2,991
COX5A,CYC1,999
COX5A,DCK,573
COX5A,DLD,424
COX5A,DLST,504
COX5A,EEF1B2,511
COX5A,EEF1D,432
COX5A,EEF1G,413
COX5A,ETFA,744
COX5A,ETFB,612
COX5A,GAPDH,417
COX5A,HSPA9,490
COX5A,HSPE1,505
COX5A,LDHA,423
COX5A,MDH2,903
COX5A,MT-CO2,999
COX5A,NDUFA2,972
COX5A,NDUFA4,997
COX5A,NDUFA5,985
COX5A,NDUFA7,959
COX5A,NDUFB11,982
COX5A,NDUFS3,996
COX5A,NDUFS8,994
COX5A,PDHB,698
COX5A,PEBP1,461
COX5A,PRDX3,409
COX5A,SLC25A3,888
COX5A,SOD2,559
COX5A,TPI1,410
COX5A,UQCRB,999
COX5A,UQCRC1,999
COX5A,UQCRC2,999
COX5A,UQCRFS1,999
COX5A,UQCRH,995
COX5A,VDAC1,820
COX5A,VDAC2,471
COX5A,VDAC3,512
COX5B,COX6B1,999
COX5B,COX7A2,997
COX5B,CYC1,999
COX5B,DCK,406
COX5B,DLST,464
COX5B,EEF1B2,448
COX5B,ETFA,463
COX5B,ETFB,523
COX5B,FIS1,424
COX5B,FKBP1A,420
COX5B,GAPDH,509
COX5B,GLO1,453
COX5B,HSPA9,925
COX5B,LAMTOR2,404
COX5B,MAVS,563
COX5B,MDH2,627
COX5B,MT-CO2,999
COX5B,NDUFA2,994
COX5B,NDUFA4,995
COX5B,NDUFA5,986
COX5B,NDUFA7,982
COX5B,NDUFB11,988
COX5B,NDUFS3,985
COX5B,NDUFS8,996
COX5B,PEBP1,433
COX5B,PSMB6,430
COX5B,RPLP1,421
COX5B,RPLP2,540
COX5B,SLC25A3,564
COX5B,SOD2,402
COX5B,UQCRB,999
COX5B,UQCRC1,999
COX5B,UQCRC2,999
COX5B,UQCRFS1,999
COX5B,UQCRH,998
COX5B,VDAC1,512
COX5B,VDAC2,440
COX5B,VDAC3,440
COX6B1,COX7A2,998
COX6B1,CYC1,994
COX6B1,FIS1,599
COX6B1,MDH2,528
COX6B1,MT-CO2,999
COX6B1,NDUFA2,982
COX6B1,NDUFA4,999
COX6B1,NDUFA5,968
COX6B1,NDUFA7,955
COX6B1,NDUFB11,952
COX6B1,NDUFS3,952
COX6B1,NDUFS8,960
COX6B1,PSMB6,495
COX6B1,UQCRB,999
COX6B1,UQCRC1,989
COX6B1,UQCRC2,997
COX6B1,UQCRFS1,997
COX6B1,UQCRH,992
COX7A2,CYC1,722
COX7A2,HSPE1,461
COX7A2,LSM3,470
COX7A2,MT-CO2,999
COX7A2,MYL6,484
COX7A2,NDUFA2,903
COX7A2,NDUFA4,997
COX7A2,NDUFA5,795
COX7A2,NDUFA7,647
COX7A2,NDUFB11,575
COX7A2,NDUFS3,662
COX7A2,NDUFS8,652
COX7A2,PARK7,450
COX7A2,PSMA2,422
COX7A2,PSMA3,403
COX7A2,PSMA6,522
COX7A2,PSMB1,491
COX7A2,PSMB6,441
COX7A2,UQCRB,855
COX7A2,UQCRC1,833
COX7A2,UQCRC2,855
COX7A2,UQCRFS1,846
COX7A2,UQCRH,926
CP,CTSB,502
CP,DBH,467
CP,EFEMP2,457
CP,ESD,634
CP,F2,703
CP,FBLN5,432
CP,FGA,559
CP,FGB,592
CP,FGG,463
CP,FTH1,450
CP,FTL,517
CP,GAPDH,586
CP,GC,680
CP,GOT2,456
CP,GPX3,650
CP,GSR,455
CP,HP,947
CP,HPR,632
CP,HPRT1,437
CP,HPX,880
CP,HRG,662
CP,HSPA5,432
CP,ITIH2,669
CP,KNG1,662
CP,LCN2,523
CP,LPA,422
CP,LRG1,605
CP,MIF,474
CP,MPO,965
CP,OGN,466
CP,ORM1,923
CP,ORM2,908
CP,PLG,576
CP,PLIN1,413
CP,PODXL,449
CP,PON1,654
CP,SAA2,412
CP,SELENOP,407
CP,SERPINA1,944
CP,SERPINA3,822
CP,SERPINA6,572
CP,SERPINA7,427
CP,SERPIND1,414
CP,SERPING1,673
CP,SHBG,513
CP,SOD3,431
CP,SPP2,545
CP,TFRC,689
CP,TTR,827
CP,VTN,419
CPB2,CPN1,811
CPB2,CPN2,444
CPB2,ELANE,424
CPB2,ENO1,481
CPB2,F10,677
CPB2,F11,763
CPB2,F12,535
CPB2,F13B,607
CPB2,F2,992
CPB2,F7,763
CPB2,F8,603
CPB2,F9,644
CPB2,FGA,684
CPB2,FGB,616
CPB2,FGG,785
CPB2,GC,433
CPB2,HABP2,508
CPB2,HP,407
CPB2,HPR,450
CPB2,HRG,732
CPB2,ITIH2,523
CPB2,ITIH3,480
CPB2,KLKB1,530
CPB2,KNG1,791
CPB2,LAP3,571
CPB2,LPA,591
CPB2,MASP1,588
CPB2,MASP2,668
CPB2,MBL2,537
CPB2,MMP9,418
CPB2,PLG,984
CPB2,PROC,753
CPB2,PROCR,724
CPB2,PROZ,455
CPB2,RARRES2,403
CPB2,SELP,416
CPB2,SERPINA1,434
CPB2,SERPINA10,507
CPB2,SERPINA5,507
CPB2,SERPINA7,408
CPB2,SERPIND1,764
CPB2,SERPINE1,774
CPB2,SERPINF1,819
CPB2,SERPINF2,895
CPB2,SERPING1,461
CPB2,SPP2,484
CPB2,TFPI,688
CPB2,VTN,436
CPB2,VWF,617
CPN1,CPN2,993
CPN1,FGB,422
CPN1,HSPD1,621
CPN1,HSPE1,681
CPN1,KLKB1,496
CPN1,KNG1,704
CPN2,HRG,515
CPN2,LRRC59,477
CPN2,PGLYRP2,401
CPN2,PLG,486
CPQ,CTSA,506
CPQ,MTDH,583
CPVL,DCTN2,502
CPVL,FCN1,489
CPVL,SEPTIN11,515
CPVL,SEPTIN2,451
CPVL,SEPTIN7,530
CPVL,SKAP2,419
CPVL,UBASH3B,424
CRKL,CSF1R,708
CRKL,CSK,410
CRKL,DOK2,670
CRKL,EPS15,593
CRKL,FGFR1,896
CRKL,FN1,543
CRKL,FYB1,487
CRKL,GP1BB,660
CRKL,GRB2,921
CRKL,ITGA2,689
CRKL,ITGA2B,680
CRKL,ITGA5,709
CRKL,ITGA6,680
CRKL,ITGAV,695
CRKL,ITGB1,785
CRKL,ITGB2,693
CRKL,ITGB3,694
CRKL,LASP1,513
CRKL,LCP2,759
CRKL,LYN,840
CRKL,MACF1,440
CRKL,MAPK1,685
CRKL,MSN,478
CRKL,NCK2,621
CRKL,NRAS,656
CRKL,NRP1,445
CRKL,PDCD6,427
CRKL,PDGFRB,836
CRKL,RALA,459
CRKL,RANBP1,416
CRKL,RAP1A,797
CRKL,RAP1B,649
CRKL,S100A8,488
CRKL,SNAP29,485
CRKL,SRC,957
CRKL,SYK,764
CRKL,UBASH3B,486
CRKL,VASP,704
CRKL,VCL,606
CRKL,WAS,875
CRKL,WASF2,618
CRKL,WIPF1,861
CRKL,YWHAB,555
CRTAC1,GPLD1,467
CRTAC1,MAPRE2,782
CSF1,CSF1R,999
CSF1,CTSS,460
CSF1,CXCL12,701
CSF1,FBN1,447
CSF1,FCGR2A,524
CSF1,FCGR3A,668
CSF1,FGFR1,750
CSF1,FN1,534
CSF1,GAPDH,743
CSF1,GAS6,614
CSF1,GPNMB,422
CSF1,GRAP2,537
CSF1,GRB2,785
CSF1,HP,537
CSF1,HPRT1,400
CSF1,HSPB1,418
CSF1,ICAM1,829
CSF1,ITGB2,406
CSF1,ITGB3,566
CSF1,LGALS3,456
CSF1,LYN,687
CSF1,MIF,613
CSF1,MMP2,448
CSF1,MMP9,644
CSF1,NTRK2,698
CSF1,PDGFRB,909
CSF1,PECAM1,488
CSF1,POSTN,422
CSF1,PTPRC,668
CSF1,RHOC,461
CSF1,SAA1,496
CSF1,SAA2,478
CSF1,SDC1,400
CSF1,SELL,433
CSF1,SERPINE1,612
CSF1,SPP1,550
CSF1,SRC,910
CSF1,SYK,489
CSF1,TGFB1,776
CSF1,THBS1,416
CSF1,TIMP1,686
CSF1,VCAM1,542
CSF1R,CTSB,426
CSF1R,CTSS,757
CSF1R,CXCL12,879
CSF1R,ENG,492
CSF1R,ESAM,455
CSF1R,F13A1,543
CSF1R,FCER1G,885
CSF1R,FCGR2A,653
CSF1R,FCGR3A,812
CSF1R,FCN1,562
CSF1R,FGFR1,481
CSF1R,FGL2,530
CSF1R,FN1,425
CSF1R,FYB1,590
CSF1R,GAPDH,482
CSF1R,GNAQ,465
CSF1R,GPNMB,415
CSF1R,GRAP2,831
CSF1R,GRB2,950
CSF1R,HLA-DRA,608
CSF1R,ICAM1,636
CSF1R,IDH1,465
CSF1R,ITGA2B,612
CSF1R,ITGAV,489
CSF1R,ITGB2,862
CSF1R,ITGB3,591
CSF1R,LAMP2,400
CSF1R,LCP1,415
CSF1R,LCP2,654
CSF1R,LGALS3,469
CSF1R,LYN,719
CSF1R,LYVE1,555
CSF1R,MMP9,609
CSF1R,MPO,486
CSF1R,NRAS,530
CSF1R,PDGFC,756
CSF1R,PDGFRB,563
CSF1R,PECAM1,725
CSF1R,PLEK,469
CSF1R,PTPN6,637
CSF1R,PTPRC,818
CSF1R,RGS18,413
CSF1R,RHOC,416
CSF1R,SDC1,645
CSF1R,SELL,556
CSF1R,SPP1,436
CSF1R,SRC,833
CSF1R,TFRC,478
CSF1R,TGFB1,564
CSF1R,TGFBI,443
CSF1R,THBS1,552
CSF1R,TLN1,422
CSF1R,VCAM1,649
CSF1R,VSIG4,859
CSF1R,VWF,514
CSK,CTTN,565
CSK,DBN1,412
CSK,DOK2,752
CSK,DOK3,928
CSK,FGA,440
CSK,FGB,407
CSK,FGG,410
CSK,FN1,604
CSK,GNB1,518
CSK,GRB2,791
CSK,HLA-DRA,504
CSK,HSP90AA1,667
CSK,HSP90AB1,666
CSK,HSP90B1,401
CSK,ITGA2B,450
CSK,ITGB3,595
CSK,JUP,443
CSK,LAMTOR1,426
CSK,LCP2,542
CSK,LYN,948
CSK,MAPK1,594
CSK,NCK2,418
CSK,NRAS,608
CSK,NSFL1C,405
CSK,PEBP1,413
CSK,PECAM1,636
CSK,PSTPIP2,505
CSK,PTPN12,808
CSK,PTPN6,743
CSK,PTPRB,581
CSK,PTPRC,797
CSK,PTPRJ,692
CSK,RAB7A,416
CSK,RAP1A,554
CSK,RAP1B,527
CSK,RGS19,426
CSK,RHOA,492
CSK,RHOG,478
CSK,ROCK2,440
CSK,S100A8,410
CSK,SRC,998
CSK,STOM,420
CSK,SYK,525
CSK,TFRC,459
CSK,TLN1,657
CSK,UBASH3B,484
CSK,VAMP3,409
CSK,VCL,826
CSK,VCP,549
CSK,VWF,465
CSK,WAS,481
CSK,YWHAB,658
CSNK2B,CTTN,422
CSNK2B,CYB5B,461
CSNK2B,HNRNPK,409
CSNK2B,HSP90AA1,608
CSNK2B,KIF5B,669
CSNK2B,KLC1,678
CSNK2B,L1CAM,500
CSNK2B,LYN,492
CSNK2B,MAPK14,496
CSNK2B,PIP4K2A,531
CSNK2B,PPP1CA,493
CSNK2B,PPP2R1A,413
CSNK2B,PRNP,909
CSNK2B,SRC,577
CSNK2B,STK24,481
CSNK2B,VCP,459
CSNK2B,WASF2,402
CSPG4,DAG1,588
CSPG4,FN1,649
CSPG4,GPC1,725
CSPG4,HSPG2,735
CSPG4,LGALS3,897
CSPG4,MCAM,590
CSPG4,PDGFRB,775
CSPG4,PECAM1,472
CSPG4,PLG,435
CSPG4,POSTN,419
CSPG4,PRG4,632
CSPG4,PTPRC,523
CSPG4,PVR,582
CSPG4,RHOA,469
CSPG4,SDC1,653
CSPG4,SDC4,619
CSPG4,SELP,455
CSPG4,THBS1,489
CSPG4,VCAN,605
CSRP1,DPYSL2,460
CSRP1,ENO1,492
CSRP1,FLNA,590
CSRP1,GAPDH,456
CSRP1,MYL9,560
CSRP1,PLIN3,405
CSRP1,S100A6,460
CSRP1,SH3BGRL3,468
CSRP1,SPARC,645
CSRP1,ZYX,694
CST3,CSTA,629
CST3,CSTB,855
CST3,CTSB,982
CST3,CTSC,491
CST3,CTSH,560
CST3,CTSL,802
CST3,CTSS,951
CST3,F2,448
CST3,FBLN5,506
CST3,FGA,532
CST3,GC,420
CST3,GOT2,543
CST3,GRN,442
CST3,HP,436
CST3,HSPG2,584
CST3,ICAM1,521
CST3,IGFBP2,403
CST3,ITM2B,896
CST3,LCN2,924
CST3,LGALS3,541
CST3,MMP2,580
CST3,MMP9,426
CST3,MPO,434
CST3,NOTCH3,535
CST3,ORM1,400
CST3,PFN1,489
CST3,POSTN,403
CST3,PRNP,663
CST3,PSAP,403
CST3,PTGDS,749
CST3,RARRES2,444
CST3,SAA1,587
CST3,SAA4,521
CST3,SERPINA1,464
CST3,SERPINE1,697
CST3,SERPINF2,581
CST3,SERPING1,737
CST3,SNCA,556
CST3,SPP1,727
CST3,TGFB1,408
CST3,TGFBI,586
CST3,TIMP1,699
CST3,TTR,865
CST3,VWF,586
CST3,YWHAE,465
CST3,YWHAZ,484
CST6,CSTA,420
CST6,CTSB,482
CST6,CTSC,405
CST6,CTSL,561
CST6,CTSS,760
CST6,FLG,446
CST6,FLG2,507
CST6,TGM3,867
CSTA,CTSB,998
CSTA,CTSC,666
CSTA,CTSH,964
CSTA,CTSL,992
CSTA,CTSS,921
CSTA,DCD,454
CSTA,DSC1,617
CSTA,DSC3,604
CSTA,DSG1,729
CSTA,DSP,785
CSTA,FABP5,562
CSTA,FLG,652
CSTA,FLG2,430
CSTA,JUP,680
CSTA,PKP1,658
CSTA,S100A7,463
CSTA,S100A8,641
CSTA,S100A9,669
CSTA,SERPINA5,572
CSTA,SERPINB1,445
CSTA,SERPINB12,406
CSTA,SERPINB3,664
CSTA,SERPINB6,697
CSTA,SERPINE1,595
CSTA,TGM1,888
CSTA,VTN,551
CSTB,CTSB,948
CSTB,CTSF,424
CSTB,CTSH,761
CSTB,CTSL,954
CSTB,CTSS,904
CSTB,FN1,476
CSTB,ITGB2,431
CTSA,CTSB,765
CTSA,CTSC,589
CTSA,CTSF,532
CTSA,CTSH,526
CTSA,CTSL,554
CTSA,CTSS,794
CTSA,DBN1,498
CTSA,EEF2,437
CTSA,GAPDH,405
CTSA,GRN,539
CTSA,HLA-DRA,408
CTSA,HSPA5,533
CTSA,HSPA8,401
CTSA,LAMP1,601
CTSA,LAMP2,405
CTSA,PEBP1,562
CTSA,PEPD,420
CTSA,PSAP,523
CTSA,PSMD14,582
CTSA,RHOA,590
CTSA,RHOC,650
CTSA,TPP1,623
CTSB,CTSC,416
CTSB,CTSF,596
CTSB,CTSH,560
CTSB,CTSL,974
CTSB,CTSS,958
CTSB,DPP4,508
CTSB,ECE1,409
CTSB,ELANE,692
CTSB,F11,489
CTSB,FCER1G,407
CTSB,FN1,528
CTSB,GAPDH,567
CTSB,GPNMB,491
CTSB,GRN,619
CTSB,GUSB,640
CTSB,HEXB,467
CTSB,HLA-DRA,511
CTSB,HP,676
CTSB,HSP90AA1,422
CTSB,HSP90AB1,423
CTSB,HSPA4,626
CTSB,HSPA5,609
CTSB,HSPA8,414
CTSB,IGF2R,640
CTSB,LAMP1,812
CTSB,LAMP2,726
CTSB,LAP3,457
CTSB,LDLR,432
CTSB,LGALS3,540
CTSB,LRP1,569
CTSB,LTBP1,435
CTSB,LUM,443
CTSB,M6PR,417
CTSB,MASP1,452
CTSB,MMP2,553
CTSB,MMP9,897
CTSB,MPO,607
CTSB,NCSTN,565
CTSB,NRP1,472
CTSB,ORM1,544
CTSB,ORM2,571
CTSB,PLG,724
CTSB,PPIF,507
CTSB,PRNP,452
CTSB,PSAP,678
CTSB,RHOA,564
CTSB,S100A8,483
CTSB,SAA1,412
CTSB,SERPINA1,520
CTSB,SERPINA3,437
CTSB,SERPINA5,592
CTSB,SERPINB6,614
CTSB,SERPINE1,725
CTSB,SNCA,470
CTSB,TGFB1,434
CTSB,TGFBI,573
CTSB,TIMP1,447
CTSB,TPP1,558
CTSB,TTR,527
CTSB,VTN,755
CTSC,CTSF,557
CTSC,CTSL,445
CTSC,CTSS,522
CTSC,DPP4,503
CTSC,DSG1,594
CTSC,ELANE,566
CTSC,F5,577
CTSC,F8,608
CTSC,GRN,503
CTSC,HLA-DRA,560
CTSC,LAMP1,533
CTSC,LAMP2,418
CTSC,LMAN1,811
CTSC,LMAN2,588
CTSC,NAPA,505
CTSC,NAPG,499
CTSC,PSAP,402
CTSC,PTPRC,429
CTSC,SEC13,535
CTSC,SEC22B,531
CTSC,SEC31A,533
CTSC,SERPINA1,606
CTSC,SOD2,505
CTSC,SRGN,422
CTSC,TMED10,539
CTSC,TMED2,557
CTSC,TPP1,409
CTSF,CTSL,622
CTSF,CTSS,463
CTSF,GRN,599
CTSF,HLA-DRA,452
CTSF,MIF,409
CTSF,PSAP,422
CTSF,TPP1,611
CTSH,CTSL,773
CTSH,GRN,492
CTSH,HLA-DRA,559
CTSH,HSPA8,404
CTSH,KNG1,542
CTSH,MMRN1,422
CTSH,MYH9,458
CTSH,PSAP,422
CTSH,SFTPB,715
CTSH,TPI1,466
CTSL,CTSS,910
CTSL,DPP4,560
CTSL,ELANE,465
CTSL,FN1,446
CTSL,GAPDH,492
CTSL,GRN,545
CTSL,HLA-DRA,478
CTSL,HPSE,455
CTSL,HSPA8,588
CTSL,HSPG2,619
CTSL,IGF2R,573
CTSL,KNG1,631
CTSL,LAMP1,629
CTSL,LAMP2,567
CTSL,LAP3,403
CTSL,LDLR,682
CTSL,MAPK1,582
CTSL,MMP2,438
CTSL,MMP9,685
CTSL,NRP1,529
CTSL,PPP1CA,520
CTSL,PSAP,720
CTSL,RAB14,437
CTSL,SERPINB3,687
CTSL,TGFBI,512
CTSS,CXCL12,433
CTSS,DPP4,494
CTSS,ELANE,878
CTSS,FCER1G,552
CTSS,FCGR2A,446
CTSS,FCGR3A,463
CTSS,FGL2,497
CTSS,FN1,554
CTSS,FYB1,415
CTSS,GAPDH,519
CTSS,GRN,579
CTSS,HEXB,409
CTSS,HLA-DRA,745
CTSS,HSPA4,429
CTSS,HSPA8,412
CTSS,HSPG2,833
CTSS,ICAM1,638
CTSS,IGF2R,635
CTSS,ITGB2,724
CTSS,KNG1,640
CTSS,LAMP1,739
CTSS,LAMP2,653
CTSS,LDLR,460
CTSS,LGALS3,493
CTSS,LYN,455
CTSS,MMP2,593
CTSS,MMP9,874
CTSS,MPO,964
CTSS,NRP1,406
CTSS,PECAM1,465
CTSS,PLEK,458
CTSS,PLG,607
CTSS,PSAP,721
CTSS,PSMB8,445
CTSS,PSMB9,444
CTSS,PTPRC,762
CTSS,RAB14,421
CTSS,RAC2,411
CTSS,S100A9,573
CTSS,SERPINA1,511
CTSS,SERPINB3,683
CTSS,SPARC,438
CTSS,SPP1,454
CTSS,SRC,410
CTSS,SRGN,612
CTSS,SYK,429
CTSS,TGFB1,654
CTSS,TIMP1,763
CTSS,VCAM1,438
CTTN,DBN1,633
CTTN,ERBIN,519
CTTN,FLNA,667
CTTN,FN1,537
CTTN,GAPDH,482
CTTN,GNA13,866
CTTN,GPC1,410
CTTN,GRB2,854
CTTN,HSP90AA1,524
CTTN,HSP90AB1,524
CTTN,HSPA5,488
CTTN,ICAM1,578
CTTN,INF2,445
CTTN,ITGA2B,547
CTTN,ITGB1,407
CTTN,ITGB3,450
CTTN,L1CAM,534
CTTN,LCP1,455
CTTN,LCP2,490
CTTN,LDHA,458
CTTN,LYN,434
CTTN,MAPK1,467
CTTN,MAPRE1,612
CTTN,MMP2,562
CTTN,MMP9,650
CTTN,MSN,531
CTTN,MYLK,708
CTTN,NEXN,834
CTTN,PDCD6IP,452
CTTN,PFN1,723
CTTN,PLXDC2,765
CTTN,RAC2,419
CTTN,RHOA,839
CTTN,RHOC,443
CTTN,RHOG,488
CTTN,SDC4,552
CTTN,SDCBP,462
CTTN,SEPTIN7,580
CTTN,SPTAN1,595
CTTN,SRC,998
CTTN,SYK,763
CTTN,TJP2,727
CTTN,TLN1,937
CTTN,TPM3,466
CTTN,UTRN,429
CTTN,VAMP7,447
CTTN,VASP,936
CTTN,VCL,970
CTTN,WAS,996
CTTN,WASF2,947
CTTN,WIPF1,978
CTTN,YWHAH,476
CTTN,YWHAQ,492
CTTN,ZYX,470
CUTA,HSPD1,496
CUTA,HSPE1,787
CUTA,PFDN6,422
CXCL12,DPP4,832
CXCL12,ELANE,422
CXCL12,ENG,636
CXCL12,FAP,540
CXCL12,FCGR3A,547
CXCL12,FGFR1,422
CXCL12,FN1,884
CXCL12,GAPDH,602
CXCL12,GAS6,419
CXCL12,GNB2,419
CXCL12,GNB4,453
CXCL12,HDGF,529
CXCL12,HMGB1,984
CXCL12,ICAM1,670
CXCL12,IGFBP2,410
CXCL12,IGFBP3,610
CXCL12,IGFBP4,561
CXCL12,IGFBP5,600
CXCL12,ITGA2B,428
CXCL12,ITGA5,726
CXCL12,ITGAV,583
CXCL12,ITGB1,678
CXCL12,ITGB2,709
CXCL12,ITIH4,811
CXCL12,KNG1,470
CXCL12,KRT19,651
CXCL12,LGALS3,744
CXCL12,LUM,517
CXCL12,LYN,643
CXCL12,LYVE1,563
CXCL12,MCAM,536
CXCL12,MIF,737
CXCL12,MMP2,762
CXCL12,MMP9,891
CXCL12,NCAM1,695
CXCL12,NOTCH3,402
CXCL12,NRP1,420
CXCL12,PDGFRB,815
CXCL12,PDIA6,442
CXCL12,PECAM1,745
CXCL12,PF4,999
CXCL12,PF4V1,997
CXCL12,PGK1,510
CXCL12,PLG,418
CXCL12,POSTN,626
CXCL12,PPBP,999
CXCL12,PSMA7,665
CXCL12,PTPRC,827
CXCL12,RARRES2,429
CXCL12,RHOA,517
CXCL12,S100A4,522
CXCL12,SDC1,702
CXCL12,SDC4,564
CXCL12,SELENOP,491
CXCL12,SELL,720
CXCL12,SELP,749
CXCL12,SERPINE1,529
CXCL12,SERPINF1,582
CXCL12,SPARC,482
CXCL12,SPP1,683
CXCL12,SRC,789
CXCL12,SYK,411
CXCL12,TGFB1,798
CXCL12,THBS1,553
CXCL12,THBS2,679
CXCL12,TIMP1,737
CXCL12,TUBB,502
CXCL12,VCAM1,864
CXCL12,VCAN,529
CXCL12,VTN,608
CXCL12,VWF,583
CYB5B,G6PD,459
CYB5B,GET3,602
CYB5B,GLO1,524
CYB5B,HPCAL1,568
CYB5B,PGRMC1,766
CYB5B,PGRMC2,724
CYB5B,SCP2,428
CYB5B,UQCRFS1,402
CYB5B,UQCRH,417
CYC1,DCK,601
CYC1,DLD,542
CYC1,DLST,792
CYC1,ETFA,485
CYC1,FLOT1,544
CYC1,GAPDH,410
CYC1,GSTO1,462
CYC1,HSPA9,753
CYC1,HSPB1,402
CYC1,HSPD1,659
CYC1,KNG1,533
CYC1,LDHA,413
CYC1,MDH2,885
CYC1,MGLL,824
CYC1,MT-CO2,998
CYC1,NDUFA2,994
CYC1,NDUFA4,789
CYC1,NDUFA5,997
CYC1,NDUFA7,936
CYC1,NDUFB11,961
CYC1,NDUFS3,999
CYC1,NDUFS8,999
CYC1,P4HB,419
CYC1,PDHB,541
CYC1,PSMB6,435
CYC1,SLC25A3,530
CYC1,STOML2,451
CYC1,UQCRB,999
CYC1,UQCRC1,999
CYC1,UQCRC2,999
CYC1,UQCRFS1,999
CYC1,UQCRH,999
CYC1,VDAC1,861
CYC1,VDAC2,519
CYC1,VDAC3,461
CYFIP1,EIF4E,997
CYFIP1,ERBIN,439
CYFIP1,FCGR3A,499
CYFIP1,GRB2,516
CYFIP1,HNRNPK,408
CYFIP1,HSP90AA1,510
CYFIP1,IGFBP2,841
CYFIP1,IQGAP2,420
CYFIP1,ITGB1,435
CYFIP1,LAMTOR1,405
CYFIP1,MAPK1,434
CYFIP1,MCAM,409
CYFIP1,NCK2,788
CYFIP1,PFN1,571
CYFIP1,PRUNE1,447
CYFIP1,PURA,489
CYFIP1,RAB7A,436
CYFIP1,RAC2,930
CYFIP1,RHOG,591
CYFIP1,SRC,568
CYFIP1,SYK,514
CYFIP1,TFRC,457
CYFIP1,VAMP3,412
CYFIP1,WAS,873
CYFIP1,WASF2,999
CYFIP1,WIPF1,508
CYFIP1,YWHAG,557
CYFIP1,YWHAH,579
CYFIP1,YWHAZ,489
CZIB,DPM3,404
DAG1,DPM3,793
DAG1,EMD,650
DAG1,FLNA,641
DAG1,FN1,655
DAG1,GP1BA,594
DAG1,GP1BB,542
DAG1,GP5,544
DAG1,GP9,542
DAG1,GPC1,448
DAG1,GRB2,921
DAG1,HSPG2,999
DAG1,ITGB1,570
DAG1,KIF2A,408
DAG1,LAMA2,999
DAG1,LAMA4,781
DAG1,LAMB1,804
DAG1,LAMB2,763
DAG1,LAMC1,824
DAG1,LAMP1,471
DAG1,LMNA,436
DAG1,NCSTN,408
DAG1,NID1,788
DAG1,NME2,400
DAG1,NRP2,405
DAG1,PLEC,849
DAG1,PODXL,511
DAG1,POSTN,412
DAG1,SDC4,408
DAG1,SRC,720
DAG1,THBS4,436
DAG1,TLN1,589
DAG1,TUBA1A,401
DAG1,UTRN,999
DAG1,VCL,593
DARS1,EIF2S1,681
DARS1,HSP90AA1,419
DARS1,PSMD14,472
DARS1,SDCBP,784
DARS1,VBP1,584
DARS1,VTA1,422
DARS1,WARS1,484
DBN1,DIAPH1,400
DBN1,EEF2,440
DBN1,EPS15,440
DBN1,ESYT1,417
DBN1,FLNA,612
DBN1,GMFG,422
DBN1,GRN,445
DBN1,HSD17B10,426
DBN1,HSPG2,433
DBN1,JUP,541
DBN1,LAMTOR1,421
DBN1,LCP1,501
DBN1,LMNB1,468
DBN1,LRRFIP1,584
DBN1,MCAM,439
DBN1,MYH9,405
DBN1,NEXN,708
DBN1,NSFL1C,455
DBN1,PDLIM7,701
DBN1,PFN1,684
DBN1,PLXNB1,486
DBN1,RAB7A,415
DBN1,ROCK2,430
DBN1,SEPTIN7,422
DBN1,SPTAN1,472
DBN1,SPTBN1,455
DBN1,SRC,552
DBN1,STOM,416
DBN1,TAGLN2,456
DBN1,TFRC,403
DBN1,TPM1,519
DBN1,TWF2,571
DBN1,VAMP3,414
DBN1,VASP,416
DBN1,VCP,565
DBN1,WAS,600
DBN1,WDR1,494
DBNL,EPS15,457
DBNL,FERMT3,514
DBNL,FYB1,520
DBNL,GMFG,450
DBNL,LCP1,473
DBNL,NEXN,412
DBNL,PFN1,410
DBNL,RAB8A,406
DBNL,TWF2,523
DBNL,WAS,659
DBNL,WDR1,478
DBNL,WIPF1,543
DCD,DSG1,431
DCD,GAPDH,446
DCD,H1-4,414
DCD,KPRP,434
DCD,PCYOX1,426
DCD,PIP,568
DCD,PPIF,540
DCD,S100A7,610
DCD,SUMO2,506
DCD,VDAC1,584
DCD,VDAC2,540
DCD,VDAC3,540
DCK,LDHA,488
DCK,MT-CO2,463
DCK,NDUFA2,567
DCK,NDUFA5,658
DCK,NDUFA7,504
DCK,NDUFB11,631
DCK,NDUFS3,714
DCK,NDUFS8,703
DCK,PDE3A,901
DCK,PDIA4,781
DCK,PNP,951
DCK,TYMP,553
DCK,UQCRC1,442
DCK,UQCRC2,442
DCK,UQCRFS1,521
DCTN1,DCTN2,999
DCTN1,DCTN3,999
DCTN1,DYNLL1,943
DCTN1,DYNLRB1,940
DCTN1,EEF1G,514
DCTN1,FN1,577
DCTN1,GRB2,649
DCTN1,GRN,414
DCTN1,HOOK3,756
DCTN1,HSP90AA1,884
DCTN1,HSP90AB1,590
DCTN1,KIF2A,851
DCTN1,KIF5B,862
DCTN1,KLC1,820
DCTN1,MAPRE1,997
DCTN1,MAPRE2,540
DCTN1,MSN,718
DCTN1,PFN1,610
DCTN1,PPP2R1A,453
DCTN1,PRKAR1A,565
DCTN1,PSMD14,421
DCTN1,PTGES3,405
DCTN1,RAB18,541
DCTN1,RAB3GAP1,524
DCTN1,RAB6A,877
DCTN1,RAB6B,547
DCTN1,RAB8A,796
DCTN1,SEC31A,684
DCTN1,SEPTIN2,438
DCTN1,SEPTIN7,482
DCTN1,SNAPIN,436
DCTN1,SPAG9,725
DCTN1,STRN,694
DCTN1,TPM3,674
DCTN1,TPM4,634
DCTN1,TUBA4A,600
DCTN1,VAPA,408
DCTN1,VAPB,799
DCTN1,VCL,532
DCTN1,VCP,899
DCTN1,VIM,587
DCTN1,VPS29,467
DCTN2,DCTN3,999
DCTN2,DYNLL1,915
DCTN2,DYNLRB1,937
DCTN2,HSP90AA1,908
DCTN2,HSP90AB1,777
DCTN2,KIF2A,586
DCTN2,KIF5B,700
DCTN2,KLC1,718
DCTN2,MAPRE1,744
DCTN2,MAPRE2,597
DCTN2,PDCD6,407
DCTN2,PPP2R1A,505
DCTN2,PSMC3,451
DCTN2,PSMD4,420
DCTN2,PTGES3,448
DCTN2,RAB18,517
DCTN2,RAB3GAP1,523
DCTN2,RAB6A,699
DCTN2,RAB6B,505
DCTN2,RAB8A,696
DCTN2,RGS19,428
DCTN2,SEPTIN2,453
DCTN2,TUBB4B,575
DCTN2,UQCRH,433
DCTN3,DYNLL1,862
DCTN3,DYNLRB1,864
DCTN3,HSP90AA1,800
DCTN3,HSP90AB1,405
DCTN3,KIF2A,567
DCTN3,KIF5B,529
DCTN3,KLC1,523
DCTN3,PPP1R7,455
DCTN3,PTGES3,401
DCTN3,RAB18,511
DCTN3,RAB3GAP1,508
DCTN3,RAB6A,504
DCTN3,RAB6B,499
DCTN3,RAB8A,507
DCTN3,SEPTIN2,453
DCTN3,STOML2,449
DCTN3,TBCB,513
DCTN3,UQCRH,415
DDB1,EIF3I,541
DDB1,ELOB,813
DDB1,ELOC,822
DDB1,EMD,463
DDB1,GSPT1,920
DDB1,H4C1,820
DDB1,KPNB1,613
DDB1,PSMA1,563
DDB1,PSMA6,477
DDB1,PSMC1,423
DDB1,PSMD14,551
DDB1,RBX1,999
DDB1,RUVBL1,703
DDB1,SKP1,874
DDB1,SUMO2,652
DDB1,TUBB,404
DDB1,UBA1,817
DDB1,UBE2N,686
DDB1,UQCRFS1,796
DDB1,WDR1,465
DDB1,WDR77,517
DDB1,YWHAB,414
DECR1,ECH1,656
DECR1,ECHS1,624
DECR1,ECI1,736
DECR1,ENO1,532
DECR1,ETFA,433
DECR1,ETFB,538
DECR1,GAPDH,726
DECR1,NDUFS3,461
DECR1,NDUFS8,495
DECR1,PPIB,471
DECR1,S100A4,471
DECR1,SCP2,549
DECR1,UGP2,567
DEFA1,ELANE,749
DEFA1,LCN2,486
DEFA1,MPO,550
DEFA1,RETN,560
DERA,ENO1,853
DERA,ENO2,829
DERA,ERP29,628
DERA,G6PD,490
DERA,GAPDH,867
DERA,GPI,905
DERA,HPRT1,442
DERA,LDHA,814
DERA,MINPP1,803
DERA,NIPSNAP3A,400
DERA,PCMT1,628
DERA,PDHB,841
DERA,PGAM1,816
DERA,PGD,462
DERA,PGLS,417
DERA,PKM,831
DERA,PNP,695
DERA,RPIA,687
DERA,STRAP,775
DERA,TALDO1,955
DERA,TKT,956
DERA,TPI1,929
DERA,TYMP,959
DIABLO,DIAPH1,552
DIABLO,DNM1L,406
DIABLO,GAPDH,422
DIABLO,HSP90AA1,407
DIABLO,HSPA4,436
DIABLO,HSPB1,402
DIABLO,PPIF,526
DIABLO,TPI1,440
DIABLO,USP5,436
DIABLO,VDAC1,507
DIAPH1,DLD,400
DIAPH1,EIF4E,410
DIAPH1,ERBIN,452
DIAPH1,ESYT1,442
DIAPH1,FLOT1,411
DIAPH1,FLOT2,411
DIAPH1,JUP,400
DIAPH1,LMNB1,454
DIAPH1,MAPRE1,525
DIAPH1,MCAM,419
DIAPH1,MYH9,679
DIAPH1,PCSK9,667
DIAPH1,PFN1,970
DIAPH1,PLXNB1,495
DIAPH1,RAB7A,411
DIAPH1,RAC2,402
DIAPH1,RHOA,994
DIAPH1,RHOC,973
DIAPH1,RHOG,430
DIAPH1,ROCK2,614
DIAPH1,SLK,434
DIAPH1,SNAP23,405
DIAPH1,SRC,571
DIAPH1,STK4,477
DIAPH1,STOM,409
DIAPH1,TAOK1,485
DIAPH1,TFRC,429
DIAPH1,TJP2,549
DIAPH1,TLN1,423
DIAPH1,VAMP3,408
DIAPH1,VASP,439
DIAPH1,WAS,638
DIAPH1,WASF2,402
DIAPH1,WDR1,581
DIAPH1,WIPF1,519
DKK3,DNAJB11,443
DKK3,FBLN5,473
DKK3,FGFR1,487
DKK3,GBP1,408
DKK3,ICAM1,433
DKK3,IGFBP5,413
DKK3,ITGB3,408
DKK3,PDGFRB,505
DKK3,SERPINE1,527
DKK3,TGFBI,589
DLD,DLST,999
DLD,DMTN,505
DLD,ECHS1,491
DLD,ECI1,410
DLD,EEF1G,455
DLD,ENO1,634
DLD,ENO2,528
DLD,ETFA,833
DLD,ETFB,663
DLD,G6PD,428
DLD,GAPDH,546
DLD,GLO1,428
DLD,GLRX,615
DLD,GOT2,471
DLD,GPI,736
DLD,GPX3,428
DLD,GPX4,445
DLD,HSD17B10,607
DLD,HSP90B1,411
DLD,HSPA5,468
DLD,HSPA9,448
DLD,HSPD1,613
DLD,HSPE1,654
DLD,IDH1,777
DLD,LDHA,621
DLD,MDH2,944
DLD,MSRA,427
DLD,NDUFS3,784
DLD,NDUFS8,479
DLD,P4HB,556
DLD,PARK7,416
DLD,PDHB,999
DLD,PDIA3,560
DLD,PDIA4,518
DLD,PGAM1,485
DLD,PGD,524
DLD,PGK1,535
DLD,PKM,592
DLD,PPA2,495
DLD,PRDX2,432
DLD,PRDX3,566
DLD,PRDX5,667
DLD,PRDX6,530
DLD,PRPS1,516
DLD,PSMC2,524
DLD,PSMD14,426
DLD,RPIA,495
DLD,SEC13,465
DLD,SHMT2,968
DLD,SOD2,436
DLD,SSBP1,430
DLD,STIP1,406
DLD,TALDO1,444
DLD,TCP1,769
DLD,TKT,706
DLD,TPI1,598
DLD,TSN,527
DLD,TUBA1A,423
DLD,TUBA1C,462
DLD,TUBA4A,473
DLD,TUBA8,431
DLD,TUBB4B,414
DLD,UGP2,430
DLD,UQCRB,447
DLD,UQCRC1,831
DLD,UQCRC2,836
DLD,UQCRFS1,514
DLD,VCP,406
DLD,VDAC1,438
DLD,VTA1,548
DLST,ENO1,555
DLST,ENO2,463
DLST,ETFA,548
DLST,ETFB,402
DLST,GAPDH,445
DLST,GOT2,476
DLST,GPI,524
DLST,GSR,778
DLST,HSPA9,414
DLST,HSPD1,421
DLST,IDH1,815
DLST,MDH2,861
DLST,NDUFA5,474
DLST,NDUFS3,507
DLST,NDUFS8,724
DLST,PDHB,974
DLST,PGK1,440
DLST,PKM,572
DLST,PRDX3,407
DLST,PRPS1,546
DLST,RPIA,457
DLST,SCP2,408
DLST,SHMT2,616
DLST,SLC25A3,510
DLST,STOML2,410
DLST,TALDO1,457
DLST,TKT,611
DLST,TPI1,583
DLST,UQCRB,506
DLST,UQCRC1,684
DLST,UQCRC2,608
DLST,UQCRFS1,713
DMTN,GYPA,494
DMTN,HAGH,435
DMTN,MPP1,644
DMTN,SELENBP1,449
DMTN,SLC2A1,544
DMTN,SLC4A1,804
DMTN,SNCA,670
DMTN,SPTA1,415
DMTN,SPTB,489
DMTN,TMOD3,894
DMTN,TRIM58,499
DMTN,YWHAE,774
DMTN,YWHAZ,443
DNAJB11,DSG1,408
DNAJB11,EMD,432
DNAJB11,ERP29,709
DNAJB11,ERP44,855
DNAJB11,FBLN5,450
DNAJB11,GANAB,850
DNAJB11,GRB2,479
DNAJB11,HSP90AA1,638
DNAJB11,HSP90AB1,892
DNAJB11,HSP90B1,999
DNAJB11,HSPA4,843
DNAJB11,HSPA5,997
DNAJB11,HSPA8,923
DNAJB11,HSPA9,749
DNAJB11,HSPD1,403
DNAJB11,HSPE1,560
DNAJB11,HYOU1,976
DNAJB11,LMAN1,470
DNAJB11,MANF,903
DNAJB11,P4HB,840
DNAJB11,PARK7,662
DNAJB11,PDIA3,817
DNAJB11,PDIA4,986
DNAJB11,PDIA5,539
DNAJB11,PDIA6,959
DNAJB11,PFDN2,564
DNAJB11,PFDN6,566
DNAJB11,PNP,623
DNAJB11,PPIB,955
DNAJB11,PRDX4,400
DNAJB11,PRKCSH,587
DNAJB11,PTGES3,764
DNAJB11,RALA,425
DNAJB11,RCN1,400
DNAJB11,ROCK2,485
DNAJB11,RUVBL1,585
DNAJB11,RUVBL2,581
DNAJB11,SNX2,547
DNAJB11,STIP1,826
DNAJB11,TCP1,825
DNAJB11,TUBA1A,488
DNAJB11,TXNDC5,612
DNAJB11,VCP,518
DNM1L,EPS15,566
DNM1L,FIS1,999
DNM1L,FLNA,688
DNM1L,GAPDH,529
DNM1L,HSP90AA1,548
DNM1L,HSP90AB1,527
DNM1L,HSPA4,479
DNM1L,HSPA5,438
DNM1L,HSPA9,795
DNM1L,HSPD1,552
DNM1L,INF2,758
DNM1L,KIF5B,455
DNM1L,MAPK1,652
DNM1L,MAVS,435
DNM1L,PARK7,726
DNM1L,PKM,459
DNM1L,PLEK,555
DNM1L,PPIF,574
DNM1L,PRDX3,538
DNM1L,PRNP,409
DNM1L,PSMD14,409
DNM1L,RAB32,501
DNM1L,RAB6A,494
DNM1L,SH3GL1,461
DNM1L,SNCA,463
DNM1L,SOD2,754
DNM1L,SUMO2,817
DNM1L,UQCRC2,583
DNM1L,USP15,463
DNM1L,VAPB,427
DNM1L,VCP,448
DNM1L,VDAC1,768
DNM1L,VDAC2,600
DOK2,DOK3,579
DOK2,FERMT3,500
DOK2,GRAP2,413
DOK2,GRB2,724
DOK2,LCP2,551
DOK2,LYN,433
DOK2,PLEK,543
DOK2,SRC,587
DOK3,GRB2,862
DOK3,LYN,548
DOK3,PLEK,470
DOK3,SYK,528
DPM3,LAMTOR2,453
DPP4,ENG,610
DPP4,FAP,411
DPP4,FCGR2A,478
DPP4,FN1,983
DPP4,GAPDH,425
DPP4,HLA-DRA,407
DPP4,HSPA5,597
DPP4,ICAM1,631
DPP4,ICAM3,552
DPP4,IGF2R,945
DPP4,ITGA2,421
DPP4,ITGA5,578
DPP4,ITGB1,967
DPP4,ITIH4,554
DPP4,KNG1,511
DPP4,KRT19,624
DPP4,LGALS3,576
DPP4,MMP9,468
DPP4,NCAM1,650
DPP4,NRP1,592
DPP4,PECAM1,646
DPP4,PLG,904
DPP4,PPP1CA,507
DPP4,PTPRC,990
DPP4,PTX3,504
DPP4,RETN,403
DPP4,SELP,487
DPP4,SERPINA1,453
DPP4,SERPINE1,451
DPP4,TFRC,699
DPP4,TGFB1,475
DPP4,TIMP1,605
DPP4,VCAM1,669
DPT,ECM2,509
DPT,FBLN1,499
DPT,FBLN5,631
DPT,FBN1,433
DPT,FN1,598
DPT,ISLR,435
DPT,LAMA2,411
DPT,LUM,803
DPT,MFAP4,637
DPT,MFAP5,427
DPT,OGN,676
DPT,OMD,455
DPT,POSTN,709
DPT,SPP1,588
DPT,THBS2,574
DPYSL2,ENO1,478
DPYSL2,ENO2,402
DPYSL2,EPS15,578
DPYSL2,GAPDH,573
DPYSL2,GLO1,458
DPYSL2,HSPA8,440
DPYSL2,KALRN,495
DPYSL2,KLC1,726
DPYSL2,L1CAM,577
DPYSL2,LDHA,454
DPYSL2,LYPLA1,505
DPYSL2,MARCKS,556
DPYSL2,NDUFS8,415
DPYSL2,NRP1,648
DPYSL2,NTRK2,568
DPYSL2,PDHB,500
DPYSL2,PEBP1,646
DPYSL2,PGAM1,402
DPYSL2,PKM,451
DPYSL2,PLXNA4,717
DPYSL2,PRDX2,547
DPYSL2,RAB27A,862
DPYSL2,RAB27B,753
DPYSL2,RHOA,556
DPYSL2,RTN4,416
DPYSL2,STIP1,454
DPYSL2,TUBA1A,438
DPYSL2,TUBB,414
DPYSL2,VASP,483
DSC1,DSC3,570
DSC1,DSG1,998
DSC1,DSP,959
DSC1,FLG,814
DSC1,FLG2,783
DSC1,JUP,913
DSC1,KPRP,432
DSC1,PKP1,905
DSC1,PLEC,427
DSC1,SERPINB12,573
DSC1,TGM1,675
DSC1,TGM3,521
DSC3,DSG1,933
DSC3,DSP,946
DSC3,FLG,669
DSC3,JUP,974
DSC3,KRT14,565
DSC3,KRT16,499
DSC3,KRT17,431
DSC3,KRT5,706
DSC3,KRT6A,522
DSC3,KRT6B,535
DSC3,LMNA,506
DSC3,PKP1,894
DSC3,TGM1,655
DSC3,TPM1,454
DSC3,TTR,444
DSG1,DSP,998
DSG1,ERBIN,877
DSG1,FLG,941
DSG1,FLG2,885
DSG1,HRNR,473
DSG1,HSPB1,501
DSG1,JUP,981
DSG1,KPRP,608
DSG1,KRT13,415
DSG1,KRT14,717
DSG1,KRT16,507
DSG1,KRT5,494
DSG1,KRT6A,455
DSG1,KRT6B,499
DSG1,PKP1,994
DSG1,PLEC,529
DSG1,S100A7,426
DSG1,SBSN,484
DSG1,SERPINB12,582
DSG1,TGM1,780
DSG1,TGM3,598
DSG1,YWHAZ,493
DSP,ENO1,434
DSP,FLG,727
DSP,FLG2,586
DSP,FN1,544
DSP,HSPA5,514
DSP,JUP,999
DSP,KPRP,407
DSP,KRT14,533
DSP,KRT16,521
DSP,KRT17,435
DSP,KRT19,840
DSP,KRT5,577
DSP,KRT6A,516
DSP,KRT8,869
DSP,LGALS3,457
DSP,LMNA,724
DSP,MAPRE1,431
DSP,MSN,583
DSP,PECAM1,425
DSP,PKP1,995
DSP,PLEC,503
DSP,TGM1,646
DSP,TGM3,410
DSP,VCL,655
DSP,VIM,607
DSP,VTN,448
DSTN,EIF5A,401
DSTN,HSPA8,535
DSTN,ITGB1,427
DSTN,MYH9,424
DSTN,PFN1,784
DSTN,RHOA,443
DSTN,SGTA,523
DSTN,SHBG,512
DSTN,SNAP23,404
DSTN,TAGLN2,481
DSTN,TPI1,433
DSTN,TPM1,438
DSTN,TPM2,471
DSTN,TPM4,431
DSTN,TWF2,475
DSTN,VCL,437
DSTN,WDR1,794
DSTN,YWHAQ,512
DUSP3,MAPK1,979
DUSP3,MAPK14,936
DUSP3,PTP4A2,401
DUSP3,PTPN12,407
DYNLL1,DYNLRB1,997
DYNLL1,GRB2,498
DYNLL1,HOOK3,405
DYNLL1,HSP90AA1,879
DYNLL1,HSP90AB1,637
DYNLL1,KIF5B,513
DYNLL1,NME1,674
DYNLL1,PARK7,606
DYNLL1,PTGES3,438
DYNLL1,RAB18,504
DYNLL1,RAB3GAP1,504
DYNLL1,RAB6A,615
DYNLL1,RAB6B,501
DYNLL1,RAB8A,578
DYNLL1,SEC13,529
DYNLL1,SEPTIN2,416
DYNLL1,STK24,426
DYNLL1,TUBA1A,433
DYNLL1,TUBA1C,438
DYNLL1,TUBB,665
DYNLL1,TUBB1,415
DYNLL1,TUBB4B,549
DYNLL1,VCP,681
DYNLRB1,RAB6A,698
DYNLRB1,TUBB4B,449
ECE1,ERAP1,445
ECE1,KNG1,611
ECE1,LGALS3,500
ECE1,PIP,548
ECH1,ECHS1,637
ECH1,ECI1,650
ECH1,EPDR1,408
ECH1,ETFA,536
ECH1,ETFB,596
ECH1,HSD17B10,515
ECH1,MDH2,429
ECH1,NDUFS3,406
ECH1,SCP2,818
ECH1,UQCRC1,406
ECHS1,ECI1,855
ECHS1,ENO1,482
ECHS1,ETFA,851
ECHS1,ETFB,855
ECHS1,GAPDH,474
ECHS1,GLO1,431
ECHS1,GOT2,589
ECHS1,HSD17B10,996
ECHS1,HSPA9,427
ECHS1,IDH1,541
ECHS1,MDH2,689
ECHS1,MGLL,504
ECHS1,NDUFS3,441
ECHS1,NDUFS8,647
ECHS1,PDHB,527
ECHS1,PEBP1,500
ECHS1,PGD,517
ECHS1,PGK1,405
ECHS1,PGM1,428
ECHS1,PPA2,402
ECHS1,S100A6,413
ECHS1,SCP2,898
ECHS1,SOD2,500
ECHS1,TALDO1,506
ECHS1,TPI1,563
ECHS1,UQCRC1,625
ECHS1,VDAC1,458
ECHS1,VDAC2,454
ECI1,ETFA,720
ECI1,ETFB,739
ECI1,HSD17B10,729
ECI1,MDH2,420
ECI1,NDUFS8,514
ECI1,SCP2,837
ECI1,SOD2,466
ECM1,ECM2,544
ECM1,EFEMP1,758
ECM1,FAM3C,471
ECM1,FBLN1,445
ECM1,FN1,712
ECM1,HSPG2,809
ECM1,IGFBP3,549
ECM1,ITIH3,544
ECM1,ITIH4,444
ECM1,LAMB1,410
ECM1,LGALS3BP,615
ECM1,LUM,430
ECM1,MMP9,760
ECM1,MMRN1,441
ECM1,NCAM1,497
ECM1,PDIA3,418
ECM1,PIP,463
ECM1,RARRES2,405
ECM1,SELENOP,449
ECM1,SERPINA4,475
ECM1,SPP2,507
ECM1,TGFBI,412
ECM1,THBS1,630
ECM1,THBS4,473
ECM1,TIMP1,610
ECM1,VCAN,552
ECM1,VWF,481
ECM2,EFEMP2,412
ECM2,LRRC57,427
ECM2,LUM,608
ECM2,MFAP5,421
ECM2,OGN,687
ECM2,OMD,703
ECM2,PLEC,412
ECM2,POSTN,455
ECM2,VWF,592
EEF1B2,EEF1D,999
EEF1B2,EEF1G,999
EEF1B2,EEF2,937
EEF1B2,EIF2S1,645
EEF1B2,EIF3I,962
EEF1B2,EIF3K,704
EEF1B2,EIF4A1,837
EEF1B2,EIF4E,524
EEF1B2,EIF5,587
EEF1B2,EIF5A,852
EEF1B2,EIF6,598
EEF1B2,ENO1,445
EEF1B2,ETF1,702
EEF1B2,FKBP2,468
EEF1B2,GAPDH,636
EEF1B2,HSP90AA1,627
EEF1B2,HSP90AB1,565
EEF1B2,HSPA4,623
EEF1B2,HSPA8,541
EEF1B2,HSPA9,560
EEF1B2,HSPD1,507
EEF1B2,HSPE1,438
EEF1B2,KPNB1,511
EEF1B2,KRT19,437
EEF1B2,LMNA,427
EEF1B2,NACA,798
EEF1B2,NAP1L1,466
EEF1B2,NME1,612
EEF1B2,NME2,792
EEF1B2,OLA1,492
EEF1B2,PCBP1,463
EEF1B2,PFDN2,642
EEF1B2,PFDN5,724
EEF1B2,PFDN6,527
EEF1B2,PKM,417
EEF1B2,PSMA1,753
EEF1B2,PSMA2,708
EEF1B2,PSMA3,888
EEF1B2,PSMA4,741
EEF1B2,PSMA5,836
EEF1B2,PSMA6,755
EEF1B2,PSMA7,730
EEF1B2,PSMB1,525
EEF1B2,PSMB2,515
EEF1B2,PSMB3,520
EEF1B2,PSMB4,436
EEF1B2,PSMB6,400
EEF1B2,PSMB7,521
EEF1B2,PSMC2,460
EEF1B2,PSMC6,478
EEF1B2,PSMD14,476
EEF1B2,PSMD4,642
EEF1B2,RAN,759
EEF1B2,RANBP1,419
EEF1B2,RPL22,838
EEF1B2,RPLP0,988
EEF1B2,RPLP1,947
EEF1B2,RPLP2,968
EEF1B2,RPS12,964
EEF1B2,RTRAF,400
EEF1B2,RUVBL1,430
EEF1B2,STIP1,538
EEF1B2,TCP1,478
EEF1B2,TPI1,542
EEF1B2,TPT1,994
EEF1B2,UQCRB,565
EEF1B2,UQCRH,491
EEF1B2,VBP1,544
EEF1D,EEF1G,999
EEF1D,EEF2,842
EEF1D,EIF2S1,441
EEF1D,EIF3I,665
EEF1D,EIF3K,774
EEF1D,EIF4A1,488
EEF1D,EIF5A,757
EEF1D,EIF6,559
EEF1D,ERP29,472
EEF1D,GAPDH,447
EEF1D,HNRNPC,492
EEF1D,HSPA9,403
EEF1D,NACA,462
EEF1D,NME1,444
EEF1D,NME2,430
EEF1D,PFDN2,426
EEF1D,PKM,469
EEF1D,PSMA1,492
EEF1D,PSMA3,535
EEF1D,PSMA5,502
EEF1D,PSMB3,421
EEF1D,PSMB7,461
EEF1D,PSMC1,533
EEF1D,PSMC2,509
EEF1D,PSMC4,491
EEF1D,PSMC5,465
EEF1D,RAN,413
EEF1D,RANBP1,610
EEF1D,RPL22,549
EEF1D,RPLP0,849
EEF1D,RPLP1,918
EEF1D,RPLP2,853
EEF1D,RPS12,803
EEF1D,TPT1,950
EEF1D,UQCRB,442
EEF1D,VIM,489
EEF1D,YWHAE,549
EEF1G,EEF2,994
EEF1G,EIF2S1,627
EEF1G,EIF3I,877
EEF1G,EIF3K,717
EEF1G,EIF4A1,894
EEF1G,EIF5,522
EEF1G,EIF5A,755
EEF1G,EIF6,513
EEF1G,ENO1,642
EEF1G,ENO2,456
EEF1G,ETF1,663
EEF1G,FAH,414
EEF1G,FN1,536
EEF1G,FTL,486
EEF1G,GAPDH,805
EEF1G,GOT2,422
EEF1G,GPI,791
EEF1G,GRB2,605
EEF1G,GSPT1,488
EEF1G,GSTO1,485
EEF1G,GUSB,407
EEF1G,HSP90AA1,738
EEF1G,HSP90AB1,725
EEF1G,HSP90B1,401
EEF1G,HSPA4,591
EEF1G,HSPA5,559
EEF1G,HSPA8,601
EEF1G,HSPA9,552
EEF1G,HYOU1,409
EEF1G,KIF5B,551
EEF1G,KLC1,567
EEF1G,KPNB1,479
EEF1G,KRT17,401
EEF1G,MSN,526
EEF1G,NACA,946
EEF1G,NAP1L1,427
EEF1G,NAP1L4,406
EEF1G,NME1,486
EEF1G,NME2,614
EEF1G,OLA1,687
EEF1G,P4HB,407
EEF1G,PARK7,441
EEF1G,PDIA3,487
EEF1G,PDIA4,416
EEF1G,PDIA6,421
EEF1G,PFDN2,608
EEF1G,PFDN5,592
EEF1G,PGD,424
EEF1G,PGK1,467
EEF1G,PPA2,783
EEF1G,PPIB,407
EEF1G,PRDX2,421
EEF1G,PRDX6,437
EEF1G,PRKAR1A,651
EEF1G,PSMA1,609
EEF1G,PSMA2,550
EEF1G,PSMA3,735
EEF1G,PSMA4,551
EEF1G,PSMA5,721
EEF1G,PSMA6,564
EEF1G,PSMA7,594
EEF1G,PSMC2,443
EEF1G,PSMC5,466
EEF1G,PSMD14,661
EEF1G,PSMD4,610
EEF1G,PSMD7,499
EEF1G,PSMD8,515
EEF1G,RAN,580
EEF1G,RPL22,607
EEF1G,RPLP0,996
EEF1G,RPLP1,985
EEF1G,RPLP2,907
EEF1G,RPS12,848
EEF1G,SEC31A,523
EEF1G,SLC25A3,421
EEF1G,STIP1,646
EEF1G,STRN,501
EEF1G,SUMO2,673
EEF1G,TCP1,678
EEF1G,TKT,542
EEF1G,TPI1,497
EEF1G,TPM3,558
EEF1G,TPM4,567
EEF1G,TPT1,993
EEF1G,TUBA1A,551
EEF1G,TUBA1C,541
EEF1G,TUBA4A,519
EEF1G,TUBA8,485
EEF1G,TUBB,694
EEF1G,TUBB1,538
EEF1G,TUBB4B,617
EEF1G,UQCRFS1,516
EEF1G,VCL,524
EEF1G,YWHAB,449
EEF1G,YWHAE,496
EEF1G,YWHAG,417
EEF2,EIF2S1,850
EEF2,EIF3I,779
EEF2,EIF3J,457
EEF2,EIF3K,507
EEF2,EIF4A1,970
EEF2,EIF4E,837
EEF2,EIF4G2,473
EEF2,EIF5,860
EEF2,EIF5A,996
EEF2,EIF6,765
EEF2,ENO1,876
EEF2,ENO2,566
EEF2,ETF1,796
EEF2,FCN2,416
EEF2,FLNA,533
EEF2,FN1,510
EEF2,G6PD,415
EEF2,GAPDH,810
EEF2,GDI1,434
EEF2,GPI,575
EEF2,GSPT1,648
EEF2,GSR,423
EEF2,HDGF,420
EEF2,HNRNPC,476
EEF2,HNRNPK,596
EEF2,HSD17B10,752
EEF2,HSP90AA1,879
EEF2,HSP90AB1,868
EEF2,HSP90B1,537
EEF2,HSPA4,684
EEF2,HSPA5,858
EEF2,HSPA8,841
EEF2,HSPA9,601
EEF2,HSPD1,636
EEF2,IDH1,433
EEF2,KPNB1,680
EEF2,LSM3,436
EEF2,MAPK14,512
EEF2,MAPRE1,461
EEF2,MDH2,421
EEF2,NACA,405
EEF2,NDUFS3,407
EEF2,NDUFS8,440
EEF2,NME1,519
EEF2,NME2,638
EEF2,OLA1,554
EEF2,P4HB,546
EEF2,PARK7,412
EEF2,PCBP1,615
EEF2,PCBP2,587
EEF2,PDHB,412
EEF2,PDIA3,559
EEF2,PDIA4,620
EEF2,PFDN2,429
EEF2,PFDN5,485
EEF2,PFDN6,442
EEF2,PFN1,518
EEF2,PGD,567
EEF2,PGK1,839
EEF2,PKM,594
EEF2,PLEC,524
EEF2,PLG,444
EEF2,PPA2,427
EEF2,PPP2R1A,684
EEF2,PRDX6,489
EEF2,PRPS1,434
EEF2,PSMA1,656
EEF2,PSMA2,518
EEF2,PSMA3,754
EEF2,PSMA4,564
EEF2,PSMA5,691
EEF2,PSMA6,560
EEF2,PSMA7,564
EEF2,PSMB1,457
EEF2,PSMB2,485
EEF2,PSMB3,432
EEF2,PSMB6,425
EEF2,PSMB7,471
EEF2,PSMD4,544
EEF2,RAN,519
EEF2,RBPMS2,556
EEF2,RHEB,449
EEF2,RPL22,990
EEF2,RPLP0,999
EEF2,RPLP1,985
EEF2,RPLP2,981
EEF2,RPS12,998
EEF2,RUVBL1,549
EEF2,RUVBL2,411
EEF2,SHMT2,454
EEF2,SPTBN1,480
EEF2,SSBP1,414
EEF2,STIP1,481
EEF2,SUMO2,537
EEF2,TALDO1,708
EEF2,TCP1,660
EEF2,TKT,658
EEF2,TPI1,733
EEF2,TPT1,739
EEF2,TUBA1A,525
EEF2,TUBA1C,502
EEF2,TUBA4A,465
EEF2,TUBA8,444
EEF2,TUBB,536
EEF2,TUBB4B,480
EEF2,UQCRC1,443
EEF2,VBP1,454
EEF2,VCP,672
EEF2,YWHAE,451
EEF2,YWHAQ,426
EEF2,YWHAZ,554
EFEMP1,EFEMP2,558
EFEMP1,FBLN1,754
EFEMP1,FBLN2,769
EFEMP1,FBLN5,618
EFEMP1,FBN1,541
EFEMP1,FN1,625
EFEMP1,FSTL1,428
EFEMP1,HSPA5,511
EFEMP1,HTRA1,522
EFEMP1,ISLR,499
EFEMP1,KRT19,524
EFEMP1,LAMB2,405
EFEMP1,LUM,690
EFEMP1,MFAP2,608
EFEMP1,MFAP4,784
EFEMP1,MFAP5,644
EFEMP1,MGP,447
EFEMP1,OGN,413
EFEMP1,P4HB,481
EFEMP1,PDIA3,407
EFEMP1,PLSCR1,411
EFEMP1,POSTN,508
EFEMP1,RCN1,455
EFEMP1,SGTA,643
EFEMP1,SPARCL1,433
EFEMP1,SPP1,433
EFEMP1,THBS1,417
EFEMP1,THBS2,470
EFEMP1,TIMP1,608
EFEMP1,TPM2,537
EFEMP1,VTN,625
EFEMP2,EMILIN1,496
EFEMP2,FBLN1,659
EFEMP2,FBLN2,630
EFEMP2,FBLN5,837
EFEMP2,FBN1,873
EFEMP2,FLNA,438
EFEMP2,FN1,644
EFEMP2,KRT5,420
EFEMP2,LTBP1,722
EFEMP2,LTBP4,681
EFEMP2,MFAP2,794
EFEMP2,MFAP4,705
EFEMP2,MFAP5,779
EFEMP2,MYLK,564
EFEMP2,PCOLCE,473
EFEMP2,POSTN,445
EFEMP2,THBS2,438
EFEMP2,VTN,566
EFNB1,FGFR1,417
EFNB1,GRB2,508
EFNB1,KALRN,486
EFNB1,MMP2,654
EFNB1,MMP9,500
EFNB1,NCAM1,488
EFNB1,NCK2,997
EFNB1,NEO1,526
EFNB1,NRP1,539
EFNB1,NRP2,499
EFNB1,NTRK2,564
EFNB1,RHOA,529
EFNB1,RTN4,412
EFNB1,SDCBP,847
EFNB1,SRC,806
EHD1,EHD3,841
EHD1,EPS15,449
EHD1,FKBP15,501
EHD1,HLA-A,439
EHD1,IGF2R,469
EHD1,LAMP1,411
EHD1,LMNA,402
EHD1,PACSIN2,907
EHD1,RAB10,466
EHD1,RAB8A,876
EHD1,SNAP23,589
EHD1,SNAP29,983
EHD1,STON2,519
EHD1,TFRC,422
EHD1,VPS29,433
EHD3,EPS15,449
EHD3,PACSIN2,846
EHD3,PRKAR2B,421
EHD3,RAB10,631
EHD3,RAB8A,612
EHD3,SNAP29,694
EIF2S1,EIF3I,999
EIF2S1,EIF3J,972
EIF2S1,EIF3K,982
EIF2S1,EIF4A1,990
EIF2S1,EIF4E,954
EIF2S1,EIF4G2,705
EIF2S1,EIF5,998
EIF2S1,EIF5A,644
EIF2S1,EIF6,652
EIF2S1,ETF1,865
EIF2S1,GAPDH,619
EIF2S1,GSPT1,454
EIF2S1,HNRNPC,465
EIF2S1,HNRNPK,401
EIF2S1,HSP90AA1,755
EIF2S1,HSP90AB1,661
EIF2S1,HSP90B1,759
EIF2S1,HSPA4,767
EIF2S1,HSPA5,939
EIF2S1,HSPA8,542
EIF2S1,HSPA9,472
EIF2S1,HSPD1,406
EIF2S1,HYOU1,414
EIF2S1,IDH1,434
EIF2S1,KPNB1,594
EIF2S1,NME2,545
EIF2S1,OLA1,439
EIF2S1,P4HB,416
EIF2S1,PCBP1,412
EIF2S1,PCBP2,401
EIF2S1,PDIA3,630
EIF2S1,PPP1CA,996
EIF2S1,PPP1CB,949
EIF2S1,PSMA1,511
EIF2S1,PSMA2,573
EIF2S1,PSMA3,734
EIF2S1,PSMA4,613
EIF2S1,PSMA5,802
EIF2S1,PSMA6,552
EIF2S1,PSMA7,517
EIF2S1,PSMB2,414
EIF2S1,PSMB7,401
EIF2S1,PSMC1,616
EIF2S1,PSMC2,755
EIF2S1,PSMC3,558
EIF2S1,PSMC4,621
EIF2S1,PSMC5,655
EIF2S1,PSMC6,625
EIF2S1,PSMD14,999
EIF2S1,PSMD4,434
EIF2S1,PSMD7,476
EIF2S1,RAN,568
EIF2S1,RPL22,835
EIF2S1,RPLP0,912
EIF2S1,RPLP1,785
EIF2S1,RPLP2,715
EIF2S1,RPS12,993
EIF2S1,RUVBL1,486
EIF2S1,SELENOP,889
EIF2S1,SKP1,512
EIF2S1,STRN,474
EIF2S1,TCP1,800
EIF2S1,TNPO1,469
EIF2S1,UBE2N,412
EIF2S1,VBP1,529
EIF2S1,VCP,500
EIF2S1,WARS1,468
EIF3I,EIF3J,999
EIF3I,EIF3K,999
EIF3I,EIF4A1,997
EIF3I,EIF4E,753
EIF3I,EIF4G2,530
EIF3I,EIF5,999
EIF3I,EIF5A,673
EIF3I,EIF6,807
EIF3I,ENO1,426
EIF3I,ETF1,839
EIF3I,GAPDH,525
EIF3I,HNRNPC,409
EIF3I,HNRNPK,522
EIF3I,HSP90AA1,515
EIF3I,HSP90AB1,518
EIF3I,HSPA4,569
EIF3I,HSPA8,587
EIF3I,HSPA9,428
EIF3I,KPNB1,630
EIF3I,NME1,412
EIF3I,NME2,675
EIF3I,OLA1,510
EIF3I,PARK7,429
EIF3I,PCBP1,506
EIF3I,PCBP2,533
EIF3I,PFDN1,434
EIF3I,PFDN2,558
EIF3I,PFDN5,543
EIF3I,PFDN6,508
EIF3I,PSMA1,826
EIF3I,PSMA2,795
EIF3I,PSMA3,805
EIF3I,PSMA4,675
EIF3I,PSMA5,790
EIF3I,PSMA6,782
EIF3I,PSMA7,779
EIF3I,PSMB1,577
EIF3I,PSMB2,561
EIF3I,PSMB3,510
EIF3I,PSMB4,474
EIF3I,PSMB6,678
EIF3I,PSMB7,999
EIF3I,PSMC1,529
EIF3I,PSMC2,530
EIF3I,PSMC3,504
EIF3I,PSMC4,466
EIF3I,PSMC5,488
EIF3I,PSMD14,699
EIF3I,PSMD4,654
EIF3I,PSMD7,662
EIF3I,PSMD8,454
EIF3I,RAN,663
EIF3I,RPLP0,854
EIF3I,RPLP1,478
EIF3I,RPLP2,759
EIF3I,RPS12,992
EIF3I,RTRAF,409
EIF3I,RUVBL1,684
EIF3I,RUVBL2,509
EIF3I,SELENOP,905
EIF3I,STIP1,473
EIF3I,STRAP,509
EIF3I,TCP1,620
EIF3I,TNPO1,430
EIF3I,TPI1,416
EIF3I,TPT1,841
EIF3I,UFM1,454
EIF3I,VBP1,506
EIF3J,EIF3K,999
EIF3J,EIF4A1,931
EIF3J,EIF4E,684
EIF3J,EIF4G2,707
EIF3J,EIF5,998
EIF3J,EIF6,732
EIF3J,ETF1,750
EIF3J,GSPT1,573
EIF3J,P4HB,472
EIF3J,PSMD14,508
EIF3J,PSMD7,539
EIF3J,RPS12,929
EIF3J,SELENOP,897
EIF3J,UFM1,406
EIF3K,EIF4A1,901
EIF3K,EIF4E,562
EIF3K,EIF5,916
EIF3K,EIF6,615
EIF3K,NACA,484
EIF3K,PSMA2,435
EIF3K,PSMB6,596
EIF3K,PSMD13,436
EIF3K,PSMD14,672
EIF3K,PSMD7,683
EIF3K,PSMD8,576
EIF3K,RAB27A,424
EIF3K,RAB2A,433
EIF3K,RAB6A,437
EIF3K,RPLP0,551
EIF3K,RPLP2,447
EIF3K,RPS12,933
EIF3K,SELENOP,876
EIF3K,TPT1,444
EIF3K,YWHAZ,484
EIF4A1,EIF4E,999
EIF4A1,EIF4G2,999
EIF4A1,EIF5,993
EIF4A1,EIF5A,741
EIF4A1,EIF6,843
EIF4A1,ENO1,588
EIF4A1,ETF1,776
EIF4A1,FKBP1A,446
EIF4A1,FLNA,481
EIF4A1,GAPDH,689
EIF4A1,GSPT1,495
EIF4A1,HNRNPC,570
EIF4A1,HNRNPK,630
EIF4A1,HSP90AA1,619
EIF4A1,HSP90AB1,694
EIF4A1,HSPA4,588
EIF4A1,HSPA5,453
EIF4A1,HSPA8,802
EIF4A1,HSPA9,707
EIF4A1,HSPB1,500
EIF4A1,KPNB1,627
EIF4A1,LSM1,630
EIF4A1,MAPRE1,559
EIF4A1,NACA,423
EIF4A1,NME2,507
EIF4A1,OLA1,456
EIF4A1,PCBP1,551
EIF4A1,PCBP2,652
EIF4A1,PFDN4,419
EIF4A1,PFN1,556
EIF4A1,PKP1,819
EIF4A1,PPP2R1A,686
EIF4A1,PSMA3,454
EIF4A1,PSMA5,419
EIF4A1,PSMA7,496
EIF4A1,PSMB7,435
EIF4A1,PSMC4,432
EIF4A1,PURA,459
EIF4A1,RAN,589
EIF4A1,RHEB,411
EIF4A1,RPL22,428
EIF4A1,RPLP0,827
EIF4A1,RPLP1,701
EIF4A1,RPLP2,669
EIF4A1,RPS12,921
EIF4A1,SLC25A3,590
EIF4A1,STRAP,535
EIF4A1,SUMO2,480
EIF4A1,TCP1,585
EIF4A1,TPT1,818
EIF4A1,TUBA1C,405
EIF4A1,UCHL3,446
EIF4A1,VCP,457
EIF4A1,WDR77,440
EIF4E,EIF4G2,999
EIF4E,EIF5,987
EIF4E,EIF5A,402
EIF4E,EIF6,755
EIF4E,ETF1,648
EIF4E,FKBP1A,939
EIF4E,FKBP2,425
EIF4E,FN1,520
EIF4E,GAPDH,639
EIF4E,GSPT1,452
EIF4E,HNRNPC,595
EIF4E,HNRNPK,515
EIF4E,HSP90AA1,557
EIF4E,HSP90AB1,524
EIF4E,HSPA4,543
EIF4E,HSPA8,442
EIF4E,HSPB1,604
EIF4E,IGFBP2,493
EIF4E,ITGB1,463
EIF4E,LAMTOR1,515
EIF4E,LAMTOR2,498
EIF4E,LAMTOR4,495
EIF4E,LAMTOR5,519
EIF4E,LSM1,715
EIF4E,LSM5,433
EIF4E,MAPK1,419
EIF4E,PCBP1,605
EIF4E,PCBP2,801
EIF4E,PFDN4,479
EIF4E,PSMA3,437
EIF4E,PSMA6,462
EIF4E,PURA,481
EIF4E,RANBP1,469
EIF4E,RHEB,892
EIF4E,SEC13,555
EIF4E,SKP1,592
EIF4E,SND1,514
EIF4E,SRC,446
EIF4E,TPT1,532
EIF4E,UBE2N,417
EIF4E,UQCRFS1,448
EIF4E,VAPA,517
EIF4E,VCL,534
EIF4E,YWHAB,512
EIF4E,YWHAZ,409
EIF4G2,EIF5,765
EIF4G2,EIF6,511
EIF4G2,ETF1,502
EIF4G2,GSPT1,477
EIF4G2,HNRNPC,625
EIF4G2,HNRNPK,632
EIF4G2,HSPA5,456
EIF4G2,HSPA8,522
EIF4G2,PCBP1,463
EIF4G2,PCBP2,457
EIF4G2,SUMO2,416
EIF4G2,VCP,488
EIF4G2,YWHAE,404
EIF4G2,YWHAQ,452
EIF5,EIF5A,469
EIF5,EIF6,826
EIF5,ETF1,775
EIF5,GSPT1,534
EIF5,HNRNPK,491
EIF5,HSP90AA1,479
EIF5,HSP90AB1,414
EIF5,PCBP2,405
EIF5,RPS12,909
EIF5,SELENOP,908
EIF5,TCP1,410
EIF5,WARS1,460
EIF5A,EIF6,769
EIF5A,ENO1,453
EIF5A,GAPDH,557
EIF5A,HNRNPK,515
EIF5A,HSP90AA1,453
EIF5A,HSP90AB1,461
EIF5A,HSPA4,465
EIF5A,HSPA8,457
EIF5A,HSPD1,440
EIF5A,HSPE1,479
EIF5A,KPNB1,561
EIF5A,NACA,440
EIF5A,NME1,568
EIF5A,NME2,591
EIF5A,NUTF2,423
EIF5A,OLA1,627
EIF5A,PARK7,509
EIF5A,PCBP1,452
EIF5A,PFN1,418
EIF5A,PKM,418
EIF5A,PPA2,676
EIF5A,PRDX2,502
EIF5A,PRDX6,404
EIF5A,PRPS1,435
EIF5A,PSMB6,420
EIF5A,PSMC4,438
EIF5A,PTMA,457
EIF5A,RAN,774
EIF5A,RPL22,920
EIF5A,RPLP0,954
EIF5A,RPLP1,776
EIF5A,RPLP2,671
EIF5A,RPS12,800
EIF5A,RUVBL1,495
EIF5A,SMS,611
EIF5A,SUMO2,452
EIF5A,TCP1,406
EIF5A,TPI1,566
EIF5A,TPT1,797
EIF6,ELOC,554
EIF6,ETF1,536
EIF6,GAPDH,494
EIF6,GNB2,417
EIF6,HSP90AA1,485
EIF6,HSP90B1,429
EIF6,HSPA4,417
EIF6,KPRP,406
EIF6,PFDN5,509
EIF6,PSMC3,462
EIF6,PSMC4,469
EIF6,PSMC6,416
EIF6,PSMD8,422
EIF6,RAN,430
EIF6,RPL22,978
EIF6,RPLP0,979
EIF6,RPS12,752
EIF6,TCP1,433
EIF6,TPI1,486
EIF6,UQCRC2,421
EIF6,VCP,485
EIF6,YWHAB,438
ELANE,F2,855
ELANE,FCGR3A,485
ELANE,FN1,705
ELANE,GAPDH,448
ELANE,GC,515
ELANE,GRN,665
ELANE,GSDMA,418
ELANE,HMGB1,869
ELANE,HP,623
ELANE,HPR,424
ELANE,ICAM1,541
ELANE,ITGB2,677
ELANE,ITIH2,485
ELANE,KLKB1,557
ELANE,KNG1,599
ELANE,LCN2,774
ELANE,MMP2,523
ELANE,MMP9,973
ELANE,MPO,999
ELANE,NID1,496
ELANE,ORM1,507
ELANE,PECAM1,433
ELANE,PF4,455
ELANE,PLG,500
ELANE,PPBP,441
ELANE,PRG2,587
ELANE,PROZ,516
ELANE,PTPRC,453
ELANE,RETN,510
ELANE,S100A9,651
ELANE,SELL,442
ELANE,SELP,691
ELANE,SERPINA1,999
ELANE,SERPINA10,611
ELANE,SERPINA3,745
ELANE,SERPINA5,658
ELANE,SERPINA6,425
ELANE,SERPINB1,973
ELANE,SERPINE1,633
ELANE,SERPINF1,591
ELANE,SERPINF2,826
ELANE,SERPING1,716
ELANE,SERPINI1,613
ELANE,TFPI,760
ELANE,TGFB1,425
ELANE,THBS1,895
ELANE,TIMP1,507
ELANE,TUBB1,627
ELANE,VCAM1,491
ELANE,VWF,501
ELOB,ELOC,999
ELOB,HSPA9,458
ELOB,LYN,524
ELOB,NDUFA7,467
ELOB,NDUFB11,411
ELOB,NRBP1,799
ELOB,PFDN5,558
ELOB,PSMA1,533
ELOB,PSMA2,619
ELOB,PSMA3,640
ELOB,PSMA4,535
ELOB,PSMA5,625
ELOB,PSMA6,547
ELOB,PSMA7,598
ELOB,PSMB1,546
ELOB,PSMB10,441
ELOB,PSMB2,498
ELOB,PSMB3,543
ELOB,PSMB4,570
ELOB,PSMB5,534
ELOB,PSMB6,640
ELOB,PSMB7,525
ELOB,PSMB8,445
ELOB,PSMB9,475
ELOB,PSMC1,497
ELOB,PSMC2,485
ELOB,PSMC3,714
ELOB,PSMC4,524
ELOB,PSMC5,563
ELOB,PSMC6,551
ELOB,PSMD13,488
ELOB,PSMD14,819
ELOB,PSMD4,568
ELOB,PSMD5,414
ELOB,PSMD7,553
ELOB,PSMD8,591
ELOB,PSMD9,426
ELOB,PSME1,414
ELOB,PSMF1,455
ELOB,RBX1,999
ELOB,SKP1,931
ELOB,SYK,500
ELOB,TPP1,497
ELOB,TSG101,419
ELOB,UBA1,406
ELOB,UBE2V1,459
ELOB,VBP1,512
ELOC,GNG5,433
ELOC,HSP90AA1,611
ELOC,HSP90AB1,437
ELOC,HSPA4,577
ELOC,ITIH4,410
ELOC,LYN,527
ELOC,NRBP1,813
ELOC,OTUB1,443
ELOC,PFDN5,433
ELOC,PFDN6,518
ELOC,PSMA1,599
ELOC,PSMA2,647
ELOC,PSMA3,671
ELOC,PSMA4,657
ELOC,PSMA5,621
ELOC,PSMA6,653
ELOC,PSMA7,574
ELOC,PSMB1,655
ELOC,PSMB10,432
ELOC,PSMB2,555
ELOC,PSMB3,713
ELOC,PSMB4,549
ELOC,PSMB5,480
ELOC,PSMB6,603
ELOC,PSMB7,505
ELOC,PSMB8,429
ELOC,PSMB9,475
ELOC,PSMC1,482
ELOC,PSMC2,515
ELOC,PSMC3,688
ELOC,PSMC4,528
ELOC,PSMC5,474
ELOC,PSMC6,692
ELOC,PSMD13,509
ELOC,PSMD14,670
ELOC,PSMD4,696
ELOC,PSMD5,421
ELOC,PSMD7,622
ELOC,PSMD8,532
ELOC,PSMD9,467
ELOC,PSME1,414
ELOC,PSMF1,401
ELOC,RBX1,999
ELOC,SKP1,936
ELOC,SYK,527
ELOC,TPP1,473
ELOC,TSN,430
ELOC,TUBA4A,432
ELOC,VBP1,705
EMD,ESYT1,468
EMD,FHL1,709
EMD,FLNA,514
EMD,GET3,657
EMD,KLC1,490
EMD,LAMA2,622
EMD,LMNA,999
EMD,LMNB1,994
EMD,PGRMC2,462
EMD,PLEC,592
EMD,PPP2R1A,515
EMD,PRKCB,501
EMD,RAC2,569
EMD,RHOG,562
EMD,SGTA,513
EMD,SPTA1,408
EMD,SPTAN1,729
EMD,SRC,472
EMD,STIP1,410
EMD,TPI1,442
EMD,UTRN,602
EMD,VAPA,648
EMD,VAPB,785
EMD,VMA21,776
EMILIN1,FBLN1,428
EMILIN1,FBLN2,432
EMILIN1,FBLN5,443
EMILIN1,FBN1,495
EMILIN1,FN1,533
EMILIN1,ICAM1,405
EMILIN1,ITGA2,545
EMILIN1,ITGA2B,545
EMILIN1,ITGA5,581
EMILIN1,ITGA6,545
EMILIN1,ITGAV,553
EMILIN1,ITGB1,679
EMILIN1,ITGB2,570
EMILIN1,ITGB3,613
EMILIN1,LAMA2,587
EMILIN1,LAMB1,574
EMILIN1,LAMB2,676
EMILIN1,LAMC1,632
EMILIN1,LTBP2,476
EMILIN1,MMRN1,542
EMILIN1,NID1,655
EMILIN1,PCOLCE,472
EMILIN1,TIMP1,405
EMILIN1,TNC,408
EMILIN1,VTN,632
EMILIN2,MGAT1,451
ENDOD1,FLNA,426
ENDOD1,LMAN2,427
ENDOD1,MANF,406
ENDOD1,PLEK,403
ENDOD1,STXBP2,402
ENDOD1,TAGLN2,485
ENDOD1,TLN1,418
ENDOD1,TUBA4A,475
ENDOD1,VCL,462
ENDOD1,WDR1,420
ENG,ESAM,495
ENG,F11R,430
ENG,FCGR3A,462
ENG,FN1,626
ENG,FST,557
ENG,GAPDH,602
ENG,GYPA,516
ENG,HSP90AA1,402
ENG,HSP90AB1,408
ENG,ICAM1,767
ENG,ICAM2,630
ENG,IL6ST,487
ENG,ITGA2,642
ENG,ITGA2B,542
ENG,ITGA5,801
ENG,ITGA6,667
ENG,ITGAV,624
ENG,ITGB1,920
ENG,ITGB3,445
ENG,KRT19,405
ENG,LGALS3,709
ENG,LRG1,931
ENG,LYVE1,457
ENG,MCAM,834
ENG,MMP2,475
ENG,MMP9,518
ENG,MYLK,463
ENG,NCAM1,541
ENG,NRP1,422
ENG,PDCD10,550
ENG,PDGFC,475
ENG,PDGFRB,677
ENG,PECAM1,923
ENG,PTPRC,910
ENG,RGS19,412
ENG,SELP,456
ENG,SERPINE1,514
ENG,SLC2A1,410
ENG,SPARC,478
ENG,SPP1,593
ENG,TFRC,762
ENG,TGFB1,998
ENG,THBS1,650
ENG,TIMP1,431
ENG,TSG101,432
ENG,VCAM1,737
ENG,VWF,718
ENG,ZYX,614
ENO1,ENO2,954
ENO1,ERP29,506
ENO1,ETFB,415
ENO1,FABP5,452
ENO1,FHL1,507
ENO1,FKBP1A,502
ENO1,FLG,649
ENO1,FLG2,664
ENO1,FLNA,575
ENO1,FN1,791
ENO1,FUCA1,625
ENO1,G6PD,903
ENO1,GAPDH,998
ENO1,GDI2,417
ENO1,GLO1,611
ENO1,GLRX,510
ENO1,GNB1,452
ENO1,GOT2,707
ENO1,GPI,994
ENO1,GPX4,574
ENO1,GRN,466
ENO1,GSR,438
ENO1,HLA-DRA,906
ENO1,HNRNPK,447
ENO1,HSD17B10,461
ENO1,HSP90AA1,771
ENO1,HSP90AB1,804
ENO1,HSP90B1,649
ENO1,HSPA4,760
ENO1,HSPA5,726
ENO1,HSPA8,876
ENO1,HSPA9,712
ENO1,HSPB1,462
ENO1,HSPD1,597
ENO1,HSPE1,710
ENO1,HYOU1,421
ENO1,IDH1,765
ENO1,LDHA,924
ENO1,LUM,551
ENO1,MDH2,759
ENO1,MIF,515
ENO1,MINPP1,900
ENO1,MSN,636
ENO1,MYCBP,645
ENO1,MYH9,406
ENO1,NDUFS3,410
ENO1,NDUFS8,568
ENO1,NME1,532
ENO1,NME2,567
ENO1,P4HB,659
ENO1,PARK7,576
ENO1,PCMT1,438
ENO1,PDCD6IP,626
ENO1,PDHB,638
ENO1,PDIA3,686
ENO1,PDIA4,579
ENO1,PDIA6,423
ENO1,PEBP1,468
ENO1,PFN1,738
ENO1,PGAM1,996
ENO1,PGD,903
ENO1,PGK1,996
ENO1,PGLS,431
ENO1,PGM1,927
ENO1,PKM,997
ENO1,PLEC,528
ENO1,PLG,997
ENO1,PNP,437
ENO1,PPA2,559
ENO1,PPIB,426
ENO1,PPP2R1A,537
ENO1,PRDX2,760
ENO1,PRDX3,560
ENO1,PRDX4,564
ENO1,PRDX5,452
ENO1,PRDX6,737
ENO1,PRPS1,408
ENO1,PSMA3,433
ENO1,PSMC3,553
ENO1,PSMC4,441
ENO1,PSMC6,425
ENO1,PSMD14,455
ENO1,PTP4A2,445
ENO1,PURB,431
ENO1,PYGB,674
ENO1,PYGL,676
ENO1,RHOA,401
ENO1,RPIA,577
ENO1,RPLP0,671
ENO1,RUVBL1,538
ENO1,S100A9,439
ENO1,SELENBP1,751
ENO1,SERPINF1,468
ENO1,SERPINF2,462
ENO1,SHBG,413
ENO1,SHMT2,538
ENO1,SLC25A3,415
ENO1,SLC2A1,695
ENO1,SOD2,543
ENO1,SRC,815
ENO1,ST13,446
ENO1,STIP1,449
ENO1,TAGLN2,531
ENO1,TALDO1,968
ENO1,TCP1,653
ENO1,TKT,967
ENO1,TPI1,998
ENO1,TPM1,588
ENO1,TUBA1A,769
ENO1,TUBA1C,574
ENO1,TUBA4A,702
ENO1,TUBB,617
ENO1,TUBB1,429
ENO1,TUBB4B,701
ENO1,UCHL3,436
ENO1,UGP2,679
ENO1,UQCRC1,621
ENO1,UQCRC2,438
ENO1,VCP,684
ENO1,VDAC1,747
ENO1,VDAC2,455
ENO1,VIM,489
ENO1,VTN,510
ENO1,WDR1,454
ENO1,YWHAB,543
ENO1,YWHAE,702
ENO1,YWHAG,499
ENO1,YWHAQ,650
ENO1,YWHAZ,794
ENO2,FABP5,470
ENO2,FKBP1A,476
ENO2,G6PD,863
ENO2,GAPDH,871
ENO2,GOT2,580
ENO2,GPI,976
ENO2,GSR,480
ENO2,HSD17B10,406
ENO2,HSPA4,474
ENO2,HSPA5,539
ENO2,HSPA8,443
ENO2,HSPE1,441
ENO2,IDH1,707
ENO2,KRT14,421
ENO2,KRT19,791
ENO2,KRT5,572
ENO2,KRT8,549
ENO2,LCN2,514
ENO2,LDHA,688
ENO2,MDH2,700
ENO2,MINPP1,907
ENO2,MYCBP,484
ENO2,NCAM1,794
ENO2,NDUFS8,517
ENO2,PARK7,560
ENO2,PDHB,548
ENO2,PECAM1,468
ENO2,PGAM1,989
ENO2,PGD,565
ENO2,PGK1,962
ENO2,PGM1,695
ENO2,PKM,989
ENO2,PRDX2,461
ENO2,PRDX3,407
ENO2,PRDX4,431
ENO2,PRDX6,430
ENO2,PRNP,464
ENO2,PSMC3,403
ENO2,PSMD14,413
ENO2,PTPRC,543
ENO2,PYGB,578
ENO2,PYGL,590
ENO2,RPIA,448
ENO2,RPLP0,544
ENO2,SERPINA1,516
ENO2,SERPINA3,487
ENO2,SLC2A1,519
ENO2,SNCA,407
ENO2,SOD2,400
ENO2,SPTAN1,440
ENO2,TALDO1,907
ENO2,TKT,911
ENO2,TPI1,959
ENO2,TTR,575
ENO2,UQCRC1,461
ENO2,VDAC2,502
ENO2,VIM,484
ENO2,YWHAQ,414
ENO2,YWHAZ,640
EPS15,GRB2,870
EPS15,HSPA8,428
EPS15,IGF2R,477
EPS15,ILK,478
EPS15,LDLR,512
EPS15,LIMS1,426
EPS15,M6PR,409
EPS15,PACSIN2,613
EPS15,PDCD6IP,429
EPS15,RAB2A,511
EPS15,RAB8A,436
EPS15,RNF11,877
EPS15,SH3GL1,782
EPS15,SRC,485
EPS15,STON2,999
EPS15,TFRC,709
EPS15,TGFB1,546
EPS15,TSG101,459
EPS15,VAMP3,590
EPS15,VAMP7,625
EPS15,VAMP8,584
EPS15,VASP,470
EPS15,WAS,784
EPS15,YWHAE,459
ERAP1,ERP44,450
ERAP1,HLA-A,598
ERAP1,HLA-B,876
ERAP1,HLA-C,887
ERAP1,KNG1,481
ERAP1,NUCB2,924
ERAP1,PDIA3,610
ERAP1,PSMB10,542
ERAP1,PSMB8,632
ERAP1,PSMB9,568
ERAP1,PSME1,469
ERAP1,PSMF1,409
ERAP1,USP47,515
ERAP1,XPNPEP1,479
ERBIN,FLOT1,438
ERBIN,FLOT2,409
ERBIN,GRB2,749
ERBIN,HSP90AA1,809
ERBIN,HSP90AB1,504
ERBIN,IQGAP2,471
ERBIN,ITGB1,471
ERBIN,JUP,499
ERBIN,LAMTOR1,400
ERBIN,LMNB1,820
ERBIN,MAPK14,425
ERBIN,MCAM,438
ERBIN,PPP1CA,670
ERBIN,RAB7A,418
ERBIN,RAC2,580
ERBIN,RHOA,588
ERBIN,RHOC,579
ERBIN,RHOG,582
ERBIN,ROCK2,579
ERBIN,SLK,518
ERBIN,SNAP23,428
ERBIN,STOM,457
ERBIN,TFRC,456
ERBIN,TJP2,477
ERBIN,VAMP3,432
ERBIN,WASF2,450
ERP29,ERP44,646
ERP29,FKBP2,431
ERP29,HSP90AB1,400
ERP29,HSP90B1,894
ERP29,HSPA4,750
ERP29,HSPA5,783
ERP29,HSPA8,599
ERP29,HSPA9,406
ERP29,HSPB1,489
ERP29,HYOU1,429
ERP29,P4HB,700
ERP29,PDIA3,720
ERP29,PDIA4,765
ERP29,PDIA5,530
ERP29,PDIA6,650
ERP29,PPIB,588
ERP29,PRDX4,402
ERP29,RCN1,514
ERP29,SGTA,523
ERP29,TMX1,413
ERP29,TXNDC5,621
ERP44,HSP90B1,556
ERP44,HSPA5,682
ERP44,HSPA9,430
ERP44,HYOU1,658
ERP44,JCHAIN,871
ERP44,LMAN1,903
ERP44,LMAN2,432
ERP44,MSRA,483
ERP44,PDIA3,401
ERP44,PDIA4,474
ERP44,PDIA6,434
ERP44,PRDX2,536
ERP44,PRDX3,594
ERP44,PRDX4,982
ERP44,RCN1,509
ERP44,TMED2,401
ERP44,TMX1,402
ERP44,TPM3,406
ESAM,F11R,520
ESAM,ICAM1,606
ESAM,ICAM2,604
ESAM,ITGA2B,406
ESAM,ITGA6,459
ESAM,ITGB2,596
ESAM,JAM3,539
ESAM,LYVE1,585
ESAM,MMRN2,454
ESAM,PEAR1,451
ESAM,PECAM1,728
ESAM,PROS1,479
ESAM,PTPRB,426
ESAM,SELL,589
ESAM,SELP,776
ESAM,THBS2,419
ESAM,TJP2,562
ESAM,TUBA4A,441
ESAM,VCAM1,735
ESAM,VWF,770
ESD,GAPDH,520
ESD,GC,433
ESD,GLO1,904
ESD,GPI,483
ESD,HAGH,801
ESD,HP,447
ESD,HSPE1,503
ESD,LPA,638
ESD,LYPLA1,460
ESD,PGAM1,417
ESD,PGD,728
ESD,PGM1,801
ESD,SOD2,400
ESD,TFPI,597
ESD,TKFC,581
ESD,TKT,433
ESD,TPI1,598
ESD,UGP2,464
ESD,VPS29,592
ESYT1,ESYT2,970
ESYT1,LMNB1,430
ESYT1,MCAM,424
ESYT1,PLXNB1,400
ESYT1,RAB7A,586
ESYT1,RAC2,564
ESYT1,RHOG,552
ESYT1,SNAP23,419
ESYT1,STIM1,802
ESYT1,VAMP3,436
ESYT1,VAPA,617
ESYT1,VAPB,578
ESYT2,STIM1,528
ESYT2,VAPA,566
ESYT2,VAPB,547
ETF1,GSPT1,999
ETF1,HNRNPK,474
ETF1,HSP90AA1,549
ETF1,HSP90AB1,438
ETF1,HSPA4,659
ETF1,HSPA8,545
ETF1,HSPA9,522
ETF1,HYOU1,548
ETF1,KPNB1,519
ETF1,NME2,574
ETF1,OLA1,447
ETF1,PCBP1,418
ETF1,PCBP2,448
ETF1,PFDN1,441
ETF1,PFDN5,457
ETF1,PPP2R1A,477
ETF1,PSMA1,579
ETF1,PSMA2,526
ETF1,PSMA3,644
ETF1,PSMA4,529
ETF1,PSMA5,661
ETF1,PSMA6,502
ETF1,PSMA7,531
ETF1,PSMD14,529
ETF1,PSMD4,490
ETF1,RAN,451
ETF1,RPL22,909
ETF1,RPLP0,953
ETF1,RPLP1,586
ETF1,RPLP2,706
ETF1,RPS12,945
ETF1,RUVBL1,511
ETF1,RUVBL2,485
ETF1,SELENOP,482
ETF1,TCP1,563
ETF1,VBP1,435
ETFA,ETFB,999
ETFA,FCER1G,468
ETFA,GAPDH,471
ETFA,GM2A,931
ETFA,GOT2,409
ETFA,GSR,459
ETFA,HSD17B10,643
ETFA,HSPA9,520
ETFA,HSPD1,533
ETFA,HSPE1,559
ETFA,IDH1,458
ETFA,LDHA,536
ETFA,LMAN2,407
ETFA,MDH2,847
ETFA,MT-CO2,469
ETFA,NDUFA4,426
ETFA,NDUFS3,743
ETFA,NDUFS8,597
ETFA,PDHB,728
ETFA,PPA2,433
ETFA,PRDX3,454
ETFA,PTGDS,424
ETFA,RAB6A,477
ETFA,RAB6B,449
ETFA,RBX1,418
ETFA,SCP2,552
ETFA,SOD2,412
ETFA,TALDO1,512
ETFA,TPI1,447
ETFA,UQCRC1,569
ETFA,UQCRC2,757
ETFA,UQCRFS1,582
ETFA,UQCRH,400
ETFA,VDAC1,555
ETFB,HSD17B10,860
ETFB,HSPD1,490
ETFB,HSPE1,574
ETFB,LDHA,403
ETFB,MDH2,754
ETFB,NDUFA2,456
ETFB,NDUFS3,586
ETFB,NDUFS8,866
ETFB,PDHB,472
ETFB,PPA2,428
ETFB,SCP2,468
ETFB,TALDO1,590
ETFB,TPI1,464
ETFB,UQCRC1,457
ETFB,UQCRC2,414
F10,F11,756
F10,F12,741
F10,F13A1,595
F10,F13B,704
F10,F2,999
F10,F5,995
F10,F7,988
F10,F8,997
F10,F9,953
F10,FCN1,617
F10,FCN2,656
F10,FCN3,625
F10,FGA,752
F10,FGB,664
F10,FGG,655
F10,FN1,534
F10,GP1BA,431
F10,GP6,469
F10,HRG,775
F10,ITGA2B,480
F10,ITGB2,469
F10,KLKB1,725
F10,KNG1,717
F10,MASP1,654
F10,MASP2,690
F10,MBL2,687
F10,MYLK,575
F10,PF4,480
F10,PF4V1,447
F10,PLG,720
F10,PROC,707
F10,PROCR,958
F10,PROS1,573
F10,SELP,551
F10,SERPINA1,683
F10,SERPINA10,816
F10,SERPINA5,713
F10,SERPIND1,823
F10,SERPINE1,535
F10,SERPINF1,423
F10,SERPINF2,573
F10,SERPING1,676
F10,TFPI,999
F10,THBS1,552
F10,VTN,545
F10,VWF,978
F11,F12,954
F11,F13B,501
F11,F2,767
F11,F5,725
F11,F7,736
F11,F8,966
F11,F9,967
F11,FCN1,550
F11,FCN2,613
F11,FCN3,653
F11,FGA,604
F11,FGB,480
F11,FGG,573
F11,GP1BA,873
F11,GP1BB,593
F11,GP5,591
F11,GP6,470
F11,GP9,595
F11,HRG,644
F11,KLKB1,792
F11,KNG1,998
F11,MASP1,657
F11,MASP2,668
F11,MBL2,687
F11,PLG,461
F11,PROC,717
F11,SELP,423
F11,SERPINA1,440
F11,SERPINA10,572
F11,SERPINA5,691
F11,SERPIND1,728
F11,SERPINE1,454
F11,SERPINF1,479
F11,SERPINF2,641
F11,SERPING1,759
F11,TFPI,748
F11,VWF,705
F11R,FKBP1A,527
F11R,ICAM1,833
F11R,ICAM2,899
F11R,ICAM3,615
F11R,ITGA2B,470
F11R,ITGA5,491
F11R,ITGB1,563
F11R,ITGB2,998
F11R,ITGB3,414
F11R,JAM3,970
F11R,LUM,413
F11R,PAM,487
F11R,PECAM1,932
F11R,RHOA,877
F11R,S100A8,612
F11R,SDC1,466
F11R,SELP,657
F11R,SGTA,436
F11R,SPP1,463
F11R,SRC,424
F11R,TGFB1,612
F11R,THBS1,402
F11R,TJP2,996
F11R,VASP,510
F11R,VCAM1,779
F12,F13A1,707
F12,F13B,602
F12,F2,880
F12,F5,735
F12,F7,735
F12,F8,757
F12,F9,737
F12,FCN1,573
F12,FCN2,626
F12,FCN3,618
F12,FGA,444
F12,FGB,403
F12,FN1,448
F12,GLO1,501
F12,GP1BA,841
F12,GP1BB,572
F12,GP5,563
F12,GP6,433
F12,GP9,535
F12,HRG,714
F12,ITIH1,587
F12,KLKB1,972
F12,KNG1,998
F12,LPA,401
F12,MASP1,633
F12,MASP2,716
F12,MBL2,716
F12,PLG,965
F12,PROC,773
F12,PROZ,495
F12,PRSS3,476
F12,SERPIND1,513
F12,SERPINF2,736
F12,SERPING1,987
F12,TFPI,404
F12,VWF,630
F13A1,F13B,997
F13A1,F2,954
F13A1,F5,620
F13A1,FCER1G,402
F13A1,FCGR3A,448
F13A1,FGA,910
F13A1,FGB,812
F13A1,FGG,812
F13A1,FGL2,467
F13A1,FN1,783
F13A1,GAPDH,469
F13A1,GLO1,668
F13A1,HSPB1,644
F13A1,ITGA2B,475
F13A1,ITGB1,522
F13A1,ITGB3,419
F13A1,ITIH1,481
F13A1,ITIH4,424
F13A1,KLKB1,548
F13A1,KNG1,511
F13A1,LAMA4,450
F13A1,LDHA,400
F13A1,LYVE1,542
F13A1,P3H1,564
F13A1,PF4,539
F13A1,PF4V1,644
F13A1,PLEK,512
F13A1,PPBP,665
F13A1,PROC,698
F13A1,PROS1,400
F13A1,SELP,441
F13A1,SERPINA5,584
F13A1,SERPINB1,613
F13A1,SERPIND1,616
F13A1,SERPINF2,675
F13A1,THBS1,451
F13A1,THBS2,400
F13A1,VCL,505
F13A1,VSIG4,479
F13A1,VWF,713
F13B,F2,950
F13B,F5,672
F13B,F9,603
F13B,FETUB,401
F13B,FGA,960
F13B,FGB,905
F13B,FGG,935
F13B,GC,451
F13B,HABP2,496
F13B,HP,498
F13B,HRG,819
F13B,ITIH2,504
F13B,KLKB1,457
F13B,KNG1,572
F13B,MBL2,410
F13B,ORM1,495
F13B,PGM1,537
F13B,PLG,671
F13B,PON1,609
F13B,PROC,872
F13B,PROZ,606
F13B,SERPINA10,551
F13B,SERPINA5,658
F13B,SERPIND1,816
F13B,SERPINF2,780
F13B,SPP2,419
F13B,VWF,609
F2,F5,999
F2,F7,926
F2,F8,985
F2,F9,932
F2,FCN1,608
F2,FCN2,621
F2,FCN3,627
F2,FGA,999
F2,FGB,999
F2,FGG,999
F2,FGL2,440
F2,FN1,792
F2,GC,792
F2,GOLM1,476
F2,GOT2,467
F2,GP1BA,992
F2,GP1BB,595
F2,GP5,592
F2,GP6,595
F2,GP9,638
F2,HABP2,563
F2,HGFAC,442
F2,HP,437
F2,HPX,716
F2,HRG,837
F2,ICAM1,433
F2,IGFALS,650
F2,IGFBP1,522
F2,IGFBP3,509
F2,ITGA2B,736
F2,ITGAV,490
F2,ITGB3,502
F2,ITIH1,439
F2,ITIH2,852
F2,ITIH3,601
F2,ITIH4,608
F2,KALRN,499
F2,KLKB1,710
F2,KNG1,891
F2,LGALS3BP,434
F2,LPA,781
F2,MASP1,668
F2,MASP2,688
F2,MBL2,816
F2,MGP,752
F2,MPO,522
F2,ORM1,604
F2,ORM2,587
F2,PECAM1,402
F2,PF4,666
F2,PF4V1,621
F2,PLG,826
F2,PPBP,582
F2,PROC,987
F2,PROCR,819
F2,PROS1,409
F2,SAA4,414
F2,SELP,692
F2,SERPINA1,790
F2,SERPINA10,605
F2,SERPINA11,452
F2,SERPINA4,466
F2,SERPINA5,996
F2,SERPINA6,443
F2,SERPINA7,753
F2,SERPIND1,999
F2,SERPINE1,839
F2,SERPINF1,804
F2,SERPINF2,928
F2,SERPING1,690
F2,SPP1,656
F2,TFPI,940
F2,THBS1,497
F2,TTR,724
F2,VCAM1,447
F2,VTN,688
F2,VWF,966
F5,F7,797
F5,F8,846
F5,F9,769
F5,FCN1,608
F5,FCN2,618
F5,FCN3,618
F5,FGA,652
F5,FGB,690
F5,FGG,658
F5,FN1,527
F5,GAS6,519
F5,HRG,451
F5,KLKB1,655
F5,KNG1,757
F5,LMAN1,789
F5,LMAN2,554
F5,MASP1,655
F5,MASP2,676
F5,MBL2,635
F5,MMRN1,822
F5,NAPA,499
F5,NAPG,499
F5,PF4,444
F5,PLG,453
F5,PROC,940
F5,PROS1,972
F5,QSOX1,436
F5,SEC13,505
F5,SEC22B,499
F5,SEC31A,499
F5,SELL,648
F5,SELP,638
F5,SERPINA1,773
F5,SERPINA10,400
F5,SERPINA5,608
F5,SERPIND1,681
F5,SERPINE1,448
F5,SERPINF2,442
F5,TFPI,652
F5,TIMP1,442
F5,TMED10,499
F5,TMED2,499
F5,VWF,448
F7,F8,969
F7,F9,984
F7,FCN1,569
F7,FCN2,603
F7,FCN3,608
F7,FGA,661
F7,FGB,446
F7,FGG,472
F7,FN1,600
F7,GOT2,496
F7,GXYLT1,789
F7,HABP2,519
F7,ITGA2B,480
F7,KLKB1,690
F7,KNG1,533
F7,MASP1,600
F7,MASP2,683
F7,MBL2,665
F7,MGP,424
F7,PF4,447
F7,PF4V1,407
F7,PLG,423
F7,PPBP,421
F7,PROC,715
F7,PROCR,915
F7,SELP,574
F7,SERPINA1,425
F7,SERPINA5,518
F7,SERPIND1,757
F7,SERPINE1,774
F7,SERPINF1,582
F7,SERPINF2,682
F7,TFPI,995
F7,THBS1,455
F7,VCAM1,427
F7,VWF,911
F8,F9,997
F8,FCN1,576
F8,FCN2,581
F8,FCN3,568
F8,FGA,500
F8,FLNA,502
F8,FN1,975
F8,G6PD,560
F8,GP1BA,886
F8,GP1BB,743
F8,GP5,748
F8,GP9,786
F8,HPRT1,608
F8,ITGA2B,498
F8,KLKB1,669
F8,KNG1,458
F8,L1CAM,668
F8,LMAN1,939
F8,LMAN2,527
F8,LRP1,514
F8,MASP1,585
F8,MASP2,619
F8,MBL2,734
F8,MPP1,525
F8,NAPA,500
F8,NAPG,499
F8,PECAM1,535
F8,PF4,416
F8,PLG,659
F8,PROC,960
F8,PROCR,507
F8,PROS1,901
F8,SEC13,505
F8,SEC22B,499
F8,SEC31A,499
F8,SELP,656
F8,SERPINA1,621
F8,SERPINA5,590
F8,SERPIND1,656
F8,SERPINE1,611
F8,SERPINF1,523
F8,SERPINF2,612
F8,TFPI,702
F8,TMED10,499
F8,TMED2,499
F8,VWF,999
F9,FCN1,575
F9,FCN2,682
F9,FCN3,655
F9,FETUB,496
F9,FGA,611
F9,FGG,464
F9,GP1BA,653
F9,GP1BB,531
F9,GP5,521
F9,GP9,545
F9,HABP2,401
F9,HPRT1,491
F9,HPX,559
F9,HRG,597
F9,IDS,663
F9,ITIH2,485
F9,KLKB1,706
F9,KNG1,783
F9,MASP1,605
F9,MASP2,693
F9,MBL2,749
F9,PLG,514
F9,PROC,720
F9,PROCR,577
F9,PROS1,654
F9,SERPINA1,630
F9,SERPINA10,462
F9,SERPINA7,540
F9,SERPIND1,548
F9,SERPINE1,438
F9,SERPINF2,547
F9,SERPING1,462
F9,TFPI,744
F9,TTR,484
F9,VTN,495
F9,VWF,915
FABP5,FKBP1A,524
FABP5,FN1,532
FABP5,GOT2,896
FABP5,KRT16,419
FABP5,LPL,448
FABP5,MGLL,400
FABP5,NOTCH3,709
FABP5,PGAM1,492
FABP5,PLIN1,422
FABP5,S100A7,883
FABP5,SEPTIN11,463
FAH,GAPDH,404
FAH,GOT2,588
FAH,PGM1,537
FAH,SERPINA1,405
FAH,TTR,480
FAM162A,VDAC2,617
FAM3C,HLA-C,755
FAM3C,ITIH3,400
FAM3C,ITIH4,400
FAM3C,LAMP1,812
FAM3C,LGALS3BP,440
FAM3C,PCBP1,530
FAM3C,RARRES2,400
FAM3C,SELENOP,442
FAM3C,SERPINA4,400
FAM3C,SPP2,408
FAP,FN1,705
FAP,IGF2R,430
FAP,ITGB1,522
FAP,LUM,505
FAP,MFAP5,524
FAP,MMP2,523
FAP,PDGFRB,522
FAP,POSTN,652
FAP,PTPRC,593
FAP,S100A4,484
FAP,SPP1,534
FAP,THBS2,484
FAT1,FAT4,690
FAT1,FGFR1,406
FAT1,LAMC1,799
FAT1,LUM,440
FAT1,NRAS,459
FAT1,VASP,951
FAT4,JUP,450
FAT4,LAMC1,683
FAT4,LUM,439
FBLN1,FBLN2,948
FBLN1,FBLN5,675
FBLN1,FBN1,633
FBLN1,FGB,402
FBLN1,FN1,992
FBLN1,HSPG2,904
FBLN1,HTRA1,409
FBLN1,ISLR,416
FBLN1,ITGB1,535
FBLN1,LAMA2,458
FBLN1,LAMA4,424
FBLN1,LAMB1,409
FBLN1,LAMB2,414
FBLN1,LAMC1,629
FBLN1,LUM,620
FBLN1,MFAP2,839
FBLN1,MFAP4,834
FBLN1,MFAP5,797
FBLN1,MMP2,510
FBLN1,MYL9,545
FBLN1,NID1,835
FBLN1,OGN,524
FBLN1,PCOLCE,497
FBLN1,POSTN,544
FBLN1,SPARC,480
FBLN1,TGFB1,562
FBLN1,THBS1,678
FBLN1,THBS2,400
FBLN1,VCAN,833
FBLN1,VTN,686
FBLN2,FBLN5,786
FBLN2,FBN1,971
FBLN2,FN1,989
FBLN2,HSPG2,993
FBLN2,IGFBP4,417
FBLN2,LAMC1,625
FBLN2,LTBP1,576
FBLN2,LTBP2,450
FBLN2,LUM,524
FBLN2,MFAP2,816
FBLN2,MFAP4,730
FBLN2,MFAP5,777
FBLN2,MMP2,405
FBLN2,NID1,904
FBLN2,NID2,807
FBLN2,POSTN,802
FBLN2,SHBG,504
FBLN2,SPARC,425
FBLN2,THBS2,421
FBLN2,TIMP1,554
FBLN2,VCAN,573
FBLN2,VTN,847
FBLN5,FBN1,922
FBLN5,FN1,865
FBLN5,HSPG2,440
FBLN5,ICAM1,438
FBLN5,LAMA2,418
FBLN5,LPA,622
FBLN5,LTBP2,881
FBLN5,LTBP4,601
FBLN5,LUM,684
FBLN5,MFAP2,857
FBLN5,MFAP4,842
FBLN5,MFAP5,796
FBLN5,MGP,416
FBLN5,MMP2,447
FBLN5,MMP9,426
FBLN5,OGN,538
FBLN5,POSTN,692
FBLN5,RAB5B,510
FBLN5,SERPINB1,614
FBLN5,TGFBI,414
FBLN5,THBS1,539
FBLN5,VCAM1,524
FBLN5,VTN,656
FBLN5,VWF,436
FBLN7,FN1,513
FBLN7,NTRK2,403
FBLN7,TPM3,462
FBN1,FLNA,512
FBN1,FN1,982
FBN1,FSTL1,506
FBN1,GPC1,474
FBN1,HSPG2,849
FBN1,ITGA5,775
FBN1,ITGAV,667
FBN1,ITGB1,716
FBN1,ITGB3,639
FBN1,ITGBL1,517
FBN1,LAMA2,500
FBN1,LAMA4,536
FBN1,LAMB1,539
FBN1,LAMB2,434
FBN1,LAMC1,720
FBN1,LTBP1,989
FBN1,LTBP2,887
FBN1,LTBP4,665
FBN1,LUM,972
FBN1,MFAP2,997
FBN1,MFAP4,909
FBN1,MFAP5,976
FBN1,MGP,412
FBN1,MMP2,817
FBN1,MMP9,746
FBN1,MYLK,649
FBN1,NID1,613
FBN1,NID2,465
FBN1,OGN,525
FBN1,OMD,468
FBN1,PCOLCE,444
FBN1,PDGFRB,546
FBN1,POSTN,785
FBN1,PPIC,460
FBN1,SDC1,524
FBN1,SERPINE1,431
FBN1,SNCA,431
FBN1,SPARC,591
FBN1,TGFB1,882
FBN1,TGFBI,432
FBN1,THBS1,801
FBN1,THBS2,494
FBN1,TIMP1,519
FBN1,TNXB,467
FBN1,VCAN,910
FBN1,VTN,806
FCER1G,FCGR2A,907
FCER1G,FCGR3A,999
FCER1G,FCN1,554
FCER1G,FERMT3,447
FCER1G,FGL2,450
FCER1G,FYB1,493
FCER1G,GP1BA,443
FCER1G,GP6,999
FCER1G,GRB2,617
FCER1G,HLA-DRA,668
FCER1G,ITGA2,855
FCER1G,ITGB1,418
FCER1G,ITGB2,841
FCER1G,LCP2,857
FCER1G,LYN,988
FCER1G,MMP9,411
FCER1G,MPIG6B,680
FCER1G,NCAM1,421
FCER1G,PECAM1,480
FCER1G,PLEK,600
FCER1G,PTPN6,788
FCER1G,PTPRC,724
FCER1G,RAC2,437
FCER1G,RGS18,452
FCER1G,SELL,691
FCER1G,SELP,567
FCER1G,SRC,717
FCER1G,SYK,999
FCER1G,TREML1,626
FCER1G,VSIG4,674
FCER1G,VWF,441
FCGBP,PIGR,588
FCGBP,S100A9,425
FCGBP,SERPINA1,451
FCGR2A,FCGR3A,917
FCGR2A,FN1,615
FCGR2A,GAPDH,494
FCGR2A,GP1BA,659
FCGR2A,GP6,770
FCGR2A,ICAM1,540
FCGR2A,ICAM3,437
FCGR2A,IGF2R,493
FCGR2A,ITGA2,488
FCGR2A,ITGA2B,706
FCGR2A,ITGB2,813
FCGR2A,ITGB3,609
FCGR2A,ITIH4,600
FCGR2A,LAMP1,484
FCGR2A,LCP2,514
FCGR2A,LGALS3,660
FCGR2A,LYN,962
FCGR2A,MBL2,541
FCGR2A,MPO,462
FCGR2A,MYH9,420
FCGR2A,NCAM1,483
FCGR2A,PECAM1,684
FCGR2A,PF4,895
FCGR2A,PF4V1,704
FCGR2A,PIGR,659
FCGR2A,PLEK,445
FCGR2A,PTPRC,886
FCGR2A,SDC1,675
FCGR2A,SELL,730
FCGR2A,SELP,547
FCGR2A,SPN,520
FCGR2A,SRC,963
FCGR2A,STIM1,412
FCGR2A,SYK,995
FCGR2A,TAGLN2,605
FCGR2A,TGFB1,416
FCGR2A,VSIG4,407
FCGR2A,VWF,743
FCGR3A,FCN1,512
FCGR3A,FGL2,663
FCGR3A,FN1,638
FCGR3A,GAPDH,602
FCGR3A,GP1BA,578
FCGR3A,GP9,559
FCGR3A,GYPA,803
FCGR3A,HLA-A,622
FCGR3A,HLA-B,532
FCGR3A,HLA-C,557
FCGR3A,HLA-DRA,514
FCGR3A,HPRT1,431
FCGR3A,ICAM1,767
FCGR3A,ICAM2,412
FCGR3A,ICAM3,497
FCGR3A,ICOSLG,404
FCGR3A,ITGA2,535
FCGR3A,ITGA2B,604
FCGR3A,ITGB1,437
FCGR3A,ITGB2,777
FCGR3A,ITGB3,656
FCGR3A,ITIH4,826
FCGR3A,LAMP1,750
FCGR3A,LCP2,496
FCGR3A,LGALS3,564
FCGR3A,LYN,958
FCGR3A,LYVE1,486
FCGR3A,MMP9,540
FCGR3A,MPO,743
FCGR3A,MYH9,476
FCGR3A,NCAM1,991
FCGR3A,NRP1,446
FCGR3A,PECAM1,781
FCGR3A,PF4,421
FCGR3A,PIGR,688
FCGR3A,PPBP,413
FCGR3A,PSMA7,487
FCGR3A,PTPRC,913
FCGR3A,PVR,506
FCGR3A,RAB6A,400
FCGR3A,S100A4,679
FCGR3A,S100A8,454
FCGR3A,S100A9,542
FCGR3A,SDC1,623
FCGR3A,SELL,852
FCGR3A,SELP,562
FCGR3A,SHMT2,743
FCGR3A,SPN,674
FCGR3A,SRC,766
FCGR3A,SYK,989
FCGR3A,TFRC,583
FCGR3A,TGFB1,560
FCGR3A,VCAM1,505
FCGR3A,VSIG4,587
FCGR3A,VWF,433
FCGR3A,WASF2,514
FCN1,FCN2,945
FCN1,FCN3,904
FCN1,FN1,562
FCN1,HLA-DRA,538
FCN1,ITGB2,581
FCN1,KLKB1,604
FCN1,MASP1,999
FCN1,MASP2,992
FCN1,MBL2,937
FCN1,MMP9,541
FCN1,MPO,474
FCN1,PLG,513
FCN1,PODXL,439
FCN1,PROC,560
FCN1,PTX3,982
FCN1,S100A8,473
FCN1,S100A9,628
FCN1,SELP,534
FCN1,SERPING1,654
FCN1,SFTPB,593
FCN1,SUSD5,422
FCN1,TGFB1,602
FCN1,VCAN,522
FCN1,VSIG4,481
FCN2,FCN3,970
FCN2,FN1,563
FCN2,KLKB1,626
FCN2,LRP1,502
FCN2,MASP1,999
FCN2,MASP2,999
FCN2,MBL2,998
FCN2,OIT3,471
FCN2,PLG,557
FCN2,PROC,580
FCN2,PTX3,954
FCN2,SAA1,496
FCN2,SAA2,469
FCN2,SERPING1,671
FCN2,SFTPB,562
FCN2,TGFB1,465
FCN2,VTN,557
FCN3,FN1,610
FCN3,KLKB1,658
FCN3,MASP1,999
FCN3,MASP2,993
FCN3,MBL2,988
FCN3,PLG,526
FCN3,PROC,566
FCN3,PTX3,584
FCN3,SERPING1,609
FCN3,TGFB1,430
FCN3,VSIG4,416
FERMT3,FLNA,727
FERMT3,FYB1,750
FERMT3,ICAM1,665
FERMT3,ILK,799
FERMT3,ITGA2B,963
FERMT3,ITGB1,763
FERMT3,ITGB2,960
FERMT3,ITGB3,992
FERMT3,LCP1,552
FERMT3,LCP2,566
FERMT3,LGALS3,416
FERMT3,LIMS1,617
FERMT3,MSN,522
FERMT3,PARVB,649
FERMT3,PF4,594
FERMT3,PF4V1,460
FERMT3,PLEK,833
FERMT3,PTPN6,406
FERMT3,PTPRC,522
FERMT3,RAC2,491
FERMT3,RAP1A,622
FERMT3,RASGRP2,907
FERMT3,SELP,426
FERMT3,SERPINA1,420
FERMT3,SKAP2,452
FERMT3,SYK,452
FERMT3,THBS1,464
FERMT3,TLN1,940
FERMT3,VCL,702
FERMT3,VWF,514
FERMT3,WAS,621
FETUB,FGA,424
FETUB,GGCT,431
FETUB,HGFAC,423
FETUB,HPX,435
FETUB,ITIH1,403
FETUB,ITIH3,435
FETUB,MBL2,472
FETUB,ORM1,601
FETUB,ORM2,617
FETUB,SELENOP,418
FETUB,SERPINA7,583
FETUB,SPP2,402
FGA,FGB,999
FGA,FGG,999
FGA,FGL2,781
FGA,FN1,932
FGA,GAS6,446
FGA,GC,779
FGA,GRB2,538
FGA,GYPA,461
FGA,HABP2,848
FGA,HMGB1,513
FGA,HP,531
FGA,HPX,791
FGA,HRG,936
FGA,HSPG2,558
FGA,IGFBP1,706
FGA,ITGA2B,928
FGA,ITGAV,463
FGA,ITGB1,466
FGA,ITGB2,563
FGA,ITGB3,978
FGA,ITIH1,479
FGA,ITIH2,811
FGA,ITIH3,639
FGA,ITIH4,487
FGA,ITM2B,407
FGA,KLKB1,473
FGA,KNG1,908
FGA,KRT19,508
FGA,LCAT,551
FGA,LPA,860
FGA,MAPK1,531
FGA,MBL2,443
FGA,NID1,405
FGA,NRAS,527
FGA,ORM1,747
FGA,ORM2,751
FGA,PEBP1,435
FGA,PF4,745
FGA,PF4V1,621
FGA,PLG,965
FGA,PON1,422
FGA,PPBP,727
FGA,PROC,851
FGA,PROS1,764
FGA,PROZ,413
FGA,PZP,532
FGA,QSOX1,518
FGA,RAP1A,450
FGA,RAP1B,440
FGA,S100A8,567
FGA,S100A9,587
FGA,SAA1,646
FGA,SAA2,432
FGA,SAA4,522
FGA,SERPINA1,831
FGA,SERPINA10,777
FGA,SERPINA11,484
FGA,SERPINA3,491
FGA,SERPINA4,560
FGA,SERPINA5,738
FGA,SERPINA6,469
FGA,SERPINA7,827
FGA,SERPINB1,439
FGA,SERPIND1,960
FGA,SERPINE1,554
FGA,SERPINF1,561
FGA,SERPINF2,967
FGA,SERPING1,441
FGA,SLC4A1,444
FGA,SNCA,442
FGA,SPP2,682
FGA,SRC,499
FGA,SYK,631
FGA,TFPI,456
FGA,TFRC,483
FGA,TGFBI,501
FGA,THBS1,903
FGA,TIMP1,659
FGA,TLN1,668
FGA,TTR,773
FGA,VCL,466
FGA,VTN,720
FGA,VWF,866
FGA,YWHAB,513
FGB,FGG,999
FGB,FGL2,788
FGB,FN1,922
FGB,GC,931
FGB,GRB2,534
FGB,GYPA,493
FGB,HABP2,877
FGB,HLA-DRA,803
FGB,HMGB1,499
FGB,HP,751
FGB,HPX,712
FGB,HRG,851
FGB,IGFBP1,471
FGB,ITGA2B,925
FGB,ITGB2,526
FGB,ITGB3,952
FGB,ITIH2,704
FGB,ITIH3,570
FGB,ITIH4,542
FGB,KLKB1,405
FGB,KNG1,864
FGB,LBP,419
FGB,LCAT,503
FGB,LPA,898
FGB,MAPK1,527
FGB,MBL2,464
FGB,NID1,414
FGB,NID2,404
FGB,NRAS,507
FGB,ORM1,818
FGB,ORM2,566
FGB,PEBP1,415
FGB,PLG,948
FGB,PON1,467
FGB,PROC,730
FGB,PROS1,653
FGB,RAP1A,447
FGB,RAP1B,438
FGB,S100A8,577
FGB,S100A9,571
FGB,SAA4,405
FGB,SERPINA1,810
FGB,SERPINA10,600
FGB,SERPINA11,415
FGB,SERPINA3,590
FGB,SERPINA4,531
FGB,SERPINA5,716
FGB,SERPINA6,430
FGB,SERPINA7,584
FGB,SERPINB1,417
FGB,SERPIND1,951
FGB,SERPINE1,751
FGB,SERPINF2,914
FGB,SRC,443
FGB,SYK,499
FGB,TFRC,445
FGB,THBS1,801
FGB,TLN1,593
FGB,TTR,574
FGB,VCL,448
FGB,VTN,561
FGB,VWF,878
FGB,YWHAB,548
FGFR1,FGFR1OP2,886
FGFR1,FN1,671
FGFR1,GAPDH,492
FGFR1,GNAQ,493
FGFR1,GRAP2,469
FGFR1,GRB2,961
FGFR1,HOOK3,527
FGFR1,HSP90AA1,740
FGFR1,HSP90AB1,648
FGFR1,HSPG2,620
FGFR1,ICAM1,432
FGFR1,IDH1,611
FGFR1,IGF2R,460
FGFR1,ITGB3,650
FGFR1,L1CAM,898
FGFR1,LDHA,815
FGFR1,LGALS3,501
FGFR1,LRRFIP1,621
FGFR1,MAPK1,496
FGFR1,MMP2,616
FGFR1,MMP9,631
FGFR1,NCAM1,996
FGFR1,NOTCH2,426
FGFR1,NOTCH3,626
FGFR1,NRAS,966
FGFR1,NRP1,826
FGFR1,NTRK2,494
FGFR1,PDGFC,756
FGFR1,PDGFRB,649
FGFR1,PECAM1,416
FGFR1,PKM,932
FGFR1,RHOA,594
FGFR1,SDC1,695
FGFR1,SDC4,887
FGFR1,SRC,680
FGFR1,TGFB1,508
FGFR1,TGFBR3,453
FGFR1OP2,LRRFIP1,604
FGFR1OP2,PDCD10,996
FGFR1OP2,PPP2R1A,600
FGFR1OP2,STK24,995
FGFR1OP2,STK4,572
FGFR1OP2,STRN,892
FGG,FGL2,787
FGG,FN1,963
FGG,GAS6,439
FGG,GC,868
FGG,GRB2,531
FGG,GYPA,454
FGG,HABP2,858
FGG,HMGB1,499
FGG,HP,858
FGG,HPR,594
FGG,HPX,710
FGG,HRG,874
FGG,ICAM1,482
FGG,IGFBP1,692
FGG,ITGA2B,917
FGG,ITGB2,565
FGG,ITGB3,980
FGG,ITIH1,408
FGG,ITIH2,689
FGG,ITIH3,629
FGG,ITIH4,738
FGG,KLKB1,479
FGG,KNG1,917
FGG,LBP,456
FGG,LPA,670
FGG,MAPK1,534
FGG,MBL2,433
FGG,NRAS,523
FGG,ORM1,791
FGG,ORM2,721
FGG,PEBP1,440
FGG,PIGR,438
FGG,PLG,878
FGG,PROC,754
FGG,PROS1,666
FGG,PROZ,506
FGG,PZP,551
FGG,QSOX1,446
FGG,RAP1A,409
FGG,RAP1B,461
FGG,S100A8,583
FGG,S100A9,617
FGG,SAA1,503
FGG,SAA2,497
FGG,SAA4,444
FGG,SERPINA1,886
FGG,SERPINA10,665
FGG,SERPINA11,506
FGG,SERPINA3,499
FGG,SERPINA4,456
FGG,SERPINA5,710
FGG,SERPINA6,427
FGG,SERPINA7,632
FGG,SERPINB1,448
FGG,SERPIND1,960
FGG,SERPINE1,553
FGG,SERPINF2,916
FGG,SLC4A1,404
FGG,SPP2,522
FGG,SRC,433
FGG,SYK,514
FGG,THBS1,795
FGG,TIMP1,496
FGG,TLN1,488
FGG,TTR,655
FGG,VCL,405
FGG,VTN,721
FGG,VWF,863
FGG,YWHAB,563
FGL2,FN1,756
FGL2,HLA-DRA,561
FGL2,PECAM1,425
FGL2,PTPRC,514
FGL2,RGS18,415
FGL2,SELL,432
FGL2,SERPINF2,756
FGL2,THBS1,778
FHL1,IGFBP5,678
FHL1,PDLIM1,443
FIS1,GAPDH,536
FIS1,GET3,562
FIS1,GPX4,418
FIS1,HAGH,426
FIS1,HSPA9,695
FIS1,INF2,617
FIS1,MT-CO2,404
FIS1,NDUFA4,460
FIS1,PARK7,553
FIS1,PPIF,552
FIS1,PRDX5,410
FIS1,RAB7A,556
FIS1,SNCA,437
FIS1,SOD2,551
FIS1,UQCRC2,415
FIS1,VAPB,792
FIS1,VDAC1,959
FIS1,VDAC2,486
FKBP15,HSP90AA1,406
FKBP15,HSP90AB1,402
FKBP15,VPS29,799
FKBP1A,FKBP2,673
FKBP1A,GPX4,403
FKBP1A,HSP90AA1,647
FKBP1A,HSP90AB1,534
FKBP1A,HSPE1,409
FKBP1A,ITIH4,432
FKBP1A,NRAS,496
FKBP1A,PEBP1,518
FKBP1A,PFN1,417
FKBP1A,PPIB,569
FKBP1A,PPIF,650
FKBP1A,PSMA2,448
FKBP1A,RHEB,865
FKBP1A,RHOA,704
FKBP1A,RPS12,483
FKBP1A,SNCA,556
FKBP1A,SRC,577
FKBP1A,STIM1,656
FKBP1A,TAGLN2,415
FKBP1A,TESC,444
FKBP1A,TGFB1,873
FKBP1A,TPT1,547
FKBP1A,UTRN,444
FKBP2,FTH1,784
FKBP2,HSP90AA1,576
FKBP2,HSP90AB1,572
FKBP2,HSP90B1,489
FKBP2,HSPA4,613
FKBP2,HSPA5,578
FKBP2,HYOU1,476
FKBP2,MYDGF,458
FKBP2,PDIA3,521
FKBP2,PDIA4,499
FKBP2,PPIB,821
FKBP2,PPIC,441
FKBP2,PPIF,750
FKBP2,RAB3C,412
FKBP2,SERPING1,446
FKBP2,STIM1,495
FLG,FLG2,832
FLG,GAPDH,426
FLG,HRNR,603
FLG,JUP,595
FLG,KPRP,541
FLG,KRT13,467
FLG,KRT14,718
FLG,KRT16,682
FLG,KRT17,440
FLG,KRT5,738
FLG,KRT6A,454
FLG,KRT6B,485
FLG,KRT77,414
FLG,KRT78,422
FLG,PKP1,728
FLG,POSTN,416
FLG,S100A6,563
FLG,S100A7,595
FLG,SBSN,402
FLG,TGM1,907
FLG,TGM3,757
FLG2,GAPDH,415
FLG2,JUP,408
FLG2,KPRP,666
FLG2,KRT13,464
FLG2,KRT14,697
FLG2,KRT16,644
FLG2,KRT17,460
FLG2,KRT5,725
FLG2,KRT6A,439
FLG2,KRT6B,442
FLG2,KRT77,637
FLG2,PKP1,496
FLG2,S100A7,607
FLG2,S100A8,449
FLG2,SBSN,515
FLG2,SERPINB12,527
FLG2,TGM1,819
FLG2,TGM3,777
FLNA,FLOT2,521
FLNA,FN1,809
FLNA,GAPDH,474
FLNA,GP1BA,999
FLNA,GP1BB,831
FLNA,GP5,599
FLNA,GP9,710
FLNA,GPC1,426
FLNA,GRAP2,508
FLNA,GRB2,580
FLNA,HSP90AA1,566
FLNA,HSP90AB1,842
FLNA,HSP90B1,560
FLNA,HSPA4,653
FLNA,HSPA8,516
FLNA,HSPG2,404
FLNA,ILK,832
FLNA,ITGA2,733
FLNA,ITGA2B,985
FLNA,ITGA5,789
FLNA,ITGA6,739
FLNA,ITGAV,729
FLNA,ITGB1,993
FLNA,ITGB2,938
FLNA,ITGB3,994
FLNA,ITIH4,543
FLNA,JUP,538
FLNA,L1CAM,612
FLNA,LGALS1,400
FLNA,LIMS1,413
FLNA,LMNA,550
FLNA,LRP1,427
FLNA,MANF,417
FLNA,MAPK1,606
FLNA,MMP9,571
FLNA,MSN,834
FLNA,MYH9,861
FLNA,MYL6,427
FLNA,MYL9,602
FLNA,MYLK,492
FLNA,NEXN,616
FLNA,NRP1,485
FLNA,P4HB,493
FLNA,PACSIN2,608
FLNA,PARVB,618
FLNA,PDCD6IP,415
FLNA,PDLIM7,485
FLNA,PFDN2,451
FLNA,PFDN4,470
FLNA,PFDN5,478
FLNA,PFN1,776
FLNA,PGK1,527
FLNA,PLEC,812
FLNA,PLEK,624
FLNA,PLIN3,464
FLNA,PPP1CB,497
FLNA,PRPS1,420
FLNA,PTGES3,410
FLNA,PTPN12,579
FLNA,RALA,930
FLNA,RALB,628
FLNA,RHOA,933
FLNA,RSU1,547
FLNA,SDC4,438
FLNA,SPTAN1,536
FLNA,SRC,809
FLNA,STXBP2,422
FLNA,SYK,633
FLNA,TAGLN2,699
FLNA,TGFB1,447
FLNA,TKT,481
FLNA,TLN1,998
FLNA,TMOD3,647
FLNA,TPM1,616
FLNA,TPM2,445
FLNA,TPM3,430
FLNA,TPM4,572
FLNA,TUBA1A,469
FLNA,TUBA4A,536
FLNA,UTRN,487
FLNA,VASP,772
FLNA,VBP1,532
FLNA,VCL,998
FLNA,VCP,460
FLNA,VIM,646
FLNA,VTN,597
FLNA,VWF,802
FLNA,WAS,492
FLNA,WDR1,874
FLNA,YWHAZ,538
FLNA,ZYX,779
FLOT1,FLOT2,993
FLOT1,FTH1,517
FLOT1,GAPDH,685
FLOT1,GDI2,425
FLOT1,HSP90AA1,612
FLOT1,HSP90AB1,623
FLOT1,HSPA4,679
FLOT1,HSPA5,538
FLOT1,HSPA8,639
FLOT1,ICAM1,447
FLOT1,ITGB1,541
FLOT1,JUP,435
FLOT1,LAMP1,673
FLOT1,LAMP2,608
FLOT1,MCAM,438
FLOT1,PDCD6IP,528
FLOT1,PRNP,455
FLOT1,PTGDS,493
FLOT1,RAB5C,464
FLOT1,RAB7A,422
FLOT1,RHOA,618
FLOT1,RHOC,576
FLOT1,ROCK2,617
FLOT1,SDCBP,730
FLOT1,SERPINA3,426
FLOT1,SHBG,502
FLOT1,SLK,400
FLOT1,SNAP23,576
FLOT1,STOM,915
FLOT1,TFRC,697
FLOT1,TJP2,401
FLOT1,TSG101,879
FLOT1,VAMP3,529
FLOT1,VDAC1,512
FLOT1,VPS4B,530
FLOT2,GNAQ,415
FLOT2,HSP90AB1,544
FLOT2,JUP,622
FLOT2,LAMP1,438
FLOT2,MCAM,425
FLOT2,MYH9,435
FLOT2,NCSTN,406
FLOT2,PARK7,543
FLOT2,RAB2A,411
FLOT2,RAB7A,405
FLOT2,RHOA,594
FLOT2,RHOC,583
FLOT2,ROCK2,643
FLOT2,SDCBP,415
FLOT2,SLC4A1,411
FLOT2,SLK,400
FLOT2,SNAP23,546
FLOT2,SRC,517
FLOT2,STOM,868
FLOT2,TFRC,620
FLOT2,TJP2,435
FLOT2,TSG101,574
FLOT2,VAMP3,517
FN1,FST,427
FN1,FSTL1,473
FN1,GAPDH,945
FN1,GAS6,730
FN1,GC,557
FN1,GP1BA,841
FN1,GP1BB,482
FN1,GP6,932
FN1,GPC1,654
FN1,GPI,404
FN1,GRB2,744
FN1,GYPA,545
FN1,HABP2,537
FN1,HMGB1,502
FN1,HP,646
FN1,HPRT1,400
FN1,HPX,573
FN1,HRG,598
FN1,HRNR,451
FN1,HSP90AA1,460
FN1,HSP90AB1,577
FN1,HSPA4,718
FN1,HSPA5,441
FN1,HSPD1,583
FN1,HSPE1,473
FN1,HSPG2,996
FN1,HTRA1,455
FN1,ICAM1,904
FN1,ICAM2,441
FN1,IGFBP1,756
FN1,IGFBP3,967
FN1,IGFBP5,812
FN1,ILK,840
FN1,ITGA2,986
FN1,ITGA2B,999
FN1,ITGA5,999
FN1,ITGA6,928
FN1,ITGAV,999
FN1,ITGB1,999
FN1,ITGB2,976
FN1,ITGB3,999
FN1,ITIH2,564
FN1,ITIH4,868
FN1,JAM3,490
FN1,KIF5B,565
FN1,KLC1,545
FN1,KNG1,819
FN1,KPNB1,407
FN1,KRT14,477
FN1,KRT17,503
FN1,KRT19,530
FN1,KRT5,628
FN1,KRT8,518
FN1,LAMA2,471
FN1,LAMA4,814
FN1,LAMB1,574
FN1,LAMC1,700
FN1,LAMP1,635
FN1,LCN2,964
FN1,LGALS1,878
FN1,LGALS3,985
FN1,LGALS3BP,953
FN1,LIMS1,402
FN1,LMNA,527
FN1,LPA,764
FN1,LPL,473
FN1,LRP1,494
FN1,LTBP1,949
FN1,LTBP2,670
FN1,LUM,962
FN1,LYN,401
FN1,LYVE1,445
FN1,MAPK1,716
FN1,MAPK14,452
FN1,MARCKS,514
FN1,MBL2,631
FN1,MCAM,513
FN1,MFAP2,665
FN1,MGP,652
FN1,MIF,406
FN1,MMP2,756
FN1,MMP9,850
FN1,MMRN1,431
FN1,MPO,642
FN1,MSN,739
FN1,MYH9,558
FN1,MYL9,412
FN1,NCAM1,748
FN1,NID1,997
FN1,NID2,715
FN1,NOTCH3,413
FN1,NRAS,645
FN1,NRP1,652
FN1,ORM1,572
FN1,ORM2,550
FN1,P3H1,484
FN1,P4HB,548
FN1,PARVB,584
FN1,PCOLCE,640
FN1,PDGFRB,765
FN1,PEBP1,517
FN1,PECAM1,748
FN1,PF4,770
FN1,PF4V1,770
FN1,PGD,404
FN1,PGK1,483
FN1,PIGR,495
FN1,PKM,565
FN1,PLEC,591
FN1,PLG,997
FN1,PODXL,404
FN1,POSTN,996
FN1,PPBP,594
FN1,PRG4,642
FN1,PRKAR1A,452
FN1,PROS1,533
FN1,PTPRC,842
FN1,PTPRJ,537
FN1,PZP,513
FN1,QSOX1,524
FN1,RAP1A,557
FN1,RAP1B,572
FN1,RHOA,734
FN1,RHOC,432
FN1,RNH1,452
FN1,ROCK2,425
FN1,S100A4,657
FN1,S100A8,544
FN1,SDC1,999
FN1,SDC4,999
FN1,SEC31A,585
FN1,SELL,445
FN1,SELP,778
FN1,SERPINA1,825
FN1,SERPINA3,433
FN1,SERPINA5,525
FN1,SERPIND1,556
FN1,SERPINE1,790
FN1,SERPINF1,846
FN1,SERPINF2,953
FN1,SHBG,499
FN1,SOD2,583
FN1,SPARC,969
FN1,SPN,551
FN1,SPP1,996
FN1,SRC,945
FN1,STRN,438
FN1,SYK,709
FN1,TFRC,647
FN1,TGFB1,969
FN1,TGFBI,995
FN1,THBS1,999
FN1,THBS2,854
FN1,THBS4,605
FN1,TIMP1,954
FN1,TLN1,992
FN1,TNC,814
FN1,TPM3,625
FN1,TPM4,625
FN1,TSG101,625
FN1,TTR,627
FN1,UTRN,545
FN1,VASN,507
FN1,VASP,608
FN1,VCAM1,983
FN1,VCAN,866
FN1,VCL,992
FN1,VIM,809
FN1,VTN,999
FN1,VWF,998
FN1,WAS,418
FN1,YWHAB,577
FN1,YWHAE,471
FN1,YWHAZ,576
FN1,ZYX,730
FN3K,GLO1,411
FST,FSTL1,636
FST,IGFBP1,562
FST,INHBC,949
FST,SGTA,414
FST,SPARC,709
FST,TFPI,433
FST,TGFB1,702
FST,UTRN,417
FSTL1,ITGA6,432
FSTL1,LAMC1,557
FSTL1,MMP2,430
FSTL1,POSTN,450
FSTL1,SDC1,409
FSTL1,SPARC,779
FSTL1,SPARCL1,452
FSTL1,SPP1,615
FSTL1,TGFB1,757
FSTL1,UTRN,409
FTH1,FTL,999
FTH1,GAPDH,569
FTH1,GCLM,555
FTH1,GDI2,435
FTH1,GNB2,409
FTH1,GPX4,774
FTH1,HSPA8,646
FTH1,HSPB1,542
FTH1,ICAM1,460
FTH1,IGF2R,531
FTH1,KNG1,470
FTH1,PCBP1,706
FTH1,PCBP2,562
FTH1,PPIB,419
FTH1,PRDX2,510
FTH1,PRDX3,492
FTH1,PRDX4,484
FTH1,PRDX6,501
FTH1,PYGB,433
FTH1,PYGL,449
FTH1,RAB5C,534
FTH1,SERPING1,465
FTH1,SLC3A2,616
FTH1,SNAPIN,500
FTH1,SNX2,510
FTH1,SOD2,501
FTH1,SSR4,402
FTH1,TFRC,995
FTH1,TGOLN2,556
FTH1,TPT1,498
FTH1,VAMP7,510
FTH1,VAMP8,535
FTH1,VDAC2,431
FTL,GAPDH,558
FTL,GCLM,501
FTL,GPX4,744
FTL,HPX,498
FTL,HSPA8,661
FTL,IGF2R,537
FTL,ITIH4,446
FTL,MYL6,434
FTL,PCBP1,673
FTL,PRDX2,455
FTL,PRDX3,463
FTL,PRDX4,587
FTL,PRDX6,502
FTL,PSMA7,421
FTL,RAB5C,541
FTL,SLC3A2,429
FTL,SNAPIN,500
FTL,SNX2,510
FTL,SOD2,403
FTL,TFRC,921
FTL,TGOLN2,536
FTL,TMSB4X,573
FTL,TPT1,406
FTL,VAMP7,509
FTL,VAMP8,515
FUCA1,GM2A,420
FUCA1,GNPTG,469
FUCA1,GOLM1,426
FUCA1,GUSB,562
FUCA1,HEXB,500
FUCA1,MAN1A1,474
FUCA1,PGD,768
FUCA1,PGM1,830
FYB1,GRAP2,980
FYB1,GRB2,841
FYB1,ICAM1,512
FYB1,ICAM2,477
FYB1,ITGB2,617
FYB1,LCP1,456
FYB1,LCP2,999
FYB1,LYN,478
FYB1,NCK2,543
FYB1,PF4,478
FYB1,PLEK,574
FYB1,PTPN6,449
FYB1,PTPRC,679
FYB1,RAC2,402
FYB1,RGS18,455
FYB1,SELL,432
FYB1,SKAP2,981
FYB1,SRC,586
FYB1,SYK,504
FYB1,TLN1,643
FYB1,VASP,859
FYB1,WAS,640
FYB1,WIPF1,404
FYB1,ZYX,425
G6PD,GAPDH,970
G6PD,GCLM,599
G6PD,GET3,428
G6PD,GLO1,443
G6PD,GLRX,529
G6PD,GOT2,472
G6PD,GPI,999
G6PD,GPX3,810
G6PD,GPX4,442
G6PD,GSR,932
G6PD,HP,462
G6PD,HPRT1,687
G6PD,HSPA4,432
G6PD,HSPB1,818
G6PD,IDH1,781
G6PD,LDHA,963
G6PD,MDH2,680
G6PD,MINPP1,800
G6PD,MPP1,573
G6PD,MT-CO2,427
G6PD,PDHB,878
G6PD,PGAM1,914
G6PD,PGD,999
G6PD,PGK1,759
G6PD,PGLS,993
G6PD,PGM1,635
G6PD,PKM,941
G6PD,PNP,417
G6PD,PPA2,434
G6PD,PRPS1,475
G6PD,PYGB,694
G6PD,PYGL,689
G6PD,RETN,402
G6PD,RPIA,763
G6PD,SHMT2,519
G6PD,SLC2A1,612
G6PD,SOD2,505
G6PD,TALDO1,922
G6PD,TKT,910
G6PD,TPI1,942
G6PD,UGP2,469
GANAB,GNPTG,891
GANAB,HSP90B1,873
GANAB,HSPA5,846
GANAB,HSPA8,604
GANAB,HYOU1,830
GANAB,LMAN1,552
GANAB,LRRFIP1,407
GANAB,MAN1A1,558
GANAB,MAN2A1,457
GANAB,MLEC,808
GANAB,P4HB,832
GANAB,PDIA3,856
GANAB,PDIA4,717
GANAB,PDIA6,469
GANAB,PEBP1,486
GANAB,PRKCSH,999
GANAB,PTPRC,637
GANAB,SND1,719
GANAB,SOD2,429
GANAB,TALDO1,409
GANAB,TUBA1A,440
GANAB,VCP,579
GAPDH,GCLM,540
GAPDH,GLO1,458
GAPDH,GLRX,538
GAPDH,GOT2,754
GAPDH,GPI,995
GAPDH,GPX3,648
GAPDH,GPX4,648
GAPDH,GRB2,530
GAPDH,GRN,440
GAPDH,GSR,682
GAPDH,GUSB,766
GAPDH,H1-4,532
GAPDH,HMGB1,740
GAPDH,HNRNPC,561
GAPDH,HNRNPK,643
GAPDH,HPRT1,894
GAPDH,HSP90AA1,922
GAPDH,HSP90AB1,872
GAPDH,HSP90B1,682
GAPDH,HSPA4,901
GAPDH,HSPA5,806
GAPDH,HSPA8,986
GAPDH,HSPA9,787
GAPDH,HSPB1,671
GAPDH,HSPD1,792
GAPDH,HSPE1,702
GAPDH,HYOU1,409
GAPDH,ICAM1,663
GAPDH,IDH1,704
GAPDH,IGFBP1,402
GAPDH,IGFBP3,471
GAPDH,ILK,493
GAPDH,ITGA2,640
GAPDH,ITGA5,515
GAPDH,ITGA6,488
GAPDH,ITGAV,472
GAPDH,ITGB1,770
GAPDH,ITGB3,535
GAPDH,ITGBL1,443
GAPDH,JUP,592
GAPDH,KRT14,548
GAPDH,KRT19,563
GAPDH,KRT5,496
GAPDH,KRT8,550
GAPDH,LAMP1,669
GAPDH,LAMP2,580
GAPDH,LCN2,517
GAPDH,LCP1,467
GAPDH,LDHA,967
GAPDH,LGALS1,408
GAPDH,LGALS3,517
GAPDH,LMNA,748
GAPDH,LMNB1,791
GAPDH,LPL,638
GAPDH,LUM,524
GAPDH,LYN,406
GAPDH,MAPK1,701
GAPDH,MAPK14,589
GAPDH,MAT2B,456
GAPDH,MAVS,510
GAPDH,MDH2,862
GAPDH,MGLL,405
GAPDH,MIF,575
GAPDH,MMP2,718
GAPDH,MMP9,814
GAPDH,MPO,541
GAPDH,MPST,407
GAPDH,MSN,625
GAPDH,MSRA,423
GAPDH,MT-CO2,608
GAPDH,MTDH,420
GAPDH,MYH9,578
GAPDH,MYL6,407
GAPDH,MYL9,430
GAPDH,NACA,468
GAPDH,NCAM1,486
GAPDH,NDUFS3,601
GAPDH,NDUFS8,567
GAPDH,NID1,551
GAPDH,NME1,700
GAPDH,NME2,525
GAPDH,NOTCH2,523
GAPDH,NOTCH3,498
GAPDH,NRAS,502
GAPDH,NRP1,412
GAPDH,NTRK2,521
GAPDH,NUCB1,445
GAPDH,OLA1,454
GAPDH,OTUB1,494
GAPDH,P4HB,659
GAPDH,PARK7,698
GAPDH,PCBP1,419
GAPDH,PCSK9,519
GAPDH,PDGFRB,563
GAPDH,PDHB,815
GAPDH,PDIA3,848
GAPDH,PDIA4,452
GAPDH,PDIA6,403
GAPDH,PEBP1,496
GAPDH,PECAM1,740
GAPDH,PFN1,547
GAPDH,PGAM1,928
GAPDH,PGD,751
GAPDH,PGK1,999
GAPDH,PGM1,528
GAPDH,PKM,956
GAPDH,PLEK,428
GAPDH,PLG,990
GAPDH,PLIN1,511
GAPDH,PLIN3,416
GAPDH,PLP2,454
GAPDH,PNP,518
GAPDH,POSTN,503
GAPDH,PPA2,410
GAPDH,PPIB,681
GAPDH,PPIF,547
GAPDH,PPP1CA,463
GAPDH,PPP1R12A,405
GAPDH,PPP2R1A,507
GAPDH,PRDX2,765
GAPDH,PRDX3,513
GAPDH,PRDX4,504
GAPDH,PRDX5,605
GAPDH,PRDX6,696
GAPDH,PRNP,414
GAPDH,PSMA1,476
GAPDH,PSMA2,410
GAPDH,PSMA3,499
GAPDH,PSMA4,408
GAPDH,PSMA5,462
GAPDH,PSMA6,434
GAPDH,PSMA7,595
GAPDH,PSMB1,464
GAPDH,PSMB2,478
GAPDH,PSMB5,462
GAPDH,PSMB8,443
GAPDH,PSMC3,409
GAPDH,PSMC4,437
GAPDH,PSMD14,407
GAPDH,PSMD4,412
GAPDH,PTPRC,728
GAPDH,PYGB,627
GAPDH,PYGL,622
GAPDH,RAB2A,754
GAPDH,RAC2,425
GAPDH,RAN,542
GAPDH,RHEB,947
GAPDH,RHOA,803
GAPDH,RHOC,436
GAPDH,RNH1,416
GAPDH,ROCK2,443
GAPDH,RPIA,550
GAPDH,RPLP0,874
GAPDH,RPLP1,440
GAPDH,RPLP2,487
GAPDH,RPS12,621
GAPDH,S100A4,702
GAPDH,S100A6,843
GAPDH,S100A8,723
GAPDH,S100A9,520
GAPDH,SDC1,501
GAPDH,SELL,491
GAPDH,SERPINA1,438
GAPDH,SERPINA5,470
GAPDH,SERPINE1,745
GAPDH,SHBG,493
GAPDH,SHMT2,920
GAPDH,SKP1,481
GAPDH,SLC25A3,646
GAPDH,SLC2A1,737
GAPDH,SLC3A2,428
GAPDH,SLC4A1,676
GAPDH,SNCA,769
GAPDH,SOD2,740
GAPDH,SPARC,494
GAPDH,SPARCL1,518
GAPDH,SPN,414
GAPDH,SPP1,716
GAPDH,SRC,702
GAPDH,SSBP1,414
GAPDH,STIM1,441
GAPDH,STIP1,567
GAPDH,SUMO2,475
GAPDH,SYK,452
GAPDH,TAGLN2,464
GAPDH,TALDO1,986
GAPDH,TCP1,501
GAPDH,TFRC,753
GAPDH,TGFB1,811
GAPDH,TGFBI,401
GAPDH,TGOLN2,446
GAPDH,THBS1,519
GAPDH,TIMP1,643
GAPDH,TKT,978
GAPDH,TLN1,442
GAPDH,TPI1,999
GAPDH,TPM1,417
GAPDH,TPT1,795
GAPDH,TSG101,781
GAPDH,TTR,477
GAPDH,TUBA1A,633
GAPDH,TUBA1C,670
GAPDH,TUBA4A,531
GAPDH,TUBA8,451
GAPDH,TUBB,745
GAPDH,TUBB4B,518
GAPDH,TYMP,510
GAPDH,UBA1,491
GAPDH,UBASH3B,429
GAPDH,UBE2N,400
GAPDH,UGP2,601
GAPDH,UQCRC1,578
GAPDH,UQCRC2,570
GAPDH,UQCRFS1,585
GAPDH,USP47,450
GAPDH,VAPB,461
GAPDH,VASP,426
GAPDH,VCAM1,602
GAPDH,VCAN,401
GAPDH,VCL,731
GAPDH,VCP,742
GAPDH,VDAC1,915
GAPDH,VDAC2,526
GAPDH,VDAC3,556
GAPDH,VIM,769
GAPDH,VTN,642
GAPDH,VWF,568
GAPDH,YWHAB,654
GAPDH,YWHAE,733
GAPDH,YWHAG,536
GAPDH,YWHAH,522
GAPDH,YWHAQ,496
GAPDH,YWHAZ,773
GAS2L1,LRRFIP1,580
GAS2L1,MAPRE1,826
GAS2L1,PLEC,619
GAS6,ITGAV,714
GAS6,KNG1,442
GAS6,LAMP1,486
GAS6,LGALS1,403
GAS6,LGALS3,773
GAS6,MGP,610
GAS6,POSTN,471
GAS6,PROS1,829
GAS6,QSOX1,429
GAS6,SERPINA1,455
GAS6,SPARCL1,502
GAS6,SRC,634
GAS6,THBS1,608
GAS6,TIMP1,501
GAS6,VTN,495
GBP1,HLA-B,735
GBP1,HLA-C,547
GBP1,HLA-DRA,611
GBP1,LAP3,625
GBP1,LGALS3,585
GBP1,PLSCR1,640
GBP1,PSMB10,653
GBP1,PSMB8,641
GBP1,PSMB9,745
GBP1,PSME1,452
GBP1,SERPING1,592
GBP1,WARS1,594
GC,GSR,702
GC,HP,906
GC,HPR,484
GC,HPX,827
GC,HRG,706
GC,ITGAV,407
GC,ITIH1,429
GC,ITIH2,492
GC,ITIH3,594
GC,ITIH4,445
GC,KNG1,647
GC,LPA,492
GC,LRG1,400
GC,LRP1,416
GC,ORM1,785
GC,ORM2,726
GC,PLG,719
GC,PPBP,412
GC,PROC,587
GC,SERPINA1,876
GC,SERPINA3,598
GC,SERPINA6,426
GC,SERPINA7,631
GC,SERPINF2,474
GC,SHBG,638
GC,SPP2,448
GC,TTR,899
GC,VTN,532
GCA,LCP1,842
GCA,SRI,508
GCA,SULT1A1,641
GCLM,GGCT,921
GCLM,GLRX,551
GCLM,GOT2,846
GCLM,GPX3,654
GCLM,GPX4,771
GCLM,GSR,799
GCLM,GSTO1,444
GCLM,LAP3,903
GCLM,LMNB1,404
GCLM,PARK7,669
GCLM,PGD,509
GCLM,PRDX3,466
GCLM,RBX1,402
GCLM,SLC3A2,437
GCLM,SOD2,581
GCLM,SOD3,434
GCLM,TALDO1,565
GCLM,TKT,425
GDI1,GDI2,924
GDI1,GNAI2,416
GDI1,HSPA8,411
GDI1,NAPA,491
GDI1,PGD,461
GDI1,RAB10,964
GDI1,RAB11B,932
GDI1,RAB14,875
GDI1,RAB18,829
GDI1,RAB1A,996
GDI1,RAB1B,982
GDI1,RAB21,768
GDI1,RAB27A,604
GDI1,RAB27B,580
GDI1,RAB2A,628
GDI1,RAB32,654
GDI1,RAB3GAP1,590
GDI1,RAB5B,904
GDI1,RAB5C,929
GDI1,RAB6A,955
GDI1,RAB6B,855
GDI1,RAB7A,919
GDI1,RAB8A,982
GDI1,RHOA,408
GDI1,TRAPPC3,561
GDI1,YWHAE,647
GDI2,HSP90AB1,408
GDI2,HSPA8,494
GDI2,PDCD6IP,401
GDI2,PPP2R1A,475
GDI2,RAB10,958
GDI2,RAB11B,901
GDI2,RAB14,795
GDI2,RAB18,680
GDI2,RAB1A,997
GDI2,RAB1B,985
GDI2,RAB21,721
GDI2,RAB27A,626
GDI2,RAB27B,620
GDI2,RAB2A,707
GDI2,RAB32,652
GDI2,RAB3GAP1,480
GDI2,RAB5B,761
GDI2,RAB5C,940
GDI2,RAB6A,927
GDI2,RAB6B,874
GDI2,RAB7A,918
GDI2,RAB8A,966
GDI2,RAC2,591
GDI2,RHOA,611
GDI2,STOML2,536
GDI2,TCP1,436
GDI2,TRAPPC3,467
GDI2,VAPB,427
GDI2,VCP,448
GDI2,YWHAB,477
GDI2,YWHAE,716
GDI2,YWHAG,630
GET3,HSPA4,461
GET3,HSPA8,488
GET3,PRNP,596
GET3,PSMA2,428
GET3,PSMA4,488
GET3,PSMB1,505
GET3,PSMB2,650
GET3,PSMB3,529
GET3,PSMB5,542
GET3,PSMB6,672
GET3,PSMD14,673
GET3,SEC22B,607
GET3,SGTA,976
GET3,VAPA,683
GET3,VAPB,549
GET3,VCP,419
GGCT,GOT2,811
GGCT,LAP3,905
GGCT,ORM1,407
GGCT,ORM2,440
GGCT,PROCR,403
GGCT,SAA1,407
GGCT,SBSN,503
GGCT,WDR1,459
GGH,SHMT2,519
GGH,SUMO2,560
GGH,TSG101,711
GGH,UBE2H,443
GGH,UBE2N,502
GLO1,GLRX,426
GLO1,GOT2,465
GLO1,GPI,441
GLO1,GPX3,506
GLO1,GSR,779
GLO1,GSTO1,415
GLO1,HAGH,999
GLO1,HLA-A,656
GLO1,HLA-B,503
GLO1,HSPE1,403
GLO1,IDH1,494
GLO1,LDHA,427
GLO1,MDH2,437
GLO1,MSRA,423
GLO1,NDUFA2,660
GLO1,NDUFA5,421
GLO1,NDUFS8,873
GLO1,PARK7,698
GLO1,PGAM1,536
GLO1,PGD,580
GLO1,PGK1,498
GLO1,PGM1,729
GLO1,PRDX2,467
GLO1,PRDX3,481
GLO1,PRDX4,431
GLO1,PRDX6,535
GLO1,SOD2,475
GLO1,TCP1,482
GLO1,TKT,407
GLO1,TPI1,617
GLO1,UQCRFS1,630
GLRX,GLRX3,888
GLRX,GPX3,868
GLRX,GPX4,634
GLRX,GSR,980
GLRX,GSTO1,856
GLRX,HAGH,400
GLRX,HPRT1,424
GLRX,HSPA4,662
GLRX,HSPA9,556
GLRX,HSPE1,428
GLRX,IDH1,439
GLRX,MSRA,896
GLRX,P4HB,427
GLRX,PARK7,466
GLRX,PRDX2,619
GLRX,PRDX3,642
GLRX,PRDX4,645
GLRX,PRDX5,667
GLRX,PRDX6,622
GLRX,PYGB,457
GLRX,SOD2,632
GLRX,SOD3,483
GLRX,TKT,448
GLRX,TUBA1A,483
GLRX3,GPX4,405
GLRX3,GRN,633
GLRX3,GSR,570
GLRX3,HSPA4,400
GLRX3,HSPA9,567
GLRX3,HSPD1,401
GLRX3,P4HB,403
GLRX3,PRDX2,523
GLRX3,PRDX3,525
GLRX3,PRDX4,569
GLRX3,PRDX5,473
GLRX3,PRDX6,554
GLRX3,PSMB2,532
GLRX3,PSMB4,419
GLRX3,PSMB7,401
GLRX3,PSMC6,500
GLRX3,PSMD14,554
GLRX3,SOD2,524
GLRX3,TCP1,453
GLRX3,TXNL1,614
GM2A,HEXB,954
GM2A,HPRT1,440
GM2A,PSAP,671
GMFG,LCP1,439
GMFG,SRGN,418
GMFG,TWF2,592
GMFG,WAS,458
GMFG,WASF2,502
GMFG,WDR1,446
GMPR,HPRT1,943
GMPR,PDE3A,907
GMPR,PDE5A,910
GMPR,PNP,573
GMPR,SELENBP1,560
GMPR,SHMT2,407
GMPR,TKT,445
GNA13,GNA14,603
GNA13,GNAI2,627
GNA13,GNAI3,666
GNA13,GNAQ,893
GNA13,GNB1,991
GNA13,GNB2,879
GNA13,GNB4,874
GNA13,GNG11,717
GNA13,GNG5,778
GNA13,ITGA2B,957
GNA13,ITGB3,994
GNA13,KALRN,455
GNA13,LYPLA1,679
GNA13,NAPA,531
GNA13,PLXNB1,571
GNA13,PRKAR2A,416
GNA13,PRKCB,402
GNA13,RGS18,771
GNA13,RGS19,769
GNA13,RHOA,991
GNA13,RHOC,701
GNA13,ROCK2,665
GNA13,RRAS,400
GNA13,SRC,958
GNA13,TLN1,684
GNA13,VCL,500
GNA13,VDAC1,412
GNA13,VWF,489
GNA14,GNAI2,591
GNA14,GNAI3,587
GNA14,GNAQ,719
GNA14,GNB1,848
GNA14,GNB2,844
GNA14,GNB4,846
GNA14,GNG11,726
GNA14,GNG5,735
GNA14,KALRN,660
GNA14,MAPK14,544
GNA14,RGS18,609
GNA14,RGS19,626
GNA14,SRC,553
GNAI2,GNAI3,992
GNAI2,GNAQ,745
GNAI2,GNB1,999
GNAI2,GNB2,982
GNAI2,GNB4,977
GNAI2,GNG11,822
GNAI2,GNG5,928
GNAI2,HSP90AB1,575
GNAI2,LYN,919
GNAI2,MAPK1,934
GNAI2,MAPK14,739
GNAI2,NRAS,927
GNAI2,NUCB1,455
GNAI2,PDLIM7,401
GNAI2,PRKCB,730
GNAI2,PTPRC,466
GNAI2,RAC2,422
GNAI2,RGS18,784
GNAI2,RGS19,893
GNAI2,RHOA,511
GNAI2,RHOC,439
GNAI2,RHOG,400
GNAI2,SEMA4B,597
GNAI2,SH3BGRL3,518
GNAI2,SRC,920
GNAI2,STRN,559
GNAI2,TLN1,418
GNAI3,GNAQ,745
GNAI3,GNB1,999
GNAI3,GNB2,983
GNAI3,GNB4,989
GNAI3,GNG11,885
GNAI3,GNG5,946
GNAI3,HSP90AB1,498
GNAI3,LYN,913
GNAI3,MAPK1,934
GNAI3,MAPK14,751
GNAI3,NRAS,927
GNAI3,PRKAR2B,404
GNAI3,PRKCB,693
GNAI3,PSMA5,770
GNAI3,RGS18,834
GNAI3,RGS19,947
GNAI3,SRC,911
GNAI3,STRN,535
GNAI3,UCHL3,411
GNAI3,VAMP7,452
GNAQ,GNB1,997
GNAQ,GNB2,882
GNAQ,GNB4,867
GNAQ,GNG11,705
GNAQ,GNG5,756
GNAQ,HSP90AA1,474
GNAQ,HSP90AB1,473
GNAQ,IDH1,528
GNAQ,KALRN,811
GNAQ,KNG1,862
GNAQ,MAPK14,619
GNAQ,NRAS,974
GNAQ,PECAM1,694
GNAQ,PLEK,640
GNAQ,RGS18,932
GNAQ,RGS19,937
GNAQ,RHOA,973
GNAQ,RRAS,697
GNAQ,SRC,860
GNAQ,STIM1,580
GNAQ,TPM3,406
GNB1,GNB2,939
GNB1,GNB4,791
GNB1,GNG11,998
GNB1,GNG5,999
GNB1,ITGA5,519
GNB1,ITGB1,694
GNB1,KALRN,630
GNB1,KNG1,532
GNB1,MAPK1,808
GNB1,MAPK14,760
GNB1,NRAS,754
GNB1,PDLIM7,400
GNB1,PPP1CB,408
GNB1,PRKCB,796
GNB1,RAB7A,489
GNB1,RAC2,726
GNB1,RAP1A,468
GNB1,RBX1,490
GNB1,RGS18,641
GNB1,RGS19,659
GNB1,RHOA,874
GNB1,RPLP0,461
GNB1,RRAS,695
GNB1,SAA1,672
GNB1,SRC,613
GNB1,STRN,524
GNB1,TCP1,595
GNB1,YWHAZ,401
GNB2,GNB4,732
GNB2,GNG11,808
GNB2,GNG5,999
GNB2,HSPA5,429
GNB2,ITGA5,562
GNB2,ITGB1,523
GNB2,KALRN,499
GNB2,KNG1,525
GNB2,MAPK1,742
GNB2,MAPK14,745
GNB2,NRAS,697
GNB2,PFDN6,449
GNB2,PRKCB,704
GNB2,RAC2,717
GNB2,RGS18,627
GNB2,RGS19,666
GNB2,RHOA,618
GNB2,RHOC,430
GNB2,RPLP0,460
GNB2,RRAS,710
GNB2,SAA1,513
GNB2,SRC,585
GNB2,SSR4,452
GNB2,STRN,525
GNB2,TCP1,594
GNB2,VBP1,417
GNB4,GNG11,999
GNB4,GNG5,999
GNB4,ITGA5,519
GNB4,ITGB1,514
GNB4,KALRN,499
GNB4,KNG1,556
GNB4,MAPK1,750
GNB4,MAPK14,738
GNB4,NRAS,710
GNB4,PRKCB,705
GNB4,RAC2,743
GNB4,RGS18,621
GNB4,RGS19,645
GNB4,RHOA,637
GNB4,RPLP0,453
GNB4,RRAS,692
GNB4,SAA1,518
GNB4,SRC,580
GNB4,STRN,517
GNB4,TCP1,518
GNG11,GNG5,836
GNG11,ITGA5,607
GNG11,ITGB1,660
GNG11,KALRN,499
GNG11,KNG1,526
GNG11,MAPK1,655
GNG11,MAPK14,658
GNG11,NID2,409
GNG11,NRAS,672
GNG11,PRKCB,675
GNG11,RAC2,683
GNG11,RGS18,564
GNG11,RGS19,664
GNG11,RHOA,511
GNG11,RRAS,691
GNG11,SAA1,619
GNG11,SRC,499
GNG11,STRN,499
GNG11,TCP1,499
GNG5,ITGA5,500
GNG5,ITGB1,517
GNG5,KALRN,499
GNG5,KNG1,517
GNG5,MAPK1,678
GNG5,MAPK14,655
GNG5,NRAS,661
GNG5,PRKCB,733
GNG5,RAC2,700
GNG5,RBX1,475
GNG5,RGS18,518
GNG5,RGS19,538
GNG5,RHOA,696
GNG5,RRAS,652
GNG5,SAA1,499
GNG5,SRC,530
GNG5,STRN,506
GNG5,TCP1,518
GNPTG,IGF2R,480
GOLGA7,GYPA,420
GOLGA7,NRAS,932
GOLM1,VPS29,407
GOT2,GPI,764
GOT2,GPX3,485
GOT2,GSR,536
GOT2,HP,584
GOT2,HSPA4,572
GOT2,HSPA8,448
GOT2,HSPD1,424
GOT2,IDH1,952
GOT2,LAP3,888
GOT2,LBP,555
GOT2,LCN2,609
GOT2,LDHA,972
GOT2,LPL,662
GOT2,MDH2,999
GOT2,MGLL,407
GOT2,MIF,929
GOT2,MPST,957
GOT2,NDUFS3,428
GOT2,PDHB,576
GOT2,PGD,574
GOT2,PGK1,549
GOT2,PGM1,618
GOT2,PKM,553
GOT2,PLIN1,487
GOT2,PRDX3,439
GOT2,PYGB,549
GOT2,PYGL,512
GOT2,RPIA,407
GOT2,S100A7,683
GOT2,SCP2,573
GOT2,SEC13,576
GOT2,SHMT2,541
GOT2,SOD2,530
GOT2,TALDO1,497
GOT2,TIMP1,463
GOT2,TKT,452
GOT2,TPI1,770
GOT2,UQCRC1,718
GOT2,UQCRC2,590
GOT2,UQCRFS1,605
GOT2,VAMP7,657
GOT2,VDAC1,575
GP1BA,GP1BB,999
GP1BA,GP5,979
GP1BA,GP6,946
GP1BA,GP9,999
GP1BA,GYPA,549
GP1BA,ICAM1,657
GP1BA,ICAM2,418
GP1BA,ITGA2,660
GP1BA,ITGA2B,967
GP1BA,ITGAV,418
GP1BA,ITGB2,978
GP1BA,ITGB3,886
GP1BA,JAM3,428
GP1BA,KLKB1,595
GP1BA,KNG1,794
GP1BA,LYN,946
GP1BA,PEAR1,457
GP1BA,PECAM1,613
GP1BA,PF4,721
GP1BA,PF4V1,660
GP1BA,PPBP,584
GP1BA,PROC,530
GP1BA,PTPRC,502
GP1BA,SELL,581
GP1BA,SELP,999
GP1BA,SERPINA5,484
GP1BA,SERPIND1,578
GP1BA,SPN,546
GP1BA,SRC,747
GP1BA,SYK,476
GP1BA,THBS1,434
GP1BA,TREML1,522
GP1BA,TUBB,461
GP1BA,TUBB1,558
GP1BA,VCAM1,420
GP1BA,VTN,638
GP1BA,VWF,999
GP1BA,YWHAZ,979
GP1BB,GP5,996
GP1BB,GP6,674
GP1BB,GP9,999
GP1BB,HSPA4,432
GP1BB,ITGA2,402
GP1BB,ITGA2B,830
GP1BB,ITGB3,714
GP1BB,KLKB1,534
GP1BB,KNG1,720
GP1BB,LYN,942
GP1BB,NRP1,499
GP1BB,PF4,515
GP1BB,PROC,400
GP1BB,RANBP1,541
GP1BB,SELP,656
GP1BB,SEPTIN2,634
GP1BB,SERPINA5,400
GP1BB,SERPIND1,555
GP1BB,SNAP29,431
GP1BB,SRC,610
GP1BB,TMEM40,442
GP1BB,TUBB1,484
GP1BB,VWF,998
GP1BB,YWHAZ,970
GP5,GP6,961
GP5,GP9,999
GP5,ITGA2B,610
GP5,ITGB3,403
GP5,KLKB1,532
GP5,KNG1,556
GP5,LRRC59,432
GP5,LYN,907
GP5,MYH9,634
GP5,PIP,572
GP5,PPP1CA,455
GP5,PROC,419
GP5,SERPINA5,494
GP5,SERPIND1,661
GP5,SRC,549
GP5,VWF,996
GP5,YWHAZ,560
GP6,GP9,860
GP6,ICAM2,519
GP6,ITGA2,976
GP6,ITGA2B,940
GP6,ITGA5,402
GP6,ITGB1,462
GP6,ITGB3,724
GP6,JAM3,520
GP6,LCP2,780
GP6,LGALS3,974
GP6,LYN,997
GP6,MPIG6B,865
GP6,PEAR1,679
GP6,PECAM1,441
GP6,PF4,657
GP6,PF4V1,639
GP6,PIP,706
GP6,PPBP,489
GP6,PTPN6,586
GP6,RAP1B,431
GP6,RASGRP2,449
GP6,SELP,908
GP6,SRC,580
GP6,SYK,872
GP6,TREML1,881
GP6,TSPAN9,614
GP6,TUBB1,401
GP6,VTN,639
GP6,VWF,997
GP6,WIPF1,443
GP9,GYPA,467
GP9,HSP90B1,463
GP9,ITGA2,421
GP9,ITGA2B,980
GP9,ITGB3,888
GP9,KLKB1,511
GP9,KNG1,591
GP9,LYN,919
GP9,MPIG6B,456
GP9,MYH9,401
GP9,PECAM1,611
GP9,PF4,715
GP9,PF4V1,578
GP9,PIP,479
GP9,PPBP,620
GP9,PROC,474
GP9,PTPRC,466
GP9,SELP,770
GP9,SERPINA5,400
GP9,SERPIND1,416
GP9,SRC,590
GP9,TREML1,822
GP9,TSPAN9,433
GP9,TUBB,428
GP9,TUBB1,820
GP9,VWF,998
GP9,YWHAZ,610
GPC1,HDGF,523
GPC1,HPSE,635
GPC1,HSPA4,479
GPC1,HSPG2,894
GPC1,ITGB1,425
GPC1,LMNA,415
GPC1,LRP1,722
GPC1,LUM,447
GPC1,PLEC,494
GPC1,PRNP,544
GPC1,PTPRF,693
GPC1,S100A8,407
GPC1,SDC1,996
GPC1,SDC4,977
GPC1,SLC3A2,452
GPC1,SRGN,503
GPC1,STC2,429
GPC1,TGFB1,758
GPC1,TGFBR3,447
GPC1,THBS1,475
GPC1,TSG101,400
GPC1,VCAN,808
GPC1,VTN,549
GPC1,XPNPEP1,462
GPI,GSR,579
GPI,HPRT1,618
GPI,HSP90AA1,414
GPI,HSP90AB1,410
GPI,HSPA4,462
GPI,HSPD1,602
GPI,HSPE1,498
GPI,IDH1,740
GPI,LDHA,976
GPI,MDH2,847
GPI,MINPP1,820
GPI,MSRA,441
GPI,PDHB,981
GPI,PEPD,634
GPI,PGAM1,969
GPI,PGD,887
GPI,PGK1,971
GPI,PGLS,792
GPI,PGM1,983
GPI,PKM,986
GPI,PNP,531
GPI,PPA2,722
GPI,PRDX2,570
GPI,PRDX6,707
GPI,PRPS1,551
GPI,PYGB,816
GPI,PYGL,814
GPI,RPIA,804
GPI,RPLP0,538
GPI,SHMT2,594
GPI,SLC2A1,554
GPI,SOD2,489
GPI,TALDO1,995
GPI,TCP1,454
GPI,TKT,997
GPI,TPI1,999
GPI,UBASH3B,589
GPI,UGP2,781
GPI,UQCRC1,520
GPI,VTN,412
GPI,WDR1,418
GPLD1,IGFALS,405
GPLD1,ITIH1,476
GPLD1,ITIH3,517
GPLD1,LSAMP,416
GPLD1,LYN,444
GPLD1,RECK,438
GPLD1,SERPINA10,427
GPLD1,SERPIND1,453
GPNMB,LGALS1,515
GPNMB,LGALS3,647
GPNMB,PARK7,426
GPNMB,S100A6,664
GPNMB,SDC1,436
GPNMB,SDC4,780
GPNMB,SERPINF1,493
GPNMB,SNCA,577
GPNMB,SPP1,537
GPNMB,TGFBI,499
GPNMB,TIMP1,426
GPX3,GPX4,936
GPX3,GSR,996
GPX3,GSTK1,446
GPX3,GSTO1,818
GPX3,HAGH,499
GPX3,HP,446
GPX3,HSP90AA1,469
GPX3,HSP90AB1,470
GPX3,HSPA4,619
GPX3,HSPA5,450
GPX3,HSPA9,544
GPX3,HSPB1,412
GPX3,HSPD1,455
GPX3,ICAM1,511
GPX3,IDH1,448
GPX3,LPL,405
GPX3,MGP,435
GPX3,MMP2,440
GPX3,MMP9,533
GPX3,MPO,694
GPX3,MSRA,514
GPX3,ORM1,491
GPX3,ORM2,467
GPX3,PARK7,541
GPX3,PGD,515
GPX3,PLTP,486
GPX3,PON1,745
GPX3,PPIF,412
GPX3,PRDX2,765
GPX3,PRDX3,628
GPX3,PRDX4,737
GPX3,PRDX5,601
GPX3,PRDX6,967
GPX3,SELENOF,657
GPX3,SELENOP,898
GPX3,SERPINA7,422
GPX3,SERPINE1,428
GPX3,SERPINF1,507
GPX3,SERPINF2,452
GPX3,SNCA,440
GPX3,SOD2,904
GPX3,SOD3,794
GPX3,TGFB1,517
GPX3,VCAM1,483
GPX4,GSDMA,448
GPX4,GSR,980
GPX4,GSTK1,552
GPX4,GSTO1,945
GPX4,HSPA5,952
GPX4,HSPB1,432
GPX4,MSRA,513
GPX4,OTUB1,526
GPX4,PARK7,633
GPX4,PEBP1,570
GPX4,PKM,503
GPX4,PPIF,499
GPX4,PRDX2,702
GPX4,PRDX3,660
GPX4,PRDX4,620
GPX4,PRDX5,742
GPX4,PRDX6,973
GPX4,SELENOF,746
GPX4,SELENOP,735
GPX4,SLC3A2,741
GPX4,SOD2,814
GPX4,SOD3,713
GPX4,TFRC,666
GPX4,VDAC1,490
GPX4,VDAC2,674
GPX4,VDAC3,441
GRAP2,GRB2,993
GRAP2,HLA-DRA,549
GRAP2,LCP2,999
GRAP2,LYN,746
GRAP2,PTPRC,460
GRAP2,RASGRP2,515
GRAP2,SRC,909
GRAP2,SYK,904
GRAP2,WAS,638
GRB2,HNRNPK,694
GRB2,HSP90AA1,835
GRB2,HSP90AB1,658
GRB2,HSPA5,434
GRB2,HSPA8,693
GRB2,ICOSLG,554
GRB2,IL6ST,956
GRB2,ILK,485
GRB2,ITGA2B,679
GRB2,ITGA6,463
GRB2,ITGB3,637
GRB2,KIF5B,568
GRB2,KLC1,552
GRB2,KRT5,453
GRB2,LCP2,999
GRB2,LDLR,499
GRB2,LGALS3,476
GRB2,LY6G6F,607
GRB2,LYN,866
GRB2,MAPK1,920
GRB2,MAPK14,631
GRB2,MMP2,511
GRB2,MMP9,411
GRB2,MSN,809
GRB2,NCAM1,670
GRB2,NCK2,430
GRB2,NRAS,815
GRB2,NTRK2,969
GRB2,PDGFRB,999
GRB2,PLEC,576
GRB2,PLEK,733
GRB2,PLXNB1,585
GRB2,PPP1CA,452
GRB2,PPP2R1A,546
GRB2,PRKAR1A,756
GRB2,PRNP,503
GRB2,PSTPIP2,531
GRB2,PTPN12,940
GRB2,PTPN6,964
GRB2,PTPRC,466
GRB2,PTPRJ,529
GRB2,PVR,408
GRB2,RAC2,611
GRB2,RALA,513
GRB2,RALB,489
GRB2,RAP1A,687
GRB2,RAP1B,646
GRB2,RASGRP2,451
GRB2,RECK,400
GRB2,RHOA,573
GRB2,RRAS,608
GRB2,S100A8,913
GRB2,SDCBP,501
GRB2,SEC31A,509
GRB2,SELL,437
GRB2,SH3GL1,583
GRB2,SPTA1,400
GRB2,SPTAN1,479
GRB2,SPTB,400
GRB2,SPTBN1,487
GRB2,SRC,999
GRB2,STRN,589
GRB2,SYK,986
GRB2,TGFB1,543
GRB2,TLN1,712
GRB2,TPM3,562
GRB2,TPM4,572
GRB2,TSG101,555
GRB2,UBASH3B,841
GRB2,UTRN,498
GRB2,VAMP3,546
GRB2,VAMP7,548
GRB2,VAMP8,527
GRB2,VASP,475
GRB2,VCL,795
GRB2,VCP,582
GRB2,VPS37B,457
GRB2,VWF,572
GRB2,WAS,995
GRB2,WASF2,640
GRB2,WIPF1,992
GRB2,YWHAB,703
GRB2,YWHAE,479
GRB2,YWHAG,682
GRB2,YWHAZ,589
GRN,HSPA5,609
GRN,HSPG2,907
GRN,LAMP1,608
GRN,LCN2,457
GRN,MMP19,451
GRN,MMP9,585
GRN,NCSTN,478
GRN,ORM1,444
GRN,ORM2,430
GRN,P4HB,562
GRN,PDCD6,422
GRN,PDIA3,452
GRN,PDIA4,419
GRN,PDIA6,401
GRN,PEBP1,462
GRN,PRNP,463
GRN,PSAP,856
GRN,RARRES2,506
GRN,SERPINA1,460
GRN,SNCA,675
GRN,SORL1,445
GRN,STX11,466
GRN,STX4,461
GRN,TFRC,473
GRN,TPM3,587
GRN,TPP1,637
GRN,TUBB,587
GRN,TUBB1,550
GRN,VCP,762
GSPT1,RPL22,915
GSPT1,RPLP0,923
GSPT1,RPLP1,674
GSPT1,RPLP2,589
GSPT1,RPS12,923
GSR,GSTK1,433
GSR,GSTO1,961
GSR,HAGH,515
GSR,HSP90AA1,410
GSR,HSP90AB1,407
GSR,HSPA4,531
GSR,HSPA5,501
GSR,HSPA9,402
GSR,HSPD1,414
GSR,IDH1,776
GSR,LDHA,539
GSR,LPL,443
GSR,MDH2,401
GSR,MPO,497
GSR,MSRA,510
GSR,NDUFS3,439
GSR,P4HB,418
GSR,PARK7,514
GSR,PDHB,842
GSR,PDIA3,414
GSR,PDIA6,403
GSR,PGD,804
GSR,PGK1,415
GSR,PKM,546
GSR,PRDX2,617
GSR,PRDX3,661
GSR,PRDX4,617
GSR,PRDX5,787
GSR,PRDX6,964
GSR,PRPS1,415
GSR,SEC22B,471
GSR,SHMT2,623
GSR,SLC2A1,475
GSR,SOD2,814
GSR,SOD3,614
GSR,TALDO1,530
GSR,TKT,751
GSR,TPI1,516
GSR,TXNL1,490
GSR,UQCRFS1,402
GSR,VDAC2,464
GSTK1,GSTO1,711
GSTK1,PRDX5,414
GSTK1,SCP2,617
GSTK1,SOD2,402
GSTO1,HSPB1,426
GSTO1,HSPE1,406
GSTO1,LDHA,507
GSTO1,NDUFA2,610
GSTO1,NDUFA5,586
GSTO1,NDUFS3,605
GSTO1,NDUFS8,582
GSTO1,PNP,449
GSTO1,PRDX2,458
GSTO1,PRDX3,419
GSTO1,PRDX6,957
GSTO1,PTGES3,419
GSTO1,PYGL,408
GSTO1,SERPINE1,402
GSTO1,UQCRB,439
GSTO1,UQCRFS1,607
GUSB,HEXB,465
GUSB,HPRT1,753
GUSB,HPSE,475
GUSB,HSP90AB1,626
GUSB,IDS,762
GUSB,IGF2R,744
GUSB,LAMP1,452
GUSB,MPO,728
GUSB,PGK1,656
GUSB,PSMC4,487
GUSB,RETN,429
GUSB,RPLP0,625
GUSB,SERPINA1,404
GUSB,TALDO1,472
GUSB,TFRC,550
GUSB,TGFB1,489
GUSB,TUBB,534
GUSB,YWHAZ,559
GYG1,PGM1,546
GYG1,PYGB,954
GYG1,PYGL,847
GYG1,UGP2,956
GYPA,HBD,578
GYPA,HPRT1,499
GYPA,ITGA2B,739
GYPA,ITGB3,622
GYPA,LIMS1,510
GYPA,MCAM,433
GYPA,MPO,576
GYPA,NCAM1,729
GYPA,PECAM1,610
GYPA,PSMA7,507
GYPA,PTPRC,734
GYPA,SHMT2,571
GYPA,SLC2A1,673
GYPA,SLC4A1,999
GYPA,SNCA,437
GYPA,SPN,603
GYPA,SPTA1,865
GYPA,STOM,476
GYPA,TFRC,782
GYPA,VTN,515
H1-4,H4C1,929
H1-4,HMGB1,550
H1-4,LMNB1,513
H1-4,USP47,414
H4C1,RUVBL1,862
H4C1,RUVBL2,866
H4C1,SSBP1,452
H4C1,WDR77,819
HABP2,HPX,416
HABP2,HRG,775
HABP2,ITIH1,499
HABP2,ITIH2,471
HABP2,LPA,413
HABP2,PLG,666
HABP2,PROC,441
HABP2,PROS1,619
HABP2,PROZ,404
HABP2,PTPRF,421
HABP2,SERPIND1,809
HABP2,SERPINE1,728
HABP2,SERPINF2,609
HABP2,SERPING1,443
HABP2,SERPINI1,424
HABP2,SPP2,435
HABP2,TFPI,432
HABP2,TFRC,420
HABP2,TTR,432
HAGH,HLA-A,451
HAGH,PARK7,590
HAGH,PRDX2,512
HAGH,SLC4A1,405
HAGH,TPI1,512
HBD,HP,817
HBD,MASP1,407
HBD,SELENBP1,581
HBD,SLC4A1,832
HBD,SNCA,597
HBD,SPTA1,435
HBD,TFRC,502
HDGF,HSPG2,537
HDGF,LRRC59,414
HDGF,TGFB1,511
HDHD2,PNP,410
HEG1,PDCD10,773
HEG1,RAP1B,855
HEXB,IGF2R,550
HEXB,LAMP1,414
HEXB,TPP1,437
HGFAC,HRG,507
HGFAC,KLKB1,403
HGFAC,MASP2,444
HGFAC,PLG,402
HGFAC,PROC,484
HGFAC,PROZ,432
HGFAC,PRSS3,480
HGFAC,SERPINA5,524
HGFAC,SERPINF2,429
HGFAC,SPP2,409
HINT2,HSD17B10,402
HINT2,NDUFA7,411
HLA-A,HLA-B,999
HLA-A,HLA-C,998
HLA-A,HLA-DRA,950
HLA-A,HSP90AA1,441
HLA-A,HSPA5,544
HLA-A,HSPB1,417
HLA-A,ICAM1,460
HLA-A,ITGB2,549
HLA-A,LAMP1,641
HLA-A,LNPEP,550
HLA-A,NCAM1,607
HLA-A,NRAS,410
HLA-A,PDIA3,993
HLA-A,PECAM1,424
HLA-A,PSMB10,535
HLA-A,PSMB8,847
HLA-A,PSMB9,773
HLA-A,PSME1,437
HLA-A,PTPRC,539
HLA-A,PVR,418
HLA-A,SEC13,507
HLA-A,SEC31A,509
HLA-A,SELL,486
HLA-A,SELP,442
HLA-A,SERPINB3,458
HLA-A,SNAP23,501
HLA-A,SOD2,413
HLA-A,TGFB1,447
HLA-A,VAMP3,518
HLA-A,VAMP8,533
HLA-A,VIM,493
HLA-B,HLA-C,998
HLA-B,HLA-DRA,975
HLA-B,HNRNPC,905
HLA-B,HSPA5,681
HLA-B,LAMP1,502
HLA-B,LNPEP,585
HLA-B,NCAM1,503
HLA-B,PDIA3,955
HLA-B,PSMB10,559
HLA-B,PSMB8,886
HLA-B,PSMB9,798
HLA-B,SEC13,523
HLA-B,SEC31A,503
HLA-B,SNAP23,503
HLA-B,SOD2,427
HLA-B,VAMP3,520
HLA-B,VAMP8,539
HLA-C,HLA-DRA,961
HLA-C,HSPA5,664
HLA-C,ITGA6,449
HLA-C,ITGB3,402
HLA-C,KRT17,540
HLA-C,LAMP1,525
HLA-C,LNPEP,550
HLA-C,MIF,440
HLA-C,NCAM1,571
HLA-C,PDIA3,933
HLA-C,PSMB10,465
HLA-C,PSMB5,430
HLA-C,PSMB8,781
HLA-C,PSMB9,628
HLA-C,PVR,456
HLA-C,SEC13,503
HLA-C,SEC31A,501
HLA-C,SNAP23,507
HLA-C,VAMP3,511
HLA-C,VAMP8,535
HLA-DRA,ITGB2,705
HLA-DRA,LCP2,742
HLA-DRA,PECAM1,401
HLA-DRA,PLEK,426
HLA-DRA,PSMB8,659
HLA-DRA,PSMB9,668
HLA-DRA,PTPN6,624
HLA-DRA,PTPRC,784
HLA-DRA,PTPRJ,427
HLA-DRA,SEC13,499
HLA-DRA,SEC31A,499
HLA-DRA,SRGN,564
HLA-DRA,TNXB,505
HLA-DRA,TPI1,902
HLA-DRA,UBE2H,429
HLA-DRA,VCAM1,452
HLA-DRA,VIM,934
HLA-DRA,VSIG4,586
HMGB1,HNRNPC,471
HMGB1,HNRNPK,487
HMGB1,HP,760
HMGB1,HSP90AA1,703
HMGB1,HSP90AB1,689
HMGB1,HSP90B1,419
HMGB1,HSPA4,619
HMGB1,HSPA5,492
HMGB1,HSPA8,724
HMGB1,HSPD1,466
HMGB1,ICAM1,582
HMGB1,ITGAV,745
HMGB1,ITGB2,584
HMGB1,ITGB3,759
HMGB1,LBP,508
HMGB1,LRP1,798
HMGB1,MAPK1,792
HMGB1,MBL2,441
HMGB1,MIF,487
HMGB1,MMP2,429
HMGB1,MMP9,593
HMGB1,MPO,774
HMGB1,NAP1L1,414
HMGB1,PDIA3,603
HMGB1,PF4,779
HMGB1,PLG,921
HMGB1,PSMA7,404
HMGB1,PTMA,701
HMGB1,PTPRC,445
HMGB1,RHOA,411
HMGB1,S100A8,646
HMGB1,S100A9,759
HMGB1,SAA1,700
HMGB1,SAA2,499
HMGB1,SAA4,457
HMGB1,SDC1,921
HMGB1,SELP,788
HMGB1,SRC,401
HMGB1,SUMO2,496
HMGB1,TGFB1,506
HMGB1,VCAM1,710
HMGB1,VCP,441
HMGB1,VWF,634
HNRNPC,HNRNPK,982
HNRNPC,HSP90AA1,734
HNRNPC,HSP90AB1,729
HNRNPC,HSPA4,575
HNRNPC,HSPA8,683
HNRNPC,IGFBP2,543
HNRNPC,ITIH1,558
HNRNPC,ITIH2,527
HNRNPC,KPNB1,472
HNRNPC,LSM3,571
HNRNPC,PCBP1,961
HNRNPC,PCBP2,914
HNRNPC,PKM,744
HNRNPC,PSMA3,551
HNRNPC,PSMA6,496
HNRNPC,PSMA7,450
HNRNPC,PTGES3,834
HNRNPC,PTMA,798
HNRNPC,RAN,633
HNRNPC,RPLP0,603
HNRNPC,RPLP2,588
HNRNPC,RUVBL1,439
HNRNPC,SEC13,457
HNRNPC,SRC,424
HNRNPC,SUMO2,539
HNRNPC,TCP1,422
HNRNPC,TNPO1,529
HNRNPC,TPM1,442
HNRNPC,UBE2N,404
HNRNPC,YWHAE,702
HNRNPC,YWHAZ,514
HNRNPK,HSP90AA1,629
HNRNPK,HSP90AB1,670
HNRNPK,HSPA4,535
HNRNPK,HSPA8,791
HNRNPK,HSPA9,758
HNRNPK,KPNB1,607
HNRNPK,LSM3,559
HNRNPK,LYN,492
HNRNPK,MYH9,488
HNRNPK,NCK2,644
HNRNPK,NME2,645
HNRNPK,PCBP1,989
HNRNPK,PCBP2,941
HNRNPK,PDIA3,434
HNRNPK,PFDN5,424
HNRNPK,PFDN6,422
HNRNPK,PKM,423
HNRNPK,PLEC,430
HNRNPK,PPP1CB,466
HNRNPK,PSMA1,532
HNRNPK,PSMA2,430
HNRNPK,PSMA3,550
HNRNPK,PSMA4,410
HNRNPK,PSMA6,401
HNRNPK,PTMA,412
HNRNPK,PURA,781
HNRNPK,RAB7A,462
HNRNPK,RAN,405
HNRNPK,RPLP2,567
HNRNPK,RTRAF,522
HNRNPK,RUVBL1,664
HNRNPK,RUVBL2,450
HNRNPK,SERPINA3,475
HNRNPK,SRC,817
HNRNPK,SUMO2,795
HNRNPK,TCP1,439
HNRNPK,TGM1,419
HNRNPK,TNPO1,461
HNRNPK,TPM3,652
HNRNPK,TSG101,471
HNRNPK,VCP,683
HNRNPK,WDR1,624
HNRNPK,YWHAB,441
HNRNPK,YWHAE,403
HNRNPK,YWHAQ,499
HNRNPK,YWHAZ,573
HNRNPK,ZYX,402
HOOK3,KIF5B,576
HOOK3,NIPSNAP3A,415
HOOK3,RAB6A,431
HOOK3,SNAPIN,458
HP,HPR,964
HP,HPX,994
HP,HRG,601
HP,ICAM1,427
HP,ITGB2,516
HP,ITIH1,465
HP,ITIH2,445
HP,ITIH3,554
HP,ITIH4,691
HP,KNG1,678
HP,LAMP1,418
HP,LBP,762
HP,LCAT,658
HP,LCN2,711
HP,LGALS3,687
HP,LGALS3BP,619
HP,LRG1,680
HP,LRP1,724
HP,MBL2,434
HP,MMP9,791
HP,MPO,708
HP,NCAM1,411
HP,ORM1,973
HP,ORM2,952
HP,PF4,422
HP,PGM1,408
HP,PLG,416
HP,PON1,831
HP,PRDX2,455
HP,PZP,479
HP,RETN,537
HP,S100A7,469
HP,S100A8,646
HP,S100A9,551
HP,SAA1,738
HP,SAA2,751
HP,SAA4,551
HP,SERPINA1,961
HP,SERPINA3,873
HP,SERPINA6,407
HP,SERPINA7,415
HP,SERPIND1,419
HP,SERPINE1,433
HP,SERPING1,645
HP,SOD2,501
HP,SPP2,437
HP,TFRC,661
HP,TIMP1,404
HP,TLN1,424
HP,TTR,871
HP,VCAM1,454
HP,VSIG4,445
HP,VTN,453
HP,VWF,514
HPCAL1,MGLL,466
HPCAL1,MYDGF,591
HPCAL1,RHOA,648
HPR,HPX,599
HPR,HRG,536
HPR,ITIH2,442
HPR,ITIH3,431
HPR,ITIH4,575
HPR,KNG1,511
HPR,LCAT,802
HPR,LDLR,547
HPR,LPA,809
HPR,LPL,587
HPR,LRG1,426
HPR,ORM1,544
HPR,ORM2,548
HPR,PCYOX1,751
HPR,PLTP,827
HPR,PON1,962
HPR,SAA1,665
HPR,SAA2,653
HPR,SAA4,690
HPR,SERPINA1,762
HPR,SERPINA3,403
HPR,SERPIND1,403
HPR,TFPI,425
HPRT1,HSP90AB1,460
HPRT1,LAMP2,423
HPRT1,LDHA,622
HPRT1,PDE3A,903
HPRT1,PDE5A,903
HPRT1,PECAM1,437
HPRT1,PGK1,830
HPRT1,PNP,989
HPRT1,PPIB,488
HPRT1,PRPS1,718
HPRT1,PTPRC,628
HPRT1,RPLP0,612
HPRT1,RPS12,410
HPRT1,SELL,413
HPRT1,SKP1,415
HPRT1,TFRC,477
HPRT1,TGFB1,447
HPRT1,TUBA1A,470
HPRT1,TUBA1C,424
HPRT1,TUBA4A,421
HPRT1,TUBB,554
HPRT1,TYMP,412
HPRT1,VBP1,425
HPRT1,YWHAZ,629
HPSE,HSPG2,653
HPSE,IDS,903
HPSE,MMP9,405
HPSE,SDC1,957
HPSE,SDC4,610
HPSE,SRC,532
HPX,HRG,619
HPX,ITIH1,546
HPX,ITIH2,526
HPX,ITIH3,441
HPX,ITIH4,706
HPX,KNG1,627
HPX,LCAT,527
HPX,LCN2,514
HPX,LGALS3BP,522
HPX,LPA,488
HPX,LRG1,547
HPX,LRP1,996
HPX,LUM,487
HPX,MMP2,874
HPX,MMP9,728
HPX,ORM1,778
HPX,ORM2,817
HPX,PLG,811
HPX,PON1,628
HPX,PRG4,858
HPX,SERPINA1,897
HPX,SERPINA10,421
HPX,SERPINA3,661
HPX,SERPINA6,602
HPX,SERPIND1,525
HPX,SERPINF2,599
HPX,SERPING1,467
HPX,TFRC,668
HPX,TIMP1,777
HPX,TTR,793
HPX,VTN,739
HPX,VWF,424
HRG,ITIH1,536
HRG,ITIH2,583
HRG,ITIH3,498
HRG,ITIH4,770
HRG,KLKB1,597
HRG,KNG1,972
HRG,LPA,778
HRG,MASP2,604
HRG,MBL2,417
HRG,ORM1,520
HRG,ORM2,476
HRG,PF4,551
HRG,PF4V1,423
HRG,PLG,999
HRG,PON1,585
HRG,PROC,551
HRG,PROS1,606
HRG,PROZ,486
HRG,SERPINA1,809
HRG,SERPINA10,418
HRG,SERPINA3,427
HRG,SERPINA4,475
HRG,SERPIND1,867
HRG,SERPINE1,658
HRG,SERPINF1,658
HRG,SERPINF2,768
HRG,SERPING1,469
HRG,SPP2,610
HRG,THBS1,786
HRG,THBS2,534
HRG,TTR,512
HRG,VTN,748
HRNR,HSPA5,495
HRNR,JUP,405
HRNR,KPRP,659
HRNR,S100A4,705
HRNR,S100A6,675
HRNR,S100A7,672
HRNR,SERPINB12,496
HRNR,TGM3,426
HSD17B10,MDH2,595
HSD17B10,NDUFB11,630
HSD17B10,SCP2,418
HSD17B10,TSN,545
HSD17B10,UQCRC1,540
HSD17B10,UQCRH,510
HSP90AA1,HSP90AB1,997
HSP90AA1,HSP90B1,950
HSP90AA1,HSPA4,999
HSP90AA1,HSPA5,968
HSP90AA1,HSPA8,999
HSP90AA1,HSPA9,958
HSP90AA1,HSPB1,957
HSP90AA1,HSPD1,963
HSP90AA1,HSPE1,942
HSP90AA1,HYOU1,842
HSP90AA1,ILK,658
HSP90AA1,ITGAV,599
HSP90AA1,ITGB3,722
HSP90AA1,KPNB1,658
HSP90AA1,KRT19,522
HSP90AA1,LAMP2,829
HSP90AA1,LDHA,590
HSP90AA1,LGALS3,480
HSP90AA1,LMNA,402
HSP90AA1,LMNB1,453
HSP90AA1,LRP1,994
HSP90AA1,LTA4H,503
HSP90AA1,LYN,809
HSP90AA1,MAPK1,941
HSP90AA1,MAPK14,558
HSP90AA1,MAPRE1,501
HSP90AA1,MARCKS,421
HSP90AA1,MAVS,773
HSP90AA1,MDH2,405
HSP90AA1,MIF,511
HSP90AA1,MMP2,831
HSP90AA1,MMP9,489
HSP90AA1,MYH9,654
HSP90AA1,NME1,451
HSP90AA1,NME2,606
HSP90AA1,NRAS,817
HSP90AA1,NRP1,574
HSP90AA1,OLA1,448
HSP90AA1,OTUB1,421
HSP90AA1,P4HB,711
HSP90AA1,PARK7,743
HSP90AA1,PCBP1,603
HSP90AA1,PCBP2,429
HSP90AA1,PDCD6IP,447
HSP90AA1,PDGFRB,687
HSP90AA1,PDIA3,762
HSP90AA1,PDIA4,461
HSP90AA1,PDIA6,471
HSP90AA1,PFDN2,530
HSP90AA1,PFDN5,511
HSP90AA1,PFDN6,515
HSP90AA1,PGK1,713
HSP90AA1,PKM,590
HSP90AA1,PLIN3,608
HSP90AA1,PLXNA4,499
HSP90AA1,PPA2,438
HSP90AA1,PPIB,523
HSP90AA1,PPIF,982
HSP90AA1,PPP1CA,438
HSP90AA1,PPP2R1A,709
HSP90AA1,PRDX2,469
HSP90AA1,PRDX3,407
HSP90AA1,PRDX6,443
HSP90AA1,PRKCSH,453
HSP90AA1,PRNP,760
HSP90AA1,PSMA1,527
HSP90AA1,PSMA2,541
HSP90AA1,PSMA3,647
HSP90AA1,PSMA4,590
HSP90AA1,PSMA5,640
HSP90AA1,PSMA6,582
HSP90AA1,PSMA7,689
HSP90AA1,PSMB1,412
HSP90AA1,PSMB2,403
HSP90AA1,PSMB5,619
HSP90AA1,PSMB7,426
HSP90AA1,PSMC1,408
HSP90AA1,PSMC4,479
HSP90AA1,PSMC5,527
HSP90AA1,PSMC6,475
HSP90AA1,PSMD14,663
HSP90AA1,PSMD4,680
HSP90AA1,PSMD7,453
HSP90AA1,PSME1,515
HSP90AA1,PTGES3,999
HSP90AA1,PTMA,540
HSP90AA1,RAB27A,408
HSP90AA1,RAB8A,760
HSP90AA1,RAN,532
HSP90AA1,RBX1,634
HSP90AA1,RHEB,525
HSP90AA1,RHOA,767
HSP90AA1,ROCK2,643
HSP90AA1,RPLP0,560
HSP90AA1,RPLP2,473
HSP90AA1,RPS12,418
HSP90AA1,RUVBL1,938
HSP90AA1,RUVBL2,886
HSP90AA1,S100A9,486
HSP90AA1,SDF4,409
HSP90AA1,SELENBP1,458
HSP90AA1,SEPTIN2,482
HSP90AA1,SERPINA1,445
HSP90AA1,SGTA,943
HSP90AA1,SKP1,818
HSP90AA1,SLC2A1,410
HSP90AA1,SLC3A2,518
HSP90AA1,SNCA,743
HSP90AA1,SND1,420
HSP90AA1,SOD2,518
HSP90AA1,SRC,999
HSP90AA1,SRI,506
HSP90AA1,SSR4,431
HSP90AA1,ST13,997
HSP90AA1,STIP1,999
HSP90AA1,SUGT1,999
HSP90AA1,SUMO2,599
HSP90AA1,SYK,598
HSP90AA1,TCP1,906
HSP90AA1,TGFB1,434
HSP90AA1,TGOLN2,406
HSP90AA1,TPI1,700
HSP90AA1,TPM3,484
HSP90AA1,TPP1,426
HSP90AA1,TPT1,639
HSP90AA1,TSG101,908
HSP90AA1,TTR,462
HSP90AA1,TUBA1A,744
HSP90AA1,TUBA1C,441
HSP90AA1,TUBB,530
HSP90AA1,TUBB4B,691
HSP90AA1,TXNDC5,458
HSP90AA1,TYMP,411
HSP90AA1,UBA1,602
HSP90AA1,UBA7,558
HSP90AA1,UBE2N,773
HSP90AA1,UBE2V1,548
HSP90AA1,UCHL3,451
HSP90AA1,UQCRC2,464
HSP90AA1,VBP1,540
HSP90AA1,VCL,608
HSP90AA1,VCP,933
HSP90AA1,VDAC1,790
HSP90AA1,VDAC2,532
HSP90AA1,VDAC3,411
HSP90AA1,VIM,701
HSP90AA1,WASF2,522
HSP90AA1,YWHAB,606
HSP90AA1,YWHAE,788
HSP90AA1,YWHAG,689
HSP90AA1,YWHAH,455
HSP90AA1,YWHAQ,763
HSP90AA1,YWHAZ,801
HSP90AB1,HSP90B1,953
HSP90AB1,HSPA4,999
HSP90AB1,HSPA5,977
HSP90AB1,HSPA8,999
HSP90AB1,HSPA9,955
HSP90AB1,HSPB1,952
HSP90AB1,HSPD1,970
HSP90AB1,HSPE1,928
HSP90AB1,HYOU1,848
HSP90AB1,ILK,661
HSP90AB1,ITGA2,451
HSP90AB1,ITGB1,545
HSP90AB1,ITGB3,457
HSP90AB1,JUP,514
HSP90AB1,KPNB1,624
HSP90AB1,KRT19,522
HSP90AB1,LAMP1,406
HSP90AB1,LAMP2,829
HSP90AB1,LDHA,592
HSP90AB1,LGALS3,613
HSP90AB1,LMNA,405
HSP90AB1,LMNB1,454
HSP90AB1,LRP1,990
HSP90AB1,LYN,714
HSP90AB1,MAPK1,813
HSP90AB1,MAPK14,615
HSP90AB1,MAVS,774
HSP90AB1,MDH2,415
HSP90AB1,MMP2,758
HSP90AB1,MMP9,462
HSP90AB1,MYH9,780
HSP90AB1,NME1,504
HSP90AB1,NME2,548
HSP90AB1,NRAS,608
HSP90AB1,NRP1,572
HSP90AB1,P4HB,720
HSP90AB1,PARK7,717
HSP90AB1,PCBP1,735
HSP90AB1,PDCD6IP,455
HSP90AB1,PDGFRB,658
HSP90AB1,PDIA3,851
HSP90AB1,PDIA4,476
HSP90AB1,PDIA6,505
HSP90AB1,PFDN2,766
HSP90AB1,PFDN5,502
HSP90AB1,PFDN6,751
HSP90AB1,PGK1,641
HSP90AB1,PKM,610
HSP90AB1,PLIN3,602
HSP90AB1,PLXNA4,499
HSP90AB1,PPA2,416
HSP90AB1,PPIB,529
HSP90AB1,PPIF,982
HSP90AB1,PPP1CA,442
HSP90AB1,PPP2R1A,558
HSP90AB1,PRDX2,464
HSP90AB1,PRDX3,404
HSP90AB1,PRDX6,455
HSP90AB1,PRKCSH,477
HSP90AB1,PRNP,675
HSP90AB1,PROS1,479
HSP90AB1,PSMA1,470
HSP90AB1,PSMA2,761
HSP90AB1,PSMA3,606
HSP90AB1,PSMA4,437
HSP90AB1,PSMA5,576
HSP90AB1,PSMA6,446
HSP90AB1,PSMA7,747
HSP90AB1,PSMB3,543
HSP90AB1,PSMB5,631
HSP90AB1,PSMC1,402
HSP90AB1,PSMC3,413
HSP90AB1,PSMC4,487
HSP90AB1,PSMD14,634
HSP90AB1,PSMD4,639
HSP90AB1,PSMD7,420
HSP90AB1,PSME1,544
HSP90AB1,PTGES3,999
HSP90AB1,PTMA,464
HSP90AB1,RAB27A,404
HSP90AB1,RAB8A,530
HSP90AB1,RAN,498
HSP90AB1,RBX1,661
HSP90AB1,RHEB,525
HSP90AB1,RHOA,545
HSP90AB1,RPLP0,762
HSP90AB1,RPLP2,424
HSP90AB1,RPS12,428
HSP90AB1,RUVBL1,970
HSP90AB1,RUVBL2,937
HSP90AB1,SDCBP,577
HSP90AB1,SELENBP1,469
HSP90AB1,SERPINA1,531
HSP90AB1,SGTA,867
HSP90AB1,SKP1,813
HSP90AB1,SLC2A1,526
HSP90AB1,SNCA,526
HSP90AB1,SND1,438
HSP90AB1,SOD2,500
HSP90AB1,SPARC,624
HSP90AB1,SPARCL1,421
HSP90AB1,SRC,995
HSP90AB1,SRI,505
HSP90AB1,ST13,995
HSP90AB1,STIP1,999
HSP90AB1,STOML2,458
HSP90AB1,SUGT1,998
HSP90AB1,SUMO2,712
HSP90AB1,TCP1,956
HSP90AB1,TGFB1,433
HSP90AB1,THBS1,516
HSP90AB1,TPI1,694
HSP90AB1,TPP1,434
HSP90AB1,TPT1,437
HSP90AB1,TSG101,911
HSP90AB1,TUBA1A,481
HSP90AB1,TUBA1C,496
HSP90AB1,TUBB,656
HSP90AB1,TUBB4B,599
HSP90AB1,UBA1,615
HSP90AB1,UBA7,568
HSP90AB1,UQCRC2,480
HSP90AB1,VBP1,512
HSP90AB1,VCL,607
HSP90AB1,VCP,906
HSP90AB1,VDAC1,817
HSP90AB1,VDAC2,530
HSP90AB1,VDAC3,414
HSP90AB1,YWHAB,545
HSP90AB1,YWHAE,817
HSP90AB1,YWHAG,700
HSP90AB1,YWHAH,441
HSP90AB1,YWHAQ,735
HSP90AB1,YWHAZ,835
HSP90B1,HSPA4,990
HSP90B1,HSPA5,999
HSP90B1,HSPA8,884
HSP90B1,HSPA9,969
HSP90B1,HSPB1,670
HSP90B1,HSPD1,801
HSP90B1,HSPE1,839
HSP90B1,HYOU1,999
HSP90B1,LMAN1,581
HSP90B1,LRP1,996
HSP90B1,MANF,831
HSP90B1,MYH9,578
HSP90B1,P4HB,983
HSP90B1,PARK7,609
HSP90B1,PDIA3,985
HSP90B1,PDIA4,998
HSP90B1,PDIA5,530
HSP90B1,PDIA6,990
HSP90B1,PEBP1,507
HSP90B1,PGK1,429
HSP90B1,PKM,529
HSP90B1,PPA2,401
HSP90B1,PPIB,994
HSP90B1,PRDX2,596
HSP90B1,PRDX4,565
HSP90B1,PRKCSH,816
HSP90B1,PSMD14,454
HSP90B1,PTGES3,780
HSP90B1,RAB10,454
HSP90B1,RCN1,513
HSP90B1,ROCK2,481
HSP90B1,SDF4,499
HSP90B1,SERPINA1,400
HSP90B1,SNCA,589
HSP90B1,SPTAN1,478
HSP90B1,SRC,410
HSP90B1,STIM1,434
HSP90B1,STIP1,676
HSP90B1,SUGT1,793
HSP90B1,TCP1,656
HSP90B1,TFRC,524
HSP90B1,TKT,414
HSP90B1,TPI1,609
HSP90B1,TPM2,488
HSP90B1,TPM4,559
HSP90B1,TSG101,596
HSP90B1,TTR,535
HSP90B1,TUBB4B,450
HSP90B1,TXNDC5,695
HSP90B1,UQCRC2,480
HSP90B1,VCP,734
HSP90B1,VDAC1,575
HSP90B1,VDAC2,484
HSP90B1,VDAC3,432
HSP90B1,YWHAB,461
HSP90B1,YWHAE,512
HSP90B1,YWHAG,465
HSP90B1,YWHAH,422
HSP90B1,YWHAQ,499
HSP90B1,YWHAZ,525
HSPA4,HSPA5,915
HSPA4,HSPA8,999
HSPA4,HSPA9,955
HSPA4,HSPB1,992
HSPA4,HSPD1,924
HSPA4,HSPE1,930
HSPA4,HTRA1,509
HSPA4,HYOU1,444
HSPA4,ICAM1,632
HSPA4,IGFBP3,473
HSPA4,ILK,535
HSPA4,ITGA5,403
HSPA4,ITGB1,552
HSPA4,ITGB2,521
HSPA4,ITGB3,416
HSPA4,KPNB1,576
HSPA4,KRT19,559
HSPA4,KRT8,476
HSPA4,LAMP1,643
HSPA4,LAMP2,790
HSPA4,LRP1,991
HSPA4,LYN,459
HSPA4,MAPK1,685
HSPA4,MAPK14,447
HSPA4,MMP2,636
HSPA4,MMP9,481
HSPA4,MSN,450
HSPA4,MYH9,547
HSPA4,NCAM1,549
HSPA4,NME1,428
HSPA4,NME2,580
HSPA4,OLA1,774
HSPA4,OTUB1,430
HSPA4,P4HB,848
HSPA4,PARK7,953
HSPA4,PDCD6IP,614
HSPA4,PDIA3,580
HSPA4,PDIA4,462
HSPA4,PDIA6,586
HSPA4,PFDN2,498
HSPA4,PFDN5,662
HSPA4,PFDN6,466
HSPA4,PFN1,611
HSPA4,PGAM1,408
HSPA4,PGK1,536
HSPA4,PLG,577
HSPA4,PPIF,437
HSPA4,PPP1CA,423
HSPA4,PRDX2,488
HSPA4,PRDX3,491
HSPA4,PRDX4,488
HSPA4,PRDX6,503
HSPA4,PRKCB,510
HSPA4,PRNP,833
HSPA4,PSMA1,542
HSPA4,PSMA2,579
HSPA4,PSMA3,609
HSPA4,PSMA4,530
HSPA4,PSMA5,581
HSPA4,PSMA6,521
HSPA4,PSMA7,679
HSPA4,PSMB2,401
HSPA4,PSMB7,432
HSPA4,PSMC2,700
HSPA4,PSMC5,584
HSPA4,PSMD14,645
HSPA4,PSMD4,703
HSPA4,PSMD7,411
HSPA4,PTGES3,906
HSPA4,RAB1B,438
HSPA4,RAB27A,606
HSPA4,RAN,509
HSPA4,RPL22,556
HSPA4,RPLP0,580
HSPA4,RPLP2,460
HSPA4,RUVBL1,651
HSPA4,RUVBL2,683
HSPA4,SDC1,542
HSPA4,SDCBP,636
HSPA4,SEC13,607
HSPA4,SELENBP1,441
HSPA4,SERPINA1,567
HSPA4,SGTA,988
HSPA4,SKP1,725
HSPA4,SNCA,994
HSPA4,SOD2,582
HSPA4,SRC,858
HSPA4,SRI,470
HSPA4,ST13,997
HSPA4,STIP1,999
HSPA4,SUGT1,542
HSPA4,TAGLN2,410
HSPA4,TCP1,888
HSPA4,TFRC,611
HSPA4,TGFB1,447
HSPA4,TPI1,578
HSPA4,TPP1,426
HSPA4,TPT1,418
HSPA4,TSG101,944
HSPA4,TUBA1A,434
HSPA4,TUBA1C,467
HSPA4,TUBA4A,459
HSPA4,TUBA8,407
HSPA4,TUBB,531
HSPA4,TUBB4B,418
HSPA4,TXNDC5,477
HSPA4,TXNL1,431
HSPA4,UBA1,722
HSPA4,UBE2N,466
HSPA4,UQCRFS1,496
HSPA4,VBP1,449
HSPA4,VCP,867
HSPA4,VDAC1,634
HSPA4,VDAC3,440
HSPA4,VIM,505
HSPA4,VWF,525
HSPA4,YWHAE,676
HSPA4,YWHAQ,442
HSPA4,YWHAZ,659
HSPA5,HSPA8,983
HSPA5,HSPA9,883
HSPA5,HSPB1,801
HSPA5,HSPD1,908
HSPA5,HSPE1,725
HSPA5,HYOU1,999
HSPA5,ICAM1,448
HSPA5,IGFBP3,588
HSPA5,KNG1,710
HSPA5,KRT19,508
HSPA5,KRT8,741
HSPA5,LAMP1,540
HSPA5,LAMP2,400
HSPA5,LDLR,584
HSPA5,LMAN1,588
HSPA5,LUM,480
HSPA5,MANF,996
HSPA5,MAPK14,402
HSPA5,MMP9,413
HSPA5,MYH9,452
HSPA5,NME1,412
HSPA5,NRAS,468
HSPA5,OTUB1,408
HSPA5,P4HB,996
HSPA5,PARK7,635
HSPA5,PDCD6IP,506
HSPA5,PDIA3,999
HSPA5,PDIA4,990
HSPA5,PDIA5,587
HSPA5,PDIA6,995
HSPA5,PGAM1,438
HSPA5,PGK1,510
HSPA5,PKM,447
HSPA5,PLG,498
HSPA5,PODXL,400
HSPA5,PPIB,955
HSPA5,PPIF,435
HSPA5,PPP1CB,402
HSPA5,PRDX2,456
HSPA5,PRDX3,491
HSPA5,PRDX4,636
HSPA5,PRDX6,483
HSPA5,PRKCSH,595
HSPA5,PRNP,954
HSPA5,PSMA2,571
HSPA5,PSMB2,497
HSPA5,PSMC6,478
HSPA5,PSMD14,456
HSPA5,PTGES3,586
HSPA5,RAB14,450
HSPA5,RAB1A,418
HSPA5,RAB7A,654
HSPA5,RCN1,537
HSPA5,RPLP0,473
HSPA5,RUVBL2,496
HSPA5,SAR1A,439
HSPA5,SCP2,484
HSPA5,SDF4,582
HSPA5,SEC13,592
HSPA5,SEC31A,475
HSPA5,SELENOF,402
HSPA5,SERPINA1,553
HSPA5,SNCA,947
HSPA5,SND1,486
HSPA5,SOD2,504
HSPA5,SRC,492
HSPA5,SSBP1,505
HSPA5,SSR4,423
HSPA5,ST13,592
HSPA5,STIP1,660
HSPA5,SUMO2,432
HSPA5,TCP1,894
HSPA5,TFRC,572
HSPA5,TGFB1,453
HSPA5,TIMP1,525
HSPA5,TKT,413
HSPA5,TMED10,436
HSPA5,TMED2,455
HSPA5,TPI1,467
HSPA5,TPT1,549
HSPA5,TUBA1A,717
HSPA5,TUBA1C,574
HSPA5,TUBA4A,609
HSPA5,TUBA8,520
HSPA5,TUBB,593
HSPA5,TUBB1,485
HSPA5,TUBB4B,751
HSPA5,TXNDC5,798
HSPA5,VCP,944
HSPA5,VDAC1,813
HSPA5,VDAC2,730
HSPA5,VWF,433
HSPA5,YWHAB,469
HSPA5,YWHAE,629
HSPA5,YWHAH,473
HSPA5,YWHAQ,591
HSPA5,YWHAZ,629
HSPA8,HSPA9,947
HSPA8,HSPB1,988
HSPA8,HSPD1,933
HSPA8,HSPE1,807
HSPA8,HYOU1,746
HSPA8,IGF2R,585
HSPA8,ITGB1,526
HSPA8,ITGB2,427
HSPA8,KIF5B,539
HSPA8,KPNB1,434
HSPA8,KRT8,675
HSPA8,LAMP1,683
HSPA8,LAMP2,949
HSPA8,LDHA,600
HSPA8,LMAN1,458
HSPA8,LMNB1,459
HSPA8,LYN,510
HSPA8,M6PR,581
HSPA8,MAPK1,506
HSPA8,MYH9,638
HSPA8,NACA,403
HSPA8,NAPA,588
HSPA8,NME1,476
HSPA8,NME2,583
HSPA8,NPEPPS,553
HSPA8,P4HB,653
HSPA8,PARK7,794
HSPA8,PCBP1,671
HSPA8,PCBP2,486
HSPA8,PCMT1,472
HSPA8,PDCD6IP,462
HSPA8,PDIA3,888
HSPA8,PDIA4,594
HSPA8,PDIA6,656
HSPA8,PFDN2,695
HSPA8,PFDN5,479
HSPA8,PFDN6,662
HSPA8,PGAM1,532
HSPA8,PGK1,755
HSPA8,PKM,566
HSPA8,PLG,403
HSPA8,PLIN3,967
HSPA8,PPP1CA,572
HSPA8,PPP2R1A,585
HSPA8,PRDX2,478
HSPA8,PRDX3,424
HSPA8,PRDX4,429
HSPA8,PRDX6,746
HSPA8,PRKCSH,461
HSPA8,PRNP,421
HSPA8,PSMA1,565
HSPA8,PSMA2,717
HSPA8,PSMA3,647
HSPA8,PSMA4,483
HSPA8,PSMA5,510
HSPA8,PSMA6,473
HSPA8,PSMA7,545
HSPA8,PSMB2,520
HSPA8,PSMB7,418
HSPA8,PSMC3,530
HSPA8,PSMC4,436
HSPA8,PSMC5,561
HSPA8,PSMD14,576
HSPA8,PSMD4,513
HSPA8,PTGES3,928
HSPA8,PTMA,447
HSPA8,RAB5B,596
HSPA8,RAB5C,755
HSPA8,RAB7A,476
HSPA8,RAN,511
HSPA8,RBX1,458
HSPA8,RHOA,577
HSPA8,RPLP0,728
HSPA8,RPLP2,571
HSPA8,RPS12,574
HSPA8,RUVBL1,781
HSPA8,RUVBL2,768
HSPA8,S100A9,468
HSPA8,SDCBP,455
HSPA8,SEC13,560
HSPA8,SEPTIN2,520
HSPA8,SERPINA5,451
HSPA8,SGTA,998
HSPA8,SKP1,573
HSPA8,SLC25A3,525
HSPA8,SNAPIN,553
HSPA8,SNCA,987
HSPA8,SNX2,564
HSPA8,SRC,451
HSPA8,SSBP1,528
HSPA8,ST13,999
HSPA8,STIP1,999
HSPA8,STRAP,578
HSPA8,SUGT1,676
HSPA8,SUMO2,660
HSPA8,TCP1,931
HSPA8,TFRC,969
HSPA8,TGOLN2,600
HSPA8,TPI1,539
HSPA8,TPT1,552
HSPA8,TSG101,922
HSPA8,TUBA1A,900
HSPA8,TUBA1C,495
HSPA8,TUBA4A,466
HSPA8,TUBB,891
HSPA8,TUBB4B,863
HSPA8,TXNDC5,650
HSPA8,UBA1,452
HSPA8,VAMP7,707
HSPA8,VAMP8,635
HSPA8,VAPA,436
HSPA8,VCP,920
HSPA8,VDAC1,536
HSPA8,VPS37B,468
HSPA8,YWHAB,434
HSPA8,YWHAE,735
HSPA8,YWHAG,654
HSPA8,YWHAH,680
HSPA8,YWHAQ,659
HSPA8,YWHAZ,823
HSPA9,HSPB1,845
HSPA9,HSPD1,999
HSPA9,HSPE1,970
HSPA9,HTRA1,514
HSPA9,HYOU1,526
HSPA9,INF2,427
HSPA9,KPNB1,798
HSPA9,KRT8,623
HSPA9,LDHA,456
HSPA9,MDH2,461
HSPA9,NDUFS3,579
HSPA9,NDUFS8,512
HSPA9,NME1,516
HSPA9,NME2,483
HSPA9,P4HB,479
HSPA9,PARK7,992
HSPA9,PDHB,440
HSPA9,PDIA3,729
HSPA9,PDIA4,419
HSPA9,PDIA6,486
HSPA9,PGAM1,434
HSPA9,PKM,409
HSPA9,PPIF,932
HSPA9,PRDX2,508
HSPA9,PRDX3,570
HSPA9,PRDX4,460
HSPA9,PRDX6,610
HSPA9,PSMA2,412
HSPA9,PSMA3,571
HSPA9,PSMA4,421
HSPA9,PSMA5,490
HSPA9,PSMA7,441
HSPA9,PSMB6,507
HSPA9,PSMD14,542
HSPA9,PTGES3,470
HSPA9,RPLP0,575
HSPA9,RPLP2,462
HSPA9,S100A9,465
HSPA9,SEC13,460
HSPA9,SHMT2,492
HSPA9,SKP1,453
HSPA9,SLC25A3,545
HSPA9,SNCA,720
HSPA9,SOD2,684
HSPA9,SSBP1,561
HSPA9,ST13,614
HSPA9,STIP1,580
HSPA9,SUMO2,412
HSPA9,TCP1,812
HSPA9,TPI1,612
HSPA9,TPT1,555
HSPA9,TUBA1A,517
HSPA9,TUBA1C,517
HSPA9,TUBA4A,444
HSPA9,TUBA8,432
HSPA9,TUBB,541
HSPA9,TUBB4B,524
HSPA9,UBA1,614
HSPA9,UQCRC1,502
HSPA9,UQCRC2,586
HSPA9,UQCRFS1,727
HSPA9,VAPA,529
HSPA9,VAPB,608
HSPA9,VCL,469
HSPA9,VCP,650
HSPA9,VDAC1,998
HSPA9,VDAC2,592
HSPA9,VDAC3,478
HSPA9,WARS1,443
HSPA9,YWHAB,613
HSPA9,YWHAE,645
HSPA9,YWHAG,415
HSPA9,YWHAQ,413
HSPA9,YWHAZ,459
HSPB1,HSPD1,667
HSPB1,HSPE1,667
HSPB1,HYOU1,407
HSPB1,IGFBP2,485
HSPB1,LMNA,467
HSPB1,MAPK14,910
HSPB1,MMP2,407
HSPB1,NME1,575
HSPB1,NME2,467
HSPB1,PARK7,416
HSPB1,PDCD6IP,468
HSPB1,PDIA3,431
HSPB1,PKP1,466
HSPB1,PLEC,964
HSPB1,PLG,416
HSPB1,PPM1A,432
HSPB1,PRDX2,539
HSPB1,PRDX6,581
HSPB1,PSMC2,544
HSPB1,PTGES3,467
HSPB1,RHOA,461
HSPB1,SNCA,853
HSPB1,SOD2,418
HSPB1,SRC,678
HSPB1,SRI,478
HSPB1,STIP1,615
HSPB1,SUMO2,468
HSPB1,TGFB1,444
HSPB1,TPT1,502
HSPB1,VCL,447
HSPB1,VCP,613
HSPB1,VIM,597
HSPB1,YWHAQ,545
HSPB1,YWHAZ,766
HSPD1,HSPE1,999
HSPD1,HTRA1,641
HSPD1,HYOU1,691
HSPD1,ITGB2,456
HSPD1,LAP3,446
HSPD1,LDHA,467
HSPD1,MDH2,613
HSPD1,MPST,419
HSPD1,MT-CO2,508
HSPD1,NAP1L1,477
HSPD1,NDUFS3,549
HSPD1,NDUFS8,525
HSPD1,NME1,496
HSPD1,OLA1,467
HSPD1,P4HB,438
HSPD1,PARK7,562
HSPD1,PDHB,522
HSPD1,PDIA3,466
HSPD1,PDIA6,422
HSPD1,PFDN5,485
HSPD1,PGK1,722
HSPD1,PLEC,731
HSPD1,PLG,792
HSPD1,PPA2,517
HSPD1,PPIF,608
HSPD1,PRDX2,419
HSPD1,PRDX3,513
HSPD1,PRDX6,526
HSPD1,PRNP,814
HSPD1,PSMA3,432
HSPD1,PSMC3,408
HSPD1,PSMD14,561
HSPD1,PTGES3,491
HSPD1,PTPRC,512
HSPD1,RAN,476
HSPD1,SGTA,424
HSPD1,SHMT2,598
HSPD1,SNCA,513
HSPD1,SOD2,670
HSPD1,SPN,633
HSPD1,SSBP1,566
HSPD1,ST13,474
HSPD1,STIP1,787
HSPD1,TALDO1,632
HSPD1,TCP1,958
HSPD1,TKT,407
HSPD1,TPI1,662
HSPD1,TUBA1A,404
HSPD1,TUBA1C,449
HSPD1,TUBB,400
HSPD1,UQCRC1,452
HSPD1,UQCRC2,532
HSPD1,UQCRFS1,668
HSPD1,VCP,486
HSPD1,VDAC1,898
HSPD1,VDAC2,433
HSPD1,VDAC3,573
HSPD1,WARS1,420
HSPE1,HTRA1,603
HSPE1,HYOU1,650
HSPE1,IQGAP2,400
HSPE1,LAP3,421
HSPE1,LDHA,457
HSPE1,MDH2,761
HSPE1,MIF,556
HSPE1,MSRA,571
HSPE1,NDUFA2,425
HSPE1,NDUFA5,503
HSPE1,NDUFS3,508
HSPE1,NME1,517
HSPE1,NME2,478
HSPE1,PARK7,517
HSPE1,PDIA3,546
HSPE1,PDIA4,452
HSPE1,PEBP1,438
HSPE1,PFN1,470
HSPE1,PGAM1,419
HSPE1,PGK1,626
HSPE1,PPA2,525
HSPE1,PPIB,593
HSPE1,PPIF,538
HSPE1,PRDX2,486
HSPE1,PRDX3,500
HSPE1,PRDX4,448
HSPE1,PRDX6,673
HSPE1,PSMA1,411
HSPE1,PSMA4,415
HSPE1,PSMA7,445
HSPE1,PSMD14,495
HSPE1,PTGES3,520
HSPE1,PTMA,454
HSPE1,PTMS,444
HSPE1,RAN,414
HSPE1,RHOG,589
HSPE1,RPLP0,604
HSPE1,SHMT2,635
HSPE1,SNCA,508
HSPE1,SOD2,674
HSPE1,SSBP1,572
HSPE1,STIP1,659
HSPE1,STOML2,408
HSPE1,TALDO1,592
HSPE1,TCP1,917
HSPE1,TKT,539
HSPE1,TPI1,761
HSPE1,UGP2,424
HSPE1,UQCRC2,451
HSPE1,VCP,535
HSPE1,VDAC1,499
HSPG2,ILK,443
HSPG2,ITGA2,937
HSPG2,ITGA5,408
HSPG2,ITGA6,417
HSPG2,ITGB1,947
HSPG2,ITM2B,505
HSPG2,LAMA2,649
HSPG2,LAMA4,656
HSPG2,LAMB1,782
HSPG2,LAMB2,648
HSPG2,LAMC1,820
HSPG2,LDLR,444
HSPG2,LIMS1,561
HSPG2,LPL,663
HSPG2,LRP1,809
HSPG2,LTBP2,680
HSPG2,LUM,780
HSPG2,MASP1,421
HSPG2,MMP2,655
HSPG2,MMP9,481
HSPG2,NID1,999
HSPG2,NID2,999
HSPG2,OGN,497
HSPG2,PDIA3,406
HSPG2,PF4,513
HSPG2,PLEC,474
HSPG2,PLG,636
HSPG2,POSTN,454
HSPG2,PRG2,437
HSPG2,PRG4,590
HSPG2,SAA1,526
HSPG2,SDC1,966
HSPG2,SDC4,785
HSPG2,SNCA,530
HSPG2,SPARC,733
HSPG2,SRGN,597
HSPG2,TGFB1,750
HSPG2,TGFBI,675
HSPG2,TGFBR3,446
HSPG2,THBS1,841
HSPG2,THBS2,407
HSPG2,TIMP1,433
HSPG2,TLN1,477
HSPG2,TTR,693
HSPG2,UTRN,550
HSPG2,VCAN,805
HSPG2,VCL,619
HSPG2,VTN,797
HSPG2,VWF,465
HTRA1,IGFBP4,577
HTRA1,IGFBP5,478
HTRA1,LTBP1,414
HTRA1,MIF,674
HTRA1,PRSS3,645
HTRA1,S100A8,602
HTRA1,TGFB1,550
HTRA1,TGFBI,560
HTRA1,THBS1,454
HYOU1,ITIH4,520
HYOU1,LRRC59,408
HYOU1,MANF,726
HYOU1,P4HB,889
HYOU1,PDCD6IP,422
HYOU1,PDIA3,877
HYOU1,PDIA4,997
HYOU1,PDIA5,614
HYOU1,PDIA6,943
HYOU1,PPIB,930
HYOU1,PRKCSH,401
HYOU1,RCN1,446
HYOU1,SDF4,487
HYOU1,SND1,438
HYOU1,TCP1,527
HYOU1,TXNDC5,630
HYOU1,VCP,759
ICAM1,ICAM2,992
ICAM1,ICAM3,964
ICAM1,IGFBP2,493
ICAM1,IL6ST,482
ICAM1,ITGA2,679
ICAM1,ITGA2B,938
ICAM1,ITGA5,723
ICAM1,ITGA6,426
ICAM1,ITGAV,685
ICAM1,ITGB1,967
ICAM1,ITGB2,999
ICAM1,ITGB3,808
ICAM1,ITIH4,616
ICAM1,ITLN1,528
ICAM1,JAM3,625
ICAM1,KNG1,461
ICAM1,LAMP1,637
ICAM1,LAMP2,529
ICAM1,LCN2,661
ICAM1,LCP2,499
ICAM1,LGALS3,672
ICAM1,LUM,502
ICAM1,LYN,443
ICAM1,LYVE1,616
ICAM1,MAPK1,579
ICAM1,MAPK14,436
ICAM1,MCAM,527
ICAM1,MIF,479
ICAM1,MMP2,751
ICAM1,MMP9,791
ICAM1,MPO,769
ICAM1,MSN,991
ICAM1,NCAM1,586
ICAM1,NRAS,916
ICAM1,PDGFRB,457
ICAM1,PECAM1,873
ICAM1,PF4,524
ICAM1,PF4V1,421
ICAM1,PLG,584
ICAM1,PON1,401
ICAM1,PPBP,444
ICAM1,PROCR,721
ICAM1,PTGDS,403
ICAM1,PTPRC,828
ICAM1,PTX3,446
ICAM1,PVR,667
ICAM1,RAC2,599
ICAM1,RASGRP2,513
ICAM1,RETN,515
ICAM1,RHOA,541
ICAM1,S100A9,409
ICAM1,SAA1,601
ICAM1,SAA2,603
ICAM1,SDC1,505
ICAM1,SELL,927
ICAM1,SELP,932
ICAM1,SERPINA1,605
ICAM1,SERPINE1,742
ICAM1,SLC3A2,622
ICAM1,SOD2,502
ICAM1,SPN,977
ICAM1,SPP1,545
ICAM1,SRC,643
ICAM1,STX11,472
ICAM1,SYK,466
ICAM1,TFRC,679
ICAM1,TGFB1,730
ICAM1,THBS1,670
ICAM1,TIMP1,825
ICAM1,TLN1,742
ICAM1,TSG101,572
ICAM1,VCAM1,999
ICAM1,VCL,418
ICAM1,VTN,738
ICAM1,VWF,769
ICAM2,ICAM3,965
ICAM2,ITGA5,543
ICAM2,ITGAV,535
ICAM2,ITGB1,430
ICAM2,ITGB2,999
ICAM2,JAM3,649
ICAM2,LGALS3,503
ICAM2,MSN,901
ICAM2,PECAM1,856
ICAM2,PTPRC,495
ICAM2,SELL,629
ICAM2,SELP,705
ICAM2,SPN,664
ICAM2,VCAM1,880
ICAM2,VWF,540
ICAM3,ITGA5,514
ICAM3,ITGB1,589
ICAM3,ITGB2,999
ICAM3,ITIH4,805
ICAM3,MBL2,521
ICAM3,MSN,829
ICAM3,NCAM1,555
ICAM3,PECAM1,613
ICAM3,PIGR,450
ICAM3,PTPRC,598
ICAM3,SELL,537
ICAM3,SELP,488
ICAM3,SPN,590
ICAM3,SYK,457
ICAM3,TFRC,435
ICAM3,VCAM1,797
ICOSLG,KRT5,409
ICOSLG,PTPRC,497
ICOSLG,SELL,445
IDH1,LDHA,826
IDH1,LTA4H,408
IDH1,MDH2,970
IDH1,MT-CO2,418
IDH1,NDUFS3,404
IDH1,NDUFS8,779
IDH1,NRAS,777
IDH1,PARK7,404
IDH1,PDGFRB,460
IDH1,PDHB,603
IDH1,PGAM1,624
IDH1,PGD,877
IDH1,PGK1,726
IDH1,PGLS,445
IDH1,PGM1,543
IDH1,PGRMC1,403
IDH1,PKM,690
IDH1,PNP,511
IDH1,PPA2,506
IDH1,PRDX2,613
IDH1,PRDX3,510
IDH1,PSMA2,455
IDH1,PSMD14,469
IDH1,PYGB,444
IDH1,PYGL,478
IDH1,RPIA,564
IDH1,SCP2,673
IDH1,SHMT2,625
IDH1,SLC2A1,535
IDH1,SOD2,494
IDH1,SRC,460
IDH1,SSR4,558
IDH1,TALDO1,727
IDH1,TKT,689
IDH1,TPI1,704
IDH1,TTR,430
IDH1,TUBA4A,488
IDH1,UQCRC1,400
IDH1,UQCRC2,437
IDH1,VDAC1,447
IDS,POF1B,562
IDS,SPP1,489
IDS,TFRC,632
IDS,TPP1,510
IGF2R,IGFBP1,755
IGF2R,IGFBP2,702
IGF2R,IGFBP3,743
IGF2R,IGFBP4,418
IGF2R,IGFBP5,501
IGF2R,IGFBP6,691
IGF2R,LAMP1,634
IGF2R,LAMP2,532
IGF2R,LDLR,523
IGF2R,LNPEP,405
IGF2R,LYN,501
IGF2R,M6PR,991
IGF2R,NAPA,500
IGF2R,NAPG,518
IGF2R,PCSK9,434
IGF2R,PDIA3,426
IGF2R,PLG,578
IGF2R,PLIN3,986
IGF2R,PSAP,486
IGF2R,PSMD7,528
IGF2R,RAB5B,526
IGF2R,RAB5C,599
IGF2R,RAB7A,414
IGF2R,SNAPIN,533
IGF2R,SNX2,860
IGF2R,SORL1,559
IGF2R,TFRC,673
IGF2R,TGFB1,680
IGF2R,TGOLN2,891
IGF2R,THBS1,462
IGF2R,TXNDC5,509
IGF2R,VAMP3,668
IGF2R,VAMP7,617
IGF2R,VAMP8,570
IGF2R,VPS29,693
IGFALS,IGFBP1,698
IGFALS,IGFBP2,806
IGFALS,IGFBP3,999
IGFALS,IGFBP4,676
IGFALS,IGFBP5,995
IGFALS,IGFBP6,897
IGFALS,ITIH2,420
IGFALS,MMP2,403
IGFALS,PLG,551
IGFALS,VTN,441
IGFBP1,IGFBP2,657
IGFBP1,IGFBP3,736
IGFBP1,IGFBP4,972
IGFBP1,IGFBP5,505
IGFBP1,IGFBP6,956
IGFBP1,ITIH2,489
IGFBP1,MMP9,431
IGFBP1,PTX3,426
IGFBP1,SERPINA7,550
IGFBP1,SERPIND1,416
IGFBP1,SERPINE1,498
IGFBP1,SERPING1,428
IGFBP1,SHBG,700
IGFBP1,SPP2,609
IGFBP1,TIMP1,616
IGFBP1,VTN,553
IGFBP2,IGFBP3,836
IGFBP2,IGFBP4,503
IGFBP2,IGFBP6,528
IGFBP2,ILK,580
IGFBP2,ITGA5,670
IGFBP2,LTBP2,459
IGFBP2,PARK7,426
IGFBP2,PECAM1,480
IGFBP2,PTPRB,806
IGFBP2,PTX3,404
IGFBP2,RETN,504
IGFBP2,SERPINE1,457
IGFBP2,SHBG,697
IGFBP2,SPP1,427
IGFBP2,TGFB1,607
IGFBP2,THBS1,401
IGFBP2,TIMP1,493
IGFBP2,TTR,562
IGFBP3,IGFBP4,497
IGFBP3,IGFBP5,978
IGFBP3,IGFBP6,777
IGFBP3,KRT19,461
IGFBP3,KRT8,426
IGFBP3,LGALS3,449
IGFBP3,LRP1,543
IGFBP3,LTBP1,508
IGFBP3,LUM,423
IGFBP3,MMP2,801
IGFBP3,MMP9,652
IGFBP3,P4HB,443
IGFBP3,PDIA6,403
IGFBP3,PLG,874
IGFBP3,PODXL,470
IGFBP3,POSTN,412
IGFBP3,PSMB4,405
IGFBP3,PTX3,453
IGFBP3,SERPINE1,596
IGFBP3,SHBG,669
IGFBP3,SPP1,415
IGFBP3,TGFB1,521
IGFBP3,TGFBI,488
IGFBP3,THBS1,667
IGFBP3,THBS2,442
IGFBP3,TIMP1,616
IGFBP3,TMSB4X,414
IGFBP3,TUBB,411
IGFBP3,VCAN,520
IGFBP3,VTN,864
IGFBP4,IGFBP6,416
IGFBP4,MMP2,512
IGFBP4,MMP9,402
IGFBP4,PRG2,819
IGFBP4,STC2,507
IGFBP4,TGFB1,548
IGFBP5,IGFBP6,725
IGFBP5,LRP1,486
IGFBP5,LTBP1,466
IGFBP5,LTBP2,492
IGFBP5,LUM,623
IGFBP5,MASP1,616
IGFBP5,MGP,430
IGFBP5,MMP2,403
IGFBP5,MMP9,401
IGFBP5,NOTCH3,429
IGFBP5,PLG,468
IGFBP5,POSTN,469
IGFBP5,PTGDS,484
IGFBP5,SERPINE1,737
IGFBP5,SPARC,623
IGFBP5,SPP1,682
IGFBP5,TGFB1,598
IGFBP5,THBS1,805
IGFBP5,VTN,875
IGFBP6,MMP9,426
IGHV3-72,IGLL1,569
IGHV3-72,JCHAIN,626
IGHV3-72,PIGR,540
IGHV3-72,PROC,900
IGLL1,JCHAIN,893
IGLL1,PIGR,622
IGLL1,PTPRC,462
IGLL1,PVR,495
IGLL1,SPN,613
IGLL1,SYK,605
IGLL1,TFPI,481
IL1RAP,PTPRF,577
IL1RAP,TOLLIP,850
IL6ST,MAPK1,702
IL6ST,STC2,418
IL6ST,SYK,404
IL6ST,VWF,476
ILK,ITGA2,517
ILK,ITGA5,973
ILK,ITGA6,456
ILK,ITGAV,609
ILK,ITGB1,999
ILK,ITGB2,496
ILK,ITGB3,909
ILK,L1CAM,544
ILK,LIMS1,999
ILK,MAPK1,747
ILK,MMP2,418
ILK,MMP9,477
ILK,MYL9,598
ILK,MYLK,538
ILK,NCK2,896
ILK,PARVB,999
ILK,PFN1,436
ILK,PLEK,652
ILK,POSTN,490
ILK,RHOA,727
ILK,RHOG,632
ILK,RSU1,991
ILK,RUVBL1,733
ILK,SDCBP,410
ILK,SDF4,466
ILK,SPARC,665
ILK,SRC,597
ILK,TCP1,501
ILK,TGFB1,587
ILK,TLN1,996
ILK,TMSB4X,964
ILK,VASP,620
ILK,VCL,995
ILK,VTN,687
ILK,ZYX,800
INF2,MYH9,711
INF2,PFN1,688
INF2,PODXL,400
INF2,RAB7A,554
INF2,RHOA,632
INF2,VAPB,424
INF2,WAS,594
INHBC,TGFB1,905
IQGAP2,ITGB1,453
IQGAP2,LAMTOR1,421
IQGAP2,MCAM,400
IQGAP2,NDUFS3,400
IQGAP2,PCSK9,414
IQGAP2,PSTPIP2,451
IQGAP2,RAB7A,407
IQGAP2,RAC2,935
IQGAP2,RHOA,414
IQGAP2,RHOG,785
IQGAP2,ROCK2,458
IQGAP2,SHMT2,413
IQGAP2,TFRC,404
IQGAP2,VAMP3,401
ISLR,LUM,460
ISLR,MFAP4,571
ISLR,PDGFRB,440
ISLR,PODN,510
ISLR,POSTN,513
IST1,LAMTOR1,502
IST1,PDCD6,602
IST1,PDCD6IP,636
IST1,TMED10,447
IST1,TSG101,677
IST1,TUBA1A,536
IST1,TUBA1C,546
IST1,TUBA4A,531
IST1,TUBA8,543
IST1,TUBB1,514
IST1,TUBB4B,532
IST1,VPS37B,524
IST1,VPS4A,988
IST1,VPS4B,994
IST1,VTA1,996
ITGA2,ITGA2B,802
ITGA2,ITGA5,962
ITGA2,ITGA6,880
ITGA2,ITGAV,967
ITGA2,ITGB1,999
ITGA2,ITGB2,974
ITGA2,ITGB3,984
ITGA2,LAMA2,768
ITGA2,LAMA4,838
ITGA2,LAMB1,784
ITGA2,LAMB2,719
ITGA2,LAMC1,792
ITGA2,LAMP1,436
ITGA2,LGALS3,403
ITGA2,LUM,589
ITGA2,LYN,771
ITGA2,MBL2,426
ITGA2,MMP9,421
ITGA2,NCAM1,405
ITGA2,PARVB,700
ITGA2,PECAM1,533
ITGA2,POSTN,579
ITGA2,PTPN6,908
ITGA2,PTPRC,717
ITGA2,RRAS,404
ITGA2,SDC1,686
ITGA2,SELL,568
ITGA2,SELP,608
ITGA2,SERPINE1,614
ITGA2,SPN,408
ITGA2,SPP1,762
ITGA2,SRC,812
ITGA2,SYK,494
ITGA2,TGFB1,632
ITGA2,THBS1,870
ITGA2,THBS2,811
ITGA2,THBS3,740
ITGA2,THBS4,747
ITGA2,TLN1,796
ITGA2,TNC,730
ITGA2,TNXB,703
ITGA2,TSG101,469
ITGA2,VASP,724
ITGA2,VCAM1,456
ITGA2,VCL,431
ITGA2,VTN,826
ITGA2,VWF,853
ITGA2B,ITGA5,729
ITGA2B,ITGA6,740
ITGA2B,ITGAV,948
ITGA2B,ITGB1,961
ITGA2B,ITGB2,986
ITGA2B,ITGB3,999
ITGA2B,L1CAM,539
ITGA2B,LAMA2,711
ITGA2B,LAMA4,717
ITGA2B,LAMB1,671
ITGA2B,LAMB2,710
ITGA2B,LAMC1,708
ITGA2B,LY6G6F,493
ITGA2B,LYN,506
ITGA2B,MAPK1,553
ITGA2B,MCAM,420
ITGA2B,MMRN1,554
ITGA2B,MPIG6B,432
ITGA2B,MPO,600
ITGA2B,MYL9,416
ITGA2B,NCAM1,517
ITGA2B,NRAS,565
ITGA2B,PARVB,723
ITGA2B,PEAR1,413
ITGA2B,PEBP1,405
ITGA2B,PECAM1,882
ITGA2B,PF4,789
ITGA2B,PF4V1,763
ITGA2B,PLG,662
ITGA2B,PPBP,682
ITGA2B,PROCR,474
ITGA2B,PSMA7,604
ITGA2B,PTPRC,734
ITGA2B,RAP1A,480
ITGA2B,RAP1B,715
ITGA2B,RHOA,502
ITGA2B,SELL,412
ITGA2B,SELP,965
ITGA2B,SERPINE1,438
ITGA2B,SLC4A1,664
ITGA2B,SPN,579
ITGA2B,SPP1,733
ITGA2B,SRC,959
ITGA2B,SYK,705
ITGA2B,SYTL4,423
ITGA2B,TFRC,627
ITGA2B,THBS1,940
ITGA2B,THBS2,916
ITGA2B,THBS3,904
ITGA2B,THBS4,905
ITGA2B,TLN1,966
ITGA2B,TNC,693
ITGA2B,TNXB,672
ITGA2B,TREML1,832
ITGA2B,TRIM58,474
ITGA2B,TUBB1,704
ITGA2B,VASP,809
ITGA2B,VCAM1,504
ITGA2B,VCL,598
ITGA2B,VTN,999
ITGA2B,VWF,999
ITGA2B,YWHAB,618
ITGA5,ITGA6,808
ITGA5,ITGAV,946
ITGA5,ITGB1,999
ITGA5,ITGB2,993
ITGA5,ITGB3,999
ITGA5,ITGBL1,449
ITGA5,JAM3,656
ITGA5,L1CAM,833
ITGA5,LAMA2,783
ITGA5,LAMA4,888
ITGA5,LAMB1,788
ITGA5,LAMB2,793
ITGA5,LAMC1,865
ITGA5,LAMP1,514
ITGA5,LUM,528
ITGA5,LYN,483
ITGA5,MCAM,639
ITGA5,MMP2,481
ITGA5,MMP9,632
ITGA5,NCAM1,640
ITGA5,NID1,606
ITGA5,NRP1,455
ITGA5,NRP2,631
ITGA5,P4HB,402
ITGA5,PARVB,707
ITGA5,PDGFRB,415
ITGA5,PECAM1,563
ITGA5,PTPRC,532
ITGA5,RAB27A,432
ITGA5,RHOA,524
ITGA5,S100A8,555
ITGA5,SERPINE1,564
ITGA5,SKAP2,900
ITGA5,SPP1,868
ITGA5,SRC,949
ITGA5,TFRC,564
ITGA5,TGFB1,571
ITGA5,TGFBI,587
ITGA5,THBS1,812
ITGA5,THBS2,781
ITGA5,THBS3,827
ITGA5,THBS4,702
ITGA5,TIMP1,519
ITGA5,TLN1,978
ITGA5,TNC,717
ITGA5,TNXB,692
ITGA5,VASP,722
ITGA5,VCAM1,828
ITGA5,VCL,780
ITGA5,VIM,468
ITGA5,VTN,976
ITGA5,VWF,755
ITGA5,ZYX,522
ITGA6,ITGAV,885
ITGA6,ITGB1,999
ITGA6,ITGB2,916
ITGA6,ITGB3,915
ITGA6,KRT14,703
ITGA6,KRT19,532
ITGA6,KRT5,663
ITGA6,KRT8,612
ITGA6,L1CAM,468
ITGA6,LAMA2,861
ITGA6,LAMA4,926
ITGA6,LAMB1,977
ITGA6,LAMB2,707
ITGA6,LAMC1,979
ITGA6,LYN,447
ITGA6,MBL2,402
ITGA6,MCAM,448
ITGA6,MMRN2,420
ITGA6,NCAM1,448
ITGA6,NID1,405
ITGA6,NOTCH2,562
ITGA6,NRP1,410
ITGA6,PARVB,704
ITGA6,PECAM1,639
ITGA6,PLEC,907
ITGA6,PODXL,523
ITGA6,POSTN,518
ITGA6,PROCR,411
ITGA6,PTPRC,651
ITGA6,SDC1,650
ITGA6,SPP1,756
ITGA6,SRC,784
ITGA6,TFRC,465
ITGA6,TGFB1,401
ITGA6,THBS1,848
ITGA6,THBS2,717
ITGA6,THBS3,820
ITGA6,THBS4,701
ITGA6,TLN1,786
ITGA6,TNC,686
ITGA6,TNXB,680
ITGA6,VASP,681
ITGA6,VCAM1,451
ITGA6,VCL,420
ITGA6,VIM,414
ITGA6,VTN,804
ITGA6,VWF,740
ITGAV,ITGB1,999
ITGAV,ITGB2,990
ITGAV,ITGB3,999
ITGAV,ITGBL1,400
ITGAV,L1CAM,693
ITGAV,LAMA2,773
ITGAV,LAMA4,805
ITGAV,LAMB1,787
ITGAV,LAMB2,750
ITGAV,LAMC1,888
ITGAV,LTBP1,671
ITGAV,LUM,576
ITGAV,LYN,498
ITGAV,MAPK1,651
ITGAV,MCAM,645
ITGAV,MMP2,835
ITGAV,MMP9,494
ITGAV,NID1,568
ITGAV,NOTCH3,482
ITGAV,PARVB,702
ITGAV,PDGFRB,432
ITGAV,PECAM1,886
ITGAV,POSTN,772
ITGAV,PSMA6,454
ITGAV,PTPRC,569
ITGAV,PVR,529
ITGAV,RHOA,713
ITGAV,ROCK2,642
ITGAV,SDC1,924
ITGAV,SDC4,562
ITGAV,SELP,617
ITGAV,SERPINE1,411
ITGAV,SPP1,999
ITGAV,SRC,946
ITGAV,TFRC,575
ITGAV,TGFB1,994
ITGAV,THBS1,981
ITGAV,THBS2,936
ITGAV,THBS3,934
ITGAV,THBS4,913
ITGAV,TLN1,871
ITGAV,TNC,946
ITGAV,TNXB,910
ITGAV,VASP,707
ITGAV,VCAM1,716
ITGAV,VCL,505
ITGAV,VTN,999
ITGAV,VWF,986
ITGAV,ZYX,403
ITGB1,ITGB2,985
ITGB1,ITGB3,987
ITGB1,JAM3,786
ITGB1,KRT14,489
ITGB1,KRT19,501
ITGB1,KRT5,401
ITGB1,KRT8,454
ITGB1,L1CAM,909
ITGB1,LAMA2,771
ITGB1,LAMA4,935
ITGB1,LAMB1,974
ITGB1,LAMB2,720
ITGB1,LAMC1,982
ITGB1,LAMP1,439
ITGB1,LAMTOR1,432
ITGB1,LGALS1,654
ITGB1,LGALS3,931
ITGB1,LGALS3BP,616
ITGB1,LIMS1,464
ITGB1,LRP1,470
ITGB1,LTBP1,618
ITGB1,LUM,695
ITGB1,LYN,754
ITGB1,MCAM,820
ITGB1,MMP2,755
ITGB1,MMP9,674
ITGB1,MSN,601
ITGB1,NCAM1,683
ITGB1,NME1,412
ITGB1,NRAS,515
ITGB1,NRP1,716
ITGB1,PARVB,782
ITGB1,PDCD10,603
ITGB1,PDCD6IP,480
ITGB1,PDGFRB,735
ITGB1,PEAR1,476
ITGB1,PECAM1,828
ITGB1,PKM,496
ITGB1,POSTN,486
ITGB1,PRKCB,720
ITGB1,PRNP,474
ITGB1,PSMB5,410
ITGB1,PTPN6,924
ITGB1,PTPRC,913
ITGB1,RAB10,464
ITGB1,RAB21,815
ITGB1,RAB5C,485
ITGB1,RAB7A,655
ITGB1,RAC2,696
ITGB1,RAP1A,952
ITGB1,RAP1B,926
ITGB1,RASGRP2,529
ITGB1,RHOA,839
ITGB1,RHOG,649
ITGB1,ROCK2,552
ITGB1,S100A4,401
ITGB1,S100A6,510
ITGB1,S100A8,665
ITGB1,SDC1,685
ITGB1,SDC4,636
ITGB1,SDCBP,569
ITGB1,SELL,669
ITGB1,SELP,667
ITGB1,SERPINE1,429
ITGB1,SKAP2,914
ITGB1,SLC3A2,486
ITGB1,SNCA,403
ITGB1,SPARC,647
ITGB1,SPN,401
ITGB1,SPP1,996
ITGB1,SRC,986
ITGB1,SYK,564
ITGB1,TFRC,838
ITGB1,TGFB1,885
ITGB1,TGOLN2,643
ITGB1,THBS1,989
ITGB1,THBS2,928
ITGB1,THBS3,915
ITGB1,THBS4,918
ITGB1,TIMP1,753
ITGB1,TLN1,999
ITGB1,TMED2,440
ITGB1,TNC,917
ITGB1,TNXB,911
ITGB1,TSG101,689
ITGB1,TSPAN2,597
ITGB1,TSPAN9,603
ITGB1,TUBA1A,407
ITGB1,VAMP3,502
ITGB1,VASP,720
ITGB1,VCAM1,999
ITGB1,VCAN,667
ITGB1,VCL,966
ITGB1,VIM,505
ITGB1,VTN,986
ITGB1,VWF,834
ITGB1,WASF2,464
ITGB1,YWHAB,506
ITGB1,ZYX,414
ITGB2,ITGB3,973
ITGB2,JAM3,998
ITGB2,KNG1,643
ITGB2,LAMP2,498
ITGB2,LBP,627
ITGB2,LCP1,741
ITGB2,LCP2,683
ITGB2,LGALS3,609
ITGB2,LGALS7,422
ITGB2,LUM,542
ITGB2,LYN,748
ITGB2,MIF,443
ITGB2,MMP9,705
ITGB2,MPO,841
ITGB2,MSN,458
ITGB2,NCAM1,695
ITGB2,PECAM1,814
ITGB2,PF4,583
ITGB2,PLEK,761
ITGB2,PRKCB,512
ITGB2,PTPN6,565
ITGB2,PTPRC,870
ITGB2,PVR,455
ITGB2,RAC2,755
ITGB2,RAP1A,929
ITGB2,RAP1B,927
ITGB2,RASGRP2,701
ITGB2,RHOG,436
ITGB2,S100A8,563
ITGB2,S100A9,514
ITGB2,SELL,976
ITGB2,SELP,978
ITGB2,SPN,722
ITGB2,SPP1,531
ITGB2,SRC,904
ITGB2,SRGN,452
ITGB2,SYK,918
ITGB2,TGFB1,697
ITGB2,TGFBI,524
ITGB2,TIMP1,607
ITGB2,TLN1,977
ITGB2,VCAM1,998
ITGB2,VCL,704
ITGB2,VSIG4,599
ITGB2,VTN,862
ITGB2,VWF,528
ITGB2,WAS,605
ITGB2,YWHAB,547
ITGB2,YWHAZ,782
ITGB3,L1CAM,599
ITGB3,LAMA2,826
ITGB3,LAMA4,765
ITGB3,LAMB1,838
ITGB3,LAMB2,694
ITGB3,LAMC1,755
ITGB3,LGALS3,577
ITGB3,LIMS1,471
ITGB3,LTBP1,650
ITGB3,LY6G6F,481
ITGB3,LYN,611
ITGB3,MAPK1,728
ITGB3,MCAM,411
ITGB3,MMP2,588
ITGB3,MMP9,543
ITGB3,MPO,493
ITGB3,MYL9,429
ITGB3,NCAM1,511
ITGB3,NRAS,577
ITGB3,NRP1,569
ITGB3,PARVB,865
ITGB3,PDGFRB,727
ITGB3,PEAR1,658
ITGB3,PEBP1,415
ITGB3,PECAM1,887
ITGB3,PF4,587
ITGB3,PF4V1,526
ITGB3,POSTN,637
ITGB3,PPBP,467
ITGB3,PRKCB,768
ITGB3,PTPRC,653
ITGB3,RAP1A,518
ITGB3,RAP1B,562
ITGB3,RASGRP2,669
ITGB3,RHOA,811
ITGB3,RHOC,436
ITGB3,ROCK2,583
ITGB3,SDC1,932
ITGB3,SELP,928
ITGB3,SERPINA4,417
ITGB3,SERPINE1,519
ITGB3,SLC4A1,545
ITGB3,SPP1,994
ITGB3,SRC,998
ITGB3,SYK,868
ITGB3,SYTL4,416
ITGB3,TFRC,519
ITGB3,TGFB1,764
ITGB3,TGFBI,771
ITGB3,THBS1,984
ITGB3,THBS2,933
ITGB3,THBS3,921
ITGB3,THBS4,923
ITGB3,TLN1,999
ITGB3,TNC,914
ITGB3,TNXB,913
ITGB3,TREML1,597
ITGB3,TSG101,502
ITGB3,TUBB1,547
ITGB3,VASP,781
ITGB3,VCAM1,664
ITGB3,VCL,874
ITGB3,VIM,503
ITGB3,VTN,999
ITGB3,VWF,998
ITGB3,YWHAB,507
ITGB3,ZYX,589
ITGBL1,LTBP2,487
ITGBL1,LUM,459
ITGBL1,POSTN,408
ITGBL1,TGFB1,566
ITIH1,ITIH2,835
ITIH1,ITIH3,724
ITIH1,ITIH4,593
ITIH1,KLKB1,633
ITIH1,KNG1,528
ITIH1,OMD,447
ITIH1,PLG,429
ITIH1,PTX3,457
ITIH1,SERPINA1,485
ITIH1,SERPINA10,549
ITIH1,SERPINA11,409
ITIH1,SERPINA3,425
ITIH1,SERPINA4,433
ITIH1,SERPIND1,509
ITIH1,SERPINF2,696
ITIH1,TGFBI,443
ITIH1,TTR,406
ITIH1,VTN,474
ITIH2,ITIH3,787
ITIH2,ITIH4,562
ITIH2,KNG1,477
ITIH2,KRT19,484
ITIH2,MMP9,452
ITIH2,ORM1,513
ITIH2,ORM2,514
ITIH2,PTX3,540
ITIH2,SERPINA1,685
ITIH2,SERPINA3,471
ITIH2,SERPINA4,583
ITIH2,SERPINA6,473
ITIH2,SERPINA7,655
ITIH2,SERPIND1,712
ITIH2,SERPINF2,563
ITIH2,THBS1,496
ITIH2,TIMP1,435
ITIH2,TPM4,460
ITIH2,TTR,479
ITIH2,VTN,758
ITIH3,ITIH4,572
ITIH3,KLKB1,420
ITIH3,LBP,405
ITIH3,LGALS3BP,593
ITIH3,LRG1,530
ITIH3,ORM1,524
ITIH3,ORM2,574
ITIH3,PLG,402
ITIH3,RARRES2,453
ITIH3,SELENOP,463
ITIH3,SERPINA1,471
ITIH3,SERPINA10,628
ITIH3,SERPINA11,479
ITIH3,SERPINA3,443
ITIH3,SERPINA4,613
ITIH3,SERPINA7,519
ITIH3,SERPIND1,553
ITIH3,SERPINF2,471
ITIH3,SPP1,468
ITIH3,SPP2,486
ITIH3,TTR,431
ITIH3,VTN,538
ITIH4,KLKB1,504
ITIH4,KNG1,723
ITIH4,LAMP1,418
ITIH4,LGALS3BP,620
ITIH4,LPA,462
ITIH4,LRG1,441
ITIH4,MAN1A1,613
ITIH4,MAPK1,641
ITIH4,MASP2,532
ITIH4,MBL2,749
ITIH4,MGAT1,448
ITIH4,MMP9,437
ITIH4,MTDH,484
ITIH4,ORM1,649
ITIH4,ORM2,623
ITIH4,PF4,515
ITIH4,PF4V1,463
ITIH4,PIP,412
ITIH4,PLG,715
ITIH4,PLIN3,495
ITIH4,PON1,509
ITIH4,PPIB,544
ITIH4,RARRES2,547
ITIH4,SDC1,649
ITIH4,SDC4,609
ITIH4,SELENOP,437
ITIH4,SERPINA1,669
ITIH4,SERPINA10,425
ITIH4,SERPINA3,404
ITIH4,SERPINA4,547
ITIH4,SERPIND1,513
ITIH4,SERPINF1,497
ITIH4,SERPINF2,601
ITIH4,SERPING1,548
ITIH4,SOD3,455
ITIH4,SPP2,472
ITIH4,THBS1,562
ITIH4,TPM3,447
ITIH4,TTR,456
ITIH4,VTN,846
ITLN1,LCN2,502
ITLN1,LGALS3,486
ITLN1,RARRES2,790
ITLN1,RETN,777
ITLN1,SERPINE1,446
ITM2B,NRBP1,448
ITM2B,PRNP,412
ITM2B,SAA1,400
ITM2B,SNCA,556
ITM2B,TGFBI,477
ITM2B,TTR,574
JAM3,PDLIM1,547
JAM3,PDLIM5,540
JAM3,PDLIM7,552
JAM3,PECAM1,625
JAM3,S100A8,436
JAM3,SELP,514
JAM3,TJP2,556
JAM3,TLN1,446
JAM3,VCAM1,639
JCHAIN,LAP3,775
JCHAIN,MPO,483
JCHAIN,PIGR,999
JCHAIN,PTPRC,487
JCHAIN,SDC1,404
JCHAIN,SERPING1,527
JCHAIN,SYK,481
JCHAIN,TXNDC5,656
JUP,KPRP,531
JUP,KRT19,495
JUP,KRT5,504
JUP,LAMTOR1,434
JUP,LMNA,660
JUP,LTBP2,453
JUP,MAPRE1,408
JUP,MCAM,542
JUP,MYH9,488
JUP,NME1,404
JUP,NSFL1C,400
JUP,PDGFRB,435
JUP,PECAM1,525
JUP,PKP1,946
JUP,PLEC,497
JUP,RAB7A,504
JUP,RHOA,573
JUP,RHOC,598
JUP,ROCK2,453
JUP,RPIA,526
JUP,SLK,406
JUP,SNAP23,447
JUP,STOM,436
JUP,TFRC,420
JUP,TGFB1,478
JUP,TGM1,611
JUP,TJP2,582
JUP,TPM1,453
JUP,TUBB,495
JUP,TYMP,533
JUP,UBE2V1,434
JUP,VAMP3,431
JUP,VCL,618
JUP,VCP,514
JUP,VIM,547
JUP,WAS,420
KALRN,KNG1,506
KALRN,MYLK,819
KALRN,PAM,973
KALRN,PLEK,586
KALRN,RAC2,476
KALRN,RHOA,738
KALRN,RHOC,563
KALRN,RHOG,921
KALRN,SAA1,499
KIF2A,KIF5B,683
KIF2A,KLC1,670
KIF2A,MAPRE1,517
KIF2A,NEO1,406
KIF2A,TUBA1A,510
KIF5B,KLC1,999
KIF5B,MAPRE1,427
KIF5B,MSN,567
KIF5B,MYH9,469
KIF5B,NRAS,417
KIF5B,PRKAR1A,734
KIF5B,RAB18,558
KIF5B,RAB6A,596
KIF5B,RAP2B,439
KIF5B,RHOA,596
KIF5B,RHOG,519
KIF5B,ROCK2,653
KIF5B,SEC31A,760
KIF5B,SNAP23,686
KIF5B,SNCA,916
KIF5B,SPAG9,575
KIF5B,SPTAN1,506
KIF5B,STRN,805
KIF5B,TAOK1,450
KIF5B,TPM3,834
KIF5B,TPM4,773
KIF5B,TUBA1A,950
KIF5B,TUBB,455
KIF5B,VCL,588
KIF5B,VIM,427
KIF5B,YWHAH,623
KIF5B,YWHAQ,454
KIF5B,YWHAZ,659
KLC1,LRP1,404
KLC1,MSN,538
KLC1,NCSTN,461
KLC1,NPEPPS,465
KLC1,PRKAR1A,644
KLC1,RAB10,638
KLC1,RHOA,581
KLC1,RHOG,603
KLC1,SEC31A,667
KLC1,SKP1,444
KLC1,SNAPIN,704
KLC1,SNCA,921
KLC1,SPAG9,852
KLC1,STRN,780
KLC1,TPM3,644
KLC1,TPM4,634
KLC1,TUBB4B,493
KLC1,VCL,515
KLC1,YWHAH,456
KLC1,YWHAQ,486
KLC1,YWHAZ,412
KLKB1,KNG1,999
KLKB1,MASP1,653
KLKB1,MASP2,699
KLKB1,MBL2,689
KLKB1,PLG,936
KLKB1,PON1,442
KLKB1,PROC,707
KLKB1,SERPINA1,515
KLKB1,SERPINA10,401
KLKB1,SERPINA3,570
KLKB1,SERPINA4,423
KLKB1,SERPINA5,893
KLKB1,SERPINB1,455
KLKB1,SERPIND1,701
KLKB1,SERPINE1,576
KLKB1,SERPINF1,631
KLKB1,SERPINF2,823
KLKB1,SERPING1,996
KLKB1,TFPI,571
KLKB1,VTN,407
KNG1,LAP3,600
KNG1,MASP1,506
KNG1,MASP2,586
KNG1,MBL2,481
KNG1,MMP9,474
KNG1,NDUFA2,501
KNG1,NDUFA5,502
KNG1,NDUFS8,526
KNG1,NTRK2,477
KNG1,ORM1,497
KNG1,ORM2,448
KNG1,PAFAH1B2,404
KNG1,PF4,728
KNG1,PF4V1,487
KNG1,PLG,898
KNG1,PON1,557
KNG1,PPBP,573
KNG1,PROC,466
KNG1,PROZ,436
KNG1,PSAP,516
KNG1,PTPRC,447
KNG1,QSOX1,449
KNG1,RGS18,542
KNG1,RGS19,552
KNG1,RHOA,406
KNG1,SAA1,554
KNG1,SELL,588
KNG1,SELP,659
KNG1,SERPINA1,943
KNG1,SERPINA10,432
KNG1,SERPINA3,429
KNG1,SERPINA4,498
KNG1,SERPINA5,404
KNG1,SERPIND1,779
KNG1,SERPINE1,578
KNG1,SERPINF1,475
KNG1,SERPINF2,669
KNG1,SERPING1,964
KNG1,SPP1,521
KNG1,SRC,719
KNG1,SYK,476
KNG1,TFPI,452
KNG1,TFRC,501
KNG1,TGFB1,557
KNG1,THBS1,522
KNG1,TIMP1,569
KNG1,TPI1,560
KNG1,TTR,656
KNG1,UQCRC1,449
KNG1,UQCRFS1,535
KNG1,VCAM1,449
KNG1,VTN,803
KNG1,VWF,738
KNG1,XPNPEP1,818
KPNB1,LMNB1,423
KPNB1,NME2,430
KPNB1,NUTF2,766
KPNB1,OTUB1,418
KPNB1,P4HB,493
KPNB1,PCBP1,411
KPNB1,PCBP2,498
KPNB1,PFDN2,459
KPNB1,PFDN5,441
KPNB1,PFDN6,429
KPNB1,PPP2R1A,581
KPNB1,PSMA1,602
KPNB1,PSMA2,566
KPNB1,PSMA3,630
KPNB1,PSMA4,556
KPNB1,PSMA5,685
KPNB1,PSMA6,527
KPNB1,PSMA7,643
KPNB1,PSMB2,461
KPNB1,PSMC1,467
KPNB1,PSMC2,430
KPNB1,PSMC3,457
KPNB1,PSMC5,539
KPNB1,PSMD14,479
KPNB1,PSMD4,431
KPNB1,PSMD8,411
KPNB1,PTMA,408
KPNB1,RAN,999
KPNB1,RANBP1,960
KPNB1,RPLP0,536
KPNB1,RPLP2,434
KPNB1,RPS12,521
KPNB1,RUVBL1,764
KPNB1,RUVBL2,687
KPNB1,SEC13,661
KPNB1,TCP1,578
KPNB1,TNPO1,937
KPNB1,TUBA1A,507
KPNB1,UBA1,566
KPNB1,VCP,618
KPNB1,YWHAB,612
KPRP,KRT78,791
KPRP,MMRN1,442
KPRP,S100A4,415
KPRP,SERPINB12,659
KPRP,TGM3,508
KRT13,KRT14,561
KRT13,KRT16,596
KRT13,KRT17,596
KRT13,KRT19,658
KRT13,KRT27,430
KRT13,KRT5,483
KRT13,KRT6A,900
KRT13,KRT6B,553
KRT13,KRT8,421
KRT13,MYL6,443
KRT13,TGM1,431
KRT13,TGM3,474
KRT14,KRT16,868
KRT14,KRT17,814
KRT14,KRT19,470
KRT14,KRT27,460
KRT14,KRT3,709
KRT14,KRT5,999
KRT14,KRT6A,732
KRT14,KRT6B,835
KRT14,KRT8,502
KRT14,LAMA4,405
KRT14,LGALS7,612
KRT14,MACF1,400
KRT14,PECAM1,521
KRT14,PKP1,777
KRT14,PLEC,848
KRT14,PTPRC,512
KRT14,S100A7,455
KRT14,TGM1,545
KRT14,VIM,476
KRT16,KRT17,880
KRT16,KRT19,469
KRT16,KRT27,454
KRT16,KRT5,861
KRT16,KRT6A,928
KRT16,KRT6B,938
KRT16,KRT8,420
KRT16,LGALS7,585
KRT16,PKP1,576
KRT16,S100A7,818
KRT16,SBSN,489
KRT16,SERPINB3,526
KRT16,TGM1,609
KRT17,KRT19,509
KRT17,KRT27,481
KRT17,KRT5,866
KRT17,KRT6A,811
KRT17,KRT6B,874
KRT17,KRT8,579
KRT17,LGALS7,425
KRT17,PKP1,470
KRT17,S100A7,419
KRT17,SERPINB3,403
KRT17,TGM1,415
KRT19,KRT27,432
KRT19,KRT6B,496
KRT19,KRT8,796
KRT19,KRT80,661
KRT19,LGALS3,747
KRT19,LUM,532
KRT19,MMP9,416
KRT19,NCAM1,608
KRT19,NOTCH2,409
KRT19,P4HB,435
KRT19,PECAM1,781
KRT19,PIP,484
KRT19,PTPRC,611
KRT19,S100A4,679
KRT19,SERPINA1,486
KRT19,SPP1,453
KRT19,STC2,400
KRT19,TGFB1,487
KRT19,TIMP1,554
KRT19,TPM2,535
KRT19,TTR,416
KRT19,YWHAZ,428
KRT3,KRT5,775
KRT3,KRT6A,437
KRT3,KRT6B,432
KRT3,KRT77,433
KRT3,KRT78,467
KRT3,KRT8,477
KRT3,KRT80,410
KRT3,LUM,409
KRT3,NRP1,572
KRT3,TGFBI,486
KRT5,KRT6A,915
KRT5,KRT6B,861
KRT5,KRT77,441
KRT5,KRT78,492
KRT5,KRT8,478
KRT5,KRT80,421
KRT5,LGALS7,620
KRT5,NCAM1,593
KRT5,NID1,407
KRT5,PECAM1,587
KRT5,PIP,670
KRT5,PKP1,835
KRT5,PLEC,750
KRT5,PTPRC,576
KRT5,S100A7,419
KRT5,SFTPB,423
KRT5,TGM1,520
KRT6A,KRT6B,886
KRT6A,KRT77,577
KRT6A,KRT78,517
KRT6A,KRT8,472
KRT6A,KRT80,447
KRT6A,LGALS7,536
KRT6A,PKP1,580
KRT6A,PLIN3,413
KRT6A,S100A7,627
KRT6A,SERPINB3,588
KRT6A,TGM1,482
KRT6B,KRT77,447
KRT6B,KRT78,495
KRT6B,KRT8,654
KRT6B,KRT80,443
KRT6B,LGALS7,568
KRT6B,PKP1,628
KRT6B,S100A7,632
KRT6B,SERPINB3,543
KRT6B,TGM1,426
KRT77,KRT78,484
KRT77,KRT8,448
KRT77,KRT80,441
KRT77,S100A7,484
KRT77,SERPINB12,476
KRT78,KRT8,451
KRT78,KRT80,480
KRT78,SBSN,514
KRT78,SERPINB12,440
KRT8,KRT80,513
KRT8,LMNA,426
KRT8,MAPK1,407
KRT8,NCAM1,505
KRT8,PECAM1,582
KRT8,PIP,420
KRT8,PKP1,657
KRT8,PLEC,783
KRT8,PLG,646
KRT8,PTPRC,622
KRT8,S100A4,581
KRT8,THBS1,493
KRT8,VCP,464
KRT8,VIM,494
KRT80,TGM3,523
L1CAM,LAMA2,408
L1CAM,LAMB1,591
L1CAM,LAMC1,725
L1CAM,LGALS3,492
L1CAM,MAPK1,819
L1CAM,MCAM,486
L1CAM,MSN,761
L1CAM,NCAM1,982
L1CAM,NRP1,999
L1CAM,NRP2,633
L1CAM,PLXNA4,649
L1CAM,PLXNB1,640
L1CAM,POSTN,402
L1CAM,PRNP,628
L1CAM,PTPRG,515
L1CAM,RANBP1,428
L1CAM,SLC3A2,430
L1CAM,SPTA1,514
L1CAM,SPTAN1,609
L1CAM,SPTB,548
L1CAM,SPTBN1,608
L1CAM,SRC,832
L1CAM,TGFB1,557
L1CAM,THBS1,496
LAMA2,LAMA4,768
LAMA2,LAMB1,965
LAMA2,LAMB2,977
LAMA2,LAMC1,981
LAMA2,LMNA,489
LAMA2,LUM,464
LAMA2,MMRN1,567
LAMA2,NID1,908
LAMA2,NID2,843
LAMA2,OGN,432
LAMA2,PLIN1,469
LAMA2,POSTN,561
LAMA2,PPIF,602
LAMA2,SPARCL1,402
LAMA2,THBS2,617
LAMA2,THBS4,541
LAMA2,TNC,401
LAMA2,UTRN,865
LAMA2,VTN,677
LAMA4,LAMB1,992
LAMA4,LAMB2,930
LAMA4,LAMC1,980
LAMA4,LUM,476
LAMA4,MCAM,961
LAMA4,MMP2,429
LAMA4,NID1,797
LAMA4,NID2,896
LAMA4,PCOLCE,491
LAMA4,PECAM1,524
LAMA4,PLEC,416
LAMA4,POSTN,503
LAMA4,SPARC,437
LAMA4,THBS1,469
LAMA4,THBS2,662
LAMA4,THBS3,468
LAMB1,LAMB2,783
LAMB1,LAMC1,999
LAMB1,LUM,486
LAMB1,MMRN1,545
LAMB1,NID1,892
LAMB1,NID2,928
LAMB1,PLEC,468
LAMB1,POSTN,412
LAMB1,PRKAR2B,511
LAMB1,SPARC,445
LAMB1,THBS1,595
LAMB1,THBS2,416
LAMB1,TNC,461
LAMB1,UTRN,545
LAMB1,VTN,685
LAMB2,LAMC1,962
LAMB2,MMRN1,545
LAMB2,NID1,734
LAMB2,NID2,750
LAMB2,SPARC,420
LAMB2,THBS3,402
LAMB2,TNC,432
LAMB2,VTN,603
LAMC1,LGALS1,631
LAMC1,LGALS3,439
LAMC1,LTBP1,579
LAMC1,LUM,484
LAMC1,LYVE1,474
LAMC1,MCAM,425
LAMC1,MMP2,555
LAMC1,MMRN1,558
LAMC1,NID1,997
LAMC1,NID2,984
LAMC1,PDGFRB,420
LAMC1,POSTN,526
LAMC1,PRNP,907
LAMC1,SERPINE1,467
LAMC1,SPARC,442
LAMC1,TGFB1,745
LAMC1,THBS1,609
LAMC1,THBS2,449
LAMC1,TNC,447
LAMC1,UTRN,564
LAMC1,VTN,656
LAMP1,LAMP2,999
LAMP1,LAMTOR1,711
LAMP1,LAMTOR2,738
LAMP1,LGALS1,594
LAMP1,LGALS3,862
LAMP1,LGALS3BP,444
LAMP1,LMAN1,492
LAMP1,M6PR,560
LAMP1,NCAM1,772
LAMP1,NCSTN,747
LAMP1,NIPSNAP3A,549
LAMP1,PCYOX1,781
LAMP1,PSAP,808
LAMP1,PTPRC,631
LAMP1,PVR,504
LAMP1,RAB10,501
LAMP1,RAB14,426
LAMP1,RAB1A,404
LAMP1,RAB1B,414
LAMP1,RAB21,431
LAMP1,RAB27A,691
LAMP1,RAB2A,542
LAMP1,RAB5B,636
LAMP1,RAB5C,508
LAMP1,RAB6A,446
LAMP1,RAB7A,780
LAMP1,RAB8A,482
LAMP1,RHEB,515
LAMP1,RTN4,476
LAMP1,SEC13,995
LAMP1,SEC22B,470
LAMP1,SELL,620
LAMP1,SERPINA5,465
LAMP1,SNAP23,439
LAMP1,SNAP29,548
LAMP1,SNAPIN,413
LAMP1,SNCA,519
LAMP1,SNX2,452
LAMP1,SOD2,494
LAMP1,SRC,425
LAMP1,STOM,486
LAMP1,STX11,506
LAMP1,STX12,456
LAMP1,STX4,469
LAMP1,STX7,566
LAMP1,STXBP2,435
LAMP1,TFRC,855
LAMP1,TGOLN2,737
LAMP1,TPP1,401
LAMP1,TSG101,821
LAMP1,UNC13D,486
LAMP1,VAMP3,717
LAMP1,VAMP7,804
LAMP1,VAMP8,569
LAMP1,VAPA,458
LAMP1,VCAM1,657
LAMP1,VCP,542
LAMP1,VDAC1,429
LAMP1,VPS29,579
LAMP2,LAMTOR1,635
LAMP2,LGALS1,528
LAMP2,LGALS3,753
LAMP2,LMNA,583
LAMP2,M6PR,549
LAMP2,MSN,513
LAMP2,PARK7,626
LAMP2,PGK1,464
LAMP2,PLIN3,640
LAMP2,PSAP,476
LAMP2,RAB27A,663
LAMP2,RAB27B,546
LAMP2,RAB5B,516
LAMP2,RAB7A,651
LAMP2,RHEB,627
LAMP2,SEC22B,403
LAMP2,SELP,518
LAMP2,SNAP29,464
LAMP2,SNCA,712
LAMP2,STX7,448
LAMP2,TFRC,498
LAMP2,TGOLN2,548
LAMP2,TLN1,447
LAMP2,TPM1,533
LAMP2,TSG101,587
LAMP2,VAMP3,510
LAMP2,VAMP7,600
LAMP2,VAMP8,567
LAMP2,VCAM1,440
LAMP2,VCP,469
LAMP2,VMA21,602
LAMTOR1,LAMTOR2,999
LAMTOR1,LAMTOR4,999
LAMTOR1,LAMTOR5,999
LAMTOR1,MCAM,428
LAMTOR1,NSFL1C,448
LAMTOR1,RAB10,538
LAMTOR1,RAB7A,668
LAMTOR1,RAC2,576
LAMTOR1,RAP1A,405
LAMTOR1,RHEB,814
LAMTOR1,RHOA,592
LAMTOR1,RHOG,620
LAMTOR1,ROCK2,421
LAMTOR1,SEC13,673
LAMTOR1,SNAP23,471
LAMTOR1,SNAPIN,645
LAMTOR1,STOM,456
LAMTOR1,STOML2,470
LAMTOR1,TFRC,439
LAMTOR1,VAMP3,493
LAMTOR1,VCP,481
LAMTOR1,WAS,408
LAMTOR1,WASF2,405
LAMTOR1,YWHAB,559
LAMTOR2,LAMTOR4,999
LAMTOR2,LAMTOR5,999
LAMTOR2,MAPK1,694
LAMTOR2,RAP1A,453
LAMTOR2,RHEB,753
LAMTOR2,SEC13,649
LAMTOR2,SNAPIN,630
LAMTOR2,YWHAB,534
LAMTOR4,LAMTOR5,999
LAMTOR4,RHEB,791
LAMTOR4,SEC13,702
LAMTOR4,SNAPIN,684
LAMTOR4,YWHAB,534
LAMTOR5,PSMC3,417
LAMTOR5,RHEB,743
LAMTOR5,SEC13,705
LAMTOR5,SNAPIN,438
LAMTOR5,YWHAB,513
LAP3,LNPEP,611
LAP3,NPEPPS,621
LAP3,PEPD,584
LAP3,PIGR,651
LAP3,PLG,448
LAP3,PLSCR1,426
LAP3,PRDX2,426
LAP3,SPP2,407
LAP3,TKT,506
LAP3,TPI1,412
LAP3,UQCRC2,488
LAP3,UQCRFS1,693
LAP3,WARS1,510
LAP3,XPNPEP1,959
LASP1,MYH9,468
LASP1,SH3GL1,550
LASP1,TAGLN2,462
LASP1,THBS2,479
LASP1,TJP2,674
LASP1,VASP,857
LASP1,ZYX,929
LBP,LCN2,572
LBP,LRG1,548
LBP,MMP2,447
LBP,MMP9,498
LBP,ORM1,583
LBP,ORM2,565
LBP,PRG4,463
LBP,SAA1,700
LBP,SAA2,542
LBP,SAA4,428
LBP,TGFB1,503
LBP,TIMP1,484
LBP,TTR,684
LCAT,LDLR,558
LCAT,LPA,896
LCAT,LPL,893
LCAT,LYPLA1,923
LCAT,PCSK9,507
LCAT,PCYOX1,771
LCAT,PLTP,950
LCAT,PON1,965
LCAT,PROZ,528
LCAT,PSMB10,782
LCAT,SAA1,718
LCAT,SAA2,695
LCAT,SAA4,661
LCAT,SCP2,435
LCAT,VWF,446
LCN2,LCP1,485
LCN2,LGALS3,675
LCN2,LRG1,414
LCN2,MARCKS,429
LCN2,MMP2,907
LCN2,MMP9,998
LCN2,MPO,683
LCN2,ORM1,707
LCN2,ORM2,648
LCN2,PTX3,416
LCN2,RARRES2,474
LCN2,RETN,711
LCN2,S100A7,540
LCN2,S100A8,535
LCN2,S100A9,593
LCN2,SAA1,696
LCN2,SAA2,482
LCN2,SELP,434
LCN2,SERPINA1,426
LCN2,SERPINA4,441
LCN2,SERPINE1,480
LCN2,SLC3A2,910
LCN2,SPP1,743
LCN2,TFRC,442
LCN2,TGFB1,674
LCN2,TIMP1,850
LCN2,TPM1,430
LCN2,TUBB1,458
LCN2,VCAM1,473
LCN2,VIM,563
LCP1,LCP2,477
LCP1,MMP9,401
LCP1,MPO,502
LCP1,MSN,562
LCP1,PFN1,532
LCP1,PLEK,583
LCP1,PTPN6,421
LCP1,PTPRC,534
LCP1,RAC2,674
LCP1,S100A6,417
LCP1,S100A8,419
LCP1,TAGLN2,490
LCP1,TPM1,569
LCP1,TUBB,507
LCP1,WAS,620
LCP1,WDR1,450
LCP2,LGALS3,471
LCP2,LYN,967
LCP2,LYVE1,421
LCP2,NCK2,977
LCP2,PECAM1,696
LCP2,PLEK,724
LCP2,PTPN6,978
LCP2,PTPRC,935
LCP2,RAC2,587
LCP2,RAP1A,925
LCP2,RAP1B,926
LCP2,RASGRP2,438
LCP2,RGS18,448
LCP2,SELL,549
LCP2,SKAP2,851
LCP2,SPN,429
LCP2,SRC,969
LCP2,SYK,999
LCP2,TLN1,467
LCP2,UBASH3B,827
LCP2,VASP,776
LCP2,WAS,979
LCP2,WIPF1,805
LCP2,YWHAZ,463
LDHA,MDH2,434
LDHA,MIF,449
LDHA,MPST,919
LDHA,MT-CO2,416
LDHA,NDUFS3,414
LDHA,NDUFS8,599
LDHA,NME2,681
LDHA,PARK7,419
LDHA,PDHB,961
LDHA,PEPD,439
LDHA,PGAM1,831
LDHA,PGD,604
LDHA,PGK1,923
LDHA,PGM1,719
LDHA,PKM,997
LDHA,PRDX2,489
LDHA,PRDX3,431
LDHA,PRDX5,420
LDHA,PYGB,485
LDHA,PYGL,547
LDHA,RPIA,486
LDHA,RPLP0,423
LDHA,RPLP1,603
LDHA,SAA1,644
LDHA,SAA2,552
LDHA,SAA4,555
LDHA,SHMT2,511
LDHA,SLC2A1,863
LDHA,SOD2,496
LDHA,STIP1,493
LDHA,TALDO1,923
LDHA,TCP1,412
LDHA,TFRC,665
LDHA,TKT,925
LDHA,TPI1,913
LDHA,TSG101,913
LDHA,TUBB,428
LDHA,UQCRC1,464
LDHA,UQCRC2,435
LDHA,UQCRFS1,525
LDHA,VDAC1,671
LDHA,VDAC2,430
LDHA,YWHAZ,437
LDLR,LPA,600
LDLR,LPL,553
LDLR,M6PR,561
LDLR,MMP2,460
LDLR,PCSK9,999
LDLR,PCYOX1,540
LDLR,PLTP,577
LDLR,PON1,563
LDLR,SAA1,554
LDLR,SAA2,554
LDLR,SAA4,557
LDLR,SH3GL1,515
LDLR,STON2,499
LDLR,TFRC,568
LDLR,TGOLN2,503
LDLR,THBS1,462
LDLR,VAMP3,499
LDLR,VAMP7,499
LDLR,VAMP8,499
LGALS1,LGALS3,735
LGALS1,LGALS3BP,826
LGALS1,LUM,713
LGALS1,MYL6,481
LGALS1,PLEC,447
LGALS1,PTPRC,905
LGALS1,S100A4,737
LGALS1,S100A6,628
LGALS1,SPN,580
LGALS1,SPP1,544
LGALS1,SRI,656
LGALS1,TIMP1,517
LGALS1,VIM,879
LGALS1,YWHAZ,528
LGALS3,LGALS3BP,999
LGALS3,LGALS7,430
LGALS3,MMP2,695
LGALS3,MMP9,824
LGALS3,MPO,443
LGALS3,MSN,506
LGALS3,MYH9,530
LGALS3,NRAS,590
LGALS3,ORM1,519
LGALS3,ORM2,513
LGALS3,PDCD6IP,414
LGALS3,PECAM1,684
LGALS3,PLEC,455
LGALS3,POSTN,403
LGALS3,PRG4,478
LGALS3,PRKCSH,609
LGALS3,PSMA3,414
LGALS3,PTPRC,983
LGALS3,PTPRJ,438
LGALS3,PTX3,415
LGALS3,RAB7A,591
LGALS3,RECK,412
LGALS3,S100A4,520
LGALS3,S100A6,639
LGALS3,SAA1,456
LGALS3,SDCBP,454
LGALS3,SELP,535
LGALS3,SLC3A2,829
LGALS3,SNCA,503
LGALS3,SPN,890
LGALS3,SPP1,619
LGALS3,SRC,635
LGALS3,TFRC,654
LGALS3,TGFB1,686
LGALS3,THBS1,559
LGALS3,TIMP1,743
LGALS3,VCAM1,805
LGALS3,VIM,778
LGALS3,VTN,868
LGALS3,VWF,840
LGALS3BP,LGALS7,905
LGALS3BP,LMAN1,536
LGALS3BP,LTBP2,431
LGALS3BP,LUM,519
LGALS3BP,MMP2,503
LGALS3BP,PIP,450
LGALS3BP,PPIC,613
LGALS3BP,RARRES2,408
LGALS3BP,S100A9,429
LGALS3BP,SELENOP,469
LGALS3BP,SERPINA4,472
LGALS3BP,SERPING1,416
LGALS3BP,SPP2,412
LGALS3BP,THBS1,569
LGALS3BP,TIMP1,558
LGALS3BP,VCAM1,474
LGALS7,S100A7,429
LGALS7,SBSN,551
LGALS7,SERPINB3,431
LIMS1,NCK2,999
LIMS1,PARVB,999
LIMS1,RSU1,999
LIMS1,SLC4A1,429
LIMS1,TLN1,965
LIMS1,TMSB4X,980
LIMS1,VASP,608
LIMS1,VCL,961
LIMS1,ZYX,407
LMAN1,LMAN2,718
LMAN1,MAN2A1,521
LMAN1,MBL2,770
LMAN1,MIA3,695
LMAN1,MLEC,449
LMAN1,NAPA,605
LMAN1,NAPG,529
LMAN1,NCSTN,539
LMAN1,NDUFA2,422
LMAN1,P4HB,520
LMAN1,PDIA3,692
LMAN1,PDIA4,556
LMAN1,PDIA6,424
LMAN1,PGRMC2,537
LMAN1,PODXL,417
LMAN1,RAB1A,429
LMAN1,RAB1B,853
LMAN1,RAB2A,457
LMAN1,RAB3GAP1,401
LMAN1,RAB6A,493
LMAN1,RAC2,574
LMAN1,RHOA,595
LMAN1,RHOC,573
LMAN1,RHOG,579
LMAN1,SAR1A,761
LMAN1,SEC13,844
LMAN1,SEC22B,877
LMAN1,SEC31A,952
LMAN1,SERPINA1,770
LMAN1,SERPINA5,462
LMAN1,SSR4,453
LMAN1,TFRC,424
LMAN1,TGOLN2,714
LMAN1,TMED10,825
LMAN1,TMED2,850
LMAN1,TMED9,513
LMAN1,TMX1,427
LMAN1,VAPB,563
LMAN2,MLEC,675
LMAN2,NAPA,521
LMAN2,NAPG,504
LMAN2,PDIA4,464
LMAN2,SEC13,686
LMAN2,SEC22B,617
LMAN2,SEC31A,562
LMAN2,SERPINA1,628
LMAN2,TMED10,839
LMAN2,TMED2,865
LMAN2,TMED9,570
LMNA,LMNB1,996
LMNA,MAPK1,496
LMNA,MAPRE1,906
LMNA,NRAS,492
LMNA,PCBP1,706
LMNA,PEBP1,468
LMNA,PGRMC2,464
LMNA,PLEC,644
LMNA,PPP2R1A,547
LMNA,PRKCB,548
LMNA,PURA,461
LMNA,SND1,557
LMNA,SRC,672
LMNA,SUMO2,471
LMNA,TPM1,614
LMNA,TPM3,547
LMNA,TUBB,454
LMNA,TUBB4B,486
LMNA,VCL,489
LMNA,VIM,476
LMNA,YWHAB,529
LMNB1,MARCKS,510
LMNB1,MCAM,450
LMNB1,PLEC,450
LMNB1,PLXNB1,530
LMNB1,PPP2R1A,560
LMNB1,PRKCB,775
LMNB1,RAB7A,430
LMNB1,RANBP1,404
LMNB1,SELL,441
LMNB1,SNAP23,415
LMNB1,TJP2,447
LMNB1,VAMP3,422
LMNB1,VCL,486
LMNB1,VDAC1,414
LMNB1,VIM,474
LNPEP,PDIA3,440
LNPEP,RAB10,794
LNPEP,RAB14,837
LNPEP,RAB2A,422
LNPEP,RAB8A,708
LNPEP,STX4,420
LNPEP,TFRC,424
LNPEP,TGOLN2,507
LNPEP,YWHAB,575
LNPEP,YWHAE,572
LNPEP,YWHAG,576
LNPEP,YWHAH,568
LNPEP,YWHAQ,571
LNPEP,YWHAZ,568
LPA,LPL,794
LPA,PCSK9,710
LPA,PCYOX1,720
LPA,PLTP,856
LPA,PON1,875
LPA,PROC,459
LPA,SAA1,661
LPA,SAA2,651
LPA,SAA4,652
LPA,SERPINA1,461
LPA,SERPIND1,839
LPA,SERPINE1,447
LPA,SERPINF2,602
LPA,SPP2,436
LPA,TFPI,745
LPA,TTR,642
LPA,VTN,497
LPL,LRP1,987
LPL,MGLL,967
LPL,PCSK9,578
LPL,PCYOX1,551
LPL,PLIN1,667
LPL,PLTP,886
LPL,PON1,734
LPL,RETN,578
LPL,SAA1,659
LPL,SAA2,637
LPL,SAA4,614
LPL,SDC4,406
LPL,SERPINE1,418
LPL,SORL1,693
LPL,SPP1,463
LRBA,STXBP2,558
LRBA,UNC13D,408
LRG1,LRRC59,491
LRG1,NME2,488
LRG1,ORM1,552
LRG1,ORM2,451
LRG1,PRG4,470
LRG1,RSU1,515
LRG1,SERPINA1,554
LRG1,SERPINA3,711
LRG1,TTR,651
LRP1,MAPRE1,527
LRP1,MBL2,791
LRP1,MMP2,696
LRP1,MMP9,889
LRP1,PCSK9,606
LRP1,PDGFRB,644
LRP1,PDIA3,538
LRP1,PLG,477
LRP1,PLSCR1,406
LRP1,PRNP,806
LRP1,RTN4,402
LRP1,SDC1,680
LRP1,SDC4,484
LRP1,SERPINA1,436
LRP1,SERPINE1,988
LRP1,SRC,517
LRP1,TFRC,477
LRP1,THBS1,958
LRP1,THBS2,699
LRP1,VWF,584
LRRC57,LUM,519
LRRC57,OMD,491
LRRC59,LUM,462
LRRC59,MTDH,474
LRRC59,OMD,430
LRRC59,P4HB,413
LRRC59,PDIA6,422
LRRC59,RAB14,414
LRRC59,SND1,425
LRRFIP1,MINDY1,458
LRRFIP1,TMOD3,474
LRRFIP2,TMOD3,424
LSAMP,PRNP,582
LSM1,LSM2,999
LSM1,LSM3,999
LSM1,LSM5,999
LSM2,LSM3,999
LSM2,LSM5,999
LSM2,PFDN6,456
LSM3,LSM5,999
LSM3,PFDN5,487
LSM3,PSMA2,415
LSM3,PSMA3,444
LSM3,PSMA4,531
LSM3,PSMB2,501
LSM3,UQCRB,509
LSM3,WDR77,671
LSM5,PFDN4,446
LSM5,PFDN6,462
LSM5,PSMA4,431
LTA4H,RETN,486
LTBP1,LTBP2,786
LTBP1,LTBP4,663
LTBP1,MFAP2,560
LTBP1,MFAP4,547
LTBP1,MMP2,622
LTBP1,NOTCH3,405
LTBP1,PCOLCE,622
LTBP1,POSTN,639
LTBP1,RHOA,508
LTBP1,TGFB1,999
LTBP1,THBS1,967
LTBP2,LTBP4,699
LTBP2,LUM,400
LTBP2,MFAP2,679
LTBP2,MFAP4,495
LTBP2,MFAP5,659
LTBP2,MMP2,556
LTBP2,POSTN,616
LTBP2,TGFB1,959
LTBP2,TGFBI,505
LTBP2,THBS1,477
LTBP2,THBS2,434
LTBP2,TIMP1,562
LTBP4,MFAP4,652
LTBP4,TGFB1,997
LUM,MFAP2,569
LUM,MFAP4,732
LUM,MFAP5,502
LUM,MGP,498
LUM,MMP2,780
LUM,MMP9,479
LUM,NCAM1,616
LUM,NID1,485
LUM,NID2,518
LUM,OGN,859
LUM,OMD,742
LUM,P4HB,504
LUM,PCOLCE,582
LUM,PDGFRB,494
LUM,POSTN,913
LUM,PPP1R7,479
LUM,PRG4,423
LUM,PTPRG,418
LUM,PYGL,430
LUM,RALB,404
LUM,RAP1B,403
LUM,RHOA,402
LUM,SDC1,466
LUM,SELENOP,478
LUM,SERPINF1,488
LUM,SPARC,954
LUM,SPP1,644
LUM,SRGN,425
LUM,TAGLN2,519
LUM,TGFB1,752
LUM,TGFBI,574
LUM,THBS1,541
LUM,THBS2,826
LUM,THBS4,497
LUM,TIMP1,659
LUM,TNXB,515
LUM,VCAM1,421
LUM,VCAN,710
LUM,VIM,456
LUM,VTN,449
LUM,VWF,408
LY6G6F,MPIG6B,638
LY6G6F,PECAM1,410
LY6G6F,SELP,442
LY6G6F,SYTL4,400
LYN,MAPK1,829
LYN,MAVS,463
LYN,MPIG6B,554
LYN,NCK2,481
LYN,NRAS,794
LYN,PECAM1,802
LYN,PLEK,692
LYN,PPP2R1A,533
LYN,PRKCB,947
LYN,PSMB9,585
LYN,PTPN6,953
LYN,PTPRC,981
LYN,PTPRJ,410
LYN,RAC2,613
LYN,RAP1B,409
LYN,RHOA,759
LYN,RHOG,426
LYN,SKAP2,781
LYN,SRC,989
LYN,STIM1,430
LYN,STOM,511
LYN,SYK,999
LYN,VCAM1,467
LYN,WAS,427
LYN,YWHAQ,553
LYPLA1,NRAS,698
LYPLA1,PDCD10,418
LYPLA1,SYK,428
LYVE1,MMP2,503
LYVE1,MMRN1,447
LYVE1,NCAM1,416
LYVE1,NRP2,547
LYVE1,PDGFRB,554
LYVE1,PECAM1,822
LYVE1,PTPRC,652
LYVE1,SELL,516
LYVE1,SPP1,621
LYVE1,VCAM1,532
LYVE1,VCAN,819
LYVE1,VSIG4,496
LYVE1,VWF,724
M6PR,NAPA,534
M6PR,NAPG,516
M6PR,PLG,471
M6PR,PLIN3,872
M6PR,PSAP,437
M6PR,SNX2,418
M6PR,TFRC,604
M6PR,TGOLN2,748
M6PR,TPP1,471
M6PR,TXNDC5,505
M6PR,VAMP3,624
M6PR,VAMP7,658
M6PR,VAMP8,587
MACF1,MAPRE1,902
MACF1,MSN,534
MACF1,RAB21,478
MACF1,RHOA,430
MACF1,VASP,480
MACF1,VCL,710
MACF1,YWHAE,454
MAN1A1,MAN2A1,970
MAN1A1,MAN2A2,848
MAN1A1,MGAT1,959
MAN1A1,NAPA,501
MAN1A1,NAPG,528
MAN1A1,TMED2,475
MAN2A1,MAN2A2,906
MAN2A1,MGAT1,972
MAN2A1,NAPA,547
MAN2A1,NAPG,573
MAN2A1,RAB6A,456
MAN2A1,SEC31A,406
MAN2A1,SLC4A1,497
MAN2A1,TGOLN2,529
MAN2A2,MGAT1,970
MAN2A2,NAPA,504
MAN2A2,NAPG,538
MAN2A2,TGOLN2,463
MANF,MYDGF,408
MANF,P4HB,406
MANF,PDIA3,427
MANF,PDIA4,821
MANF,PDIA6,697
MANF,PLEK,401
MANF,PSAP,638
MANF,STXBP2,406
MANF,TAGLN2,400
MANF,TLN1,400
MANF,TUBA4A,408
MANF,TXNDC5,438
MANF,UBE2N,794
MANF,VCL,427
MANF,WDR1,413
MAPK1,MAPK14,995
MAPK1,MMP2,408
MAPK1,MMP9,684
MAPK1,NRAS,959
MAPK1,PEBP1,670
MAPK1,PECAM1,449
MAPK1,PKM,535
MAPK1,PPIF,512
MAPK1,PPM1A,593
MAPK1,PPP1CA,540
MAPK1,PPP2R1A,929
MAPK1,PRDX6,436
MAPK1,PRKCB,928
MAPK1,PTGES3,464
MAPK1,PTPN6,933
MAPK1,PTPRB,464
MAPK1,PTPRC,546
MAPK1,PTPRF,442
MAPK1,PTPRJ,460
MAPK1,RAB2A,532
MAPK1,RAC2,942
MAPK1,RALB,424
MAPK1,RAP1A,698
MAPK1,RAP1B,625
MAPK1,RBX1,673
MAPK1,RHOA,593
MAPK1,ROCK2,919
MAPK1,SAA1,509
MAPK1,SKP1,698
MAPK1,SNCA,627
MAPK1,SOD2,467
MAPK1,SRC,932
MAPK1,TGFB1,482
MAPK1,TJP2,444
MAPK1,TLN1,630
MAPK1,TSG101,446
MAPK1,VCAM1,671
MAPK1,VCL,786
MAPK1,VDAC1,431
MAPK1,VWF,598
MAPK1,WAS,474
MAPK1,WASF2,457
MAPK1,YWHAB,795
MAPK1,YWHAE,586
MAPK1,YWHAQ,416
MAPK1,YWHAZ,617
MAPK14,MMP9,532
MAPK14,NCK2,544
MAPK14,PDGFRB,451
MAPK14,PPM1A,541
MAPK14,PRDX2,545
MAPK14,PTPN6,470
MAPK14,PTPRC,560
MAPK14,PYGL,418
MAPK14,RAC2,423
MAPK14,RALA,592
MAPK14,RALB,702
MAPK14,RHOA,702
MAPK14,SELENOP,438
MAPK14,SERPINE1,527
MAPK14,SPAG9,733
MAPK14,SRC,818
MAPK14,TGFB1,632
MAPK14,TOLLIP,454
MAPK14,YWHAE,633
MAPK14,YWHAZ,475
MAPRE1,MAPRE2,851
MAPRE1,PAFAH1B2,417
MAPRE1,PRKAR2A,761
MAPRE1,PRKAR2B,495
MAPRE1,RAB8A,589
MAPRE1,RHOA,455
MAPRE1,SEPTIN2,561
MAPRE1,SPTAN1,495
MAPRE1,SRC,613
MAPRE1,STIM1,836
MAPRE1,TPM1,905
MAPRE1,TUBA1A,619
MAPRE1,TUBA1C,548
MAPRE1,TUBA4A,439
MAPRE1,TUBA8,432
MAPRE1,TUBB,797
MAPRE1,TUBB1,454
MAPRE1,TUBB4B,519
MAPRE1,VCP,531
MAPRE1,WDR1,457
MAPRE1,YWHAZ,417
MAPRE2,NCK2,476
MAPRE2,PSMB1,447
MAPRE2,TUBA1A,514
MAPRE2,TUBA4A,543
MAPRE2,TUBA8,402
MAPRE2,TUBB,510
MAPRE2,TUBB4B,425
MARCKS,PEBP1,430
MARCKS,PLEK,455
MARCKS,PRKCB,581
MARCKS,PRKCSH,834
MARCKS,RHOA,464
MARCKS,SRC,625
MARCKS,TPM1,558
MASP1,MASP2,986
MASP1,MBL2,998
MASP1,PFDN4,547
MASP1,PROC,615
MASP1,SAA1,424
MASP1,SAA2,417
MASP1,SERPINA5,428
MASP1,SERPIND1,416
MASP1,SERPING1,990
MASP1,VTN,459
MASP2,MBL2,999
MASP2,PFDN4,532
MASP2,PLG,432
MASP2,PROC,687
MASP2,SERPINA1,417
MASP2,SERPIND1,431
MASP2,SERPING1,999
MASP2,TFPI,541
MASP2,VTN,454
MAT2B,PLIN3,415
MAT2B,RPL22,480
MAT2B,RPS12,403
MAT2B,SHMT2,450
MAT2B,SNX2,745
MAT2B,SOD2,447
MAT2B,VDAC1,472
MAT2B,VDAC2,469
MAT2B,VDAC3,513
MAVS,OTUB1,483
MAVS,PCBP2,894
MAVS,PPP1CA,492
MAVS,PSMA7,677
MAVS,SRC,639
MAVS,TKFC,620
MAVS,VAPB,474
MAVS,VDAC1,635
MAVS,YOD1,466
MAVS,YWHAE,435
MAVS,ZYX,409
MBL2,PLG,544
MBL2,PROC,673
MBL2,PRSS3,491
MBL2,PSMA1,526
MBL2,PSMA3,610
MBL2,PSMA6,610
MBL2,PSMB1,526
MBL2,PSMB2,487
MBL2,PSMB3,463
MBL2,PSMB4,509
MBL2,PSMB7,476
MBL2,PTX3,972
MBL2,SERPINA1,422
MBL2,SERPINA7,485
MBL2,SERPING1,979
MBL2,SFTPB,728
MBL2,TGFB1,482
MBL2,VTN,475
MCAM,MMP2,434
MCAM,MSN,598
MCAM,MYLK,495
MCAM,NCAM1,524
MCAM,PDGFRB,623
MCAM,PECAM1,852
MCAM,PLXNB1,416
MCAM,PODXL,435
MCAM,PTPRC,777
MCAM,RAB7A,415
MCAM,RAC2,558
MCAM,RHOA,578
MCAM,RHOC,733
MCAM,RHOG,558
MCAM,ROCK2,449
MCAM,SELP,408
MCAM,SLK,408
MCAM,SNAP23,417
MCAM,SPP1,441
MCAM,STOM,405
MCAM,TFRC,610
MCAM,TGFB1,503
MCAM,THBS2,476
MCAM,TJP2,431
MCAM,VAMP3,408
MCAM,VWF,620
MCAM,WASF2,401
MDH2,NDUFA5,459
MDH2,NDUFA7,468
MDH2,NDUFS3,659
MDH2,NDUFS8,826
MDH2,PARK7,576
MDH2,PDHB,850
MDH2,PEBP1,626
MDH2,PGAM1,591
MDH2,PGD,676
MDH2,PGK1,738
MDH2,PGM1,708
MDH2,PKM,829
MDH2,PPA2,461
MDH2,PPP2R1A,493
MDH2,PRDX2,443
MDH2,PRDX3,518
MDH2,PRDX5,438
MDH2,PSMB1,475
MDH2,PSMB10,466
MDH2,PSMB8,510
MDH2,PSMC3,432
MDH2,PSMC5,478
MDH2,PSMD8,493
MDH2,PURA,769
MDH2,PYGB,413
MDH2,PYGL,428
MDH2,RPIA,540
MDH2,RPLP0,456
MDH2,SHMT2,554
MDH2,SLC25A3,551
MDH2,SOD2,655
MDH2,SSBP1,449
MDH2,STOML2,527
MDH2,TALDO1,648
MDH2,TFRC,436
MDH2,TKT,618
MDH2,TPI1,856
MDH2,TUBB4B,528
MDH2,UQCRC1,921
MDH2,UQCRC2,705
MDH2,UQCRFS1,658
MDH2,VCP,577
MDH2,VDAC1,751
MDH2,VDAC2,704
MDH2,VDAC3,526
MDH2,WARS1,571
MFAP2,MFAP4,810
MFAP2,MFAP5,943
MFAP2,NID2,440
MFAP2,VCAN,427
MFAP2,VTN,667
MFAP4,MFAP5,713
MFAP4,OGN,583
MFAP4,POSTN,458
MFAP4,SVEP1,462
MFAP4,TIMP1,551
MFAP5,MGP,509
MFAP5,MYLK,530
MFAP5,PI16,520
MFAP5,POSTN,523
MFAP5,S100A4,401
MFAP5,VTN,546
MGAT1,SELP,425
MGAT1,SLC35A4,535
MGLL,NDUFA2,917
MGLL,NDUFA5,981
MGLL,NDUFS3,959
MGLL,NDUFS8,956
MGLL,NTRK2,496
MGLL,PLIN1,678
MGLL,PLIN3,525
MGLL,PRKAR1A,546
MGLL,PTGDS,505
MGLL,SERPINA6,491
MGLL,SLC2A1,509
MGLL,UQCRB,828
MGLL,UQCRC2,912
MGP,OGN,496
MGP,OMD,407
MGP,POSTN,649
MGP,PROS1,880
MGP,SOD3,494
MGP,SPARC,652
MGP,SPARCL1,495
MGP,SPP1,924
MGP,SPP2,730
MGP,STC2,416
MGP,TGFBI,450
MGP,VTN,689
MIA3,PCSK9,452
MIA3,RAB3GAP1,461
MIA3,SAR1A,598
MIA3,SEC13,723
MIA3,SEC31A,654
MIA3,SERPINA10,477
MIA3,SERPINA5,482
MIA3,SERPINA7,433
MIF,MMP9,492
MIF,NME1,732
MIF,NME2,601
MIF,PARK7,718
MIF,PCMT1,423
MIF,PDHB,623
MIF,PEBP1,668
MIF,PFN1,511
MIF,PGAM1,572
MIF,PGK1,630
MIF,PSMD14,517
MIF,PTMA,425
MIF,RETN,512
MIF,SDC1,500
MIF,SERPINE1,478
MIF,SPP1,429
MIF,TFRC,421
MIF,TGFB1,434
MIF,TIMP1,403
MIF,TKT,461
MIF,TPI1,593
MIF,TTR,484
MIF,VCAM1,421
MINDY1,OTUB1,429
MINDY1,USP5,423
MINPP1,PGAM1,911
MINPP1,TALDO1,805
MINPP1,TKT,801
MINPP1,UBE2V1,435
MLEC,PRKCSH,771
MMP19,MMP2,585
MMP19,NID1,822
MMP19,PLG,513
MMP19,TIMP1,563
MMP2,MMP9,918
MMP2,MPO,474
MMP2,MTDH,401
MMP2,NCAM1,539
MMP2,NID1,608
MMP2,NRP1,584
MMP2,PCOLCE,588
MMP2,PCSK9,591
MMP2,PDGFRB,571
MMP2,PECAM1,750
MMP2,PLG,772
MMP2,POSTN,787
MMP2,PRDX2,483
MMP2,RECK,783
MMP2,RHOA,579
MMP2,RHOC,430
MMP2,S100A4,498
MMP2,SAA1,530
MMP2,SDC1,419
MMP2,SELP,447
MMP2,SERPINE1,755
MMP2,SERPINF1,424
MMP2,SLC2A1,426
MMP2,SPARC,701
MMP2,SPP1,843
MMP2,SRC,972
MMP2,TFRC,522
MMP2,TGFB1,962
MMP2,TGFBI,621
MMP2,THBS1,985
MMP2,THBS2,890
MMP2,TIMP1,997
MMP2,TNC,514
MMP2,VCAM1,640
MMP2,VCAN,505
MMP2,VIM,546
MMP2,VWF,483
MMP2,WASF2,415
MMP2,YWHAZ,507
MMP9,MPO,969
MMP9,NCAM1,631
MMP9,NID1,644
MMP9,NOTCH2,410
MMP9,NOTCH3,432
MMP9,NRP1,598
MMP9,ORM1,551
MMP9,ORM2,487
MMP9,PDGFRB,698
MMP9,PDIA3,450
MMP9,PECAM1,743
MMP9,PF4,472
MMP9,PLG,829
MMP9,POSTN,692
MMP9,PPBP,440
MMP9,PRDX2,519
MMP9,PTPRC,711
MMP9,PTX3,441
MMP9,PZP,457
MMP9,RAC2,414
MMP9,RECK,758
MMP9,RETN,621
MMP9,RHOA,763
MMP9,RHOC,468
MMP9,S100A4,606
MMP9,S100A8,493
MMP9,S100A9,516
MMP9,SAA1,702
MMP9,SAA2,511
MMP9,SDC1,968
MMP9,SELL,484
MMP9,SELP,601
MMP9,SERPINA1,561
MMP9,SERPINE1,801
MMP9,SERPINF1,407
MMP9,SLC2A1,406
MMP9,SOD2,448
MMP9,SPARC,663
MMP9,SPP1,947
MMP9,SPTAN1,430
MMP9,SRC,970
MMP9,SRGN,654
MMP9,SYK,444
MMP9,TGFB1,968
MMP9,TGFBI,738
MMP9,THBS1,997
MMP9,THBS2,968
MMP9,TIMP1,999
MMP9,TPM4,425
MMP9,TYMP,432
MMP9,UTRN,424
MMP9,VCAM1,748
MMP9,VCAN,783
MMP9,VCL,403
MMP9,VIM,709
MMP9,VTN,741
MMP9,VWF,805
MMRN1,NID1,576
MMRN1,SELP,657
MMRN1,SERPINE1,484
MMRN1,TGFB1,476
MMRN1,THBS1,491
MMRN1,VTN,738
MMRN1,VWF,720
MMRN2,PTPRB,528
MPIG6B,PTPN6,807
MPIG6B,PTPRJ,412
MPIG6B,SYK,653
MPIG6B,TREML1,644
MPO,MSN,478
MPO,NCAM1,609
MPO,PECAM1,532
MPO,PF4,500
MPO,PLG,464
MPO,PON1,774
MPO,PPBP,443
MPO,PRG2,519
MPO,PTPRC,685
MPO,PTX3,701
MPO,RAC2,404
MPO,RETN,757
MPO,S100A8,552
MPO,S100A9,667
MPO,SDC1,475
MPO,SELL,546
MPO,SELP,675
MPO,SERPINA1,753
MPO,SERPINB1,698
MPO,SERPINE1,685
MPO,SOD2,407
MPO,SPN,614
MPO,TFRC,406
MPO,TGFB1,519
MPO,TIMP1,515
MPO,VCAM1,621
MPO,VWF,580
MPP1,MSN,589
MPP1,MYH9,513
MPP1,SPTAN1,578
MPP1,SPTBN1,612
MPP1,SRC,429
MPP1,TWF2,808
MPST,SELENBP1,854
MPST,TPI1,432
MPST,UBA1,407
MPST,UBA5,409
MPST,UBA7,406
MPST,VAPB,473
MSN,MYH9,941
MSN,PECAM1,570
MSN,PFN1,523
MSN,PLEC,551
MSN,PLEK,749
MSN,PODXL,576
MSN,PPP1CB,543
MSN,PPP1R12A,580
MSN,PRKAR1A,537
MSN,RAC2,488
MSN,RHOA,899
MSN,RHOC,450
MSN,RHOG,411
MSN,ROCK2,698
MSN,SDCBP,430
MSN,SEC31A,631
MSN,SELL,863
MSN,SPN,970
MSN,SPP1,536
MSN,SPTAN1,688
MSN,SPTBN1,654
MSN,SRC,748
MSN,SRGN,553
MSN,STK24,461
MSN,STRN,574
MSN,SYK,745
MSN,TAGLN2,472
MSN,TKT,439
MSN,TLN1,718
MSN,TPM3,647
MSN,TPM4,655
MSN,TSG101,547
MSN,TWF2,620
MSN,VASP,802
MSN,VCAM1,982
MSN,VCAN,435
MSN,VCL,951
MSN,VIM,484
MSN,WAS,601
MSN,WASF2,401
MSN,WDR1,476
MSRA,P4HB,479
MSRA,PDIA3,479
MSRA,PDIA4,480
MSRA,PDIA5,482
MSRA,PDIA6,479
MSRA,PRDX5,412
MSRA,SOD2,546
MSRA,SOD3,409
MSRA,TMX1,483
MSRA,TXNDC5,480
MST1,VWF,501
MT-CO2,NDUFA2,813
MT-CO2,NDUFA4,996
MT-CO2,NDUFA5,818
MT-CO2,NDUFA7,602
MT-CO2,NDUFB11,816
MT-CO2,NDUFS3,987
MT-CO2,NDUFS8,972
MT-CO2,PDHB,541
MT-CO2,RPLP0,438
MT-CO2,SOD2,562
MT-CO2,SOD3,489
MT-CO2,SSR4,425
MT-CO2,TMX1,409
MT-CO2,TYMP,416
MT-CO2,UQCRB,992
MT-CO2,UQCRC1,979
MT-CO2,UQCRC2,999
MT-CO2,UQCRFS1,999
MT-CO2,UQCRH,956
MT-CO2,VDAC1,811
MT-CO2,VDAC2,462
MT-CO2,VDAC3,533
MTDH,SND1,999
MTPN,SYTL4,442
MTPN,TWF2,443
MTURN,SH3BGRL2,617
MYCBP,PRKAR2B,445
MYDGF,P4HB,491
MYDGF,SSR4,695
MYDGF,TMED9,607
MYH9,MYL6,998
MYH9,MYL9,990
MYH9,MYLK,770
MYH9,PDLIM7,405
MYH9,PFN1,557
MYH9,PGK1,486
MYH9,PLEC,572
MYH9,PPP1CB,625
MYH9,PPP1R12A,707
MYH9,RAB6A,565
MYH9,RALA,570
MYH9,RHOA,745
MYH9,RHOC,601
MYH9,ROCK2,652
MYH9,S100A4,997
MYH9,SEPTIN7,538
MYH9,SHROOM3,465
MYH9,SNAP23,492
MYH9,SPTAN1,848
MYH9,SPTBN1,671
MYH9,SRC,646
MYH9,SYTL4,459
MYH9,TAGLN2,451
MYH9,TLN1,848
MYH9,TPM1,765
MYH9,TPM2,775
MYH9,TPM3,690
MYH9,TPM4,882
MYH9,TUBA4A,628
MYH9,TUBB,510
MYH9,TWF2,617
MYH9,UTRN,426
MYH9,VCL,638
MYH9,VIM,441
MYH9,WAS,671
MYH9,WDR1,770
MYH9,WIPF1,407
MYH9,YWHAZ,415
MYH9,ZYX,585
MYL6,MYL9,986
MYL6,MYLK,939
MYL6,PPP1CA,921
MYL6,PPP1CB,946
MYL6,PPP1R12A,932
MYL6,RHOA,739
MYL6,RHOC,651
MYL6,ROCK2,612
MYL6,SRC,575
MYL6,TAGLN2,513
MYL6,TLN1,751
MYL6,TMSB4X,497
MYL6,TPI1,416
MYL6,TPM1,765
MYL6,TPM2,819
MYL6,TPM3,829
MYL6,TPM4,782
MYL6,TPT1,505
MYL6,TUBA1A,471
MYL6,TUBA1C,484
MYL6,TUBA8,402
MYL6,VCL,677
MYL6,WDR1,453
MYL6,YWHAZ,503
MYL9,MYLK,989
MYL9,PDGFRB,408
MYL9,PPP1CA,921
MYL9,PPP1CB,974
MYL9,PPP1R12A,982
MYL9,RHOA,828
MYL9,RHOC,720
MYL9,ROCK2,951
MYL9,SPARC,453
MYL9,SRC,695
MYL9,TAGLN2,678
MYL9,TLN1,691
MYL9,TPM1,840
MYL9,TPM2,866
MYL9,TPM3,698
MYL9,TPM4,763
MYL9,VCL,749
MYLK,PPP1CB,692
MYLK,PPP1R12A,739
MYLK,SKP1,409
MYLK,TLN1,642
MYLK,TPM1,857
MYLK,TPM2,820
MYLK,TPM3,750
MYLK,TPM4,707
MYLK,VCL,814
NACA,PTGES3,668
NACA,PTMA,428
NACA,RPL22,900
NACA,RPLP0,984
NACA,RPLP1,747
NACA,RPLP2,557
NACA,RPS12,914
NACA,SUMO2,565
NACA,TPT1,782
NACA,TUBB,820
NAP1L1,NAP1L4,927
NAP1L1,OLA1,422
NAP1L1,SUMO2,472
NAP1L1,UBE2O,973
NAP1L4,TGM1,449
NAPA,NAPG,998
NAPA,PTTG1IP,440
NAPA,RAB1A,676
NAPA,RAB1B,699
NAPA,RAB5C,605
NAPA,RAB6A,616
NAPA,RAB6B,516
NAPA,SEC13,467
NAPA,SEC22B,985
NAPA,SERPINA1,516
NAPA,SNAP23,990
NAPA,SNAP29,983
NAPA,SNAPIN,675
NAPA,SNX2,522
NAPA,SPTA1,499
NAPA,SPTAN1,504
NAPA,SPTB,552
NAPA,SPTBN1,526
NAPA,STIM1,581
NAPA,STX11,887
NAPA,STX12,985
NAPA,STX4,982
NAPA,STX7,991
NAPA,STXBP2,487
NAPA,TFRC,553
NAPA,TGOLN2,629
NAPA,TMED10,565
NAPA,TMED2,552
NAPA,TMED9,524
NAPA,TRAPPC3,751
NAPA,TXNDC5,818
NAPA,VAMP3,974
NAPA,VAMP7,966
NAPA,VAMP8,980
NAPA,VCP,608
NAPG,RAB1A,585
NAPG,RAB1B,559
NAPG,RAB6A,577
NAPG,RAB6B,540
NAPG,SEC22B,851
NAPG,SERPINA1,499
NAPG,SNAP23,666
NAPG,SNAP29,820
NAPG,SPTA1,499
NAPG,SPTAN1,504
NAPG,SPTB,501
NAPG,SPTBN1,506
NAPG,STX11,585
NAPG,STX12,951
NAPG,STX4,871
NAPG,STX7,947
NAPG,TGOLN2,506
NAPG,TMED10,513
NAPG,TMED2,553
NAPG,TMED9,570
NAPG,UBE2O,402
NAPG,VAMP3,786
NAPG,VAMP7,812
NAPG,VAMP8,839
NCAM1,NRAS,689
NCAM1,NRP1,479
NCAM1,NTRK2,693
NCAM1,PDGFRB,431
NCAM1,PECAM1,607
NCAM1,PODXL,465
NCAM1,PRKCB,425
NCAM1,PRNP,995
NCAM1,PTPRB,590
NCAM1,PTPRC,875
NCAM1,PVR,624
NCAM1,SDC1,842
NCAM1,SELL,794
NCAM1,SHMT2,591
NCAM1,SPN,643
NCAM1,SPTA1,427
NCAM1,SPTAN1,481
NCAM1,SPTB,588
NCAM1,SPTBN1,443
NCAM1,SRC,601
NCAM1,STIP1,517
NCAM1,TFRC,720
NCAM1,TGFB1,468
NCAM1,TIMP1,526
NCAM1,TNC,483
NCAM1,VCAM1,802
NCAM1,VIM,443
NCCRP1,SKP1,409
NCK2,NTRK2,400
NCK2,PARVB,652
NCK2,PDGFRB,842
NCK2,PFN1,532
NCK2,RAC2,915
NCK2,RTN4,443
NCK2,SEPTIN7,464
NCK2,SKAP2,606
NCK2,SRC,735
NCK2,TJP2,516
NCK2,WAS,882
NCK2,WASF2,671
NCK2,WIPF1,977
NCSTN,NOTCH2,840
NCSTN,NOTCH3,817
NCSTN,PROS1,400
NCSTN,SORL1,453
NCSTN,TGOLN2,445
NCSTN,TMED10,997
NCSTN,TMED2,570
NCSTN,VASN,605
NDUFA2,NDUFA4,999
NDUFA2,NDUFA5,999
NDUFA2,NDUFA7,999
NDUFA2,NDUFB11,999
NDUFA2,NDUFS3,999
NDUFA2,NDUFS8,999
NDUFA2,PARK7,455
NDUFA2,PDHB,466
NDUFA2,PRDX5,403
NDUFA2,RAB5C,425
NDUFA2,SLC25A3,626
NDUFA2,SNCA,660
NDUFA2,UQCRB,997
NDUFA2,UQCRC1,992
NDUFA2,UQCRC2,974
NDUFA2,UQCRFS1,998
NDUFA2,UQCRH,996
NDUFA2,VDAC3,503
NDUFA4,NDUFA5,995
NDUFA4,NDUFA7,993
NDUFA4,NDUFB11,987
NDUFA4,NDUFS3,989
NDUFA4,NDUFS8,989
NDUFA4,PARK7,777
NDUFA4,PDHB,513
NDUFA4,PEBP1,420
NDUFA4,PFDN5,467
NDUFA4,PSMA6,492
NDUFA4,RAB5C,451
NDUFA4,RBX1,489
NDUFA4,SLC25A3,668
NDUFA4,SNCA,676
NDUFA4,UQCRB,941
NDUFA4,UQCRC1,890
NDUFA4,UQCRC2,980
NDUFA4,UQCRFS1,976
NDUFA4,UQCRH,926
NDUFA5,NDUFA7,999
NDUFA5,NDUFB11,999
NDUFA5,NDUFS3,999
NDUFA5,NDUFS8,999
NDUFA5,PDHB,695
NDUFA5,PRDX3,453
NDUFA5,RHOG,570
NDUFA5,SNCA,668
NDUFA5,SSBP1,646
NDUFA5,UQCRB,999
NDUFA5,UQCRC1,992
NDUFA5,UQCRC2,990
NDUFA5,UQCRFS1,999
NDUFA5,UQCRH,999
NDUFA5,VBP1,415
NDUFA5,VDAC1,516
NDUFA5,VDAC2,433
NDUFA7,NDUFB11,999
NDUFA7,NDUFS3,999
NDUFA7,NDUFS8,999
NDUFA7,SCP2,424
NDUFA7,SNCA,658
NDUFA7,UQCRB,957
NDUFA7,UQCRC1,950
NDUFA7,UQCRC2,944
NDUFA7,UQCRFS1,929
NDUFA7,UQCRH,971
NDUFB11,NDUFS3,999
NDUFB11,NDUFS8,999
NDUFB11,PDHB,458
NDUFB11,PRDX3,411
NDUFB11,PSMB6,400
NDUFB11,SSR4,530
NDUFB11,TMX1,516
NDUFB11,UQCRB,953
NDUFB11,UQCRC1,940
NDUFB11,UQCRC2,922
NDUFB11,UQCRFS1,932
NDUFB11,UQCRH,960
NDUFS3,NDUFS8,999
NDUFS3,NME1,707
NDUFS3,PARK7,664
NDUFS3,PDHB,823
NDUFS3,POSTN,429
NDUFS3,PPA2,531
NDUFS3,PPIB,554
NDUFS3,PPIC,548
NDUFS3,PRDX3,491
NDUFS3,PSMB6,478
NDUFS3,PSMC3,472
NDUFS3,RAB1A,401
NDUFS3,RHOG,574
NDUFS3,SHMT2,400
NDUFS3,SLC25A3,467
NDUFS3,SNCA,725
NDUFS3,SOD2,705
NDUFS3,SSBP1,553
NDUFS3,STOML2,611
NDUFS3,TGFBI,429
NDUFS3,TPI1,531
NDUFS3,UQCRB,997
NDUFS3,UQCRC1,995
NDUFS3,UQCRC2,995
NDUFS3,UQCRFS1,999
NDUFS3,UQCRH,988
NDUFS3,VCP,433
NDUFS3,VDAC1,763
NDUFS3,VDAC2,534
NDUFS3,VDAC3,567
NDUFS8,PARK7,422
NDUFS8,PDHB,684
NDUFS8,PKM,548
NDUFS8,POSTN,526
NDUFS8,PPA2,704
NDUFS8,PPIB,579
NDUFS8,PPIC,562
NDUFS8,PPIF,402
NDUFS8,PRDX2,416
NDUFS8,PRDX3,454
NDUFS8,RAB1A,440
NDUFS8,RAB1B,440
NDUFS8,SLC25A3,614
NDUFS8,SNCA,669
NDUFS8,TGFBI,527
NDUFS8,TPI1,675
NDUFS8,UQCRB,998
NDUFS8,UQCRC1,998
NDUFS8,UQCRC2,988
NDUFS8,UQCRFS1,999
NDUFS8,UQCRH,994
NDUFS8,VDAC1,413
NEXN,PPP1CB,493
NEXN,TPM1,694
NEXN,VCL,773
NID1,NID2,916
NID1,PDGFRB,550
NID1,POSTN,475
NID1,PTPRF,452
NID1,SDC1,494
NID1,SERPING1,552
NID1,SPARC,815
NID1,TGFB1,570
NID1,THBS1,511
NID1,TNC,480
NID1,UTRN,488
NID1,VTN,996
NID1,VWF,569
NID2,PDGFRB,421
NID2,POSTN,490
NID2,SPARC,445
NID2,THBS2,405
NID2,TIMP1,458
NID2,TNC,416
NME1,NME2,995
NME1,PARK7,534
NME1,PEBP1,539
NME1,PGAM1,435
NME1,PKM,923
NME1,PRDX2,440
NME1,PRDX4,456
NME1,PRDX5,510
NME1,PRDX6,498
NME1,PRUNE1,942
NME1,PSMA5,411
NME1,RAN,576
NME1,RP2,583
NME1,RPLP0,429
NME1,SSBP1,400
NME1,STRAP,897
NME1,TPI1,592
NME1,TTR,481
NME1,TUBA8,493
NME1,TWSG1,407
NME2,PEBP1,525
NME2,PFDN2,473
NME2,PFDN5,461
NME2,PFDN6,421
NME2,PKM,925
NME2,PRDX6,467
NME2,PRUNE1,498
NME2,PSMA1,524
NME2,PSMA2,506
NME2,PSMA3,599
NME2,PSMA4,487
NME2,PSMA5,642
NME2,PSMA6,700
NME2,PSMA7,550
NME2,PSMD4,453
NME2,RAN,540
NME2,RP2,571
NME2,RPLP0,632
NME2,RPLP2,520
NME2,RPS12,480
NME2,SLC25A3,409
NME2,STIP1,639
NME2,STRAP,560
NME2,TAGLN2,401
NME2,TCP1,575
NME2,TKT,417
NME2,TPI1,565
NME2,VBP1,439
NME2,VDAC1,444
NME2,VIM,450
NOTCH2,NOTCH3,777
NOTCH2,NRAS,518
NOTCH2,PECAM1,439
NOTCH2,PTPRC,465
NOTCH2,RAB6A,421
NOTCH2,RHOA,408
NOTCH2,SDC1,534
NOTCH2,SRC,415
NOTCH2,TGFB1,644
NOTCH2,TMED2,460
NOTCH3,PDGFRB,764
NOTCH3,PECAM1,489
NOTCH3,RAB6A,421
NOTCH3,SEPTIN7,512
NOTCH3,SRC,404
NOTCH3,TGFB1,466
NOTCH3,THBS2,562
NOTCH3,TMED2,444
NOTCH3,VCL,419
NPEPPS,XPNPEP1,467
NPEPPS,YWHAQ,466
NRAS,NTRK2,667
NRAS,PDGFRB,959
NRAS,PEBP1,643
NRAS,PPP2R1A,604
NRAS,PRKAR1A,473
NRAS,PRKCB,918
NRAS,PTPRC,415
NRAS,PTPRF,433
NRAS,RAB21,524
NRAS,RAB27A,511
NRAS,RAB6A,567
NRAS,RAB8A,446
NRAS,RALA,663
NRAS,RALB,532
NRAS,RAP1A,706
NRAS,RAP1B,573
NRAS,RASGRP2,954
NRAS,RHOG,495
NRAS,ROCK2,403
NRAS,SLC3A2,577
NRAS,SND1,464
NRAS,SPTA1,621
NRAS,SPTAN1,580
NRAS,SPTB,499
NRAS,SPTBN1,580
NRAS,SRC,970
NRAS,SYK,933
NRAS,TFRC,428
NRAS,TLN1,552
NRAS,VAMP3,445
NRAS,VCL,634
NRAS,VWF,541
NRAS,YWHAB,754
NRAS,YWHAE,505
NRAS,YWHAG,494
NRAS,YWHAH,484
NRAS,YWHAQ,479
NRAS,YWHAZ,502
NRBP1,NSFL1C,455
NRP1,NRP2,967
NRP1,PDGFC,803
NRP1,PDGFRB,449
NRP1,PECAM1,543
NRP1,PF4,476
NRP1,PF4V1,441
NRP1,PLXNA4,999
NRP1,PLXNB1,943
NRP1,PLXNB2,735
NRP1,PTPRC,469
NRP1,RGS19,451
NRP1,RRAS,602
NRP1,SDC4,453
NRP1,SELL,415
NRP1,SLC2A1,819
NRP1,SRC,592
NRP1,TFRC,540
NRP1,TGFB1,944
NRP1,TGFBR3,422
NRP1,THBS1,601
NRP1,TLN1,575
NRP2,PDGFRB,485
NRP2,PF4,444
NRP2,PF4V1,446
NRP2,PLXNA4,993
NRP2,PLXNB1,856
NRP2,PLXNB2,657
NRP2,SDC1,497
NRP2,SEMA4B,492
NSFL1C,PPP1R7,611
NSFL1C,PSMB2,465
NSFL1C,PSMC1,769
NSFL1C,PSMC2,405
NSFL1C,PSMC3,450
NSFL1C,PSMC5,697
NSFL1C,PSMC6,406
NSFL1C,PSMD4,469
NSFL1C,PSMD7,627
NSFL1C,PSMD8,403
NSFL1C,RAB7A,486
NSFL1C,ROCK2,419
NSFL1C,SLK,430
NSFL1C,STOM,409
NSFL1C,SVIP,928
NSFL1C,TFRC,419
NSFL1C,VAMP3,435
NSFL1C,VCP,999
NSFL1C,YOD1,900
NTRK2,PDGFC,802
NTRK2,PDGFRB,500
NTRK2,PLXNB1,453
NTRK2,PTPRF,700
NTRK2,RAB27A,515
NTRK2,RAB27B,415
NTRK2,RHOA,510
NTRK2,SNAPIN,455
NTRK2,SNCA,592
NTRK2,SPARCL1,435
NTRK2,SRC,786
NTRK2,TGFB1,581
NTRK2,TPM3,420
NUCB1,NUCB2,458
NUCB1,PRKCSH,490
NUCB1,SDF4,526
NUCB2,SEPTIN7,474
NUTF2,PLIN3,451
NUTF2,PSMA2,434
NUTF2,PSMB2,552
NUTF2,PSMB3,416
NUTF2,RAN,999
NUTF2,RANBP1,928
NUTF2,SEC13,465
NUTF2,SRGN,418
NUTF2,TNPO1,757
OGN,OMD,946
OGN,PCOLCE,474
OGN,PLIN1,502
OGN,POSTN,581
OGN,SPARC,476
OGN,SPP1,434
OGN,SRC,507
OGN,THBS1,606
OGN,THBS4,480
OGN,VCAN,729
OLA1,PRPS1,418
OLA1,PSMA2,402
OLA1,PSMD14,488
OLA1,ST13,503
OLA1,TCP1,440
OLA1,TSN,625
OLA1,WARS1,465
OMD,PODN,478
OMD,POSTN,430
OMD,SPARC,660
OMD,SPP1,428
OMD,THBS4,421
OMD,TNC,400
ORM1,ORM2,999
ORM1,PF4,422
ORM1,PIGR,564
ORM1,PLG,407
ORM1,PON1,628
ORM1,PPBP,532
ORM1,PRDX2,499
ORM1,PTGDS,723
ORM1,QSOX1,507
ORM1,S100A9,403
ORM1,SAA1,717
ORM1,SAA2,558
ORM1,SAA4,616
ORM1,SBSN,446
ORM1,SERPINA1,979
ORM1,SERPINA3,918
ORM1,SERPINA6,489
ORM1,SERPINA7,553
ORM1,SERPIND1,435
ORM1,SERPINE1,795
ORM1,SERPINF2,462
ORM1,SERPING1,428
ORM1,SPP1,532
ORM1,TFRC,616
ORM1,TTR,850
ORM1,VTN,426
ORM2,PF4,412
ORM2,PRDX2,471
ORM2,QSOX1,491
ORM2,SAA1,698
ORM2,SAA2,695
ORM2,SAA4,589
ORM2,SBSN,415
ORM2,SERPINA1,972
ORM2,SERPINA3,903
ORM2,SERPINA6,657
ORM2,SERPINA7,564
ORM2,SERPIND1,459
ORM2,SERPINE1,545
ORM2,SERPINF2,613
ORM2,SERPING1,408
ORM2,TFRC,628
ORM2,TTR,856
OSTF1,RP2,435
OSTF1,SRC,644
OTUB1,PARK7,438
OTUB1,PSMA2,452
OTUB1,PSMA6,411
OTUB1,PSMB2,463
OTUB1,PSMB3,408
OTUB1,PSMD14,596
OTUB1,PSMD4,415
OTUB1,RHOA,701
OTUB1,RNF11,484
OTUB1,SLC3A2,622
OTUB1,SUMO2,508
OTUB1,TBCB,447
OTUB1,TPT1,537
OTUB1,TUBB4B,428
OTUB1,UBA1,733
OTUB1,UBE2N,999
OTUB1,UBE2V1,608
OTUB1,UCHL3,731
OTUB1,USP15,722
OTUB1,USP47,568
OTUB1,USP5,713
OTUB1,VCP,660
OTUB1,YOD1,682
OTUB1,YWHAB,523
P3H1,P4HB,875
P3H1,PCOLCE,436
P3H1,PPIB,999
P3H1,SERPINF1,700
P4HB,PARK7,526
P4HB,PDIA3,817
P4HB,PDIA4,799
P4HB,PDIA5,424
P4HB,PDIA6,914
P4HB,PGAM1,527
P4HB,PGD,420
P4HB,PKM,402
P4HB,PPIB,966
P4HB,PPIC,409
P4HB,PRDX2,530
P4HB,PRDX4,716
P4HB,PRDX5,503
P4HB,PRDX6,447
P4HB,PRKCSH,792
P4HB,RCN1,492
P4HB,SHMT2,509
P4HB,SND1,528
P4HB,TCP1,564
P4HB,TGOLN2,487
P4HB,TKT,488
P4HB,TMED2,458
P4HB,TMED9,499
P4HB,TPI1,454
P4HB,TUBA4A,413
P4HB,TUBB,532
P4HB,TUBB4B,540
P4HB,TXNDC5,590
P4HB,TXNL1,443
P4HB,UBA1,488
P4HB,UQCRC1,487
P4HB,UQCRC2,490
P4HB,VCP,892
P4HB,VWF,445
P4HB,YWHAB,667
PACSIN2,RAB6A,420
PACSIN2,RHOA,580
PACSIN2,SH3GL1,429
PACSIN2,WAS,562
PACSIN2,WIPF1,423
PAFAH1B2,RHOA,411
PAM,PDCD6IP,460
PAM,SERPINA6,420
PARK7,PDHB,654
PARK7,PDIA6,584
PARK7,PEBP1,574
PARK7,PFN1,405
PARK7,PGAM1,547
PARK7,PGK1,468
PARK7,PLIN3,443
PARK7,PPIB,546
PARK7,PPP2R1A,430
PARK7,PRDX2,867
PARK7,PRDX3,746
PARK7,PRDX4,507
PARK7,PRDX5,772
PARK7,PRDX6,709
PARK7,PRNP,609
PARK7,PSMA5,404
PARK7,PSMA6,441
PARK7,PSMA7,550
PARK7,PSMB1,438
PARK7,PSMB3,413
PARK7,PSMB4,458
PARK7,PSMB5,525
PARK7,PSMB6,463
PARK7,PSMC3,435
PARK7,PSMC5,461
PARK7,SLC25A3,562
PARK7,SNCA,994
PARK7,SOD2,923
PARK7,SOD3,901
PARK7,SORL1,508
PARK7,STRN,683
PARK7,SYK,447
PARK7,TALDO1,460
PARK7,THBS1,437
PARK7,TKT,504
PARK7,TNPO1,475
PARK7,TPI1,694
PARK7,TPM3,425
PARK7,TSG101,515
PARK7,UBE2N,634
PARK7,UBE2V1,588
PARK7,UQCRC1,408
PARK7,VAMP3,438
PARK7,VCP,772
PARK7,VDAC1,934
PARK7,VDAC2,471
PARK7,VPS37B,400
PARK7,YWHAB,401
PARK7,YWHAQ,514
PARK7,YWHAZ,432
PARVB,PLEK,540
PARVB,RSU1,981
PARVB,SPARC,484
PARVB,TLN1,913
PARVB,TMSB4X,467
PARVB,VASP,564
PARVB,VCL,864
PARVB,ZYX,609
PCBP1,PCBP2,998
PCBP1,PFDN1,435
PCBP1,PFDN5,485
PCBP1,PFDN6,430
PCBP1,PKM,796
PCBP1,PSMA1,500
PCBP1,PSMA2,531
PCBP1,PSMA3,597
PCBP1,PSMA4,452
PCBP1,PSMA5,416
PCBP1,PSMA6,505
PCBP1,PSMA7,473
PCBP1,RBPMS2,552
PCBP1,RPLP0,471
PCBP1,RPLP2,535
PCBP1,RUVBL1,536
PCBP1,RUVBL2,505
PCBP1,SKP1,443
PCBP1,STIP1,425
PCBP1,TNPO1,437
PCBP1,YWHAE,587
PCBP2,PFDN1,428
PCBP2,PFDN2,412
PCBP2,PFDN5,547
PCBP2,PFDN6,434
PCBP2,PLP2,405
PCBP2,PSMA1,509
PCBP2,PSMA2,532
PCBP2,PSMA3,549
PCBP2,PSMA4,461
PCBP2,PSMA6,474
PCBP2,PSMA7,651
PCBP2,RPLP2,537
PCBP2,RUVBL1,487
PCBP2,STIP1,500
PCBP2,VBP1,435
PCBP2,VCAM1,411
PCBP2,VCP,539
PCBP2,WDR77,531
PCMT1,PFDN4,404
PCMT1,RAN,485
PCMT1,RPIA,621
PCMT1,VBP1,535
PCMT1,VDAC2,429
PCMT1,VDAC3,538
PCOLCE,POSTN,438
PCOLCE,SERPINA1,401
PCOLCE,SPARC,508
PCOLCE,TGFBI,447
PCOLCE,THBS1,774
PCOLCE,THBS2,415
PCOLCE,TIMP1,400
PCOLCE,TNXB,427
PCSK9,PF4,455
PCSK9,PLTP,422
PCSK9,RHOC,832
PCSK9,SRC,409
PCSK9,TTR,428
PCSK9,VAPB,402
PCYOX1,PLTP,831
PCYOX1,PON1,873
PCYOX1,PON3,562
PCYOX1,SAA1,651
PCYOX1,SAA2,645
PCYOX1,SAA4,667
PDCD10,PPP2R1A,998
PDCD10,RAP1A,739
PDCD10,RAP1B,440
PDCD10,RHOA,729
PDCD10,ROCK2,709
PDCD10,SERPINI1,559
PDCD10,STK24,999
PDCD10,STRN,999
PDCD6,PDCD6IP,999
PDCD6,PLTP,648
PDCD6,RBX1,737
PDCD6,SAR1A,924
PDCD6,SDCBP,539
PDCD6,SEC13,963
PDCD6,SEC31A,999
PDCD6,SH3GL1,542
PDCD6,SRI,506
PDCD6,TSG101,991
PDCD6,VCP,442
PDCD6,VPS4A,673
PDCD6,VPS4B,857
PDCD6,VTA1,456
PDCD6IP,PFN1,427
PDCD6IP,RAB27A,524
PDCD6IP,RAB27B,459
PDCD6IP,RAB7A,403
PDCD6IP,SDC1,881
PDCD6IP,SDCBP,998
PDCD6IP,SH3GL1,922
PDCD6IP,SRC,762
PDCD6IP,SRI,607
PDCD6IP,TSG101,999
PDCD6IP,TUBB,629
PDCD6IP,TUBB1,419
PDCD6IP,VCP,441
PDCD6IP,VPS37B,697
PDCD6IP,VPS4A,963
PDCD6IP,VPS4B,987
PDCD6IP,VTA1,902
PDE3A,PDE5A,426
PDE3A,PLEC,582
PDE3A,PRKAR1A,583
PDE5A,RHOA,506
PDE5A,VASP,544
PDGFC,PDGFRB,999
PDGFC,PECAM1,408
PDGFC,PLG,582
PDGFC,SERPINF1,412
PDGFC,TGFB1,617
PDGFC,THBS1,419
PDGFC,TIMP1,517
PDGFRB,PECAM1,785
PDGFRB,POSTN,616
PDGFRB,PTPN12,798
PDGFRB,PTPN6,653
PDGFRB,PTPRC,696
PDGFRB,PTPRG,467
PDGFRB,PTPRJ,533
PDGFRB,RHOA,424
PDGFRB,S100A4,550
PDGFRB,SDC4,513
PDGFRB,SERPINE1,405
PDGFRB,SERPINF1,472
PDGFRB,SPARC,469
PDGFRB,SPP1,440
PDGFRB,SRC,999
PDGFRB,TGFB1,825
PDGFRB,TGFBR3,427
PDGFRB,THBS1,437
PDGFRB,THBS2,449
PDGFRB,TIMP1,453
PDGFRB,TPM2,480
PDGFRB,VCAM1,554
PDGFRB,VCL,578
PDGFRB,VIM,649
PDGFRB,VWF,605
PDHB,PGAM1,403
PDHB,PGK1,611
PDHB,PKM,983
PDHB,PLG,693
PDHB,PRDX3,561
PDHB,PRPS1,654
PDHB,PSMC5,412
PDHB,RAN,482
PDHB,RPIA,875
PDHB,SCP2,401
PDHB,SHMT2,456
PDHB,SLC25A3,436
PDHB,SOD2,418
PDHB,TALDO1,979
PDHB,TCP1,516
PDHB,TKT,913
PDHB,TPI1,681
PDHB,UQCRC1,826
PDHB,UQCRC2,905
PDHB,UQCRFS1,670
PDHB,UQCRH,461
PDHB,VDAC1,500
PDHB,VDAC3,480
PDHB,YWHAE,544
PDIA3,PDIA4,784
PDIA3,PDIA6,916
PDIA3,PFN1,404
PDIA3,PGAM1,496
PDIA3,PGD,406
PDIA3,PGK1,524
PDIA3,PPIB,834
PDIA3,PRDX2,566
PDIA3,PRDX3,496
PDIA3,PRDX4,718
PDIA3,PRDX5,465
PDIA3,PRDX6,565
PDIA3,PRKCSH,605
PDIA3,PRNP,415
PDIA3,PSMB10,528
PDIA3,PSMB5,415
PDIA3,PSMB8,556
PDIA3,PSMB9,506
PDIA3,PSME1,444
PDIA3,PTX3,435
PDIA3,RCN1,569
PDIA3,SNAP23,574
PDIA3,SND1,446
PDIA3,STIM1,892
PDIA3,TCP1,610
PDIA3,TKT,480
PDIA3,TPI1,645
PDIA3,TSN,713
PDIA3,TUBA1C,431
PDIA3,TUBB,541
PDIA3,TUBB1,413
PDIA3,TUBB4B,524
PDIA3,TXNDC5,556
PDIA3,VAMP3,540
PDIA3,VAMP8,549
PDIA3,VCP,644
PDIA3,VDAC1,604
PDIA3,VDAC2,425
PDIA4,PDIA5,570
PDIA4,PDIA6,893
PDIA4,PPIB,994
PDIA4,PRDX3,426
PDIA4,PRDX4,650
PDIA4,PRDX5,401
PDIA4,PRDX6,411
PDIA4,PRKCSH,557
PDIA4,RCN1,605
PDIA4,SDF4,591
PDIA4,SND1,490
PDIA4,TCP1,564
PDIA4,TKT,427
PDIA4,TMED10,487
PDIA4,TUBB,472
PDIA4,TUBB4B,629
PDIA4,TXNDC5,675
PDIA4,UBA1,430
PDIA4,VCP,669
PDIA4,YWHAB,409
PDIA4,YWHAE,581
PDIA4,YWHAG,406
PDIA4,YWHAQ,523
PDIA5,PDIA6,542
PDIA5,PRDX4,420
PDIA5,PRDX5,400
PDIA5,TXNDC5,514
PDIA6,PPIB,849
PDIA6,PRDX2,429
PDIA6,PRDX3,472
PDIA6,PRDX4,976
PDIA6,PRDX5,502
PDIA6,PRDX6,444
PDIA6,TMED10,642
PDIA6,TMED2,467
PDIA6,TMED9,407
PDIA6,TPI1,510
PDIA6,TUBB,404
PDIA6,TXNDC5,434
PDIA6,TXNL1,444
PDIA6,VCP,411
PDLIM1,PDLIM5,781
PDLIM1,PDLIM7,636
PDLIM1,RSU1,493
PDLIM1,SDC4,441
PDLIM1,TPM2,559
PDLIM1,TPM4,569
PDLIM1,VCL,706
PDLIM1,VWF,426
PDLIM1,ZYX,434
PDLIM5,PDLIM7,810
PDLIM5,PRKCB,565
PDLIM5,PSMB9,489
PDLIM5,RSU1,501
PDLIM5,TPM2,633
PDLIM5,VASP,511
PDLIM5,VCL,508
PDLIM5,VDAC1,512
PDLIM5,ZYX,459
PDLIM7,PLEC,503
PDLIM7,PSMB9,840
PDLIM7,TFRC,410
PDLIM7,TLN1,593
PDLIM7,TPM1,414
PDLIM7,TPM2,857
PDLIM7,TPM4,414
PDLIM7,TSG101,484
PDLIM7,VASP,527
PDLIM7,VCL,439
PDLIM7,ZYX,568
PEAR1,RGS18,421
PEAR1,SELP,512
PEAR1,SRC,478
PEAR1,SYK,458
PEAR1,TREML1,406
PEAR1,TUBB,436
PEAR1,TUBB1,544
PEBP1,PGAM1,592
PEBP1,PGK1,525
PEBP1,PKM,644
PEBP1,PRDX2,715
PEBP1,PRDX3,458
PEBP1,PRDX5,423
PEBP1,PRDX6,617
PEBP1,RAB6A,493
PEBP1,RAN,425
PEBP1,RAP1A,478
PEBP1,RAP1B,478
PEBP1,SDCBP,536
PEBP1,SND1,441
PEBP1,SOD2,665
PEBP1,SRC,561
PEBP1,TKT,476
PEBP1,TLN1,411
PEBP1,TPI1,562
PEBP1,UQCRH,408
PEBP1,VCL,423
PEBP1,VWF,438
PEBP1,YWHAB,756
PEBP1,YWHAE,517
PEBP1,YWHAG,482
PEBP1,YWHAZ,492
PECAM1,PF4,470
PECAM1,PLG,517
PECAM1,PLIN1,479
PECAM1,PODXL,528
PECAM1,POSTN,504
PECAM1,PPBP,455
PECAM1,PPP2R1A,630
PECAM1,PROCR,510
PECAM1,PSMA7,436
PECAM1,PTPN6,979
PECAM1,PTPRB,629
PECAM1,PTPRC,912
PECAM1,RHOA,484
PECAM1,S100A4,644
PECAM1,S100A9,450
PECAM1,SDC1,718
PECAM1,SDC4,632
PECAM1,SELL,797
PECAM1,SELP,908
PECAM1,SERPINE1,527
PECAM1,SLC2A1,512
PECAM1,SPARC,443
PECAM1,SPN,716
PECAM1,SPP1,595
PECAM1,SRC,948
PECAM1,SYK,587
PECAM1,SYTL4,417
PECAM1,TFRC,546
PECAM1,TGFB1,702
PECAM1,THBS1,628
PECAM1,THBS2,428
PECAM1,TIMP1,500
PECAM1,TSG101,424
PECAM1,TYMP,415
PECAM1,VCAM1,820
PECAM1,VCL,486
PECAM1,VIM,661
PECAM1,VTN,523
PECAM1,VWF,918
PEPD,PGD,409
PEPD,PGM1,434
PEPD,PRNP,491
PEPD,SELENOP,412
PEPD,SHMT2,600
PEPD,TPI1,608
PEPD,XPNPEP1,578
PF4,PF4V1,965
PF4,PLEK,482
PF4,PLG,581
PF4,PPBP,936
PF4,PRG4,460
PF4,PROC,662
PF4,PROCR,581
PF4,PTPRC,429
PF4,S100A9,428
PF4,SAA1,422
PF4,SAA2,412
PF4,SELP,921
PF4,SERPINA1,632
PF4,SERPIND1,670
PF4,SERPINE1,507
PF4,SERPINF1,481
PF4,SERPINF2,480
PF4,SRC,620
PF4,TFPI,455
PF4,TGFB1,665
PF4,THBS1,729
PF4,TIMP1,447
PF4,TMSB4X,510
PF4,TREML1,524
PF4,TUBB1,623
PF4,TYMP,501
PF4,VCAM1,479
PF4,VTN,627
PF4,VWF,932
PF4V1,PLG,730
PF4V1,PPBP,725
PF4V1,PROC,547
PF4V1,PROCR,522
PF4V1,SELP,901
PF4V1,SERPINA1,487
PF4V1,SERPIND1,433
PF4V1,SERPINE1,446
PF4V1,SERPINF1,438
PF4V1,SERPINF2,478
PF4V1,TFPI,456
PF4V1,TGFB1,570
PF4V1,THBS1,694
PF4V1,TMSB4X,451
PF4V1,TREML1,546
PF4V1,TUBB1,478
PF4V1,TYMP,498
PF4V1,VTN,598
PF4V1,VWF,851
PFDN1,PFDN2,999
PFDN1,PFDN4,999
PFDN1,PFDN5,999
PFDN1,PFDN6,999
PFDN1,PFN1,640
PFDN1,PSMA1,634
PFDN1,PSMA2,643
PFDN1,PSMA3,539
PFDN1,PSMA4,555
PFDN1,PSMA5,447
PFDN1,PSMA6,576
PFDN1,PSMA7,491
PFDN1,PSMB1,464
PFDN1,PSMB2,487
PFDN1,PSMB3,441
PFDN1,PSMB7,460
PFDN1,PSMD4,454
PFDN1,PSMD7,484
PFDN1,RPLP2,458
PFDN1,RUVBL1,541
PFDN1,RUVBL2,468
PFDN1,TCP1,988
PFDN1,TUBA1A,734
PFDN1,TUBA1C,604
PFDN1,TUBA4A,546
PFDN1,TUBB1,503
PFDN1,TUBB4B,643
PFDN1,VBP1,999
PFDN2,PFDN4,999
PFDN2,PFDN5,999
PFDN2,PFDN6,999
PFDN2,PFN1,617
PFDN2,PPP1CA,680
PFDN2,PSMA1,585
PFDN2,PSMA2,624
PFDN2,PSMA3,556
PFDN2,PSMA4,600
PFDN2,PSMA5,534
PFDN2,PSMA6,536
PFDN2,PSMA7,603
PFDN2,PSMB1,436
PFDN2,PSMB2,490
PFDN2,PSMB3,406
PFDN2,PSMB7,420
PFDN2,PSMC5,518
PFDN2,PSMD4,524
PFDN2,PTGES3,701
PFDN2,RPLP2,509
PFDN2,RUVBL1,977
PFDN2,RUVBL2,978
PFDN2,STIP1,739
PFDN2,TCP1,961
PFDN2,TNPO1,446
PFDN2,TUBA1A,693
PFDN2,TUBA1C,647
PFDN2,TUBA4A,758
PFDN2,TUBB1,528
PFDN2,TUBB4B,797
PFDN2,VBP1,999
PFDN2,YWHAE,595
PFDN4,PFDN5,999
PFDN4,PFDN6,999
PFDN4,PROCR,434
PFDN4,RUVBL1,786
PFDN4,RUVBL2,756
PFDN4,SERPING1,608
PFDN4,TCP1,947
PFDN4,TUBA1A,626
PFDN4,TUBA1C,630
PFDN4,TUBA4A,585
PFDN4,TUBB1,505
PFDN4,TUBB4B,588
PFDN4,VBP1,999
PFDN5,PFDN6,999
PFDN5,PSMA1,656
PFDN5,PSMA2,682
PFDN5,PSMA3,695
PFDN5,PSMA4,685
PFDN5,PSMA5,592
PFDN5,PSMA6,689
PFDN5,PSMA7,548
PFDN5,PSMB1,525
PFDN5,PSMB2,503
PFDN5,PSMB3,431
PFDN5,PSMB7,436
PFDN5,PSMC4,428
PFDN5,PSMD4,605
PFDN5,PSMD8,451
PFDN5,RBX1,557
PFDN5,RPL22,545
PFDN5,RPLP0,510
PFDN5,RPLP1,482
PFDN5,RPLP2,714
PFDN5,RPS12,464
PFDN5,RTRAF,449
PFDN5,RUVBL1,606
PFDN5,RUVBL2,485
PFDN5,STIP1,574
PFDN5,TCP1,979
PFDN5,TUBA1A,685
PFDN5,TUBA1C,631
PFDN5,TUBA4A,612
PFDN5,TUBB1,542
PFDN5,TUBB4B,659
PFDN5,VBP1,999
PFDN6,PPP1CA,770
PFDN6,PSMA1,686
PFDN6,PSMA2,663
PFDN6,PSMA3,680
PFDN6,PSMA4,668
PFDN6,PSMA5,534
PFDN6,PSMA6,667
PFDN6,PSMA7,556
PFDN6,PSMB1,529
PFDN6,PSMB2,529
PFDN6,PSMB3,526
PFDN6,PSMB6,448
PFDN6,PSMB7,478
PFDN6,PSMD4,517
PFDN6,PTGES3,715
PFDN6,RPLP2,464
PFDN6,RUVBL1,983
PFDN6,RUVBL2,977
PFDN6,STIP1,751
PFDN6,TCP1,975
PFDN6,TNPO1,440
PFDN6,TUBA1A,663
PFDN6,TUBA1C,641
PFDN6,TUBA4A,637
PFDN6,TUBB1,542
PFDN6,TUBB4B,663
PFDN6,VBP1,999
PFN1,PGK1,444
PFN1,PKM,528
PFN1,PLEK,401
PFN1,PPIB,558
PFN1,PPP1CA,466
PFN1,PRDX6,474
PFN1,RAB6A,479
PFN1,RAC2,548
PFN1,RALA,503
PFN1,RAP1A,561
PFN1,RHOA,939
PFN1,RHOC,891
PFN1,RHOG,450
PFN1,ROCK2,549
PFN1,RRAS,495
PFN1,SCP2,525
PFN1,SH3BGRL3,710
PFN1,SRC,641
PFN1,ST13,487
PFN1,SUMO2,511
PFN1,TAGLN2,711
PFN1,TLN1,662
PFN1,TMOD3,648
PFN1,TMSB4X,959
PFN1,TPI1,538
PFN1,TPM3,448
PFN1,TPM4,428
PFN1,TPT1,417
PFN1,TUBA1C,404
PFN1,TUBA4A,747
PFN1,TUBB,515
PFN1,TWF2,691
PFN1,VAPB,601
PFN1,VASP,999
PFN1,VCL,978
PFN1,VCP,814
PFN1,WAS,991
PFN1,WASF2,755
PFN1,WDR1,648
PFN1,WIPF1,900
PFN1,YWHAE,745
PFN1,YWHAG,573
PFN1,YWHAQ,456
PFN1,YWHAZ,640
PFN1,ZYX,748
PGAM1,PGD,616
PGAM1,PGK1,998
PGAM1,PGM1,627
PGAM1,PKM,975
PGAM1,PLG,512
PGAM1,PRDX2,512
PGAM1,PRDX3,749
PGAM1,PRDX4,425
PGAM1,PRDX6,480
PGAM1,PYGL,451
PGAM1,RAP1B,406
PGAM1,RPIA,486
PGAM1,RPLP0,401
PGAM1,SHMT2,525
PGAM1,SLC2A1,607
PGAM1,SOD2,422
PGAM1,TALDO1,924
PGAM1,TKT,929
PGAM1,TPI1,989
PGAM1,TPM3,402
PGAM1,TUBA1C,522
PGAM1,UBASH3B,854
PGAM1,UQCRC1,402
PGAM1,VDAC2,600
PGAM1,YWHAZ,644
PGD,PGK1,787
PGD,PGLS,992
PGD,PGM1,951
PGD,PKM,690
PGD,PNP,405
PGD,PRDX3,409
PGD,PYGB,468
PGD,PYGL,511
PGD,RPIA,995
PGD,SHMT2,647
PGD,TALDO1,986
PGD,TKT,975
PGD,TPI1,787
PGD,UCHL3,453
PGD,UGP2,424
PGK1,PGM1,644
PGK1,PKM,936
PGK1,PLEC,532
PGK1,PLG,770
PGK1,PPA2,529
PGK1,PPIB,483
PGK1,PRDX2,503
PGK1,PRDX3,465
PGK1,PRDX4,521
PGK1,PRDX5,432
PGK1,PRDX6,633
PGK1,PRPS1,491
PGK1,PSMA6,418
PGK1,PSMB2,458
PGK1,PSMC3,548
PGK1,PSMC4,601
PGK1,PSMC6,545
PGK1,PSMD14,444
PGK1,PYGB,575
PGK1,PYGL,681
PGK1,RAN,482
PGK1,RHOA,497
PGK1,RPIA,649
PGK1,RPLP0,664
PGK1,SHMT2,579
PGK1,SLC2A1,720
PGK1,SLC4A1,493
PGK1,SOD2,634
PGK1,STIP1,558
PGK1,SUMO2,555
PGK1,TALDO1,829
PGK1,TCP1,458
PGK1,TFRC,527
PGK1,TGFB1,491
PGK1,THBS3,401
PGK1,TKT,831
PGK1,TLN1,537
PGK1,TPI1,999
PGK1,TPM2,464
PGK1,TUBA1A,566
PGK1,TUBA1C,415
PGK1,TUBA4A,500
PGK1,TUBB,681
PGK1,TUBB4B,429
PGK1,UQCRC1,440
PGK1,UQCRC2,447
PGK1,VASP,794
PGK1,VCP,735
PGK1,VDAC1,586
PGK1,VDAC2,550
PGK1,VIM,521
PGK1,YWHAB,511
PGK1,YWHAE,532
PGK1,YWHAG,405
PGK1,YWHAQ,513
PGK1,YWHAZ,787
PGLS,PGM1,448
PGLS,PRDX6,425
PGLS,PRPS1,464
PGLS,RPIA,773
PGLS,SRC,452
PGLS,TALDO1,845
PGLS,TKT,766
PGLS,TPI1,656
PGLYRP2,SERPIND1,567
PGM1,PKM,524
PGM1,PRDX6,471
PGM1,PYGB,897
PGM1,PYGL,914
PGM1,RPIA,538
PGM1,SLC2A1,597
PGM1,TALDO1,815
PGM1,TKT,505
PGM1,TPI1,816
PGM1,UGP2,987
PGRMC1,PGRMC2,636
PGRMC1,PLG,471
PGRMC1,RAB5B,435
PGRMC1,TGOLN2,458
PGRMC2,RAC2,560
PGRMC2,RHOA,615
PGRMC2,RHOG,555
PGRMC2,VAPB,446
PGRMC2,VPS29,428
PIGR,PIP,477
PIGR,SELL,447
PIGR,SERPINA1,458
PIGR,SYK,494
PIGR,TFRC,625
PIGR,TPD52L2,412
PIP,S100A9,521
PIP,ZG16B,432
PIP4K2A,ROCK2,903
PIP4K2A,SERPINA4,450
PIP4K2A,TLN1,720
PIP4K2A,VCL,911
PITHD1,SLK,454
PITHD1,YWHAB,465
PKM,PRDX2,549
PKM,PRDX6,429
PKM,PRPS1,469
PKM,PSMC3,405
PKM,PSMC4,427
PKM,PYGB,557
PKM,PYGL,550
PKM,RPIA,494
PKM,RPLP0,751
PKM,RPS12,501
PKM,SHMT2,645
PKM,SLC2A1,814
PKM,SLC3A2,473
PKM,SOD2,550
PKM,SPP1,482
PKM,SRC,454
PKM,TALDO1,925
PKM,TKFC,423
PKM,TKT,951
PKM,TLN1,448
PKM,TPI1,963
PKM,TPM1,645
PKM,TPM2,681
PKM,TPM4,557
PKM,TUBB,447
PKM,TYMP,450
PKM,UQCRC1,442
PKM,UQCRFS1,424
PKM,VCL,506
PKM,VCP,575
PKM,VDAC1,488
PKM,VDAC3,556
PKM,WDR1,504
PKM,YWHAE,413
PKM,YWHAZ,542
PKP1,PLEC,722
PKP1,POF1B,440
PKP1,SERPINB12,473
PKP1,SERPINB3,436
PKP1,TGM1,734
PKP1,TGM3,466
PKP1,VIM,444
PKP1,YWHAG,540
PKP1,YWHAZ,499
PLBD1,VCAN,437
PLEC,SEPTIN7,461
PLEC,SPTA1,534
PLEC,SPTAN1,795
PLEC,SRC,611
PLEC,TGM1,501
PLEC,TLN1,706
PLEC,TWF2,424
PLEC,UTRN,554
PLEC,VCL,719
PLEC,VCP,578
PLEC,VIM,923
PLEK,PSMD4,551
PLEK,PTPN6,401
PLEK,PTPRC,563
PLEK,RAB21,496
PLEK,RAC2,732
PLEK,RAP1B,418
PLEK,RGS18,789
PLEK,RGS19,718
PLEK,RHEB,509
PLEK,RHOA,837
PLEK,RHOG,514
PLEK,ROCK2,445
PLEK,SELL,440
PLEK,SERPINA4,479
PLEK,SKAP2,569
PLEK,SPTB,442
PLEK,SPTBN1,533
PLEK,SRC,877
PLEK,SRGN,483
PLEK,STXBP2,423
PLEK,SYK,622
PLEK,TAGLN2,428
PLEK,TLN1,780
PLEK,TUBA4A,436
PLEK,VAPA,615
PLEK,VASP,648
PLEK,VCL,604
PLEK,VCP,476
PLEK,WAS,665
PLEK,WDR1,460
PLEK,WIPF1,415
PLG,PON1,651
PLG,PPBP,659
PLG,PRDX2,457
PLG,PRNP,594
PLG,PROC,512
PLG,PROCR,446
PLG,PROS1,639
PLG,PROZ,470
PLG,PTX3,407
PLG,RETN,505
PLG,RUVBL1,454
PLG,SAA4,425
PLG,SELP,602
PLG,SERPINA1,819
PLG,SERPINA10,734
PLG,SERPINA3,468
PLG,SERPINA4,589
PLG,SERPINA5,532
PLG,SERPINB3,614
PLG,SERPIND1,952
PLG,SERPINE1,989
PLG,SERPINF1,995
PLG,SERPINF2,999
PLG,SERPING1,684
PLG,SERPINI1,671
PLG,SPARC,532
PLG,SPP1,438
PLG,SPP2,455
PLG,SRC,482
PLG,TALDO1,447
PLG,TCP1,431
PLG,TFPI,815
PLG,TGFB1,623
PLG,THBS1,879
PLG,THBS2,754
PLG,TIMP1,743
PLG,TKT,457
PLG,TPI1,723
PLG,TTR,506
PLG,VCAM1,586
PLG,VDAC1,480
PLG,VTN,995
PLG,VWF,798
PLIN1,PLIN3,496
PLIN1,PPP1CA,476
PLIN1,PPP1CB,473
PLIN1,RAB18,528
PLIN1,RETN,594
PLIN1,SCP2,412
PLIN1,SLC2A1,483
PLIN3,PPP1CA,413
PLIN3,RAB18,748
PLIN3,RAB1A,440
PLIN3,RAB1B,428
PLIN3,RAB6A,401
PLIN3,RHOA,475
PLIN3,SH3BGRL3,447
PLIN3,TSG101,500
PLIN3,VAMP3,846
PLIN3,VPS29,405
PLIN3,VPS37B,411
PLP2,PPP1CA,569
PLP2,TCP1,588
PLP2,TUBB,650
PLSCR1,PSMB9,544
PLSCR1,RTN4,495
PLTP,PON1,897
PLTP,PON3,513
PLTP,SAA1,828
PLTP,SAA2,813
PLTP,SAA4,687
PLTP,SCP2,432
PLTP,SERPINF1,550
PLTP,SERPINF2,447
PLTP,TFPI,431
PLXDC2,SERPINF1,609
PLXNA4,PLXNB1,603
PLXNA4,PLXNB2,591
PLXNA4,RAC2,924
PLXNA4,RHOA,465
PLXNA4,RRAS,735
PLXNA4,TLN1,540
PLXNB1,PLXNB2,944
PLXNB1,RAB7A,418
PLXNB1,RAC2,966
PLXNB1,RAP2B,627
PLXNB1,RHOA,835
PLXNB1,RHOC,628
PLXNB1,ROCK2,537
PLXNB1,RRAS,993
PLXNB1,SEMA4B,937
PLXNB1,VAMP3,534
PLXNB2,RAC2,924
PLXNB2,RHOA,681
PLXNB2,RRAS,969
PLXNB2,SEMA4B,965
PNP,PPA2,562
PNP,PRPS1,496
PNP,PYGB,479
PNP,PYGL,481
PNP,SMS,764
PNP,TPI1,508
PNP,TYMP,965
PNPLA8,RHOG,414
PODN,POSTN,484
PODXL,PTPRC,494
PODXL,RHOA,449
PODXL,SELL,920
PODXL,SPN,490
PON1,PON3,957
PON1,SAA1,763
PON1,SAA2,735
PON1,SAA4,715
PON1,SERPINA1,508
PON1,SERPINA4,490
PON1,SERPINE1,406
PON1,SERPINF1,437
PON1,SOD2,721
PON1,TGFB1,428
PON1,TTR,597
PON1,VTN,404
PON3,TTR,451
POSTN,PTPRC,423
POSTN,RAP1A,415
POSTN,S100A4,599
POSTN,SDC1,527
POSTN,SERPINE1,674
POSTN,SPARC,797
POSTN,SPP1,704
POSTN,TGFB1,791
POSTN,TGFBI,643
POSTN,THBS1,648
POSTN,THBS2,828
POSTN,THBS4,774
POSTN,TIMP1,532
POSTN,TNC,600
POSTN,TNXB,532
POSTN,VCAM1,494
POSTN,VCAN,607
POSTN,VIM,500
POSTN,VTN,448
PPA2,PRUNE1,443
PPA2,RPIA,443
PPA2,RPLP0,441
PPA2,SAR1A,469
PPA2,SHMT2,451
PPA2,SOD2,438
PPA2,TALDO1,534
PPA2,TKT,436
PPA2,TPI1,596
PPA2,UBA1,439
PPA2,UGP2,470
PPA2,UQCRC2,462
PPA2,UQCRFS1,583
PPBP,PTPRC,426
PPBP,QSOX1,400
PPBP,RAN,642
PPBP,RGS18,490
PPBP,S100A8,427
PPBP,SAA1,537
PPBP,SAA2,528
PPBP,SELL,469
PPBP,SELP,887
PPBP,SERPINE1,447
PPBP,SERPINF2,480
PPBP,SPP1,525
PPBP,SRC,592
PPBP,TGFB1,430
PPBP,THBS1,421
PPBP,TIMP1,424
PPBP,TREML1,497
PPBP,TUBB1,686
PPBP,VCAM1,452
PPBP,VWF,773
PPIB,PRDX6,430
PPIB,PRKCSH,486
PPIB,RANBP1,558
PPIB,RPLP0,542
PPIB,SDC1,516
PPIB,SDF4,491
PPIB,SERPINF1,553
PPIB,SOD2,510
PPIB,SSR4,683
PPIC,PRDX6,406
PPIC,RANBP1,576
PPIC,SSR4,404
PPIF,PRDX6,458
PPIF,RANBP1,691
PPIF,SOD2,791
PPIF,SSBP1,528
PPIF,VDAC1,999
PPIF,VDAC2,958
PPIF,VDAC3,962
PPM1A,PPP1CA,628
PPM1A,PPP1CB,405
PPM1A,RNF11,595
PPM1A,TGFB1,532
PPP1CA,PPP1CB,997
PPP1CA,PPP1R12A,970
PPP1CA,PPP1R7,992
PPP1CA,PPP2R1A,676
PPP1CA,PRKAR1A,409
PPP1CA,PSMB3,410
PPP1CA,PTPA,515
PPP1CA,PTPN12,456
PPP1CA,PYGL,619
PPP1CA,ROCK2,917
PPP1CA,RPLP0,677
PPP1CA,RUVBL1,737
PPP1CA,RUVBL2,722
PPP1CA,SERPING1,501
PPP1CA,SGTA,455
PPP1CA,SKP1,448
PPP1CA,TGFB1,562
PPP1CA,TUBA1C,423
PPP1CA,TUBB,536
PPP1CA,TUBB4B,450
PPP1CA,WDR77,501
PPP1CA,YWHAB,738
PPP1CA,YWHAE,518
PPP1CA,YWHAG,512
PPP1CA,YWHAH,436
PPP1CA,YWHAQ,465
PPP1CA,YWHAZ,418
PPP1CB,PPP1R12A,999
PPP1CB,PPP1R7,993
PPP1CB,PPP2R1A,592
PPP1CB,PSMC5,408
PPP1CB,PTPA,404
PPP1CB,PYGB,402
PPP1CB,PYGL,430
PPP1CB,RAB5C,469
PPP1CB,RHOA,720
PPP1CB,RHOC,638
PPP1CB,ROCK2,924
PPP1CB,RPLP0,553
PPP1CB,RRAS,530
PPP1CB,SEC31A,422
PPP1CB,SNX2,404
PPP1CB,TGFB1,556
PPP1CB,VCP,517
PPP1CB,WDR77,617
PPP1CB,YWHAB,544
PPP1R12A,PPP1R7,669
PPP1R12A,RHOA,994
PPP1R12A,RHOC,730
PPP1R12A,ROCK2,975
PPP1R12A,SEPTIN7,462
PPP1R12A,SPTBN1,525
PPP1R12A,YWHAB,582
PPP1R12A,YWHAZ,636
PPP1R7,RSU1,594
PPP1R7,VCP,664
PPP1R7,VPS29,406
PPP2R1A,PRKCB,906
PPP2R1A,PSMA6,511
PPP2R1A,PSMA7,437
PPP2R1A,PSMC5,505
PPP2R1A,PSMD14,410
PPP2R1A,PTPA,998
PPP2R1A,RAB1A,469
PPP2R1A,RAB2A,460
PPP2R1A,RAB8A,547
PPP2R1A,RBX1,595
PPP2R1A,RPL22,406
PPP2R1A,SEPTIN2,462
PPP2R1A,SKP1,597
PPP2R1A,SPTAN1,415
PPP2R1A,SRC,616
PPP2R1A,STK24,997
PPP2R1A,STRN,999
PPP2R1A,TCP1,670
PPP2R1A,TNPO1,551
PPP2R1A,TUBB4B,600
PPP2R1A,UBA1,467
PPP2R1A,UQCRC1,452
PPP2R1A,VCP,705
PPP2R1A,YWHAB,813
PPP2R1A,YWHAE,542
PPP2R1A,YWHAG,602
PPP2R1A,YWHAH,584
PPP2R1A,YWHAQ,527
PPP2R1A,YWHAZ,593
PRDX2,PRDX3,635
PRDX2,PRDX5,960
PRDX2,PRDX6,798
PRDX2,RBX1,497
PRDX2,SLC4A1,591
PRDX2,SOD2,707
PRDX2,SOD3,485
PRDX2,SPTAN1,476
PRDX2,STOM,580
PRDX2,TALDO1,582
PRDX2,TCP1,470
PRDX2,TPI1,689
PRDX2,TXNDC5,545
PRDX2,TXNL1,452
PRDX2,UBE2H,490
PRDX2,UQCRFS1,409
PRDX2,VDAC1,405
PRDX2,YWHAB,420
PRDX2,YWHAE,461
PRDX2,YWHAG,404
PRDX2,YWHAZ,458
PRDX3,PRDX5,972
PRDX3,PSMA4,457
PRDX3,PSMA7,463
PRDX3,SLC25A3,410
PRDX3,SNCA,660
PRDX3,SOD2,804
PRDX3,SOD3,530
PRDX3,STOML2,503
PRDX3,TALDO1,480
PRDX3,TPI1,554
PRDX3,TXNDC5,433
PRDX3,TXNL1,443
PRDX3,UQCRC1,475
PRDX3,UQCRC2,493
PRDX3,UQCRFS1,504
PRDX3,VDAC1,841
PRDX3,VDAC2,709
PRDX3,VDAC3,445
PRDX3,YWHAB,475
PRDX4,PRDX5,820
PRDX4,QSOX1,459
PRDX4,QSOX2,457
PRDX4,SOD2,671
PRDX4,SOD3,596
PRDX4,SSR4,531
PRDX4,TALDO1,469
PRDX4,TMX1,446
PRDX4,TPI1,511
PRDX4,TXNDC5,994
PRDX4,TXNL1,429
PRDX4,VIM,516
PRDX5,PRDX6,832
PRDX5,SOD2,818
PRDX5,SOD3,529
PRDX5,TPI1,459
PRDX5,UQCRFS1,406
PRDX6,PSMA2,687
PRDX6,PSMD4,462
PRDX6,QSOX1,514
PRDX6,SELENBP1,446
PRDX6,SEPTIN7,445
PRDX6,SOD2,703
PRDX6,SOD3,547
PRDX6,STOM,500
PRDX6,TALDO1,525
PRDX6,TKT,404
PRDX6,TPI1,743
PRDX6,TXNDC5,438
PRDX6,TXNL1,418
PRDX6,VCP,434
PRDX6,VDAC1,575
PRDX6,VDAC2,462
PRDX6,VDAC3,409
PRDX6,YWHAE,541
PRG2,PRG3,544
PRG4,TGFB1,446
PRG4,VCAN,542
PRKAR1A,PRKAR2A,922
PRKAR1A,PRKAR2B,954
PRKAR1A,RPL22,453
PRKAR1A,SEC31A,615
PRKAR1A,STOML2,637
PRKAR1A,STRN,502
PRKAR1A,TPM3,746
PRKAR1A,TPM4,571
PRKAR1A,TUBA4A,452
PRKAR1A,TUBB,452
PRKAR1A,VAPA,442
PRKAR1A,VAPB,513
PRKAR1A,VCL,518
PRKAR1A,YWHAH,426
PRKAR1A,YWHAZ,469
PRKAR2A,PRKAR2B,989
PRKAR2A,RAB32,713
PRKAR2B,RAB8A,513
PRKAR2B,SEPTIN2,416
PRKCB,RAC2,430
PRKCB,RRAS,919
PRKCB,SPTA1,420
PRKCB,SPTAN1,411
PRKCB,SPTBN1,440
PRKCB,STX4,449
PRKCB,SULT1A1,430
PRKCB,SYK,595
PRKCB,TGFB1,496
PRKCB,VCAM1,402
PRKCB,YWHAB,446
PRKCB,YWHAZ,455
PRKCSH,VWF,450
PRNP,PSMA1,674
PRNP,PSMA2,662
PRNP,PSMA3,715
PRNP,PSMA4,678
PRNP,PSMA5,675
PRNP,PSMA6,694
PRNP,PSMA7,673
PRNP,PSMB1,676
PRNP,PSMB2,662
PRNP,PSMB3,664
PRNP,PSMB4,667
PRNP,PSMB5,758
PRNP,PSMB6,654
PRNP,PSMB7,680
PRNP,PSMC1,679
PRNP,PSMC2,674
PRNP,PSMC3,658
PRNP,PSMC4,667
PRNP,PSMC5,659
PRNP,PSMC6,659
PRNP,PSMD14,709
PRNP,PSMD4,680
PRNP,PSMD7,689
PRNP,PSMD8,657
PRNP,PSMD9,659
PRNP,SERPINA3,464
PRNP,SERPINI1,578
PRNP,SGTA,606
PRNP,SNCA,984
PRNP,SORL1,430
PRNP,SPARCL1,497
PRNP,STIP1,997
PRNP,TTR,821
PRNP,VCP,461
PRNP,VTN,485
PRNP,YWHAQ,659
PROC,PROCR,996
PROC,PROS1,859
PROC,SERPINA1,934
PROC,SERPINA5,969
PROC,SERPIND1,760
PROC,SERPINE1,943
PROC,SERPINF1,401
PROC,SERPINF2,972
PROC,SPP2,588
PROC,TFPI,717
PROC,TGM1,426
PROC,VWF,682
PROCR,PROS1,854
PROCR,PSMA7,400
PROCR,PTPRC,433
PROCR,SELL,463
PROCR,SELP,535
PROCR,SERPINE1,592
PROCR,TFPI,860
PROCR,VCAM1,420
PROCR,VWF,596
PROS1,SERPIND1,801
PROS1,SERPINE1,475
PROS1,SHBG,508
PROS1,SPARC,425
PROS1,TFPI,522
PROS1,TUBA4A,404
PROS1,VWF,625
PROZ,SERPINA10,996
PROZ,SERPIND1,467
PROZ,SPP2,411
PRPS1,RPIA,961
PRPS1,RPLP0,471
PRPS1,TALDO1,490
PRPS1,TKT,957
PRPS1,TPI1,499
PRPS1,UBA1,409
PRSS3,SERPINA1,630
PRSS3,TFPI,781
PSAP,SNCA,514
PSAP,SRC,570
PSAP,TPP1,482
PSAP,TSG101,598
PSAP,VCP,498
PSMA1,PSMA2,999
PSMA1,PSMA3,999
PSMA1,PSMA4,999
PSMA1,PSMA5,999
PSMA1,PSMA6,999
PSMA1,PSMA7,999
PSMA1,PSMB1,999
PSMA1,PSMB10,999
PSMA1,PSMB2,999
PSMA1,PSMB3,999
PSMA1,PSMB4,999
PSMA1,PSMB5,999
PSMA1,PSMB6,999
PSMA1,PSMB7,999
PSMA1,PSMB8,999
PSMA1,PSMB9,999
PSMA1,PSMC1,999
PSMA1,PSMC2,999
PSMA1,PSMC3,999
PSMA1,PSMC4,999
PSMA1,PSMC5,998
PSMA1,PSMC6,999
PSMA1,PSMD13,999
PSMA1,PSMD14,999
PSMA1,PSMD4,999
PSMA1,PSMD5,766
PSMA1,PSMD7,999
PSMA1,PSMD8,999
PSMA1,PSME1,996
PSMA1,PSMF1,985
PSMA1,PTMA,426
PSMA1,RAN,557
PSMA1,RBX1,649
PSMA1,RPLP0,472
PSMA1,RPLP2,561
PSMA1,RPS12,409
PSMA1,RTRAF,452
PSMA1,RUVBL1,548
PSMA1,RUVBL2,488
PSMA1,SEC13,406
PSMA1,SKP1,709
PSMA1,SLC25A3,474
PSMA1,SNCA,687
PSMA1,SORL1,472
PSMA1,STIP1,518
PSMA1,TCP1,610
PSMA1,TNPO1,449
PSMA1,TPI1,442
PSMA1,TSG101,423
PSMA1,TUBB4B,470
PSMA1,TXNL1,596
PSMA1,UBE2N,481
PSMA1,UCHL3,696
PSMA1,VBP1,784
PSMA1,VCP,800
PSMA1,VDAC2,513
PSMA1,VDAC3,490
PSMA2,PSMA3,999
PSMA2,PSMA4,999
PSMA2,PSMA5,999
PSMA2,PSMA6,999
PSMA2,PSMA7,999
PSMA2,PSMB1,999
PSMA2,PSMB10,999
PSMA2,PSMB2,999
PSMA2,PSMB3,999
PSMA2,PSMB4,999
PSMA2,PSMB5,999
PSMA2,PSMB6,999
PSMA2,PSMB7,999
PSMA2,PSMB8,999
PSMA2,PSMB9,999
PSMA2,PSMC1,999
PSMA2,PSMC2,999
PSMA2,PSMC3,999
PSMA2,PSMC4,999
PSMA2,PSMC5,999
PSMA2,PSMC6,999
PSMA2,PSMD13,999
PSMA2,PSMD14,999
PSMA2,PSMD4,999
PSMA2,PSMD5,758
PSMA2,PSMD7,999
PSMA2,PSMD8,999
PSMA2,PSMD9,492
PSMA2,PSME1,992
PSMA2,PSMF1,978
PSMA2,RAN,551
PSMA2,RBX1,806
PSMA2,RPLP0,583
PSMA2,RPLP1,410
PSMA2,RPLP2,580
PSMA2,RPS12,454
PSMA2,RTRAF,493
PSMA2,RUVBL1,555
PSMA2,RUVBL2,427
PSMA2,SKP1,823
PSMA2,SNCA,682
PSMA2,STIP1,494
PSMA2,SUGT1,412
PSMA2,SUMO2,440
PSMA2,TCP1,570
PSMA2,TNPO1,497
PSMA2,TSN,487
PSMA2,UBA1,410
PSMA2,UBE2N,557
PSMA2,UBE2O,470
PSMA2,UCHL3,700
PSMA2,VBP1,773
PSMA2,VCP,859
PSMA2,VPS29,523
PSMA3,PSMA4,999
PSMA3,PSMA5,999
PSMA3,PSMA6,999
PSMA3,PSMA7,999
PSMA3,PSMB1,999
PSMA3,PSMB10,999
PSMA3,PSMB2,999
PSMA3,PSMB3,999
PSMA3,PSMB4,999
PSMA3,PSMB5,999
PSMA3,PSMB6,999
PSMA3,PSMB7,999
PSMA3,PSMB8,999
PSMA3,PSMB9,999
PSMA3,PSMC1,999
PSMA3,PSMC2,999
PSMA3,PSMC3,999
PSMA3,PSMC4,998
PSMA3,PSMC5,998
PSMA3,PSMC6,999
PSMA3,PSMD13,998
PSMA3,PSMD14,999
PSMA3,PSMD4,999
PSMA3,PSMD5,550
PSMA3,PSMD7,999
PSMA3,PSMD8,999
PSMA3,PSMD9,822
PSMA3,PSME1,986
PSMA3,PSMF1,942
PSMA3,RAN,551
PSMA3,RBX1,667
PSMA3,RPLP0,589
PSMA3,RPLP2,594
PSMA3,RPS12,471
PSMA3,RTRAF,496
PSMA3,RUVBL1,604
PSMA3,SDCBP,453
PSMA3,SKP1,683
PSMA3,SNCA,802
PSMA3,STIP1,619
PSMA3,STX11,428
PSMA3,TCP1,653
PSMA3,TNPO1,502
PSMA3,TPI1,510
PSMA3,TUBB4B,430
PSMA3,UBA1,437
PSMA3,UBE2N,564
PSMA3,UCHL3,674
PSMA3,UQCRB,421
PSMA3,USP5,537
PSMA3,VBP1,658
PSMA3,VCP,748
PSMA3,VDAC1,403
PSMA3,YWHAB,405
PSMA3,YWHAG,483
PSMA3,YWHAQ,440
PSMA4,PSMA5,999
PSMA4,PSMA6,999
PSMA4,PSMA7,999
PSMA4,PSMB1,999
PSMA4,PSMB10,995
PSMA4,PSMB2,999
PSMA4,PSMB3,999
PSMA4,PSMB4,999
PSMA4,PSMB5,999
PSMA4,PSMB6,999
PSMA4,PSMB7,999
PSMA4,PSMB8,999
PSMA4,PSMB9,999
PSMA4,PSMC1,999
PSMA4,PSMC2,999
PSMA4,PSMC3,999
PSMA4,PSMC4,999
PSMA4,PSMC5,999
PSMA4,PSMC6,999
PSMA4,PSMD13,998
PSMA4,PSMD14,999
PSMA4,PSMD4,999
PSMA4,PSMD5,740
PSMA4,PSMD7,999
PSMA4,PSMD8,999
PSMA4,PSMD9,635
PSMA4,PSME1,992
PSMA4,PSMF1,982
PSMA4,RAN,637
PSMA4,RBX1,716
PSMA4,RPLP0,441
PSMA4,RPLP2,476
PSMA4,RTRAF,444
PSMA4,RUVBL1,544
PSMA4,SKP1,718
PSMA4,SNAPIN,673
PSMA4,SNCA,665
PSMA4,SORL1,471
PSMA4,STIP1,486
PSMA4,TCP1,516
PSMA4,TNPO1,437
PSMA4,TSN,422
PSMA4,TXNL1,410
PSMA4,UBE2N,551
PSMA4,UCHL3,644
PSMA4,VBP1,676
PSMA4,VCP,821
PSMA4,VPS29,417
PSMA5,PSMA6,999
PSMA5,PSMA7,999
PSMA5,PSMB1,999
PSMA5,PSMB10,999
PSMA5,PSMB2,999
PSMA5,PSMB3,999
PSMA5,PSMB4,999
PSMA5,PSMB5,999
PSMA5,PSMB6,999
PSMA5,PSMB7,999
PSMA5,PSMB8,999
PSMA5,PSMB9,999
PSMA5,PSMC1,999
PSMA5,PSMC2,999
PSMA5,PSMC3,999
PSMA5,PSMC4,999
PSMA5,PSMC5,999
PSMA5,PSMC6,999
PSMA5,PSMD13,999
PSMA5,PSMD14,999
PSMA5,PSMD4,999
PSMA5,PSMD5,509
PSMA5,PSMD7,999
PSMA5,PSMD8,998
PSMA5,PSMD9,618
PSMA5,PSME1,986
PSMA5,PSMF1,978
PSMA5,RAN,572
PSMA5,RBX1,654
PSMA5,RPLP0,542
PSMA5,RPLP2,460
PSMA5,RPS12,485
PSMA5,RUVBL1,534
PSMA5,SEC13,416
PSMA5,SKP1,694
PSMA5,SNCA,655
PSMA5,STIP1,542
PSMA5,TCP1,656
PSMA5,TNPO1,435
PSMA5,TPI1,517
PSMA5,TSN,408
PSMA5,UBE2H,416
PSMA5,UBE2N,488
PSMA5,UCHL3,697
PSMA5,USP5,402
PSMA5,VBP1,632
PSMA5,VCP,705
PSMA5,VDAC3,530
PSMA5,VPS29,515
PSMA5,YWHAZ,410
PSMA6,PSMA7,999
PSMA6,PSMB1,999
PSMA6,PSMB10,999
PSMA6,PSMB2,999
PSMA6,PSMB3,999
PSMA6,PSMB4,999
PSMA6,PSMB5,999
PSMA6,PSMB6,999
PSMA6,PSMB7,999
PSMA6,PSMB8,999
PSMA6,PSMB9,999
PSMA6,PSMC1,999
PSMA6,PSMC2,999
PSMA6,PSMC3,999
PSMA6,PSMC4,999
PSMA6,PSMC5,999
PSMA6,PSMC6,999
PSMA6,PSMD13,998
PSMA6,PSMD14,999
PSMA6,PSMD4,999
PSMA6,PSMD5,698
PSMA6,PSMD7,998
PSMA6,PSMD8,998
PSMA6,PSMD9,470
PSMA6,PSME1,993
PSMA6,PSMF1,958
PSMA6,RAN,563
PSMA6,RBX1,765
PSMA6,RPLP0,492
PSMA6,RPLP2,532
PSMA6,RTRAF,512
PSMA6,RUVBL1,547
PSMA6,RUVBL2,423
PSMA6,SKP1,710
PSMA6,SNCA,663
PSMA6,SORL1,402
PSMA6,STIP1,515
PSMA6,TCP1,498
PSMA6,TNPO1,472
PSMA6,TPI1,423
PSMA6,TSN,430
PSMA6,TUBB4B,508
PSMA6,TXNL1,591
PSMA6,UBA1,505
PSMA6,UBA7,443
PSMA6,UBE2N,643
PSMA6,UCHL3,657
PSMA6,VBP1,671
PSMA6,VCP,774
PSMA6,VDAC1,410
PSMA6,VDAC2,494
PSMA6,VDAC3,643
PSMA6,VPS29,465
PSMA7,PSMB1,999
PSMA7,PSMB10,993
PSMA7,PSMB2,999
PSMA7,PSMB3,999
PSMA7,PSMB4,999
PSMA7,PSMB5,999
PSMA7,PSMB6,999
PSMA7,PSMB7,999
PSMA7,PSMB8,999
PSMA7,PSMB9,999
PSMA7,PSMC1,999
PSMA7,PSMC2,999
PSMA7,PSMC3,997
PSMA7,PSMC4,998
PSMA7,PSMC5,996
PSMA7,PSMC6,999
PSMA7,PSMD13,997
PSMA7,PSMD14,998
PSMA7,PSMD4,999
PSMA7,PSMD5,763
PSMA7,PSMD7,997
PSMA7,PSMD8,997
PSMA7,PSMD9,525
PSMA7,PSME1,992
PSMA7,PSMF1,981
PSMA7,PTPRC,697
PSMA7,RAB7A,551
PSMA7,RAN,545
PSMA7,RBX1,631
PSMA7,RPLP0,558
PSMA7,RPLP2,498
PSMA7,RPS12,510
PSMA7,RUVBL1,519
PSMA7,RUVBL2,440
PSMA7,SKP1,680
PSMA7,SNCA,675
PSMA7,SORL1,410
PSMA7,STIP1,478
PSMA7,TCP1,588
PSMA7,TFRC,464
PSMA7,TNPO1,447
PSMA7,UBE2N,407
PSMA7,UCHL3,578
PSMA7,VBP1,556
PSMA7,VCAM1,449
PSMA7,VCP,729
PSMA7,VDAC1,501
PSMA7,YWHAB,487
PSMB1,PSMB10,999
PSMB1,PSMB2,999
PSMB1,PSMB3,999
PSMB1,PSMB4,999
PSMB1,PSMB5,999
PSMB1,PSMB6,999
PSMB1,PSMB7,999
PSMB1,PSMB8,999
PSMB1,PSMB9,999
PSMB1,PSMC1,999
PSMB1,PSMC2,999
PSMB1,PSMC3,999
PSMB1,PSMC4,999
PSMB1,PSMC5,998
PSMB1,PSMC6,999
PSMB1,PSMD13,999
PSMB1,PSMD14,999
PSMB1,PSMD4,999
PSMB1,PSMD5,770
PSMB1,PSMD7,999
PSMB1,PSMD8,998
PSMB1,PSMD9,634
PSMB1,PSME1,986
PSMB1,PSMF1,986
PSMB1,RBX1,772
PSMB1,RPLP0,426
PSMB1,RPLP2,460
PSMB1,RUVBL1,409
PSMB1,SEC13,447
PSMB1,SKP1,702
PSMB1,SNCA,656
PSMB1,SORL1,472
PSMB1,TPI1,447
PSMB1,UCHL3,612
PSMB1,UFM1,422
PSMB1,VBP1,446
PSMB1,VCP,664
PSMB10,PSMB2,999
PSMB10,PSMB3,999
PSMB10,PSMB4,999
PSMB10,PSMB5,992
PSMB10,PSMB6,993
PSMB10,PSMB7,822
PSMB10,PSMB8,999
PSMB10,PSMB9,999
PSMB10,PSMC1,894
PSMB10,PSMC2,935
PSMB10,PSMC3,844
PSMB10,PSMC4,929
PSMB10,PSMC5,871
PSMB10,PSMC6,918
PSMB10,PSMD13,867
PSMB10,PSMD14,963
PSMB10,PSMD4,989
PSMB10,PSMD5,571
PSMB10,PSMD7,916
PSMB10,PSMD8,922
PSMB10,PSMD9,454
PSMB10,PSME1,983
PSMB10,PSMF1,878
PSMB10,RBX1,571
PSMB10,SKP1,521
PSMB10,UBA7,458
PSMB10,UCHL3,566
PSMB10,VCP,646
PSMB2,PSMB3,999
PSMB2,PSMB4,999
PSMB2,PSMB5,999
PSMB2,PSMB6,999
PSMB2,PSMB7,999
PSMB2,PSMB8,999
PSMB2,PSMB9,999
PSMB2,PSMC1,999
PSMB2,PSMC2,999
PSMB2,PSMC3,999
PSMB2,PSMC4,999
PSMB2,PSMC5,999
PSMB2,PSMC6,999
PSMB2,PSMD13,999
PSMB2,PSMD14,999
PSMB2,PSMD4,999
PSMB2,PSMD5,756
PSMB2,PSMD7,999
PSMB2,PSMD8,999
PSMB2,PSMD9,647
PSMB2,PSME1,984
PSMB2,PSMF1,983
PSMB2,RAB7A,577
PSMB2,RAN,513
PSMB2,RBX1,636
PSMB2,RUVBL1,473
PSMB2,RUVBL2,436
PSMB2,SEC13,417
PSMB2,SKP1,637
PSMB2,SNCA,683
PSMB2,STOML2,531
PSMB2,TSN,431
PSMB2,TUBA8,403
PSMB2,TUBB,429
PSMB2,UBE2N,522
PSMB2,UCHL3,680
PSMB2,VBP1,453
PSMB2,VCP,899
PSMB2,VPS29,582
PSMB3,PSMB4,999
PSMB3,PSMB5,999
PSMB3,PSMB6,999
PSMB3,PSMB7,999
PSMB3,PSMB8,999
PSMB3,PSMB9,999
PSMB3,PSMC1,999
PSMB3,PSMC2,999
PSMB3,PSMC3,999
PSMB3,PSMC4,999
PSMB3,PSMC5,998
PSMB3,PSMC6,999
PSMB3,PSMD13,999
PSMB3,PSMD14,999
PSMB3,PSMD4,999
PSMB3,PSMD5,706
PSMB3,PSMD7,999
PSMB3,PSMD8,999
PSMB3,PSMD9,624
PSMB3,PSME1,980
PSMB3,PSMF1,976
PSMB3,RBX1,847
PSMB3,SKP1,650
PSMB3,SNCA,659
PSMB3,UCHL3,629
PSMB3,VBP1,434
PSMB3,VCP,654
PSMB4,PSMB5,999
PSMB4,PSMB6,999
PSMB4,PSMB7,999
PSMB4,PSMB8,999
PSMB4,PSMB9,999
PSMB4,PSMC1,999
PSMB4,PSMC2,999
PSMB4,PSMC3,998
PSMB4,PSMC4,999
PSMB4,PSMC5,998
PSMB4,PSMC6,999
PSMB4,PSMD13,999
PSMB4,PSMD14,999
PSMB4,PSMD4,999
PSMB4,PSMD5,851
PSMB4,PSMD7,999
PSMB4,PSMD8,999
PSMB4,PSMD9,654
PSMB4,PSME1,994
PSMB4,PSMF1,987
PSMB4,RAB7A,489
PSMB4,RAN,438
PSMB4,RBX1,655
PSMB4,SKP1,557
PSMB4,SNCA,661
PSMB4,TXNL1,423
PSMB4,UCHL3,620
PSMB4,VCP,738
PSMB4,VPS29,534
PSMB5,PSMB6,999
PSMB5,PSMB7,999
PSMB5,PSMB8,962
PSMB5,PSMB9,997
PSMB5,PSMC1,999
PSMB5,PSMC2,999
PSMB5,PSMC3,999
PSMB5,PSMC4,999
PSMB5,PSMC5,999
PSMB5,PSMC6,999
PSMB5,PSMD13,995
PSMB5,PSMD14,998
PSMB5,PSMD4,998
PSMB5,PSMD5,824
PSMB5,PSMD7,995
PSMB5,PSMD8,991
PSMB5,PSMD9,509
PSMB5,PSME1,988
PSMB5,PSMF1,928
PSMB5,RBX1,632
PSMB5,SKP1,602
PSMB5,SNCA,688
PSMB5,STOML2,463
PSMB5,UCHL3,601
PSMB5,VCP,679
PSMB6,PSMB7,999
PSMB6,PSMB8,999
PSMB6,PSMB9,917
PSMB6,PSMC1,999
PSMB6,PSMC2,998
PSMB6,PSMC3,998
PSMB6,PSMC4,998
PSMB6,PSMC5,996
PSMB6,PSMC6,999
PSMB6,PSMD13,998
PSMB6,PSMD14,999
PSMB6,PSMD4,999
PSMB6,PSMD5,653
PSMB6,PSMD7,993
PSMB6,PSMD8,999
PSMB6,PSMD9,507
PSMB6,PSME1,979
PSMB6,PSMF1,924
PSMB6,RAN,492
PSMB6,RBX1,823
PSMB6,RPLP2,526
PSMB6,RUVBL1,548
PSMB6,RUVBL2,485
PSMB6,SERPINI1,412
PSMB6,SKP1,591
PSMB6,SNCA,681
PSMB6,STOML2,455
PSMB6,UBE2N,407
PSMB6,UCHL3,556
PSMB6,VCP,756
PSMB7,PSMB8,999
PSMB7,PSMB9,999
PSMB7,PSMC1,997
PSMB7,PSMC2,999
PSMB7,PSMC3,999
PSMB7,PSMC4,998
PSMB7,PSMC5,997
PSMB7,PSMC6,999
PSMB7,PSMD13,999
PSMB7,PSMD14,999
PSMB7,PSMD4,999
PSMB7,PSMD5,623
PSMB7,PSMD7,999
PSMB7,PSMD8,993
PSMB7,PSMD9,473
PSMB7,PSME1,988
PSMB7,PSMF1,990
PSMB7,RBX1,615
PSMB7,RPLP0,433
PSMB7,RPLP2,525
PSMB7,RUVBL1,529
PSMB7,RUVBL2,496
PSMB7,SEC13,468
PSMB7,SKP1,652
PSMB7,SNCA,669
PSMB7,UCHL3,587
PSMB7,USP5,423
PSMB7,VBP1,409
PSMB7,VCP,665
PSMB8,PSMB9,999
PSMB8,PSMC1,975
PSMB8,PSMC2,972
PSMB8,PSMC3,966
PSMB8,PSMC4,987
PSMB8,PSMC5,981
PSMB8,PSMC6,954
PSMB8,PSMD13,938
PSMB8,PSMD14,970
PSMB8,PSMD4,973
PSMB8,PSMD5,602
PSMB8,PSMD7,932
PSMB8,PSMD8,957
PSMB8,PSMD9,402
PSMB8,PSME1,985
PSMB8,PSMF1,840
PSMB8,RBX1,601
PSMB8,SKP1,552
PSMB8,SRGN,403
PSMB8,UBA7,491
PSMB8,UCHL3,559
PSMB8,VCP,652
PSMB9,PSMC1,986
PSMB9,PSMC2,963
PSMB9,PSMC3,956
PSMB9,PSMC4,988
PSMB9,PSMC5,924
PSMB9,PSMC6,975
PSMB9,PSMD13,983
PSMB9,PSMD14,985
PSMB9,PSMD4,992
PSMB9,PSMD5,653
PSMB9,PSMD7,975
PSMB9,PSMD8,983
PSMB9,PSMD9,404
PSMB9,PSME1,993
PSMB9,PSMF1,958
PSMB9,RBX1,672
PSMB9,SKP1,468
PSMB9,SRC,594
PSMB9,SYK,573
PSMB9,TPM2,429
PSMB9,TXNL1,410
PSMB9,UBA7,491
PSMB9,UCHL3,556
PSMB9,VCP,602
PSMC1,PSMC2,999
PSMC1,PSMC3,999
PSMC1,PSMC4,999
PSMC1,PSMC5,999
PSMC1,PSMC6,999
PSMC1,PSMD13,999
PSMC1,PSMD14,999
PSMC1,PSMD4,999
PSMC1,PSMD5,999
PSMC1,PSMD7,999
PSMC1,PSMD8,999
PSMC1,PSMD9,907
PSMC1,PSME1,800
PSMC1,PSMF1,642
PSMC1,RANBP1,404
PSMC1,RBX1,590
PSMC1,RPL22,489
PSMC1,RPLP0,546
PSMC1,RPLP1,472
PSMC1,RPS12,714
PSMC1,SEC13,511
PSMC1,SKP1,538
PSMC1,SNCA,718
PSMC1,SUMO2,414
PSMC1,TCP1,565
PSMC1,TXNL1,747
PSMC1,UBA1,409
PSMC1,UCHL3,605
PSMC1,USP5,457
PSMC1,VCP,783
PSMC1,VDAC3,464
PSMC1,WDR77,474
PSMC2,PSMC3,999
PSMC2,PSMC4,999
PSMC2,PSMC5,999
PSMC2,PSMC6,999
PSMC2,PSMD13,999
PSMC2,PSMD14,999
PSMC2,PSMD4,999
PSMC2,PSMD5,999
PSMC2,PSMD7,999
PSMC2,PSMD8,999
PSMC2,PSMD9,970
PSMC2,PSME1,702
PSMC2,PTGES3,499
PSMC2,RBX1,615
PSMC2,RPL22,530
PSMC2,RPLP0,601
PSMC2,RPLP1,513
PSMC2,RPS12,681
PSMC2,SEC13,402
PSMC2,SKP1,540
PSMC2,SNCA,650
PSMC2,TCP1,591
PSMC2,TSN,542
PSMC2,TXNL1,476
PSMC2,UBA1,450
PSMC2,UBE2N,517
PSMC2,UCHL3,680
PSMC2,VBP1,435
PSMC2,VCP,817
PSMC2,VDAC2,430
PSMC2,WDR77,451
PSMC3,PSMC4,999
PSMC3,PSMC5,999
PSMC3,PSMC6,999
PSMC3,PSMD13,999
PSMC3,PSMD14,999
PSMC3,PSMD4,999
PSMC3,PSMD5,999
PSMC3,PSMD7,999
PSMC3,PSMD8,999
PSMC3,PSMD9,999
PSMC3,PSME1,808
PSMC3,PSMF1,645
PSMC3,RAN,518
PSMC3,RBX1,548
PSMC3,RPLP0,430
PSMC3,RPS12,456
PSMC3,RUVBL1,475
PSMC3,SKP1,460
PSMC3,SNCA,904
PSMC3,STIP1,571
PSMC3,STOML2,619
PSMC3,SUMO2,409
PSMC3,TCP1,570
PSMC3,TXNL1,748
PSMC3,UCHL3,605
PSMC3,UQCRC1,579
PSMC3,VCP,790
PSMC3,VDAC2,406
PSMC4,PSMC5,999
PSMC4,PSMC6,999
PSMC4,PSMD13,999
PSMC4,PSMD14,999
PSMC4,PSMD4,999
PSMC4,PSMD5,999
PSMC4,PSMD7,999
PSMC4,PSMD8,999
PSMC4,PSMD9,986
PSMC4,PSME1,856
PSMC4,PSMF1,655
PSMC4,RBX1,579
PSMC4,RPL22,564
PSMC4,RPLP0,752
PSMC4,RPLP1,519
PSMC4,RPLP2,408
PSMC4,RPS12,707
PSMC4,RUVBL2,466
PSMC4,SKP1,541
PSMC4,SNCA,735
PSMC4,SUMO2,450
PSMC4,TCP1,496
PSMC4,TUBA4A,410
PSMC4,TXNL1,497
PSMC4,UBA1,426
PSMC4,UCHL3,614
PSMC4,USP5,532
PSMC4,VCP,855
PSMC4,WDR77,425
PSMC4,YWHAZ,451
PSMC5,PSMC6,999
PSMC5,PSMD13,999
PSMC5,PSMD14,999
PSMC5,PSMD4,999
PSMC5,PSMD5,999
PSMC5,PSMD7,999
PSMC5,PSMD8,999
PSMC5,PSMD9,981
PSMC5,PSME1,842
PSMC5,PSMF1,473
PSMC5,RAN,402
PSMC5,RBX1,553
PSMC5,RPL22,499
PSMC5,RPLP0,637
PSMC5,RPS12,681
PSMC5,RUVBL1,931
PSMC5,RUVBL2,553
PSMC5,SKP1,538
PSMC5,SNCA,682
PSMC5,SUMO2,451
PSMC5,TCP1,576
PSMC5,UCHL3,624
PSMC5,VCP,808
PSMC5,VDAC3,570
PSMC5,VSIG4,402
PSMC6,PSMD13,999
PSMC6,PSMD14,999
PSMC6,PSMD4,999
PSMC6,PSMD5,999
PSMC6,PSMD7,999
PSMC6,PSMD8,999
PSMC6,PSMD9,999
PSMC6,PSME1,721
PSMC6,PSMF1,499
PSMC6,RBX1,565
PSMC6,RPL22,410
PSMC6,RPLP0,403
PSMC6,RPS12,486
PSMC6,RTRAF,418
PSMC6,SKP1,528
PSMC6,SNCA,662
PSMC6,STOM,404
PSMC6,TCP1,492
PSMC6,TXNL1,528
PSMC6,UBE2N,448
PSMC6,UCHL3,648
PSMC6,VBP1,403
PSMC6,VCP,625
PSMC6,VDAC3,456
PSMD13,PSMD14,999
PSMD13,PSMD4,999
PSMD13,PSMD5,999
PSMD13,PSMD7,999
PSMD13,PSMD8,999
PSMD13,PSMD9,980
PSMD13,PSME1,737
PSMD13,RBX1,511
PSMD13,SKP1,464
PSMD13,SPTAN1,432
PSMD13,TXNL1,645
PSMD13,UCHL3,588
PSMD13,VCP,794
PSMD14,PSMD4,999
PSMD14,PSMD5,999
PSMD14,PSMD7,999
PSMD14,PSMD8,999
PSMD14,PSMD9,980
PSMD14,PSME1,940
PSMD14,PSMF1,428
PSMD14,RAB1A,433
PSMD14,RAB2A,461
PSMD14,RAN,746
PSMD14,RBX1,832
PSMD14,RPS12,424
PSMD14,RUVBL2,404
PSMD14,SEC13,403
PSMD14,SGTA,584
PSMD14,SKP1,727
PSMD14,SNCA,712
PSMD14,SUGT1,475
PSMD14,TCP1,757
PSMD14,TXNL1,986
PSMD14,UBA1,777
PSMD14,UBA5,448
PSMD14,UBA7,505
PSMD14,UBASH3B,485
PSMD14,UBE2N,677
PSMD14,UBE2V1,603
PSMD14,UCHL3,890
PSMD14,USP15,792
PSMD14,USP47,433
PSMD14,USP5,745
PSMD14,VBP1,660
PSMD14,VCP,906
PSMD14,VDAC2,434
PSMD14,VDAC3,444
PSMD14,YOD1,461
PSMD4,PSMD5,999
PSMD4,PSMD7,999
PSMD4,PSMD8,999
PSMD4,PSMD9,984
PSMD4,PSME1,830
PSMD4,PSMF1,713
PSMD4,RAN,455
PSMD4,RBX1,670
PSMD4,RPLP0,417
PSMD4,RPLP2,531
PSMD4,RPS12,426
PSMD4,SKP1,713
PSMD4,SMS,418
PSMD4,SNCA,726
PSMD4,STIP1,645
PSMD4,STOML2,528
PSMD4,TCP1,413
PSMD4,THBS1,465
PSMD4,TNPO1,406
PSMD4,TXNL1,917
PSMD4,UBA1,699
PSMD4,UBA7,414
PSMD4,UBE2N,514
PSMD4,UCHL3,641
PSMD4,UQCRC1,753
PSMD4,USP5,685
PSMD4,VBP1,548
PSMD4,VCP,931
PSMD4,VWF,548
PSMD5,PSMD7,999
PSMD5,PSMD8,999
PSMD5,PSMD9,946
PSMD5,PSME1,554
PSMD5,PSMF1,438
PSMD5,RBX1,511
PSMD5,SKP1,410
PSMD5,UCHL3,547
PSMD5,VCP,552
PSMD7,PSMD8,999
PSMD7,PSMD9,961
PSMD7,PSME1,664
PSMD7,RAN,531
PSMD7,RBX1,663
PSMD7,RPLP2,423
PSMD7,SKP1,642
PSMD7,SNCA,671
PSMD7,TCP1,490
PSMD7,TXNL1,611
PSMD7,UBA1,626
PSMD7,UBA7,413
PSMD7,UBE2N,418
PSMD7,UCHL3,743
PSMD7,USP15,681
PSMD7,USP47,408
PSMD7,USP5,437
PSMD7,VCP,775
PSMD8,PSMD9,980
PSMD8,PSME1,656
PSMD8,PSMF1,587
PSMD8,RAN,532
PSMD8,RBX1,574
PSMD8,RPLP2,639
PSMD8,SKP1,535
PSMD8,SNCA,670
PSMD8,STOML2,505
PSMD8,TXNL1,483
PSMD8,UCHL3,631
PSMD8,VCP,797
PSMD9,PSME1,522
PSMD9,PSMF1,562
PSMD9,RAN,551
PSMD9,RBX1,578
PSMD9,SKP1,476
PSMD9,SNAPIN,501
PSMD9,SNCA,701
PSMD9,UCHL3,558
PSMD9,VCP,683
PSME1,PSMF1,452
PSME1,RBX1,538
PSME1,SKP1,471
PSME1,UCHL3,525
PSME1,VCP,612
PSMF1,RBX1,530
PSMF1,SKP1,647
PSMF1,UCHL3,504
PSMF1,VCP,728
PSTPIP2,PTPN12,891
PSTPIP2,VAPA,622
PSTPIP2,WAS,510
PTGDS,PTGES3,946
PTGDS,SERPINA3,549
PTGDS,SERPING1,422
PTGDS,SPARC,613
PTGDS,SPP1,583
PTGDS,TNC,450
PTGDS,TTR,704
PTGES3,PTMA,527
PTGES3,RUVBL1,828
PTGES3,RUVBL2,815
PTGES3,SGTA,496
PTGES3,SKP1,656
PTGES3,ST13,677
PTGES3,STIP1,996
PTGES3,SUGT1,668
PTGES3,SUMO2,557
PTGES3,TCP1,964
PTGES3,TXNL1,427
PTGES3,UBE2N,432
PTGES3,VCP,912
PTGES3,YWHAQ,444
PTMA,PTMS,991
PTMA,RAN,556
PTMA,RBX1,409
PTMA,RPLP0,570
PTMA,RPLP1,787
PTMA,SEPTIN7,434
PTMA,SUMO2,517
PTMA,TMSB4X,675
PTMA,YWHAB,400
PTMS,TMSB4X,454
PTPA,STRN,407
PTPA,TCP1,457
PTPN12,PTPN6,742
PTPN12,RHOA,461
PTPN12,RHOC,557
PTPN12,SRC,834
PTPN12,TLN1,570
PTPN12,VAPA,442
PTPN12,VASP,575
PTPN12,VCL,478
PTPN12,WAS,772
PTPN6,PTPRC,520
PTPN6,RAC2,471
PTPN6,SRC,917
PTPN6,SYK,995
PTPN6,TLN1,454
PTPRB,PTPRG,456
PTPRB,SRC,602
PTPRC,PTPRJ,520
PTPRC,RAC2,606
PTPRC,RGS18,469
PTPRC,S100A4,489
PTPRC,S100A9,467
PTPRC,SDC1,800
PTPRC,SELL,928
PTPRC,SELP,670
PTPRC,SPN,993
PTPRC,SPP1,575
PTPRC,SPTBN1,466
PTPRC,SRC,683
PTPRC,SRGN,500
PTPRC,SYK,772
PTPRC,TFRC,888
PTPRC,TGFB1,701
PTPRC,THBS1,423
PTPRC,TIMP1,426
PTPRC,TLN1,491
PTPRC,TSG101,419
PTPRC,TUBB,439
PTPRC,VCAM1,832
PTPRC,VIM,532
PTPRC,VWF,664
PTPRC,WAS,659
PTPRF,PTPRG,417
PTPRF,RHOA,576
PTPRF,RTN4,406
PTPRF,VCAN,474
PTPRG,PTPRJ,419
PTPRJ,SDCBP,433
PTPRJ,SRC,529
PTPRJ,SYK,451
PTPRJ,THBS1,816
PTPRJ,THBS2,464
PTTG1IP,STX7,629
PTTG1IP,VAMP3,525
PTTG1IP,VAMP8,480
PTX3,RETN,418
PTX3,SELP,933
PTX3,SERPINE1,547
PTX3,SPP1,430
PTX3,THBS1,519
PTX3,TIMP1,493
PTX3,VCAM1,435
PURA,PURB,780
PVR,VTN,671
PYGB,PYGL,984
PYGB,SERPING1,436
PYGB,SLC2A1,416
PYGB,SLC3A2,490
PYGB,TALDO1,569
PYGB,TKT,448
PYGB,TPI1,673
PYGB,UGP2,987
PYGL,SERPING1,471
PYGL,SLC2A1,466
PYGL,SLC3A2,481
PYGL,TALDO1,602
PYGL,TKT,579
PYGL,TPI1,680
PYGL,UGP2,988
PZP,SERPINA1,420
PZP,SERPINF1,443
PZP,SERPINF2,618
PZP,SHBG,459
QSOX1,SERPINA1,491
QSOX1,TIMP1,493
QSOX1,VWF,473
RAB10,RAB14,805
RAB10,RAB1A,681
RAB10,RAB1B,678
RAB10,RAB21,452
RAB10,RAB5B,539
RAB10,RAB5C,661
RAB10,RAB6A,622
RAB10,RAB7A,507
RAB10,RAB8A,831
RAB10,RALA,653
RAB10,RHEB,585
RAB10,RILPL2,968
RAB10,SNAP23,723
RAB10,SNCA,421
RAB10,SPAG9,721
RAB10,STX4,812
RAB10,TFRC,426
RAB10,VAMP3,431
RAB10,VPS29,474
RAB10,YWHAB,621
RAB10,YWHAE,601
RAB10,YWHAG,651
RAB10,YWHAH,594
RAB10,YWHAQ,627
RAB10,YWHAZ,610
RAB11B,RAB14,479
RAB11B,RAB1A,785
RAB11B,RAB1B,916
RAB11B,RAB5B,560
RAB11B,RAB5C,630
RAB11B,RAB6A,631
RAB11B,RAB7A,819
RAB11B,RAB8A,607
RAB11B,STX7,402
RAB11B,TRAPPC3,583
RAB11B,VCP,443
RAB11B,YWHAE,444
RAB14,RAB1A,428
RAB14,RAB1B,510
RAB14,RAB21,429
RAB14,RAB5B,507
RAB14,RAB5C,497
RAB14,RAB6A,549
RAB14,RAB7A,539
RAB14,RAB8A,708
RAB14,RALA,588
RAB14,SNAP23,654
RAB14,STX12,464
RAB14,STX4,626
RAB14,STX7,453
RAB14,TMED10,458
RAB14,VAMP3,445
RAB14,VDAC1,463
RAB14,VPS29,405
RAB14,YWHAB,685
RAB14,YWHAE,601
RAB14,YWHAG,608
RAB14,YWHAH,620
RAB14,YWHAQ,589
RAB14,YWHAZ,625
RAB18,RAB1A,470
RAB18,RAB2A,630
RAB18,RAB30,534
RAB18,RAB3GAP1,936
RAB18,RAB6A,753
RAB18,RAB6B,593
RAB18,RAB8A,415
RAB18,SEC22B,464
RAB18,TMED10,424
RAB18,TMED2,476
RAB18,VAPA,425
RAB1A,RAB1B,991
RAB1A,RAB2A,859
RAB1A,RAB5B,511
RAB1A,RAB5C,690
RAB1A,RAB6A,805
RAB1A,RAB6B,553
RAB1A,RAB7A,879
RAB1A,RAB8A,914
RAB1A,RAN,451
RAB1A,RHEB,559
RAB1A,SAR1A,564
RAB1A,SEC13,665
RAB1A,SEC22B,835
RAB1A,SNAP23,599
RAB1A,SNCA,788
RAB1A,STX12,586
RAB1A,STX7,474
RAB1A,TGOLN2,660
RAB1A,TMED10,823
RAB1A,TMED2,839
RAB1A,TMED9,632
RAB1A,TRAPPC3,954
RAB1A,VAMP3,470
RAB1A,VAMP7,554
RAB1A,VAPA,414
RAB1A,VDAC2,524
RAB1B,RAB2A,831
RAB1B,RAB5B,429
RAB1B,RAB5C,603
RAB1B,RAB6A,801
RAB1B,RAB6B,616
RAB1B,RAB7A,494
RAB1B,RAB8A,801
RAB1B,SAR1A,555
RAB1B,SEC13,501
RAB1B,SEC22B,810
RAB1B,SEC31A,410
RAB1B,SLC35A4,444
RAB1B,STX7,458
RAB1B,TMED10,709
RAB1B,TMED2,708
RAB1B,TMED9,586
RAB1B,TRAPPC3,894
RAB1B,VAMP3,401
RAB21,RAB32,513
RAB21,RHOG,510
RAB21,SEC22B,443
RAB21,STX12,521
RAB21,VAMP7,683
RAB21,VPS29,441
RAB27A,RAB27B,926
RAB27A,RAB2A,464
RAB27A,RAB32,448
RAB27A,RAB6A,521
RAB27A,RAB8A,437
RAB27A,SDCBP,579
RAB27A,SELP,434
RAB27A,SH3BGRL3,520
RAB27A,SNAP23,597
RAB27A,STOM,448
RAB27A,STX11,931
RAB27A,STX4,550
RAB27A,STXBP2,779
RAB27A,SYTL4,999
RAB27A,TSG101,730
RAB27A,UNC13D,999
RAB27A,VAMP3,524
RAB27A,VAMP7,754
RAB27A,VAMP8,545
RAB27A,VTA1,442
RAB27A,VWF,552
RAB27B,RAB8A,492
RAB27B,SDCBP,507
RAB27B,SELP,471
RAB27B,SNAP23,457
RAB27B,STX4,412
RAB27B,SYTL4,937
RAB27B,TSG101,648
RAB27B,UNC13D,895
RAB27B,VAMP3,413
RAB27B,VAMP7,456
RAB27B,VAMP8,455
RAB2A,RAB5B,433
RAB2A,RAB5C,504
RAB2A,RAB6A,800
RAB2A,RAB6B,593
RAB2A,RAB7A,669
RAB2A,SDCBP,557
RAB2A,SEC13,412
RAB2A,SEC22B,404
RAB2A,SNAP29,500
RAB2A,SSBP1,422
RAB2A,STX12,474
RAB2A,STX7,521
RAB2A,TMED10,427
RAB2A,TMED2,402
RAB2A,VAMP3,468
RAB2A,VAMP7,473
RAB2A,VDAC1,524
RAB2A,VDAC2,483
RAB32,RAB37,486
RAB32,RAB3GAP1,472
RAB32,RILPL2,432
RAB32,VAMP7,587
RAB32,VCL,628
RAB32,VPS29,411
RAB3GAP1,RAB6A,690
RAB3GAP1,RAB6B,583
RAB3GAP1,USP47,636
RAB3GAP1,VAPA,730
RAB3GAP1,VAPB,839
RAB3GAP1,WDR44,545
RAB5B,RAB5C,966
RAB5B,RAB6A,589
RAB5B,RAB7A,729
RAB5B,RAB8A,546
RAB5B,RAP1A,554
RAB5B,RAP1B,645
RAB5B,SH3GL1,600
RAB5B,TFRC,488
RAB5B,TSG101,547
RAB5B,VPS4B,444
RAB5C,RAB7A,670
RAB5C,RAB8A,592
RAB5C,RAP1A,538
RAB5C,RAP1B,554
RAB5C,SNAP23,526
RAB5C,SNAPIN,539
RAB5C,SNX2,639
RAB5C,STX7,517
RAB5C,TFRC,659
RAB5C,TGOLN2,595
RAB5C,TSG101,418
RAB5C,TXNDC5,506
RAB5C,VAMP3,664
RAB5C,VAMP7,611
RAB5C,VAMP8,609
RAB6A,RAB6B,869
RAB6A,RAB7A,635
RAB6A,RAB8A,878
RAB6A,RALA,692
RAB6A,RALB,509
RAB6A,RAP1B,510
RAB6A,SEC22B,416
RAB6A,SNX2,452
RAB6A,TGOLN2,808
RAB6A,VAMP3,629
RAB6A,VAMP7,472
RAB6A,VPS29,512
RAB6B,TGOLN2,575
RAB7A,RAB8A,690
RAB7A,RAC2,613
RAB7A,RAP1A,543
RAB7A,RAP1B,566
RAB7A,RHEB,572
RAB7A,RHOA,600
RAB7A,RHOC,536
RAB7A,RHOG,785
RAB7A,RILPL2,542
RAB7A,ROCK2,437
RAB7A,SNAP23,646
RAB7A,SNAP29,469
RAB7A,SNX2,491
RAB7A,STOM,473
RAB7A,STX7,411
RAB7A,TFRC,645
RAB7A,TGOLN2,470
RAB7A,TSG101,689
RAB7A,TUBA1A,710
RAB7A,TUBA1C,724
RAB7A,TUBA4A,690
RAB7A,TUBA8,675
RAB7A,TUBB,725
RAB7A,TUBB1,654
RAB7A,TUBB4B,716
RAB7A,VAMP3,666
RAB7A,VAMP7,552
RAB7A,VAMP8,413
RAB7A,VCP,703
RAB7A,VDAC1,506
RAB7A,VDAC2,587
RAB7A,VIM,441
RAB7A,VPS29,801
RAB7A,WAS,558
RAB7A,WASF2,435
RAB8A,RAC2,418
RAB8A,RALA,749
RAB8A,RALB,531
RAB8A,RAP1A,598
RAB8A,RAP1B,617
RAB8A,RHEB,496
RAB8A,RILPL2,997
RAB8A,SCP2,478
RAB8A,SEC22B,403
RAB8A,SEPTIN7,696
RAB8A,SNAP23,766
RAB8A,SNAP29,518
RAB8A,SNCA,703
RAB8A,SPAG9,666
RAB8A,STX4,755
RAB8A,STXBP2,452
RAB8A,SYTL4,938
RAB8A,TFRC,891
RAB8A,TGOLN2,445
RAB8A,TRAPPC3,408
RAB8A,TSG101,606
RAB8A,TUBA1A,584
RAB8A,TUBA4A,596
RAB8A,TUBB,550
RAB8A,TUBB4B,519
RAB8A,VAMP3,806
RAB8A,VAMP7,507
RAB8A,VAMP8,542
RAB8A,VAPA,471
RAB8A,VPS29,421
RAB8A,YWHAB,561
RAB8A,YWHAE,554
RAB8A,YWHAG,544
RAB8A,YWHAH,546
RAB8A,YWHAQ,564
RAB8A,YWHAZ,556
RAC2,RALA,932
RAC2,RALB,924
RAC2,RAP1A,572
RAC2,RAP1B,622
RAC2,RHOA,940
RAC2,RHOG,628
RAC2,ROCK2,433
RAC2,S100A8,740
RAC2,S100A9,612
RAC2,SEC22B,419
RAC2,SELL,457
RAC2,SRC,955
RAC2,SYK,762
RAC2,TFRC,596
RAC2,TLN1,414
RAC2,TWF2,609
RAC2,VAMP3,636
RAC2,VAPB,575
RAC2,VASP,488
RAC2,VCL,417
RAC2,WAS,929
RAC2,WASF2,950
RAC2,WIPF1,509
RALA,RALB,938
RALA,RAP1A,445
RALA,RHOA,930
RALA,SNAP23,683
RALA,SRC,874
RALA,STX4,670
RALA,TUBA1A,458
RALA,WAS,522
RALB,RHOA,920
RALB,RRAS,446
RALB,SRC,831
RALB,TPM2,434
RAN,RANBP1,999
RAN,RPLP0,533
RAN,RPS12,441
RAN,RTRAF,443
RAN,RUVBL1,553
RAN,RUVBL2,491
RAN,SEC13,648
RAN,SUMO2,574
RAN,TCP1,741
RAN,TNPO1,995
RAN,TPI1,463
RAN,TPT1,432
RAN,UBE2N,476
RAN,VCP,421
RAN,VDAC2,420
RAN,YWHAB,440
RAN,YWHAZ,408
RANBP1,RAP2B,468
RANBP1,RPS12,418
RANBP1,RUVBL1,446
RANBP1,RUVBL2,415
RANBP1,TNPO1,636
RANBP1,VASP,441
RANBP1,WDR1,446
RAP1A,RAP1B,912
RAP1A,RASGRP2,993
RAP1A,RHOA,928
RAP1A,SRC,940
RAP1A,SYK,623
RAP1A,TLN1,785
RAP1A,VCL,596
RAP1A,VWF,460
RAP1A,YWHAB,672
RAP1A,YWHAZ,783
RAP1B,RASGRP2,989
RAP1B,RHOA,959
RAP1B,SRC,938
RAP1B,SRGN,403
RAP1B,SYK,639
RAP1B,TLN1,981
RAP1B,VASP,464
RAP1B,VCL,693
RAP1B,VTN,446
RAP1B,VWF,558
RAP1B,YWHAB,664
RAP1B,YWHAZ,662
RAP2B,RASGRP2,426
RAP2B,ROCK2,445
RAP2B,SRC,437
RARRES2,RETN,773
RARRES2,SELENOP,553
RARRES2,SERPINA4,459
RARRES2,SERPINE1,455
RARRES2,SERPING1,437
RARRES2,SPP2,404
RASGRP2,RRAS,793
RASGRP2,TLN1,636
RBX1,RHOA,478
RBX1,RUVBL1,479
RBX1,SKP1,999
RBX1,SUGT1,432
RBX1,SUMO2,751
RBX1,TFRC,465
RBX1,TPP1,490
RBX1,UBA1,713
RBX1,UBA7,500
RBX1,UBE2N,791
RBX1,UQCRH,474
RBX1,USP15,403
RBX1,VCP,690
RCN1,VCP,500
RECK,SPARC,761
RECK,TGFBR3,472
RECK,TIMP1,537
RECK,TPM1,517
RETN,S100A9,411
RETN,SERPINE1,774
RETN,SHBG,479
RETN,SPARC,416
RETN,TIMP1,510
RETN,VCAM1,571
RGCC,RHOA,401
RGCC,TLN1,447
RGS18,RGS19,602
RGS18,S100A9,401
RGS18,SAA1,501
RGS18,SNAPIN,418
RGS18,TUBB1,429
RGS19,RHOA,426
RGS19,SAA1,499
RGS19,SNAPIN,443
RGS19,SPTA1,401
RHEB,SEC13,666
RHEB,SRC,443
RHEB,TPT1,930
RHEB,VASP,430
RHEB,YWHAB,741
RHEB,YWHAE,441
RHOA,RHOC,951
RHOA,RHOG,461
RHOA,ROCK2,998
RHOA,RRAS,927
RHOA,RTN4,811
RHOA,S100A4,732
RHOA,SDC4,453
RHOA,SDCBP,421
RHOA,SEPTIN2,410
RHOA,SERPINA4,457
RHOA,SERPINE1,420
RHOA,SHMT2,526
RHOA,SLC25A3,407
RHOA,SLK,561
RHOA,SNAP23,699
RHOA,SPP1,420
RHOA,SRC,992
RHOA,STIM1,425
RHOA,STK24,402
RHOA,STOM,576
RHOA,SYK,741
RHOA,TFRC,626
RHOA,TGFB1,834
RHOA,THBS1,422
RHOA,TIMP1,431
RHOA,TJP2,680
RHOA,TLN1,788
RHOA,TUBA1C,418
RHOA,TUBB,423
RHOA,VAMP3,698
RHOA,VAPB,609
RHOA,VASP,648
RHOA,VCAM1,501
RHOA,VCL,852
RHOA,VCP,414
RHOA,VIM,635
RHOA,VTN,451
RHOA,VWF,419
RHOA,WAS,831
RHOA,WASF2,502
RHOA,WDR1,447
RHOA,YWHAB,461
RHOA,YWHAG,414
RHOA,YWHAQ,435
RHOA,YWHAZ,687
RHOA,ZYX,565
RHOC,ROCK2,883
RHOC,RRAS,410
RHOC,SCRN1,412
RHOC,SLK,600
RHOC,SRC,504
RHOC,STOM,597
RHOC,TFRC,567
RHOC,THBS1,455
RHOC,TJP2,629
RHOC,TPM3,443
RHOC,VAMP3,657
RHOC,VAPB,591
RHOC,VCL,428
RHOC,WAS,428
RHOC,YWHAG,444
RHOC,YWHAH,636
RHOG,ROCK2,413
RHOG,SHMT2,585
RHOG,SRC,460
RHOG,SYK,652
RHOG,TFRC,571
RHOG,TPM2,481
RHOG,VAMP3,692
RHOG,VAPB,567
RHOG,VASP,471
RHOG,WAS,715
RHOG,WASF2,566
RHOG,ZYX,448
RILPL2,SPAG9,437
RILPL2,SRC,400
RNF11,UBE2N,946
RNF11,UBE2O,407
RNF11,UBE2V1,641
RNF11,USP5,401
RNH1,SDCBP,455
RNH1,SERPINB9,428
ROCK2,SLK,514
ROCK2,SNAP23,490
ROCK2,SRC,610
ROCK2,STOM,426
ROCK2,TFRC,440
ROCK2,TGFB1,444
ROCK2,TJP2,490
ROCK2,VAMP3,431
ROCK2,VCL,472
ROCK2,VCP,445
ROCK2,WAS,552
RPIA,SHMT2,501
RPIA,TALDO1,998
RPIA,TKT,995
RPIA,TPI1,763
RPIA,TYMP,488
RPL22,RPLP0,997
RPL22,RPLP1,994
RPL22,RPLP2,996
RPL22,RPS12,998
RPL22,TPT1,718
RPL22,TUBB,817
RPL22,YWHAE,441
RPLP0,RPLP1,999
RPLP0,RPLP2,999
RPLP0,RPS12,999
RPLP0,RUVBL1,525
RPLP0,SHMT2,475
RPLP0,SSBP1,728
RPLP0,TCP1,587
RPLP0,TFRC,480
RPLP0,TNPO1,501
RPLP0,TPI1,546
RPLP0,TPT1,975
RPLP0,TUBA1C,460
RPLP0,TUBA8,605
RPLP0,TUBB,873
RPLP0,UQCRFS1,408
RPLP0,VCP,454
RPLP0,YWHAE,437
RPLP0,YWHAZ,526
RPLP1,RPLP2,999
RPLP1,RPS12,999
RPLP1,TPT1,969
RPLP1,UBE2O,465
RPLP2,RPS12,999
RPLP2,RUVBL1,535
RPLP2,RUVBL2,430
RPLP2,TPT1,970
RPLP2,VBP1,469
RPS12,RUVBL1,593
RPS12,RUVBL2,427
RPS12,SELENOP,654
RPS12,TALDO1,420
RPS12,TCP1,493
RPS12,TNPO1,437
RPS12,TPI1,427
RPS12,TPT1,961
RRAS,SRC,517
RRAS,TLN1,402
RRAS,VCL,549
RSU1,TLN1,623
RSU1,VCL,639
RTN4,SEC22B,405
RTN4,UQCRC2,418
RTN4,VAPA,564
RTN4,VAPB,488
RTN4,VCAN,428
RTN4,VTA1,521
RTRAF,RUVBL1,429
RTRAF,RUVBL2,413
RUVBL1,RUVBL2,999
RUVBL1,STIP1,781
RUVBL1,SUMO2,594
RUVBL1,TCP1,814
RUVBL1,TNPO1,652
RUVBL1,TUBA1A,581
RUVBL1,TUBB4B,456
RUVBL1,VBP1,486
RUVBL1,VCP,586
RUVBL1,WDR77,427
RUVBL2,STIP1,766
RUVBL2,TCP1,736
RUVBL2,TNPO1,534
RUVBL2,VCP,589
RUVBL2,YWHAE,490
S100A4,S100A6,755
S100A4,S100A7,580
S100A4,SDF4,722
S100A4,SEPTIN7,546
S100A4,SERPINE1,409
S100A4,SPP1,479
S100A4,TAGLN2,426
S100A4,TGFB1,660
S100A4,TGFBI,410
S100A4,THBS1,436
S100A4,TIMP1,502
S100A4,VIM,764
S100A6,S100A7,596
S100A6,S100A8,701
S100A6,SDF4,725
S100A6,SRC,590
S100A6,SUGT1,424
S100A6,TIMP1,401
S100A6,TTR,490
S100A6,TUBB,434
S100A6,VIM,473
S100A6,YWHAZ,572
S100A7,S100A8,775
S100A7,S100A9,863
S100A7,SERPINA3,425
S100A7,SERPINB3,757
S100A8,S100A9,999
S100A8,SERPINE1,447
S100A8,SRC,685
S100A8,TAOK1,888
S100A8,TGFB1,516
S100A8,UBA1,448
S100A8,YWHAE,508
S100A9,SDF4,619
S100A9,SERPINA1,590
S100A9,SERPINA3,454
S100A9,SERPINB3,465
S100A9,SNCA,536
S100A9,SPP1,514
S100A9,TUBA1A,422
S100A9,TUBB,445
SAA1,SAA2,975
SAA1,SAA4,762
SAA1,SBSN,459
SAA1,SERPINA1,665
SAA1,SERPINA3,532
SAA1,SERPINE1,542
SAA1,SNCA,616
SAA1,SRC,550
SAA1,TGFB1,514
SAA1,TGFBI,468
SAA1,TIMP1,584
SAA1,TTR,834
SAA1,VCAM1,631
SAA1,VTN,446
SAA2,SAA4,935
SAA2,SERPINA1,477
SAA2,SERPINA3,532
SAA2,SERPINE1,534
SAA2,TTR,698
SAA2,VCAM1,635
SAA2,VTN,447
SAA4,SERPINA1,456
SAA4,SERPINA3,481
SAA4,SERPINA7,412
SAA4,TTR,824
SAR1A,SEC13,997
SAR1A,SEC22B,781
SAR1A,SEC31A,997
SAR1A,TMED10,426
SAR1A,TMED2,481
SAR1A,TRAPPC3,580
SBSN,SERPINB12,508
SBSN,TGM1,408
SBSN,TGM3,833
SCRN1,VAPA,696
SDC1,SDC4,947
SDC1,SDCBP,997
SDC1,SELL,586
SDC1,SELP,573
SDC1,SPN,807
SDC1,SPP1,520
SDC1,SRC,416
SDC1,SRGN,428
SDC1,TFRC,605
SDC1,TGFB1,644
SDC1,THBS1,989
SDC1,THBS2,921
SDC1,THBS3,908
SDC1,THBS4,946
SDC1,TLN1,730
SDC1,TNC,912
SDC1,TNXB,904
SDC1,VCAM1,639
SDC1,VCAN,793
SDC1,VTN,853
SDC1,VWF,649
SDC4,SDCBP,981
SDC4,SLC3A2,440
SDC4,SPP1,549
SDC4,SRGN,434
SDC4,TGFB1,868
SDC4,TGFBR3,519
SDC4,THBS1,977
SDC4,THBS2,952
SDC4,THBS3,916
SDC4,THBS4,918
SDC4,TNC,953
SDC4,TNXB,914
SDC4,TPM3,507
SDC4,VCAN,711
SDC4,VTN,829
SDCBP,SRC,738
SDCBP,TSG101,859
SDCBP,TUBA1A,446
SDCBP,VAMP3,496
SDCBP,VPS4B,452
SDCBP,VTA1,457
SDCBP,YWHAG,518
SDF4,SRI,570
SEC13,SEC22B,803
SEC13,SEC31A,999
SEC13,SERPINA1,530
SEC13,SUMO2,427
SEC13,SVIP,702
SEC13,TMED10,802
SEC13,TMED2,818
SEC13,TNPO1,685
SEC13,TRAPPC3,756
SEC13,VCP,715
SEC22B,SEC31A,791
SEC22B,SEPTIN11,481
SEC22B,SERPINA1,529
SEC22B,SNAP23,979
SEC22B,SNAP29,919
SEC22B,STIM1,625
SEC22B,STX11,762
SEC22B,STX12,927
SEC22B,STX4,999
SEC22B,STX7,962
SEC22B,TGOLN2,433
SEC22B,TMED10,851
SEC22B,TMED2,746
SEC22B,TMED9,790
SEC22B,TRAPPC3,469
SEC22B,VAMP3,804
SEC22B,VAMP7,941
SEC22B,VAMP8,848
SEC22B,VAPB,442
SEC31A,SERPINA1,511
SEC31A,STRN,616
SEC31A,TGOLN2,412
SEC31A,TMED10,747
SEC31A,TMED2,693
SEC31A,TPM3,744
SEC31A,TPM4,771
SEC31A,TRAPPC3,660
SEC31A,TSG101,449
SEC31A,VCL,550
SELENBP1,SELENOP,667
SELENBP1,SLC4A1,635
SELENBP1,VMA21,583
SELENOF,SELENOP,783
SELENOP,SERPINA4,673
SELENOP,SPP2,400
SELENOP,THBS1,420
SELENOP,TNXB,436
SELL,SELP,986
SELL,SPN,791
SELL,SPP1,547
SELL,SYK,476
SELL,TFRC,461
SELL,TGFB1,566
SELL,UBA1,402
SELL,VCAM1,970
SELL,VCAN,922
SELL,VCL,479
SELL,VWF,774
SELP,SERPIND1,471
SELP,SERPINE1,682
SELP,SERPING1,564
SELP,SLC2A1,532
SELP,SPN,759
SELP,SRC,456
SELP,SVEP1,411
SELP,SYK,545
SELP,SYTL4,466
SELP,TFPI,610
SELP,TGFB1,657
SELP,THBS1,666
SELP,TLN1,669
SELP,TREML1,844
SELP,VASP,574
SELP,VCAM1,963
SELP,VCAN,639
SELP,VTN,578
SELP,VWF,999
SEPTIN11,SEPTIN2,999
SEPTIN11,SEPTIN7,999
SEPTIN11,STIM1,444
SEPTIN2,SEPTIN7,999
SEPTIN2,TSG101,463
SEPTIN2,TUBA1A,503
SEPTIN2,TUBA4A,448
SEPTIN2,TUBB,500
SEPTIN2,TUBB4B,499
SEPTIN2,YWHAE,523
SEPTIN2,YWHAG,557
SEPTIN7,SPTAN1,442
SEPTIN7,TSG101,522
SERPINA1,SERPINA3,680
SERPINA1,SERPINA6,564
SERPINA1,SERPIND1,424
SERPINA1,SERPINF1,744
SERPINA1,SERPINF2,837
SERPINA1,SERPING1,583
SERPINA1,SOD2,492
SERPINA1,SPP2,429
SERPINA1,SRC,511
SERPINA1,TFPI,568
SERPINA1,TFRC,538
SERPINA1,TGFB1,639
SERPINA1,TIMP1,692
SERPINA1,TMED10,500
SERPINA1,TMED2,501
SERPINA1,TPP1,402
SERPINA1,TTR,961
SERPINA1,VCP,605
SERPINA1,VTN,718
SERPINA1,VWF,465
SERPINA10,SERPIND1,506
SERPINA10,SERPINF2,537
SERPINA11,SERPINA7,800
SERPINA11,SERPIND1,405
SERPINA11,SERPINF2,433
SERPINA3,SERPINA5,481
SERPINA3,SERPIND1,598
SERPINA3,SERPINF1,581
SERPINA3,SERPINF2,636
SERPINA3,SERPING1,626
SERPINA3,SERPINI1,552
SERPINA3,SOD3,410
SERPINA3,SPP1,521
SERPINA3,SPP2,493
SERPINA3,TTR,820
SERPINA3,VTN,451
SERPINA4,SERPINA7,424
SERPINA4,SERPIND1,621
SERPINA4,SERPINE1,467
SERPINA4,SERPINF2,451
SERPINA4,SPP2,512
SERPINA4,THBS1,450
SERPINA5,SERPINB6,816
SERPINA5,SERPIND1,697
SERPINA5,SERPINE1,689
SERPINA5,SERPINF2,568
SERPINA5,VTN,719
SERPINA5,VWF,572
SERPINA6,SERPINA7,625
SERPINA6,SERPIND1,438
SERPINA6,SERPINF1,647
SERPINA6,SHBG,953
SERPINA6,TTR,664
SERPINA7,SERPIND1,542
SERPINA7,SERPINF2,518
SERPINA7,SHBG,770
SERPINA7,TTR,980
SERPINB12,TGM3,517
SERPINB6,SERPINE1,616
SERPINB6,SERPINF2,433
SERPINB6,VTN,591
SERPIND1,SERPINF2,603
SERPIND1,SERPING1,453
SERPIND1,SERPINI1,526
SERPIND1,SNAP29,539
SERPIND1,TFPI,884
SERPIND1,TTR,434
SERPIND1,VTN,762
SERPIND1,VWF,679
SERPINE1,SERPINF1,426
SERPINE1,SERPINF2,469
SERPINE1,SERPING1,557
SERPINE1,SHBG,440
SERPINE1,SLC2A1,667
SERPINE1,SORL1,623
SERPINE1,SPARC,417
SERPINE1,SPP1,563
SERPINE1,SRC,446
SERPINE1,TFPI,718
SERPINE1,TGFB1,798
SERPINE1,TGFBI,689
SERPINE1,THBS1,819
SERPINE1,THBS2,547
SERPINE1,TIMP1,840
SERPINE1,TTR,504
SERPINE1,VCAM1,719
SERPINE1,VCAN,553
SERPINE1,VIM,468
SERPINE1,VTN,999
SERPINE1,VWF,817
SERPINE1,ZYX,466
SERPINF1,SERPING1,411
SERPINF1,SPARC,430
SERPINF1,TFPI,557
SERPINF1,TGFBI,436
SERPINF1,THBS1,471
SERPINF1,THBS2,495
SERPINF1,TIMP1,609
SERPINF1,TTR,432
SERPINF1,VTN,828
SERPINF1,VWF,597
SERPINF1,YWHAE,526
SERPINF2,SERPING1,592
SERPINF2,SPP2,414
SERPINF2,TFPI,615
SERPINF2,THBS1,858
SERPINF2,TIMP1,487
SERPINF2,TTR,407
SERPINF2,VTN,885
SERPINF2,VWF,661
SERPING1,SERPINI1,419
SERPING1,SPP2,430
SERPING1,SRGN,405
SERPING1,TFPI,440
SERPING1,TMSB4X,496
SERPING1,VSIG4,517
SERPING1,VTN,719
SERPING1,VWF,525
SERPINI1,SNCA,545
SFTPB,VIM,476
SGTA,ST13,521
SGTA,STIP1,426
SGTA,SUGT1,427
SGTA,TCP1,410
SGTA,VAPA,545
SGTA,VCP,500
SH3BGRL3,TAGLN2,611
SH3BGRL3,TMSB4X,686
SH3GL1,SNAPIN,432
SH3GL1,SRC,585
SH3GL1,TFRC,470
SH3GL1,TSG101,481
SH3GL1,VAMP3,587
SH3GL1,VAMP7,534
SH3GL1,VAMP8,564
SHBG,SNAP23,405
SHBG,TTR,410
SHMT2,SOD2,422
SHMT2,TALDO1,652
SHMT2,TFRC,427
SHMT2,TKT,772
SHMT2,TPI1,920
SHMT2,UBASH3B,454
SHMT2,WARS1,484
SHROOM3,YWHAB,426
SKAP2,SRC,640
SKP1,SNCA,490
SKP1,ST13,483
SKP1,STIP1,650
SKP1,SUGT1,993
SKP1,SUMO2,705
SKP1,TPP1,512
SKP1,UBA1,641
SKP1,UBA7,438
SKP1,UBE2H,484
SKP1,UBE2N,602
SKP1,UBE2V1,401
SKP1,VCP,502
SKP1,YWHAB,453
SKP1,YWHAE,474
SKP1,YWHAG,725
SKP1,YWHAZ,565
SLC25A3,SLC2A1,461
SLC25A3,TCP1,713
SLC25A3,TMED2,417
SLC25A3,TXNL1,414
SLC25A3,UQCRB,534
SLC25A3,UQCRC1,575
SLC25A3,UQCRC2,891
SLC25A3,UQCRFS1,957
SLC25A3,VDAC1,725
SLC25A3,VDAC2,790
SLC25A3,VDAC3,681
SLC2A1,SLC3A2,551
SLC2A1,SLC4A1,744
SLC2A1,SOD2,410
SLC2A1,SPTAN1,434
SLC2A1,SRC,414
SLC2A1,STOM,880
SLC2A1,STX4,512
SLC2A1,TFRC,567
SLC2A1,TKT,459
SLC2A1,TPI1,630
SLC3A2,TFRC,631
SLC4A1,SNCA,708
SLC4A1,SPTA1,865
SLC4A1,SPTB,581
SLC4A1,STOM,671
SLC4A1,SYK,613
SLC4A1,TRIM58,788
SLK,SNAP23,428
SLK,STOM,415
SLK,TFRC,401
SLK,TJP2,409
SLK,VAMP3,413
SLK,YWHAB,484
SLK,YWHAZ,428
SMS,STOML2,445
SMS,UCHL3,501
SNAP23,SNAP29,993
SNAP23,SNAPIN,940
SNAP23,SPTAN1,627
SNAP23,STOM,494
SNAP23,STX11,999
SNAP23,STX12,996
SNAP23,STX4,999
SNAP23,STX7,992
SNAP23,STXBP2,737
SNAP23,TFRC,576
SNAP23,TJP2,435
SNAP23,UNC13D,569
SNAP23,VAMP3,999
SNAP23,VAMP7,999
SNAP23,VAMP8,999
SNAP23,VAPA,644
SNAP23,VAPB,609
SNAP23,WAS,496
SNAP29,SNAPIN,651
SNAP29,STON2,491
SNAP29,STX11,841
SNAP29,STX12,992
SNAP29,STX4,994
SNAP29,STX7,999
SNAP29,STXBP2,448
SNAP29,VAMP3,985
SNAP29,VAMP7,999
SNAP29,VAMP8,999
SNAPIN,SNX2,543
SNAPIN,STX4,603
SNAPIN,TFRC,559
SNAPIN,TGOLN2,562
SNAPIN,TXNDC5,506
SNAPIN,VAMP7,696
SNAPIN,VAMP8,647
SNCA,SORL1,435
SNCA,SPP1,530
SNCA,SPTA1,435
SNCA,SPTBN1,577
SNCA,SRC,508
SNCA,SRI,505
SNCA,TGFBI,453
SNCA,TRIM58,481
SNCA,TTR,753
SNCA,UBA1,565
SNCA,VAPB,478
SNCA,VCP,513
SNCA,VDAC1,979
SNCA,VDAC2,427
SNCA,YOD1,441
SNCA,YWHAG,555
SNCA,YWHAH,821
SNCA,YWHAQ,809
SND1,SRC,526
SND1,TSN,487
SND1,TUBB,423
SND1,TXNDC5,419
SND1,UQCRC1,440
SND1,YWHAB,545
SNED1,SUSD5,463
SNX2,SORL1,415
SNX2,STX7,431
SNX2,TFRC,642
SNX2,TGOLN2,790
SNX2,TXNDC5,527
SNX2,VAMP7,636
SNX2,VAMP8,635
SNX2,VAPA,827
SNX2,VAPB,850
SNX2,VPS29,999
SOD2,SOD3,839
SOD2,SSBP1,503
SOD2,TGFB1,438
SOD2,TKT,480
SOD2,TPI1,647
SOD2,UQCRB,446
SOD2,UQCRC1,575
SOD2,UQCRC2,573
SOD2,UQCRFS1,563
SOD2,VDAC1,777
SOD2,VDAC2,620
SOD3,UQCRFS1,658
SORL1,SPON1,557
SORL1,VPS29,689
SPARC,SPARCL1,493
SPARC,SPP1,984
SPARC,TGFB1,722
SPARC,TGFBI,609
SPARC,THBS1,847
SPARC,THBS2,735
SPARC,THBS4,402
SPARC,TIMP1,529
SPARC,TNC,530
SPARC,TWSG1,459
SPARC,VCAM1,965
SPARC,VCAN,469
SPARC,VCL,494
SPARC,VIM,448
SPARC,VTN,922
SPARC,VWF,765
SPARC,ZYX,659
SPARCL1,SPP1,418
SPARCL1,THBS1,465
SPARCL1,THBS2,550
SPARCL1,THBS4,517
SPARCL1,TUBA4A,446
SPARCL1,VWF,481
SPN,SYK,459
SPN,TFRC,684
SPN,TLN1,536
SPN,VCAM1,571
SPN,VWF,479
SPN,WAS,414
SPON1,SPP1,507
SPP1,SRC,536
SPP1,SRGN,446
SPP1,TGFB1,716
SPP1,THBS1,731
SPP1,THBS2,726
SPP1,THBS3,501
SPP1,THBS4,593
SPP1,TIMP1,781
SPP1,TLN1,529
SPP1,TNC,507
SPP1,TTR,517
SPP1,VCAM1,746
SPP1,VCAN,631
SPP1,VCL,471
SPP1,VIM,607
SPP1,VTN,964
SPP1,VWF,807
SPP2,TTR,429
SPTA1,SPTAN1,906
SPTA1,SPTB,999
SPTA1,SPTBN1,981
SPTA1,SRC,455
SPTA1,UBASH3B,424
SPTAN1,SPTB,989
SPTAN1,SPTBN1,999
SPTAN1,SRC,690
SPTAN1,TLN1,529
SPTAN1,TMOD3,402
SPTAN1,TPM2,483
SPTAN1,TPM4,492
SPTAN1,TWF2,500
SPTAN1,VASP,744
SPTAN1,VCL,464
SPTAN1,VIM,435
SPTAN1,YWHAB,460
SPTB,SPTBN1,733
SPTB,SRC,446
SPTB,TPM3,753
SPTBN1,SRC,460
SPTBN1,TWF2,510
SRC,STIM1,447
SRC,STRN,913
SRC,SYK,999
SRC,TESC,449
SRC,TFRC,409
SRC,TGFB1,787
SRC,THBS1,516
SRC,TJP2,428
SRC,TLN1,999
SRC,VASP,727
SRC,VCAM1,551
SRC,VCL,997
SRC,VTN,733
SRC,VWF,676
SRC,WAS,987
SRC,WASF2,704
SRC,WIPF1,648
SRC,YWHAB,819
SRC,YWHAE,529
SRC,YWHAZ,655
SRC,ZYX,856
SRGN,THBS1,461
SRGN,VCAN,645
SRGN,VSIG4,444
SRI,STOM,499
SRI,TFRC,415
SRI,VIM,497
SSBP1,UQCRC1,489
SSBP1,VBP1,432
SSBP1,VDAC1,404
SSR4,TMED10,610
SSR4,VAPB,613
ST13,TCP1,477
ST13,UBE2V1,415
ST13,UQCRC2,482
ST13,VCP,462
STIM1,THBS1,497
STIM1,VAPA,438
STIM1,VAPB,483
STIM1,VDAC1,413
STIP1,STRAP,438
STIP1,SUGT1,487
STIP1,TCP1,968
STIP1,TPI1,471
STIP1,TUBB4B,531
STIP1,UBA1,506
STIP1,UBE2N,520
STIP1,VBP1,584
STIP1,VCP,684
STK24,STRN,999
STK24,TCP1,994
STK24,UNC13D,575
STK4,STRN,617
STK4,VAPA,474
STOM,STOML2,487
STOM,TFRC,585
STOM,TJP2,413
STOM,UQCRC1,450
STOM,UQCRC2,426
STOM,VAMP3,448
STOM,VCP,521
STOM,VDAC1,495
STOM,WAS,419
STOML2,UCHL3,459
STOML2,UQCRC1,511
STOML2,VDAC1,548
STOML2,VDAC2,652
STON2,TFRC,461
STON2,VAMP3,562
STON2,VAMP7,537
STON2,VAMP8,552
STRAP,TGFB1,551
STRAP,TSN,765
STRAP,TXNL1,401
STRN,TCP1,723
STRN,TPM3,736
STRN,TPM4,646
STRN,VCL,691
STX11,STX12,845
STX11,STX4,641
STX11,STX7,815
STX11,STXBP2,999
STX11,UNC13D,990
STX11,VAMP3,920
STX11,VAMP7,855
STX11,VAMP8,990
STX12,STX4,985
STX12,STX7,958
STX12,TFRC,430
STX12,VAMP3,992
STX12,VAMP7,996
STX12,VAMP8,998
STX4,STX7,943
STX4,STXBP2,792
STX4,SYTL4,413
STX4,UNC13D,443
STX4,VAMP3,999
STX4,VAMP7,999
STX4,VAMP8,999
STX4,VAPB,694
STX7,TFRC,456
STX7,VAMP3,981
STX7,VAMP7,999
STX7,VAMP8,999
STX7,VAPA,570
STX7,VAPB,499
STX7,VPS29,415
STXBP2,SYTL4,649
STXBP2,TAGLN2,452
STXBP2,TLN1,444
STXBP2,TUBA4A,409
STXBP2,UNC13D,970
STXBP2,VAMP3,639
STXBP2,VAMP7,477
STXBP2,VAMP8,855
STXBP2,VCL,401
STXBP2,WDR1,464
SUGT1,UCHL3,413
SUMO2,TCP1,429
SUMO2,TUBA1C,412
SUMO2,TUBB,602
SUMO2,TUBB4B,566
SUMO2,UBA1,731
SUMO2,UBA5,539
SUMO2,UBA7,558
SUMO2,UBE2N,923
SUMO2,UBE2O,608
SUMO2,UFM1,592
SUMO2,USP5,520
SUMO2,VCP,473
SUMO2,YWHAG,409
SUMO2,YWHAQ,557
SVEP1,VWF,857
SVIP,VCP,997
SYK,TLN1,700
SYK,TUBB,429
SYK,UBASH3B,713
SYK,VCAM1,420
SYK,VWF,712
SYK,WAS,654
SYK,WASF2,631
SYK,WIPF1,595
SYK,YWHAG,400
SYPL1,VAMP3,596
SYTL4,UNC13D,578
SYTL4,VAMP8,629
TAGLN2,TGFB1,409
TAGLN2,TLN1,615
TAGLN2,TMSB4X,475
TAGLN2,TPI1,407
TAGLN2,TPM1,605
TAGLN2,TPM2,494
TAGLN2,TPM4,583
TAGLN2,TUBA1A,440
TAGLN2,TUBA1C,502
TAGLN2,TUBA4A,628
TAGLN2,TUBA8,400
TAGLN2,TUBB,441
TAGLN2,TUBB4B,464
TAGLN2,VCL,652
TAGLN2,VIM,407
TAGLN2,WDR1,614
TAGLN2,YWHAE,501
TAGLN2,YWHAZ,577
TAGLN2,ZYX,403
TALDO1,TKT,999
TALDO1,TPI1,994
TALDO1,UGP2,488
TALDO1,UQCRC1,407
TALDO1,WARS1,411
TAOK1,UBE2V1,410
TBCB,TUBA1A,819
TBCB,TUBA1C,718
TBCB,TUBA4A,808
TBCB,TUBA8,711
TBCB,TUBB,512
TBCB,TUBB1,686
TBCB,TUBB4B,763
TCP1,TLN1,437
TCP1,TNPO1,440
TCP1,TPI1,489
TCP1,TPT1,428
TCP1,TRAPPC3,693
TCP1,TUBA1A,806
TCP1,TUBA1C,766
TCP1,TUBA4A,761
TCP1,TUBA8,698
TCP1,TUBB,968
TCP1,TUBB1,712
TCP1,TUBB4B,784
TCP1,UQCRC2,475
TCP1,VBP1,971
TCP1,VCP,713
TCP1,VDAC1,448
TCP1,YWHAZ,434
TFPI,THBS1,809
TFPI,VCAM1,423
TFPI,VWF,746
TFRC,TGOLN2,857
TFRC,TJP2,475
TFRC,TSG101,616
TFRC,TWSG1,420
TFRC,TXNDC5,532
TFRC,TXNL1,425
TFRC,UBA1,458
TFRC,UBE2H,502
TFRC,VAMP3,829
TFRC,VAMP7,677
TFRC,VAMP8,630
TFRC,VCAM1,468
TFRC,VCP,534
TFRC,VDAC1,442
TFRC,VDAC2,427
TFRC,VTN,517
TFRC,WAS,537
TFRC,WASF2,463
TFRC,YWHAZ,550
TGFB1,TGFBI,626
TGFB1,TGFBR3,997
TGFB1,THBS1,985
TGFB1,THBS2,455
TGFB1,TIMP1,882
TGFB1,TNC,468
TGFB1,USP15,554
TGFB1,VASN,758
TGFB1,VCAM1,648
TGFB1,VCAN,645
TGFB1,VCL,469
TGFB1,VIM,655
TGFB1,VTN,787
TGFB1,VWF,586
TGFBI,TGFBR3,610
TGFBI,THBS1,577
TGFBI,THBS2,433
TGFBI,TIMP1,491
TGFBI,TTR,498
TGFBI,VCAN,512
TGFBI,VIM,478
TGFBI,VTN,598
TGFBI,VWF,500
TGOLN2,TXNDC5,514
TGOLN2,UBE2H,428
TGOLN2,VAMP3,841
TGOLN2,VAMP7,716
TGOLN2,VAMP8,694
TGOLN2,VAPA,426
TGOLN2,VPS29,704
THBS1,THBS2,648
THBS1,THBS3,696
THBS1,THBS4,473
THBS1,TIMP1,762
THBS1,TPM4,572
THBS1,TSG101,443
THBS1,TYMP,568
THBS1,VCAM1,668
THBS1,VCAN,778
THBS1,VCL,435
THBS1,VIM,633
THBS1,VTN,826
THBS1,VWF,771
THBS2,THBS3,497
THBS2,THBS4,519
THBS2,TIMP1,561
THBS2,TSPAN2,483
THBS2,TYMP,516
THBS2,VCAM1,614
THBS2,VCAN,636
THBS2,VWF,476
THBS3,THBS4,821
THBS3,TNXB,548
THBS4,VWF,454
TIMP1,VCAM1,577
TIMP1,VCAN,496
TIMP1,VIM,550
TIMP1,VTN,517
TIMP1,VWF,668
TJP2,VAMP3,520
TJP2,VCL,516
TJP2,YWHAB,473
TJP2,ZYX,494
TKFC,TKT,490
TKFC,TPI1,992
TKT,TPI1,980
TKT,UFM1,405
TKT,UGP2,500
TKT,VCP,559
TKT,VTN,444
TKT,YWHAB,404
TLN1,TPM1,662
TLN1,TPM2,644
TLN1,TPM3,626
TLN1,TPM4,656
TLN1,TUBA1A,410
TLN1,TUBA4A,515
TLN1,UBA1,433
TLN1,UTRN,479
TLN1,VASP,981
TLN1,VCAM1,555
TLN1,VCL,999
TLN1,VCP,460
TLN1,VTN,740
TLN1,VWF,665
TLN1,WAS,822
TLN1,WASF2,538
TLN1,WDR1,744
TLN1,YWHAB,563
TLN1,ZYX,999
TMED10,TMED2,999
TMED10,TMED9,999
TMED2,TMED9,996
TMED2,TRAPPC3,538
TMED2,VAMP8,533
TMOD3,TPM1,745
TMOD3,TPM2,754
TMOD3,TPM3,829
TMOD3,TPM4,784
TMOD3,TRIM58,433
TMOD3,TWF2,793
TMSB4X,TWF2,434
TMSB4X,VASP,429
TMSB4X,WAS,411
TMX1,TXNDC15,540
TMX1,TXNL1,481
TMX1,VDAC1,451
TMX1,VDAC2,417
TNC,TNXB,542
TNC,VCAN,614
TNC,VTN,446
TNPO1,VBP1,479
TNPO1,VCP,486
TNPO1,YWHAB,561
TNXB,VCAN,757
TPD52L2,VCP,514
TPI1,TPM1,414
TPI1,TUBA1C,479
TPI1,TYMP,411
TPI1,UBASH3B,472
TPI1,UBE2N,411
TPI1,UGP2,616
TPI1,UQCRC1,556
TPI1,UQCRFS1,598
TPI1,USP5,672
TPI1,VDAC1,561
TPI1,VDAC2,490
TPI1,VWF,513
TPI1,YWHAB,418
TPI1,YWHAE,475
TPI1,YWHAG,410
TPI1,YWHAZ,536
TPM1,TPM2,993
TPM1,TPM3,998
TPM1,TPM4,982
TPM1,VCL,957
TPM1,VIM,567
TPM1,WDR1,432
TPM2,TPM3,949
TPM2,TPM4,986
TPM2,VCL,708
TPM3,TPM4,946
TPM3,VCL,688
TPM3,VIM,481
TPM3,WDR1,511
TPM3,YWHAE,482
TPM3,YWHAZ,786
TPM4,VCL,711
TPM4,WDR1,548
TPM4,YWHAE,437
TPM4,ZYX,436
TPT1,TUBB,462
TPT1,TUBB4B,400
TPT1,UBE2O,408
TPT1,UFM1,453
TPT1,YWHAE,403
TPT1,YWHAZ,422
TRAPPC3,VAMP8,487
TREML1,TUBB1,539
TSG101,UBA7,606
TSG101,VAMP3,409
TSG101,VAMP7,479
TSG101,VBP1,423
TSG101,VCP,425
TSG101,VDAC1,509
TSG101,VDAC2,405
TSG101,VPS29,523
TSG101,VPS37B,999
TSG101,VPS4A,965
TSG101,VPS4B,959
TSG101,VTA1,938
TSG101,WARS1,415
TSN,UQCRC2,445
TSN,VPS29,433
TSN,VTA1,775
TSPAN2,TSPAN9,410
TTR,VCP,428
TTR,VTN,668
TUBA1A,TUBA1C,691
TUBA1A,TUBA4A,947
TUBA1A,TUBA8,433
TUBA1A,TUBB,996
TUBA1A,TUBB1,963
TUBA1A,TUBB4B,999
TUBA1A,VBP1,716
TUBA1A,VCL,515
TUBA1A,VDAC1,582
TUBA1A,VDAC2,411
TUBA1A,VIM,471
TUBA1A,VPS4A,581
TUBA1A,YWHAE,652
TUBA1A,YWHAG,571
TUBA1A,YWHAH,413
TUBA1A,YWHAQ,477
TUBA1A,YWHAZ,726
TUBA1C,TUBA4A,778
TUBA1C,TUBA8,428
TUBA1C,TUBB,994
TUBA1C,TUBB1,963
TUBA1C,TUBB4B,990
TUBA1C,VBP1,630
TUBA1C,VCP,438
TUBA1C,VDAC1,520
TUBA1C,VIM,439
TUBA1C,VPS4A,539
TUBA1C,YWHAB,442
TUBA1C,YWHAE,605
TUBA1C,YWHAG,420
TUBA1C,YWHAQ,689
TUBA1C,YWHAZ,678
TUBA4A,TUBA8,477
TUBA4A,TUBB,994
TUBA4A,TUBB1,964
TUBA4A,TUBB4B,991
TUBA4A,VAPB,517
TUBA4A,VBP1,630
TUBA4A,VCL,611
TUBA4A,VCP,618
TUBA4A,VDAC1,522
TUBA4A,VPS4A,510
TUBA4A,VWF,475
TUBA4A,WDR1,469
TUBA8,TUBB,978
TUBA8,TUBB1,963
TUBA8,TUBB4B,962
TUBA8,VDAC1,479
TUBA8,VPS4A,511
TUBB,TUBB4B,986
TUBB,UQCRC1,411
TUBB,VCL,457
TUBB,VCP,534
TUBB,VIM,686
TUBB,VWF,544
TUBB,YWHAB,487
TUBB,YWHAE,552
TUBB,YWHAG,429
TUBB,YWHAQ,451
TUBB,YWHAZ,541
TUBB1,TUBB4B,466
TUBB1,VAPB,447
TUBB1,VBP1,539
TUBB1,VCL,425
TUBB1,VPS4A,534
TUBB4B,VBP1,658
TUBB4B,VCP,606
TUBB4B,VPS4A,538
TUBB4B,WDR1,539
TUBB4B,YWHAB,585
TUBB4B,YWHAE,737
TUBB4B,YWHAG,420
TUBB4B,YWHAQ,666
TWF2,VASP,448
TWF2,WAS,535
TWF2,WDR1,596
TWSG1,VWF,418
TXNDC5,VAMP7,516
TXNDC5,VAMP8,512
TXNDC5,VCP,491
TXNL1,VPS29,483
TYMP,WARS1,403
UBA1,UBA5,696
UBA1,UBA7,909
UBA1,UBE2H,978
UBA1,UBE2N,998
UBA1,UBE2O,791
UBA1,UBE2V1,870
UBA1,UCHL3,550
UBA1,UFM1,645
UBA1,USP5,857
UBA1,VCP,801
UBA1,YWHAB,515
UBA1,YWHAE,622
UBA5,UBA7,681
UBA5,UBE2H,564
UBA5,UBE2N,664
UBA5,UBE2O,662
UBA5,UBE2V1,573
UBA5,UFM1,999
UBA5,USP5,493
UBA7,UBE2H,743
UBA7,UBE2N,961
UBA7,UBE2O,709
UBA7,UBE2V1,643
UBA7,UFM1,553
UBA7,USP5,507
UBA7,VCP,557
UBE2H,UBE2O,667
UBE2H,UBE2V1,505
UBE2H,USP5,459
UBE2N,UBE2V1,999
UBE2N,UCHL3,452
UBE2N,USP15,415
UBE2N,USP5,507
UBE2N,VCP,785
UBE2O,UBE2V1,544
UBE2O,USP5,463
UBE2V1,UCHL3,445
UBE2V1,VCP,684
UCHL3,USP15,751
UCHL3,USP47,506
UCHL3,USP5,819
UCHL3,VCP,453
UCHL3,YOD1,493
UNC13D,VAMP7,647
UNC13D,VAMP8,529
UQCRB,UQCRC1,999
UQCRB,UQCRC2,999
UQCRB,UQCRFS1,999
UQCRB,UQCRH,999
UQCRB,VDAC1,594
UQCRB,VDAC2,434
UQCRC1,UQCRC2,999
UQCRC1,UQCRFS1,999
UQCRC1,UQCRH,999
UQCRC1,VDAC1,660
UQCRC1,VDAC2,588
UQCRC1,VDAC3,559
UQCRC2,UQCRFS1,999
UQCRC2,UQCRH,999
UQCRC2,VCP,455
UQCRC2,VDAC1,810
UQCRC2,VDAC2,763
UQCRC2,VDAC3,596
UQCRFS1,UQCRH,999
UQCRFS1,VDAC1,768
UQCRFS1,VDAC2,611
USP15,USP5,456
USP15,VCP,493
USP15,YOD1,539
USP47,YOD1,425
USP5,VCP,407
USP5,YOD1,564
UTRN,VCL,557
VAMP3,VAMP7,998
VAMP3,VAMP8,988
VAMP3,VCP,529
VAMP3,WAS,509
VAMP3,WASF2,457
VAMP7,VAMP8,999
VAMP7,VBP1,627
VAMP7,VPS29,508
VAMP7,VTA1,512
VAMP8,VAPA,773
VAMP8,VAPB,648
VAPA,VAPB,964
VAPA,VCP,613
VAPA,VDAC1,632
VAPA,VDAC2,627
VAPA,VDAC3,479
VAPA,WDR44,734
VAPA,YWHAE,422
VAPB,VCP,789
VAPB,VDAC1,598
VAPB,WDR44,734
VASP,VCL,999
VASP,VCP,409
VASP,WAS,949
VASP,WASF2,792
VASP,WIPF1,855
VASP,ZYX,999
VBP1,VCP,412
VCAM1,VTN,647
VCAM1,VWF,857
VCAM1,YWHAZ,487
VCL,VIM,597
VCL,VTN,829
VCL,VWF,614
VCL,WAS,761
VCL,WASF2,638
VCL,WDR1,654
VCL,YWHAB,552
VCL,ZYX,999
VCP,VDAC1,446
VCP,VDAC3,525
VCP,VIM,779
VCP,WDR1,558
VCP,YOD1,998
VCP,YWHAB,670
VCP,YWHAE,726
VCP,YWHAG,496
VCP,YWHAQ,600
VCP,YWHAZ,671
VDAC1,VDAC2,998
VDAC1,VDAC3,995
VDAC1,YWHAB,421
VDAC1,YWHAE,765
VDAC1,YWHAG,451
VDAC1,YWHAQ,420
VDAC1,YWHAZ,469
VDAC2,VDAC3,997
VDAC2,YWHAE,408
VDAC2,YWHAQ,467
VDAC2,YWHAZ,643
VDAC3,YWHAH,410
VDAC3,YWHAQ,468
VIM,YWHAE,606
VIM,YWHAQ,675
VIM,YWHAZ,746
VPS29,WAS,479
VPS37B,VPS4A,957
VPS37B,VPS4B,752
VPS37B,VTA1,696
VPS4A,VPS4B,988
VPS4A,VTA1,999
VPS4B,VTA1,999
VTA1,XPNPEP1,425
VTN,VWF,966
VWF,YWHAB,546
VWF,YWHAZ,658
WAS,WASF2,952
WAS,WDR1,452
WAS,WIPF1,999
WAS,ZYX,697
WASF2,WIPF1,718
WASF2,ZYX,425
WDR1,WIPF1,401
WDR77,YWHAE,416
YWHAB,YWHAE,979
YWHAB,YWHAG,953
YWHAB,YWHAH,970
YWHAB,YWHAQ,978
YWHAB,YWHAZ,992
YWHAE,YWHAG,988
YWHAE,YWHAH,948
YWHAE,YWHAQ,984
YWHAE,YWHAZ,998
YWHAG,YWHAH,970
YWHAG,YWHAQ,910
YWHAG,YWHAZ,985
YWHAH,YWHAQ,911
YWHAH,YWHAZ,972
YWHAQ,YWHAZ,988
